season,week,game_id,gameday,gametime,home_team,away_team,game_type
2002,1,2002_01_ARI_WAS,2002-09-08,13:00,WAS,ARI,REG
2002,1,2002_01_ATL_GB,2002-09-08,13:00,GB,ATL,REG
2002,1,2002_01_BAL_CAR,2002-09-08,13:00,CAR,BAL,REG
2002,1,2002_01_DAL_HOU,2002-09-08,20:30,HOU,DAL,REG
2002,1,2002_01_DET_MIA,2002-09-08,13:00,MIA,DET,REG
2002,1,2002_01_IND_JAX,2002-09-08,13:00,JAX,IND,REG
2002,1,2002_01_KC_CLE,2002-09-08,13:00,CLE,KC,REG
2002,1,2002_01_MIN_CHI,2002-09-08,13:00,CHI,MIN,REG
2002,1,2002_01_NO_TB,2002-09-08,16:15,TB,NO,REG
2002,1,2002_01_NYJ_BUF,2002-09-08,13:00,BUF,NYJ,REG
2002,1,2002_01_PHI_TEN,2002-09-08,13:00,TEN,PHI,REG
2002,1,2002_01_PIT_NE,2002-09-09,09:00,NE,PIT,REG
2002,1,2002_01_SD_CIN,2002-09-08,13:00,CIN,SD,REG
2002,1,2002_01_SEA_OAK,2002-09-08,16:15,OAK,SEA,REG
2002,1,2002_01_SF_NYG,2002-09-05,20:30,NYG,SF,REG
2002,1,2002_01_STL_DEN,2002-09-08,16:15,DEN,STL,REG
2002,2,2002_02_ARI_SEA,2002-09-15,16:05,SEA,ARI,REG
2002,2,2002_02_BUF_MIN,2002-09-15,16:15,MIN,BUF,REG
2002,2,2002_02_CHI_ATL,2002-09-15,13:00,ATL,CHI,REG
2002,2,2002_02_CIN_CLE,2002-09-15,13:00,CLE,CIN,REG
2002,2,2002_02_DEN_SF,2002-09-15,16:15,SF,DEN,REG
2002,2,2002_02_DET_CAR,2002-09-15,13:00,CAR,DET,REG
2002,2,2002_02_GB_NO,2002-09-15,13:00,NO,GB,REG
2002,2,2002_02_HOU_SD,2002-09-15,16:15,SD,HOU,REG
2002,2,2002_02_JAX_KC,2002-09-15,13:00,KC,JAX,REG
2002,2,2002_02_MIA_IND,2002-09-15,13:00,IND,MIA,REG
2002,2,2002_02_NE_NYJ,2002-09-15,13:00,NYJ,NE,REG
2002,2,2002_02_NYG_STL,2002-09-15,16:05,STL,NYG,REG
2002,2,2002_02_OAK_PIT,2002-09-15,20:30,PIT,OAK,REG
2002,2,2002_02_PHI_WAS,2002-09-16,09:00,WAS,PHI,REG
2002,2,2002_02_TB_BAL,2002-09-15,13:00,BAL,TB,REG
2002,2,2002_02_TEN_DAL,2002-09-15,13:00,DAL,TEN,REG
2002,3,2002_03_BUF_DEN,2002-09-22,16:05,DEN,BUF,REG
2002,3,2002_03_CAR_MIN,2002-09-22,13:00,MIN,CAR,REG
2002,3,2002_03_CIN_ATL,2002-09-22,20:30,ATL,CIN,REG
2002,3,2002_03_CLE_TEN,2002-09-22,13:00,TEN,CLE,REG
2002,3,2002_03_DAL_PHI,2002-09-22,13:00,PHI,DAL,REG
2002,3,2002_03_GB_DET,2002-09-22,16:15,DET,GB,REG
2002,3,2002_03_IND_HOU,2002-09-22,13:00,HOU,IND,REG
2002,3,2002_03_KC_NE,2002-09-22,13:00,NE,KC,REG
2002,3,2002_03_NO_CHI,2002-09-22,13:00,CHI,NO,REG
2002,3,2002_03_NYJ_MIA,2002-09-22,13:00,MIA,NYJ,REG
2002,3,2002_03_SD_ARI,2002-09-22,16:05,ARI,SD,REG
2002,3,2002_03_SEA_NYG,2002-09-22,16:15,NYG,SEA,REG
2002,3,2002_03_STL_TB,2002-09-23,09:00,TB,STL,REG
2002,3,2002_03_WAS_SF,2002-09-22,16:15,SF,WAS,REG
2002,4,2002_04_CAR_GB,2002-09-29,13:00,GB,CAR,REG
2002,4,2002_04_CHI_BUF,2002-09-29,13:00,BUF,CHI,REG
2002,4,2002_04_CLE_PIT,2002-09-29,13:00,PIT,CLE,REG
2002,4,2002_04_DAL_STL,2002-09-29,13:00,STL,DAL,REG
2002,4,2002_04_DEN_BAL,2002-09-30,09:00,BAL,DEN,REG
2002,4,2002_04_HOU_PHI,2002-09-29,13:00,PHI,HOU,REG
2002,4,2002_04_MIA_KC,2002-09-29,13:00,KC,MIA,REG
2002,4,2002_04_MIN_SEA,2002-09-29,20:30,SEA,MIN,REG
2002,4,2002_04_NE_SD,2002-09-29,16:15,SD,NE,REG
2002,4,2002_04_NO_DET,2002-09-29,13:00,DET,NO,REG
2002,4,2002_04_NYG_ARI,2002-09-29,16:05,ARI,NYG,REG
2002,4,2002_04_NYJ_JAX,2002-09-29,13:00,JAX,NYJ,REG
2002,4,2002_04_TB_CIN,2002-09-29,16:05,CIN,TB,REG
2002,4,2002_04_TEN_OAK,2002-09-29,16:15,OAK,TEN,REG
2002,5,2002_05_ARI_CAR,2002-10-06,13:00,CAR,ARI,REG
2002,5,2002_05_BAL_CLE,2002-10-06,20:30,CLE,BAL,REG
2002,5,2002_05_CIN_IND,2002-10-06,13:00,IND,CIN,REG
2002,5,2002_05_GB_CHI,2002-10-07,09:00,CHI,GB,REG
2002,5,2002_05_KC_NYJ,2002-10-06,16:05,NYJ,KC,REG
2002,5,2002_05_NE_MIA,2002-10-06,13:00,MIA,NE,REG
2002,5,2002_05_NYG_DAL,2002-10-06,13:00,DAL,NYG,REG
2002,5,2002_05_OAK_BUF,2002-10-06,13:00,BUF,OAK,REG
2002,5,2002_05_PHI_JAX,2002-10-06,16:15,JAX,PHI,REG
2002,5,2002_05_PIT_NO,2002-10-06,13:00,NO,PIT,REG
2002,5,2002_05_SD_DEN,2002-10-06,16:05,DEN,SD,REG
2002,5,2002_05_STL_SF,2002-10-06,16:15,SF,STL,REG
2002,5,2002_05_TB_ATL,2002-10-06,13:00,ATL,TB,REG
2002,5,2002_05_WAS_TEN,2002-10-06,13:00,TEN,WAS,REG
2002,6,2002_06_ATL_NYG,2002-10-13,13:00,NYG,ATL,REG
2002,6,2002_06_BAL_IND,2002-10-13,13:00,IND,BAL,REG
2002,6,2002_06_BUF_HOU,2002-10-13,13:00,HOU,BUF,REG
2002,6,2002_06_CAR_DAL,2002-10-13,13:00,DAL,CAR,REG
2002,6,2002_06_CLE_TB,2002-10-13,13:00,TB,CLE,REG
2002,6,2002_06_DET_MIN,2002-10-13,13:00,MIN,DET,REG
2002,6,2002_06_GB_NE,2002-10-13,13:00,NE,GB,REG
2002,6,2002_06_JAX_TEN,2002-10-13,16:15,TEN,JAX,REG
2002,6,2002_06_KC_SD,2002-10-13,16:15,SD,KC,REG
2002,6,2002_06_MIA_DEN,2002-10-13,20:30,DEN,MIA,REG
2002,6,2002_06_NO_WAS,2002-10-13,13:00,WAS,NO,REG
2002,6,2002_06_OAK_STL,2002-10-13,16:15,STL,OAK,REG
2002,6,2002_06_PIT_CIN,2002-10-13,13:00,CIN,PIT,REG
2002,6,2002_06_SF_SEA,2002-10-14,09:00,SEA,SF,REG
2002,7,2002_07_BUF_MIA,2002-10-20,13:00,MIA,BUF,REG
2002,7,2002_07_CAR_ATL,2002-10-20,13:00,ATL,CAR,REG
2002,7,2002_07_CHI_DET,2002-10-20,13:00,DET,CHI,REG
2002,7,2002_07_DAL_ARI,2002-10-20,16:15,ARI,DAL,REG
2002,7,2002_07_DEN_KC,2002-10-20,13:00,KC,DEN,REG
2002,7,2002_07_HOU_CLE,2002-10-20,16:05,CLE,HOU,REG
2002,7,2002_07_IND_PIT,2002-10-21,09:00,PIT,IND,REG
2002,7,2002_07_JAX_BAL,2002-10-20,13:00,BAL,JAX,REG
2002,7,2002_07_MIN_NYJ,2002-10-20,13:00,NYJ,MIN,REG
2002,7,2002_07_SD_OAK,2002-10-20,16:05,OAK,SD,REG
2002,7,2002_07_SEA_STL,2002-10-20,13:00,STL,SEA,REG
2002,7,2002_07_SF_NO,2002-10-20,13:00,NO,SF,REG
2002,7,2002_07_TB_PHI,2002-10-20,16:15,PHI,TB,REG
2002,7,2002_07_WAS_GB,2002-10-20,16:15,GB,WAS,REG
2002,8,2002_08_ARI_SF,2002-10-27,16:05,SF,ARI,REG
2002,8,2002_08_ATL_NO,2002-10-27,13:00,NO,ATL,REG
2002,8,2002_08_CHI_MIN,2002-10-27,13:00,MIN,CHI,REG
2002,8,2002_08_CLE_NYJ,2002-10-27,13:00,NYJ,CLE,REG
2002,8,2002_08_DEN_NE,2002-10-27,16:15,NE,DEN,REG
2002,8,2002_08_DET_BUF,2002-10-27,13:00,BUF,DET,REG
2002,8,2002_08_HOU_JAX,2002-10-27,16:15,JAX,HOU,REG
2002,8,2002_08_IND_WAS,2002-10-27,20:30,WAS,IND,REG
2002,8,2002_08_NYG_PHI,2002-10-28,09:00,PHI,NYG,REG
2002,8,2002_08_OAK_KC,2002-10-27,13:00,KC,OAK,REG
2002,8,2002_08_PIT_BAL,2002-10-27,13:00,BAL,PIT,REG
2002,8,2002_08_SEA_DAL,2002-10-27,13:00,DAL,SEA,REG
2002,8,2002_08_TB_CAR,2002-10-27,13:00,CAR,TB,REG
2002,8,2002_08_TEN_CIN,2002-10-27,13:00,CIN,TEN,REG
2002,9,2002_09_BAL_ATL,2002-11-03,13:00,ATL,BAL,REG
2002,9,2002_09_CIN_HOU,2002-11-03,13:00,HOU,CIN,REG
2002,9,2002_09_DAL_DET,2002-11-03,13:00,DET,DAL,REG
2002,9,2002_09_JAX_NYG,2002-11-03,20:30,NYG,JAX,REG
2002,9,2002_09_MIA_GB,2002-11-04,09:00,GB,MIA,REG
2002,9,2002_09_MIN_TB,2002-11-03,13:00,TB,MIN,REG
2002,9,2002_09_NE_BUF,2002-11-03,13:00,BUF,NE,REG
2002,9,2002_09_NYJ_SD,2002-11-03,16:05,SD,NYJ,REG
2002,9,2002_09_PHI_CHI,2002-11-03,13:00,CHI,PHI,REG
2002,9,2002_09_PIT_CLE,2002-11-03,13:00,CLE,PIT,REG
2002,9,2002_09_SF_OAK,2002-11-03,16:15,OAK,SF,REG
2002,9,2002_09_STL_ARI,2002-11-03,16:15,ARI,STL,REG
2002,9,2002_09_TEN_IND,2002-11-03,13:00,IND,TEN,REG
2002,9,2002_09_WAS_SEA,2002-11-03,16:15,SEA,WAS,REG
2002,10,2002_10_ATL_PIT,2002-11-10,13:00,PIT,ATL,REG
2002,10,2002_10_CIN_BAL,2002-11-10,13:00,BAL,CIN,REG
2002,10,2002_10_DET_GB,2002-11-10,13:00,GB,DET,REG
2002,10,2002_10_HOU_TEN,2002-11-10,13:00,TEN,HOU,REG
2002,10,2002_10_IND_PHI,2002-11-10,13:00,PHI,IND,REG
2002,10,2002_10_KC_SF,2002-11-10,16:15,SF,KC,REG
2002,10,2002_10_MIA_NYJ,2002-11-10,20:30,NYJ,MIA,REG
2002,10,2002_10_NE_CHI,2002-11-10,16:15,CHI,NE,REG
2002,10,2002_10_NO_CAR,2002-11-10,13:00,CAR,NO,REG
2002,10,2002_10_NYG_MIN,2002-11-10,13:00,MIN,NYG,REG
2002,10,2002_10_OAK_DEN,2002-11-11,09:00,DEN,OAK,REG
2002,10,2002_10_SD_STL,2002-11-10,13:00,STL,SD,REG
2002,10,2002_10_SEA_ARI,2002-11-10,16:05,ARI,SEA,REG
2002,10,2002_10_WAS_JAX,2002-11-10,16:05,JAX,WAS,REG
2002,11,2002_11_ARI_PHI,2002-11-17,13:00,PHI,ARI,REG
2002,11,2002_11_BAL_MIA,2002-11-17,16:15,MIA,BAL,REG
2002,11,2002_11_BUF_KC,2002-11-17,13:00,KC,BUF,REG
2002,11,2002_11_CAR_TB,2002-11-17,16:05,TB,CAR,REG
2002,11,2002_11_CHI_STL,2002-11-18,09:00,STL,CHI,REG
2002,11,2002_11_CLE_CIN,2002-11-17,13:00,CIN,CLE,REG
2002,11,2002_11_DAL_IND,2002-11-17,13:00,IND,DAL,REG
2002,11,2002_11_DEN_SEA,2002-11-17,16:15,SEA,DEN,REG
2002,11,2002_11_GB_MIN,2002-11-17,13:00,MIN,GB,REG
2002,11,2002_11_JAX_HOU,2002-11-17,13:00,HOU,JAX,REG
2002,11,2002_11_NE_OAK,2002-11-17,20:30,OAK,NE,REG
2002,11,2002_11_NO_ATL,2002-11-17,13:00,ATL,NO,REG
2002,11,2002_11_NYJ_DET,2002-11-17,16:15,DET,NYJ,REG
2002,11,2002_11_PIT_TEN,2002-11-17,13:00,TEN,PIT,REG
2002,11,2002_11_SF_SD,2002-11-17,16:05,SD,SF,REG
2002,11,2002_11_WAS_NYG,2002-11-17,13:00,NYG,WAS,REG
2002,12,2002_12_ATL_CAR,2002-11-24,13:00,CAR,ATL,REG
2002,12,2002_12_BUF_NYJ,2002-11-24,13:00,NYJ,BUF,REG
2002,12,2002_12_CIN_PIT,2002-11-24,13:00,PIT,CIN,REG
2002,12,2002_12_CLE_NO,2002-11-24,13:00,NO,CLE,REG
2002,12,2002_12_DET_CHI,2002-11-24,13:00,CHI,DET,REG
2002,12,2002_12_GB_TB,2002-11-24,16:15,TB,GB,REG
2002,12,2002_12_IND_DEN,2002-11-24,20:30,DEN,IND,REG
2002,12,2002_12_JAX_DAL,2002-11-24,13:00,DAL,JAX,REG
2002,12,2002_12_KC_SEA,2002-11-24,16:05,SEA,KC,REG
2002,12,2002_12_MIN_NE,2002-11-24,13:00,NE,MIN,REG
2002,12,2002_12_NYG_HOU,2002-11-24,16:15,HOU,NYG,REG
2002,12,2002_12_OAK_ARI,2002-11-24,16:05,ARI,OAK,REG
2002,12,2002_12_PHI_SF,2002-11-25,09:00,SF,PHI,REG
2002,12,2002_12_SD_MIA,2002-11-24,13:00,MIA,SD,REG
2002,12,2002_12_STL_WAS,2002-11-24,13:00,WAS,STL,REG
2002,12,2002_12_TEN_BAL,2002-11-24,13:00,BAL,TEN,REG
2002,13,2002_13_ARI_KC,2002-12-01,13:00,KC,ARI,REG
2002,13,2002_13_ATL_MIN,2002-12-01,13:00,MIN,ATL,REG
2002,13,2002_13_BAL_CIN,2002-12-01,13:00,CIN,BAL,REG
2002,13,2002_13_CAR_CLE,2002-12-01,13:00,CLE,CAR,REG
2002,13,2002_13_CHI_GB,2002-12-01,13:00,GB,CHI,REG
2002,13,2002_13_DEN_SD,2002-12-01,16:05,SD,DEN,REG
2002,13,2002_13_HOU_IND,2002-12-01,16:05,IND,HOU,REG
2002,13,2002_13_MIA_BUF,2002-12-01,13:00,BUF,MIA,REG
2002,13,2002_13_NE_DET,2002-11-28,12:30,DET,NE,REG
2002,13,2002_13_NYJ_OAK,2002-12-02,09:00,OAK,NYJ,REG
2002,13,2002_13_PIT_JAX,2002-12-01,13:00,JAX,PIT,REG
2002,13,2002_13_SEA_SF,2002-12-01,16:15,SF,SEA,REG
2002,13,2002_13_STL_PHI,2002-12-01,16:15,PHI,STL,REG
2002,13,2002_13_TB_NO,2002-12-01,20:30,NO,TB,REG
2002,13,2002_13_TEN_NYG,2002-12-01,13:00,NYG,TEN,REG
2002,13,2002_13_WAS_DAL,2002-11-28,16:05,DAL,WAS,REG
2002,14,2002_14_ATL_TB,2002-12-08,13:00,TB,ATL,REG
2002,14,2002_14_BUF_NE,2002-12-08,13:00,NE,BUF,REG
2002,14,2002_14_CHI_MIA,2002-12-09,09:00,MIA,CHI,REG
2002,14,2002_14_CIN_CAR,2002-12-08,13:00,CAR,CIN,REG
2002,14,2002_14_CLE_JAX,2002-12-08,13:00,JAX,CLE,REG
2002,14,2002_14_DEN_NYJ,2002-12-08,16:15,NYJ,DEN,REG
2002,14,2002_14_DET_ARI,2002-12-08,16:05,ARI,DET,REG
2002,14,2002_14_HOU_PIT,2002-12-08,13:00,PIT,HOU,REG
2002,14,2002_14_IND_TEN,2002-12-08,13:00,TEN,IND,REG
2002,14,2002_14_MIN_GB,2002-12-08,20:30,GB,MIN,REG
2002,14,2002_14_NO_BAL,2002-12-08,16:05,BAL,NO,REG
2002,14,2002_14_NYG_WAS,2002-12-08,13:00,WAS,NYG,REG
2002,14,2002_14_OAK_SD,2002-12-08,16:15,SD,OAK,REG
2002,14,2002_14_PHI_SEA,2002-12-08,16:05,SEA,PHI,REG
2002,14,2002_14_SF_DAL,2002-12-08,13:00,DAL,SF,REG
2002,14,2002_14_STL_KC,2002-12-08,13:00,KC,STL,REG
2002,15,2002_15_ARI_STL,2002-12-15,20:30,STL,ARI,REG
2002,15,2002_15_BAL_HOU,2002-12-15,13:00,HOU,BAL,REG
2002,15,2002_15_CAR_PIT,2002-12-15,13:00,PIT,CAR,REG
2002,15,2002_15_DAL_NYG,2002-12-15,16:15,NYG,DAL,REG
2002,15,2002_15_GB_SF,2002-12-15,16:15,SF,GB,REG
2002,15,2002_15_IND_CLE,2002-12-15,13:00,CLE,IND,REG
2002,15,2002_15_JAX_CIN,2002-12-15,13:00,CIN,JAX,REG
2002,15,2002_15_KC_DEN,2002-12-15,16:05,DEN,KC,REG
2002,15,2002_15_MIN_NO,2002-12-15,13:00,NO,MIN,REG
2002,15,2002_15_NE_TEN,2002-12-16,09:00,TEN,NE,REG
2002,15,2002_15_NYJ_CHI,2002-12-15,13:00,CHI,NYJ,REG
2002,15,2002_15_OAK_MIA,2002-12-15,13:00,MIA,OAK,REG
2002,15,2002_15_SD_BUF,2002-12-15,13:00,BUF,SD,REG
2002,15,2002_15_SEA_ATL,2002-12-15,13:00,ATL,SEA,REG
2002,15,2002_15_TB_DET,2002-12-15,13:00,DET,TB,REG
2002,15,2002_15_WAS_PHI,2002-12-15,13:00,PHI,WAS,REG
2002,16,2002_16_BUF_GB,2002-12-22,13:00,GB,BUF,REG
2002,16,2002_16_CHI_CAR,2002-12-22,13:00,CAR,CHI,REG
2002,16,2002_16_CLE_BAL,2002-12-22,16:15,BAL,CLE,REG
2002,16,2002_16_DEN_OAK,2002-12-22,16:15,OAK,DEN,REG
2002,16,2002_16_DET_ATL,2002-12-22,13:00,ATL,DET,REG
2002,16,2002_16_HOU_WAS,2002-12-22,13:00,WAS,HOU,REG
2002,16,2002_16_MIA_MIN,2002-12-21,13:30,MIN,MIA,REG
2002,16,2002_16_NO_CIN,2002-12-22,13:00,CIN,NO,REG
2002,16,2002_16_NYG_IND,2002-12-22,13:00,IND,NYG,REG
2002,16,2002_16_NYJ_NE,2002-12-22,20:30,NE,NYJ,REG
2002,16,2002_16_PHI_DAL,2002-12-21,20:30,DAL,PHI,REG
2002,16,2002_16_PIT_TB,2002-12-23,09:00,TB,PIT,REG
2002,16,2002_16_SD_KC,2002-12-22,13:00,KC,SD,REG
2002,16,2002_16_SF_ARI,2002-12-21,17:00,ARI,SF,REG
2002,16,2002_16_STL_SEA,2002-12-22,16:05,SEA,STL,REG
2002,16,2002_16_TEN_JAX,2002-12-22,13:00,JAX,TEN,REG
2002,17,2002_17_ARI_DEN,2002-12-29,16:15,DEN,ARI,REG
2002,17,2002_17_ATL_CLE,2002-12-29,13:00,CLE,ATL,REG
2002,17,2002_17_BAL_PIT,2002-12-29,13:00,PIT,BAL,REG
2002,17,2002_17_CAR_NO,2002-12-29,13:00,NO,CAR,REG
2002,17,2002_17_CIN_BUF,2002-12-29,13:00,BUF,CIN,REG
2002,17,2002_17_DAL_WAS,2002-12-29,13:00,WAS,DAL,REG
2002,17,2002_17_GB_NYJ,2002-12-29,16:15,NYJ,GB,REG
2002,17,2002_17_JAX_IND,2002-12-29,16:05,IND,JAX,REG
2002,17,2002_17_KC_OAK,2002-12-28,17:00,OAK,KC,REG
2002,17,2002_17_MIA_NE,2002-12-29,13:00,NE,MIA,REG
2002,17,2002_17_MIN_DET,2002-12-29,13:00,DET,MIN,REG
2002,17,2002_17_PHI_NYG,2002-12-28,13:30,NYG,PHI,REG
2002,17,2002_17_SEA_SD,2002-12-29,16:15,SD,SEA,REG
2002,17,2002_17_SF_STL,2002-12-30,09:00,STL,SF,REG
2002,17,2002_17_TB_CHI,2002-12-29,20:30,CHI,TB,REG
2002,17,2002_17_TEN_HOU,2002-12-29,13:00,HOU,TEN,REG
2002,18,2002_18_ATL_GB,2003-01-04,20:00,GB,ATL,WC
2002,18,2002_18_CLE_PIT,2003-01-05,13:00,PIT,CLE,WC
2002,18,2002_18_IND_NYJ,2003-01-04,16:30,NYJ,IND,WC
2002,18,2002_18_NYG_SF,2003-01-05,16:30,SF,NYG,WC
2002,19,2002_19_ATL_PHI,2003-01-11,20:00,PHI,ATL,DIV
2002,19,2002_19_NYJ_OAK,2003-01-12,16:30,OAK,NYJ,DIV
2002,19,2002_19_PIT_TEN,2003-01-11,16:30,TEN,PIT,DIV
2002,19,2002_19_SF_TB,2003-01-12,13:00,TB,SF,DIV
2002,20,2002_20_TB_PHI,2003-01-19,15:00,PHI,TB,CON
2002,20,2002_20_TEN_OAK,2003-01-19,18:30,OAK,TEN,CON
2002,21,2002_21_OAK_TB,2003-01-26,18:18,TB,OAK,SB
2003,1,2003_01_ARI_DET,2003-09-07,13:00,DET,ARI,REG
2003,1,2003_01_ATL_DAL,2003-09-07,16:15,DAL,ATL,REG
2003,1,2003_01_BAL_PIT,2003-09-07,13:00,PIT,BAL,REG
2003,1,2003_01_CHI_SF,2003-09-07,16:15,SF,CHI,REG
2003,1,2003_01_DEN_CIN,2003-09-07,13:00,CIN,DEN,REG
2003,1,2003_01_HOU_MIA,2003-09-07,13:00,MIA,HOU,REG
2003,1,2003_01_IND_CLE,2003-09-07,13:00,CLE,IND,REG
2003,1,2003_01_JAX_CAR,2003-09-07,13:00,CAR,JAX,REG
2003,1,2003_01_MIN_GB,2003-09-07,13:00,GB,MIN,REG
2003,1,2003_01_NE_BUF,2003-09-07,13:00,BUF,NE,REG
2003,1,2003_01_NO_SEA,2003-09-07,16:15,SEA,NO,REG
2003,1,2003_01_NYJ_WAS,2003-09-04,09:00,WAS,NYJ,REG
2003,1,2003_01_OAK_TEN,2003-09-07,20:30,TEN,OAK,REG
2003,1,2003_01_SD_KC,2003-09-07,13:00,KC,SD,REG
2003,1,2003_01_STL_NYG,2003-09-07,13:00,NYG,STL,REG
2003,1,2003_01_TB_PHI,2003-09-08,09:00,PHI,TB,REG
2003,2,2003_02_BUF_JAX,2003-09-14,13:00,JAX,BUF,REG
2003,2,2003_02_CAR_TB,2003-09-14,16:05,TB,CAR,REG
2003,2,2003_02_CHI_MIN,2003-09-14,20:30,MIN,CHI,REG
2003,2,2003_02_CIN_OAK,2003-09-14,16:15,OAK,CIN,REG
2003,2,2003_02_CLE_BAL,2003-09-14,13:00,BAL,CLE,REG
2003,2,2003_02_DAL_NYG,2003-09-15,09:00,NYG,DAL,REG
2003,2,2003_02_DEN_SD,2003-09-14,16:15,SD,DEN,REG
2003,2,2003_02_DET_GB,2003-09-14,13:00,GB,DET,REG
2003,2,2003_02_HOU_NO,2003-09-14,13:00,NO,HOU,REG
2003,2,2003_02_MIA_NYJ,2003-09-14,13:00,NYJ,MIA,REG
2003,2,2003_02_NE_PHI,2003-09-14,16:15,PHI,NE,REG
2003,2,2003_02_PIT_KC,2003-09-14,13:00,KC,PIT,REG
2003,2,2003_02_SEA_ARI,2003-09-14,16:05,ARI,SEA,REG
2003,2,2003_02_SF_STL,2003-09-14,13:00,STL,SF,REG
2003,2,2003_02_TEN_IND,2003-09-14,13:00,IND,TEN,REG
2003,2,2003_02_WAS_ATL,2003-09-14,13:00,ATL,WAS,REG
2003,3,2003_03_BAL_SD,2003-09-21,16:15,SD,BAL,REG
2003,3,2003_03_BUF_MIA,2003-09-21,20:30,MIA,BUF,REG
2003,3,2003_03_CLE_SF,2003-09-21,16:15,SF,CLE,REG
2003,3,2003_03_GB_ARI,2003-09-21,16:05,ARI,GB,REG
2003,3,2003_03_JAX_IND,2003-09-21,13:00,IND,JAX,REG
2003,3,2003_03_KC_HOU,2003-09-21,13:00,HOU,KC,REG
2003,3,2003_03_MIN_DET,2003-09-21,13:00,DET,MIN,REG
2003,3,2003_03_NO_TEN,2003-09-21,13:00,TEN,NO,REG
2003,3,2003_03_NYG_WAS,2003-09-21,16:05,WAS,NYG,REG
2003,3,2003_03_NYJ_NE,2003-09-21,13:00,NE,NYJ,REG
2003,3,2003_03_OAK_DEN,2003-09-22,09:00,DEN,OAK,REG
2003,3,2003_03_PIT_CIN,2003-09-21,13:00,CIN,PIT,REG
2003,3,2003_03_STL_SEA,2003-09-21,16:05,SEA,STL,REG
2003,3,2003_03_TB_ATL,2003-09-21,13:00,ATL,TB,REG
2003,4,2003_04_ARI_STL,2003-09-28,13:00,STL,ARI,REG
2003,4,2003_04_ATL_CAR,2003-09-28,16:15,CAR,ATL,REG
2003,4,2003_04_CIN_CLE,2003-09-28,13:00,CLE,CIN,REG
2003,4,2003_04_DAL_NYJ,2003-09-28,16:15,NYJ,DAL,REG
2003,4,2003_04_DET_DEN,2003-09-28,16:15,DEN,DET,REG
2003,4,2003_04_GB_CHI,2003-09-29,09:00,CHI,GB,REG
2003,4,2003_04_IND_NO,2003-09-28,20:30,NO,IND,REG
2003,4,2003_04_JAX_HOU,2003-09-28,13:00,HOU,JAX,REG
2003,4,2003_04_KC_BAL,2003-09-28,16:05,BAL,KC,REG
2003,4,2003_04_NE_WAS,2003-09-28,13:00,WAS,NE,REG
2003,4,2003_04_PHI_BUF,2003-09-28,13:00,BUF,PHI,REG
2003,4,2003_04_SD_OAK,2003-09-28,16:05,OAK,SD,REG
2003,4,2003_04_SF_MIN,2003-09-28,13:00,MIN,SF,REG
2003,4,2003_04_TEN_PIT,2003-09-28,13:00,PIT,TEN,REG
2003,5,2003_05_ARI_DAL,2003-10-05,13:00,DAL,ARI,REG
2003,5,2003_05_CIN_BUF,2003-10-05,13:00,BUF,CIN,REG
2003,5,2003_05_CLE_PIT,2003-10-05,20:30,PIT,CLE,REG
2003,5,2003_05_DEN_KC,2003-10-05,13:00,KC,DEN,REG
2003,5,2003_05_DET_SF,2003-10-05,16:15,SF,DET,REG
2003,5,2003_05_IND_TB,2003-10-06,09:00,TB,IND,REG
2003,5,2003_05_MIA_NYG,2003-10-05,13:00,NYG,MIA,REG
2003,5,2003_05_MIN_ATL,2003-10-05,13:00,ATL,MIN,REG
2003,5,2003_05_NO_CAR,2003-10-05,13:00,CAR,NO,REG
2003,5,2003_05_OAK_CHI,2003-10-05,13:00,CHI,OAK,REG
2003,5,2003_05_SD_JAX,2003-10-05,16:05,JAX,SD,REG
2003,5,2003_05_SEA_GB,2003-10-05,13:00,GB,SEA,REG
2003,5,2003_05_TEN_NE,2003-10-05,13:00,NE,TEN,REG
2003,5,2003_05_WAS_PHI,2003-10-05,16:15,PHI,WAS,REG
2003,6,2003_06_ATL_STL,2003-10-13,09:00,STL,ATL,REG
2003,6,2003_06_BAL_ARI,2003-10-12,16:15,ARI,BAL,REG
2003,6,2003_06_BUF_NYJ,2003-10-12,16:15,NYJ,BUF,REG
2003,6,2003_06_CAR_IND,2003-10-12,13:00,IND,CAR,REG
2003,6,2003_06_CHI_NO,2003-10-12,13:00,NO,CHI,REG
2003,6,2003_06_HOU_TEN,2003-10-12,13:00,TEN,HOU,REG
2003,6,2003_06_KC_GB,2003-10-12,13:00,GB,KC,REG
2003,6,2003_06_MIA_JAX,2003-10-12,13:00,JAX,MIA,REG
2003,6,2003_06_NYG_NE,2003-10-12,13:00,NE,NYG,REG
2003,6,2003_06_OAK_CLE,2003-10-12,13:00,CLE,OAK,REG
2003,6,2003_06_PHI_DAL,2003-10-12,13:00,DAL,PHI,REG
2003,6,2003_06_PIT_DEN,2003-10-12,16:15,DEN,PIT,REG
2003,6,2003_06_SF_SEA,2003-10-12,20:30,SEA,SF,REG
2003,6,2003_06_TB_WAS,2003-10-12,13:00,WAS,TB,REG
2003,7,2003_07_BAL_CIN,2003-10-19,13:00,CIN,BAL,REG
2003,7,2003_07_CHI_SEA,2003-10-19,16:15,SEA,CHI,REG
2003,7,2003_07_DAL_DET,2003-10-19,13:00,DET,DAL,REG
2003,7,2003_07_DEN_MIN,2003-10-19,13:00,MIN,DEN,REG
2003,7,2003_07_GB_STL,2003-10-19,13:00,STL,GB,REG
2003,7,2003_07_KC_OAK,2003-10-20,09:00,OAK,KC,REG
2003,7,2003_07_NE_MIA,2003-10-19,13:00,MIA,NE,REG
2003,7,2003_07_NO_ATL,2003-10-19,13:00,ATL,NO,REG
2003,7,2003_07_NYJ_HOU,2003-10-19,16:05,HOU,NYJ,REG
2003,7,2003_07_PHI_NYG,2003-10-19,13:00,NYG,PHI,REG
2003,7,2003_07_SD_CLE,2003-10-19,13:00,CLE,SD,REG
2003,7,2003_07_TB_SF,2003-10-19,16:15,SF,TB,REG
2003,7,2003_07_TEN_CAR,2003-10-19,13:00,CAR,TEN,REG
2003,7,2003_07_WAS_BUF,2003-10-19,16:15,BUF,WAS,REG
2003,8,2003_08_BUF_KC,2003-10-26,20:30,KC,BUF,REG
2003,8,2003_08_CAR_NO,2003-10-26,13:00,NO,CAR,REG
2003,8,2003_08_CLE_NE,2003-10-26,13:00,NE,CLE,REG
2003,8,2003_08_DAL_TB,2003-10-26,13:00,TB,DAL,REG
2003,8,2003_08_DEN_BAL,2003-10-26,13:00,BAL,DEN,REG
2003,8,2003_08_DET_CHI,2003-10-26,13:00,CHI,DET,REG
2003,8,2003_08_HOU_IND,2003-10-26,16:15,IND,HOU,REG
2003,8,2003_08_MIA_SD,2003-10-27,09:00,SD,MIA,REG
2003,8,2003_08_NYG_MIN,2003-10-26,13:00,MIN,NYG,REG
2003,8,2003_08_NYJ_PHI,2003-10-26,16:15,PHI,NYJ,REG
2003,8,2003_08_SEA_CIN,2003-10-26,13:00,CIN,SEA,REG
2003,8,2003_08_SF_ARI,2003-10-26,16:05,ARI,SF,REG
2003,8,2003_08_STL_PIT,2003-10-26,13:00,PIT,STL,REG
2003,8,2003_08_TEN_JAX,2003-10-26,13:00,JAX,TEN,REG
2003,9,2003_09_CAR_HOU,2003-11-02,13:00,HOU,CAR,REG
2003,9,2003_09_CIN_ARI,2003-11-02,16:05,ARI,CIN,REG
2003,9,2003_09_GB_MIN,2003-11-02,20:30,MIN,GB,REG
2003,9,2003_09_IND_MIA,2003-11-02,13:00,MIA,IND,REG
2003,9,2003_09_JAX_BAL,2003-11-02,13:00,BAL,JAX,REG
2003,9,2003_09_NE_DEN,2003-11-03,09:00,DEN,NE,REG
2003,9,2003_09_NO_TB,2003-11-02,13:00,TB,NO,REG
2003,9,2003_09_NYG_NYJ,2003-11-02,13:00,NYJ,NYG,REG
2003,9,2003_09_OAK_DET,2003-11-02,13:00,DET,OAK,REG
2003,9,2003_09_PHI_ATL,2003-11-02,16:15,ATL,PHI,REG
2003,9,2003_09_PIT_SEA,2003-11-02,16:05,SEA,PIT,REG
2003,9,2003_09_SD_CHI,2003-11-02,13:00,CHI,SD,REG
2003,9,2003_09_STL_SF,2003-11-02,16:15,SF,STL,REG
2003,9,2003_09_WAS_DAL,2003-11-02,16:15,DAL,WAS,REG
2003,10,2003_10_ARI_PIT,2003-11-09,13:00,PIT,ARI,REG
2003,10,2003_10_ATL_NYG,2003-11-09,13:00,NYG,ATL,REG
2003,10,2003_10_BAL_STL,2003-11-09,20:30,STL,BAL,REG
2003,10,2003_10_BUF_DAL,2003-11-09,16:15,DAL,BUF,REG
2003,10,2003_10_CHI_DET,2003-11-09,13:00,DET,CHI,REG
2003,10,2003_10_CLE_KC,2003-11-09,13:00,KC,CLE,REG
2003,10,2003_10_HOU_CIN,2003-11-09,13:00,CIN,HOU,REG
2003,10,2003_10_IND_JAX,2003-11-09,13:00,JAX,IND,REG
2003,10,2003_10_MIA_TEN,2003-11-09,13:00,TEN,MIA,REG
2003,10,2003_10_MIN_SD,2003-11-09,16:05,SD,MIN,REG
2003,10,2003_10_NYJ_OAK,2003-11-09,16:15,OAK,NYJ,REG
2003,10,2003_10_PHI_GB,2003-11-10,09:00,GB,PHI,REG
2003,10,2003_10_SEA_WAS,2003-11-09,13:00,WAS,SEA,REG
2003,10,2003_10_TB_CAR,2003-11-09,13:00,CAR,TB,REG
2003,11,2003_11_ARI_CLE,2003-11-16,13:00,CLE,ARI,REG
2003,11,2003_11_ATL_NO,2003-11-16,13:00,NO,ATL,REG
2003,11,2003_11_BAL_MIA,2003-11-16,13:00,MIA,BAL,REG
2003,11,2003_11_DAL_NE,2003-11-16,20:30,NE,DAL,REG
2003,11,2003_11_DET_SEA,2003-11-16,16:15,SEA,DET,REG
2003,11,2003_11_GB_TB,2003-11-16,16:15,TB,GB,REG
2003,11,2003_11_HOU_BUF,2003-11-16,13:00,BUF,HOU,REG
2003,11,2003_11_JAX_TEN,2003-11-16,13:00,TEN,JAX,REG
2003,11,2003_11_KC_CIN,2003-11-16,13:00,CIN,KC,REG
2003,11,2003_11_MIN_OAK,2003-11-16,16:15,OAK,MIN,REG
2003,11,2003_11_NYG_PHI,2003-11-16,13:00,PHI,NYG,REG
2003,11,2003_11_NYJ_IND,2003-11-16,16:05,IND,NYJ,REG
2003,11,2003_11_PIT_SF,2003-11-17,09:00,SF,PIT,REG
2003,11,2003_11_SD_DEN,2003-11-16,16:05,DEN,SD,REG
2003,11,2003_11_STL_CHI,2003-11-16,13:00,CHI,STL,REG
2003,11,2003_11_WAS_CAR,2003-11-16,13:00,CAR,WAS,REG
2003,12,2003_12_CAR_DAL,2003-11-23,13:00,DAL,CAR,REG
2003,12,2003_12_CHI_DEN,2003-11-23,16:05,DEN,CHI,REG
2003,12,2003_12_CIN_SD,2003-11-23,16:15,SD,CIN,REG
2003,12,2003_12_DET_MIN,2003-11-23,13:00,MIN,DET,REG
2003,12,2003_12_IND_BUF,2003-11-23,13:00,BUF,IND,REG
2003,12,2003_12_JAX_NYJ,2003-11-23,13:00,NYJ,JAX,REG
2003,12,2003_12_NE_HOU,2003-11-23,13:00,HOU,NE,REG
2003,12,2003_12_NO_PHI,2003-11-23,13:00,PHI,NO,REG
2003,12,2003_12_NYG_TB,2003-11-24,09:00,TB,NYG,REG
2003,12,2003_12_OAK_KC,2003-11-23,16:15,KC,OAK,REG
2003,12,2003_12_PIT_CLE,2003-11-23,13:00,CLE,PIT,REG
2003,12,2003_12_SEA_BAL,2003-11-23,13:00,BAL,SEA,REG
2003,12,2003_12_SF_GB,2003-11-23,13:00,GB,SF,REG
2003,12,2003_12_STL_ARI,2003-11-23,16:05,ARI,STL,REG
2003,12,2003_12_TEN_ATL,2003-11-23,16:15,ATL,TEN,REG
2003,12,2003_12_WAS_MIA,2003-11-23,20:30,MIA,WAS,REG
2003,13,2003_13_ARI_CHI,2003-11-30,13:00,CHI,ARI,REG
2003,13,2003_13_ATL_HOU,2003-11-30,13:00,HOU,ATL,REG
2003,13,2003_13_BUF_NYG,2003-11-30,13:00,NYG,BUF,REG
2003,13,2003_13_CIN_PIT,2003-11-30,13:00,PIT,CIN,REG
2003,13,2003_13_CLE_SEA,2003-11-30,16:15,SEA,CLE,REG
2003,13,2003_13_DEN_OAK,2003-11-30,16:15,OAK,DEN,REG
2003,13,2003_13_GB_DET,2003-11-27,12:30,DET,GB,REG
2003,13,2003_13_KC_SD,2003-11-30,16:15,SD,KC,REG
2003,13,2003_13_MIA_DAL,2003-11-27,16:05,DAL,MIA,REG
2003,13,2003_13_MIN_STL,2003-11-30,13:00,STL,MIN,REG
2003,13,2003_13_NE_IND,2003-11-30,13:00,IND,NE,REG
2003,13,2003_13_NO_WAS,2003-11-30,16:05,WAS,NO,REG
2003,13,2003_13_PHI_CAR,2003-11-30,13:00,CAR,PHI,REG
2003,13,2003_13_SF_BAL,2003-11-30,13:00,BAL,SF,REG
2003,13,2003_13_TB_JAX,2003-11-30,20:30,JAX,TB,REG
2003,13,2003_13_TEN_NYJ,2003-12-01,09:00,NYJ,TEN,REG
2003,14,2003_14_ARI_SF,2003-12-07,16:05,SF,ARI,REG
2003,14,2003_14_CAR_ATL,2003-12-07,20:30,ATL,CAR,REG
2003,14,2003_14_CHI_GB,2003-12-07,13:00,GB,CHI,REG
2003,14,2003_14_CIN_BAL,2003-12-07,13:00,BAL,CIN,REG
2003,14,2003_14_DAL_PHI,2003-12-07,13:00,PHI,DAL,REG
2003,14,2003_14_HOU_JAX,2003-12-07,13:00,JAX,HOU,REG
2003,14,2003_14_IND_TEN,2003-12-07,13:00,TEN,IND,REG
2003,14,2003_14_KC_DEN,2003-12-07,16:15,DEN,KC,REG
2003,14,2003_14_MIA_NE,2003-12-07,16:15,NE,MIA,REG
2003,14,2003_14_NYJ_BUF,2003-12-07,16:15,BUF,NYJ,REG
2003,14,2003_14_OAK_PIT,2003-12-07,13:00,PIT,OAK,REG
2003,14,2003_14_SD_DET,2003-12-07,13:00,DET,SD,REG
2003,14,2003_14_SEA_MIN,2003-12-07,13:00,MIN,SEA,REG
2003,14,2003_14_STL_CLE,2003-12-08,09:00,CLE,STL,REG
2003,14,2003_14_TB_NO,2003-12-07,13:00,NO,TB,REG
2003,14,2003_14_WAS_NYG,2003-12-07,13:00,NYG,WAS,REG
2003,15,2003_15_ATL_IND,2003-12-14,13:00,IND,ATL,REG
2003,15,2003_15_BAL_OAK,2003-12-14,16:05,OAK,BAL,REG
2003,15,2003_15_BUF_TEN,2003-12-14,13:00,TEN,BUF,REG
2003,15,2003_15_CAR_ARI,2003-12-14,16:15,ARI,CAR,REG
2003,15,2003_15_CLE_DEN,2003-12-14,16:05,DEN,CLE,REG
2003,15,2003_15_DAL_WAS,2003-12-14,16:15,WAS,DAL,REG
2003,15,2003_15_DET_KC,2003-12-14,13:00,KC,DET,REG
2003,15,2003_15_GB_SD,2003-12-14,16:15,SD,GB,REG
2003,15,2003_15_HOU_TB,2003-12-14,13:00,TB,HOU,REG
2003,15,2003_15_JAX_NE,2003-12-14,13:00,NE,JAX,REG
2003,15,2003_15_MIN_CHI,2003-12-14,13:00,CHI,MIN,REG
2003,15,2003_15_NYG_NO,2003-12-14,20:30,NO,NYG,REG
2003,15,2003_15_PHI_MIA,2003-12-15,09:00,MIA,PHI,REG
2003,15,2003_15_PIT_NYJ,2003-12-14,13:00,NYJ,PIT,REG
2003,15,2003_15_SEA_STL,2003-12-14,13:00,STL,SEA,REG
2003,15,2003_15_SF_CIN,2003-12-14,13:00,CIN,SF,REG
2003,16,2003_16_ARI_SEA,2003-12-21,16:15,SEA,ARI,REG
2003,16,2003_16_ATL_TB,2003-12-20,13:30,TB,ATL,REG
2003,16,2003_16_BAL_CLE,2003-12-21,13:00,CLE,BAL,REG
2003,16,2003_16_CIN_STL,2003-12-21,13:00,STL,CIN,REG
2003,16,2003_16_DEN_IND,2003-12-21,20:30,IND,DEN,REG
2003,16,2003_16_DET_CAR,2003-12-21,13:00,CAR,DET,REG
2003,16,2003_16_GB_OAK,2003-12-22,09:00,OAK,GB,REG
2003,16,2003_16_KC_MIN,2003-12-20,17:00,MIN,KC,REG
2003,16,2003_16_MIA_BUF,2003-12-21,13:00,BUF,MIA,REG
2003,16,2003_16_NE_NYJ,2003-12-20,20:30,NYJ,NE,REG
2003,16,2003_16_NO_JAX,2003-12-21,13:00,JAX,NO,REG
2003,16,2003_16_NYG_DAL,2003-12-21,13:00,DAL,NYG,REG
2003,16,2003_16_SD_PIT,2003-12-21,16:05,PIT,SD,REG
2003,16,2003_16_SF_PHI,2003-12-21,16:15,PHI,SF,REG
2003,16,2003_16_TEN_HOU,2003-12-21,13:00,HOU,TEN,REG
2003,16,2003_16_WAS_CHI,2003-12-21,13:00,CHI,WAS,REG
2003,17,2003_17_BUF_NE,2003-12-27,13:30,NE,BUF,REG
2003,17,2003_17_CAR_NYG,2003-12-28,16:05,NYG,CAR,REG
2003,17,2003_17_CHI_KC,2003-12-28,13:00,KC,CHI,REG
2003,17,2003_17_CLE_CIN,2003-12-28,13:00,CIN,CLE,REG
2003,17,2003_17_DAL_NO,2003-12-28,13:00,NO,DAL,REG
2003,17,2003_17_DEN_GB,2003-12-28,16:15,GB,DEN,REG
2003,17,2003_17_IND_HOU,2003-12-28,13:00,HOU,IND,REG
2003,17,2003_17_JAX_ATL,2003-12-28,13:00,ATL,JAX,REG
2003,17,2003_17_MIN_ARI,2003-12-28,16:05,ARI,MIN,REG
2003,17,2003_17_NYJ_MIA,2003-12-28,13:00,MIA,NYJ,REG
2003,17,2003_17_OAK_SD,2003-12-28,16:15,SD,OAK,REG
2003,17,2003_17_PHI_WAS,2003-12-27,20:30,WAS,PHI,REG
2003,17,2003_17_PIT_BAL,2003-12-28,20:30,BAL,PIT,REG
2003,17,2003_17_SEA_SF,2003-12-27,17:00,SF,SEA,REG
2003,17,2003_17_STL_DET,2003-12-28,13:00,DET,STL,REG
2003,17,2003_17_TB_TEN,2003-12-28,13:00,TEN,TB,REG
2003,18,2003_18_DAL_CAR,2004-01-03,20:00,CAR,DAL,WC
2003,18,2003_18_DEN_IND,2004-01-04,16:30,IND,DEN,WC
2003,18,2003_18_SEA_GB,2004-01-04,13:00,GB,SEA,WC
2003,18,2003_18_TEN_BAL,2004-01-03,16:30,BAL,TEN,WC
2003,19,2003_19_CAR_STL,2004-01-10,16:30,STL,CAR,DIV
2003,19,2003_19_GB_PHI,2004-01-11,16:45,PHI,GB,DIV
2003,19,2003_19_IND_KC,2004-01-11,14:00,KC,IND,DIV
2003,19,2003_19_TEN_NE,2004-01-10,20:15,NE,TEN,DIV
2003,20,2003_20_CAR_PHI,2004-01-18,18:45,PHI,CAR,CON
2003,20,2003_20_IND_NE,2004-01-18,15:00,NE,IND,CON
2003,21,2003_21_CAR_NE,2004-02-01,18:25,NE,CAR,SB
2004,1,2004_01_ARI_STL,2004-09-12,13:00,STL,ARI,REG
2004,1,2004_01_ATL_SF,2004-09-12,16:15,SF,ATL,REG
2004,1,2004_01_BAL_CLE,2004-09-12,13:00,CLE,BAL,REG
2004,1,2004_01_CIN_NYJ,2004-09-12,13:00,NYJ,CIN,REG
2004,1,2004_01_DAL_MIN,2004-09-12,16:15,MIN,DAL,REG
2004,1,2004_01_DET_CHI,2004-09-12,13:00,CHI,DET,REG
2004,1,2004_01_GB_CAR,2004-09-13,09:00,CAR,GB,REG
2004,1,2004_01_IND_NE,2004-09-09,09:00,NE,IND,REG
2004,1,2004_01_JAX_BUF,2004-09-12,13:00,BUF,JAX,REG
2004,1,2004_01_KC_DEN,2004-09-12,20:30,DEN,KC,REG
2004,1,2004_01_NYG_PHI,2004-09-12,16:15,PHI,NYG,REG
2004,1,2004_01_OAK_PIT,2004-09-12,13:00,PIT,OAK,REG
2004,1,2004_01_SD_HOU,2004-09-12,13:00,HOU,SD,REG
2004,1,2004_01_SEA_NO,2004-09-12,13:00,NO,SEA,REG
2004,1,2004_01_TB_WAS,2004-09-12,13:00,WAS,TB,REG
2004,1,2004_01_TEN_MIA,2004-09-11,13:00,MIA,TEN,REG
2004,2,2004_02_BUF_OAK,2004-09-19,16:15,OAK,BUF,REG
2004,2,2004_02_CAR_KC,2004-09-19,13:00,KC,CAR,REG
2004,2,2004_02_CHI_GB,2004-09-19,13:00,GB,CHI,REG
2004,2,2004_02_CLE_DAL,2004-09-19,16:15,DAL,CLE,REG
2004,2,2004_02_DEN_JAX,2004-09-19,13:00,JAX,DEN,REG
2004,2,2004_02_HOU_DET,2004-09-19,13:00,DET,HOU,REG
2004,2,2004_02_IND_TEN,2004-09-19,13:00,TEN,IND,REG
2004,2,2004_02_MIA_CIN,2004-09-19,20:30,CIN,MIA,REG
2004,2,2004_02_MIN_PHI,2004-09-20,09:00,PHI,MIN,REG
2004,2,2004_02_NE_ARI,2004-09-19,16:15,ARI,NE,REG
2004,2,2004_02_NYJ_SD,2004-09-19,16:15,SD,NYJ,REG
2004,2,2004_02_PIT_BAL,2004-09-19,13:00,BAL,PIT,REG
2004,2,2004_02_SEA_TB,2004-09-19,16:05,TB,SEA,REG
2004,2,2004_02_SF_NO,2004-09-19,13:00,NO,SF,REG
2004,2,2004_02_STL_ATL,2004-09-19,13:00,ATL,STL,REG
2004,2,2004_02_WAS_NYG,2004-09-19,13:00,NYG,WAS,REG
2004,3,2004_03_ARI_ATL,2004-09-26,13:00,ATL,ARI,REG
2004,3,2004_03_BAL_CIN,2004-09-26,13:00,CIN,BAL,REG
2004,3,2004_03_CHI_MIN,2004-09-26,13:00,MIN,CHI,REG
2004,3,2004_03_CLE_NYG,2004-09-26,13:00,NYG,CLE,REG
2004,3,2004_03_DAL_WAS,2004-09-27,09:00,WAS,DAL,REG
2004,3,2004_03_GB_IND,2004-09-26,16:15,IND,GB,REG
2004,3,2004_03_HOU_KC,2004-09-26,13:00,KC,HOU,REG
2004,3,2004_03_JAX_TEN,2004-09-26,13:00,TEN,JAX,REG
2004,3,2004_03_NO_STL,2004-09-26,13:00,STL,NO,REG
2004,3,2004_03_PHI_DET,2004-09-26,13:00,DET,PHI,REG
2004,3,2004_03_PIT_MIA,2004-09-26,20:30,MIA,PIT,REG
2004,3,2004_03_SD_DEN,2004-09-26,16:05,DEN,SD,REG
2004,3,2004_03_SF_SEA,2004-09-26,16:15,SEA,SF,REG
2004,3,2004_03_TB_OAK,2004-09-26,20:30,OAK,TB,REG
2004,4,2004_04_ATL_CAR,2004-10-03,16:05,CAR,ATL,REG
2004,4,2004_04_CIN_PIT,2004-10-03,13:00,PIT,CIN,REG
2004,4,2004_04_DEN_TB,2004-10-03,16:15,TB,DEN,REG
2004,4,2004_04_IND_JAX,2004-10-03,13:00,JAX,IND,REG
2004,4,2004_04_KC_BAL,2004-10-04,09:00,BAL,KC,REG
2004,4,2004_04_NE_BUF,2004-10-03,13:00,BUF,NE,REG
2004,4,2004_04_NO_ARI,2004-10-03,16:05,ARI,NO,REG
2004,4,2004_04_NYG_GB,2004-10-03,13:00,GB,NYG,REG
2004,4,2004_04_NYJ_MIA,2004-10-03,16:15,MIA,NYJ,REG
2004,4,2004_04_OAK_HOU,2004-10-03,13:00,HOU,OAK,REG
2004,4,2004_04_PHI_CHI,2004-10-03,13:00,CHI,PHI,REG
2004,4,2004_04_STL_SF,2004-10-03,20:30,SF,STL,REG
2004,4,2004_04_TEN_SD,2004-10-03,16:15,SD,TEN,REG
2004,4,2004_04_WAS_CLE,2004-10-03,13:00,CLE,WAS,REG
2004,5,2004_05_ARI_SF,2004-10-10,16:15,SF,ARI,REG
2004,5,2004_05_BAL_WAS,2004-10-10,20:30,WAS,BAL,REG
2004,5,2004_05_BUF_NYJ,2004-10-10,16:05,NYJ,BUF,REG
2004,5,2004_05_CAR_DEN,2004-10-10,16:15,DEN,CAR,REG
2004,5,2004_05_CLE_PIT,2004-10-10,13:00,PIT,CLE,REG
2004,5,2004_05_DET_ATL,2004-10-10,13:00,ATL,DET,REG
2004,5,2004_05_JAX_SD,2004-10-10,16:05,SD,JAX,REG
2004,5,2004_05_MIA_NE,2004-10-10,13:00,NE,MIA,REG
2004,5,2004_05_MIN_HOU,2004-10-10,13:00,HOU,MIN,REG
2004,5,2004_05_NYG_DAL,2004-10-10,13:00,DAL,NYG,REG
2004,5,2004_05_OAK_IND,2004-10-10,13:00,IND,OAK,REG
2004,5,2004_05_STL_SEA,2004-10-10,16:15,SEA,STL,REG
2004,5,2004_05_TB_NO,2004-10-10,13:00,NO,TB,REG
2004,5,2004_05_TEN_GB,2004-10-11,09:00,GB,TEN,REG
2004,6,2004_06_CAR_PHI,2004-10-17,13:00,PHI,CAR,REG
2004,6,2004_06_CIN_CLE,2004-10-17,13:00,CLE,CIN,REG
2004,6,2004_06_DEN_OAK,2004-10-17,16:15,OAK,DEN,REG
2004,6,2004_06_GB_DET,2004-10-17,13:00,DET,GB,REG
2004,6,2004_06_HOU_TEN,2004-10-17,13:00,TEN,HOU,REG
2004,6,2004_06_KC_JAX,2004-10-17,13:00,JAX,KC,REG
2004,6,2004_06_MIA_BUF,2004-10-17,13:00,BUF,MIA,REG
2004,6,2004_06_MIN_NO,2004-10-17,20:30,NO,MIN,REG
2004,6,2004_06_PIT_DAL,2004-10-17,16:15,DAL,PIT,REG
2004,6,2004_06_SD_ATL,2004-10-17,13:00,ATL,SD,REG
2004,6,2004_06_SEA_NE,2004-10-17,13:00,NE,SEA,REG
2004,6,2004_06_SF_NYJ,2004-10-17,13:00,NYJ,SF,REG
2004,6,2004_06_TB_STL,2004-10-18,09:00,STL,TB,REG
2004,6,2004_06_WAS_CHI,2004-10-17,13:00,CHI,WAS,REG
2004,7,2004_07_ATL_KC,2004-10-24,13:00,KC,ATL,REG
2004,7,2004_07_BUF_BAL,2004-10-24,13:00,BAL,BUF,REG
2004,7,2004_07_CHI_TB,2004-10-24,13:00,TB,CHI,REG
2004,7,2004_07_DAL_GB,2004-10-24,16:15,GB,DAL,REG
2004,7,2004_07_DEN_CIN,2004-10-25,09:00,CIN,DEN,REG
2004,7,2004_07_DET_NYG,2004-10-24,13:00,NYG,DET,REG
2004,7,2004_07_JAX_IND,2004-10-24,13:00,IND,JAX,REG
2004,7,2004_07_NO_OAK,2004-10-24,16:15,OAK,NO,REG
2004,7,2004_07_NYJ_NE,2004-10-24,16:05,NE,NYJ,REG
2004,7,2004_07_PHI_CLE,2004-10-24,13:00,CLE,PHI,REG
2004,7,2004_07_SD_CAR,2004-10-24,13:00,CAR,SD,REG
2004,7,2004_07_SEA_ARI,2004-10-24,16:15,ARI,SEA,REG
2004,7,2004_07_STL_MIA,2004-10-24,13:00,MIA,STL,REG
2004,7,2004_07_TEN_MIN,2004-10-24,13:00,MIN,TEN,REG
2004,8,2004_08_ARI_BUF,2004-10-31,13:00,BUF,ARI,REG
2004,8,2004_08_ATL_DEN,2004-10-31,16:05,DEN,ATL,REG
2004,8,2004_08_BAL_PHI,2004-10-31,13:00,PHI,BAL,REG
2004,8,2004_08_CAR_SEA,2004-10-31,16:05,SEA,CAR,REG
2004,8,2004_08_CIN_TEN,2004-10-31,13:00,TEN,CIN,REG
2004,8,2004_08_DET_DAL,2004-10-31,13:00,DAL,DET,REG
2004,8,2004_08_GB_WAS,2004-10-31,13:00,WAS,GB,REG
2004,8,2004_08_IND_KC,2004-10-31,13:00,KC,IND,REG
2004,8,2004_08_JAX_HOU,2004-10-31,13:00,HOU,JAX,REG
2004,8,2004_08_MIA_NYJ,2004-11-01,09:00,NYJ,MIA,REG
2004,8,2004_08_NE_PIT,2004-10-31,16:15,PIT,NE,REG
2004,8,2004_08_NYG_MIN,2004-10-31,13:00,MIN,NYG,REG
2004,8,2004_08_OAK_SD,2004-10-31,16:15,SD,OAK,REG
2004,8,2004_08_SF_CHI,2004-10-31,20:30,CHI,SF,REG
2004,9,2004_09_ARI_MIA,2004-11-07,13:00,MIA,ARI,REG
2004,9,2004_09_CHI_NYG,2004-11-07,16:05,NYG,CHI,REG
2004,9,2004_09_CLE_BAL,2004-11-07,20:30,BAL,CLE,REG
2004,9,2004_09_DAL_CIN,2004-11-07,13:00,CIN,DAL,REG
2004,9,2004_09_HOU_DEN,2004-11-07,16:15,DEN,HOU,REG
2004,9,2004_09_KC_TB,2004-11-07,13:00,TB,KC,REG
2004,9,2004_09_MIN_IND,2004-11-08,09:00,IND,MIN,REG
2004,9,2004_09_NE_STL,2004-11-07,16:15,STL,NE,REG
2004,9,2004_09_NO_SD,2004-11-07,16:05,SD,NO,REG
2004,9,2004_09_NYJ_BUF,2004-11-07,13:00,BUF,NYJ,REG
2004,9,2004_09_OAK_CAR,2004-11-07,13:00,CAR,OAK,REG
2004,9,2004_09_PHI_PIT,2004-11-07,13:00,PIT,PHI,REG
2004,9,2004_09_SEA_SF,2004-11-07,16:05,SF,SEA,REG
2004,9,2004_09_WAS_DET,2004-11-07,13:00,DET,WAS,REG
2004,10,2004_10_BAL_NYJ,2004-11-14,13:00,NYJ,BAL,REG
2004,10,2004_10_BUF_NE,2004-11-14,20:30,NE,BUF,REG
2004,10,2004_10_CAR_SF,2004-11-14,16:15,SF,CAR,REG
2004,10,2004_10_CHI_TEN,2004-11-14,13:00,TEN,CHI,REG
2004,10,2004_10_CIN_WAS,2004-11-14,16:05,WAS,CIN,REG
2004,10,2004_10_DET_JAX,2004-11-14,13:00,JAX,DET,REG
2004,10,2004_10_HOU_IND,2004-11-14,13:00,IND,HOU,REG
2004,10,2004_10_KC_NO,2004-11-14,13:00,NO,KC,REG
2004,10,2004_10_MIN_GB,2004-11-14,16:15,GB,MIN,REG
2004,10,2004_10_NYG_ARI,2004-11-14,16:15,ARI,NYG,REG
2004,10,2004_10_PHI_DAL,2004-11-15,09:00,DAL,PHI,REG
2004,10,2004_10_PIT_CLE,2004-11-14,13:00,CLE,PIT,REG
2004,10,2004_10_SEA_STL,2004-11-14,13:00,STL,SEA,REG
2004,10,2004_10_TB_ATL,2004-11-14,13:00,ATL,TB,REG
2004,11,2004_11_ARI_CAR,2004-11-21,13:00,CAR,ARI,REG
2004,11,2004_11_ATL_NYG,2004-11-21,16:15,NYG,ATL,REG
2004,11,2004_11_DAL_BAL,2004-11-21,13:00,BAL,DAL,REG
2004,11,2004_11_DEN_NO,2004-11-21,13:00,NO,DEN,REG
2004,11,2004_11_DET_MIN,2004-11-21,13:00,MIN,DET,REG
2004,11,2004_11_GB_HOU,2004-11-21,20:30,HOU,GB,REG
2004,11,2004_11_IND_CHI,2004-11-21,13:00,CHI,IND,REG
2004,11,2004_11_MIA_SEA,2004-11-21,16:05,SEA,MIA,REG
2004,11,2004_11_NE_KC,2004-11-22,09:00,KC,NE,REG
2004,11,2004_11_NYJ_CLE,2004-11-21,13:00,CLE,NYJ,REG
2004,11,2004_11_PIT_CIN,2004-11-21,13:00,CIN,PIT,REG
2004,11,2004_11_SD_OAK,2004-11-21,16:05,OAK,SD,REG
2004,11,2004_11_SF_TB,2004-11-21,13:00,TB,SF,REG
2004,11,2004_11_STL_BUF,2004-11-21,13:00,BUF,STL,REG
2004,11,2004_11_TEN_JAX,2004-11-21,13:00,JAX,TEN,REG
2004,11,2004_11_WAS_PHI,2004-11-21,16:15,PHI,WAS,REG
2004,12,2004_12_BAL_NE,2004-11-28,16:15,NE,BAL,REG
2004,12,2004_12_BUF_SEA,2004-11-28,16:15,SEA,BUF,REG
2004,12,2004_12_CHI_DAL,2004-11-25,16:15,DAL,CHI,REG
2004,12,2004_12_CLE_CIN,2004-11-28,13:00,CIN,CLE,REG
2004,12,2004_12_IND_DET,2004-11-25,12:30,DET,IND,REG
2004,12,2004_12_JAX_MIN,2004-11-28,13:00,MIN,JAX,REG
2004,12,2004_12_MIA_SF,2004-11-28,16:15,SF,MIA,REG
2004,12,2004_12_NO_ATL,2004-11-28,16:05,ATL,NO,REG
2004,12,2004_12_NYJ_ARI,2004-11-28,16:15,ARI,NYJ,REG
2004,12,2004_12_OAK_DEN,2004-11-28,20:30,DEN,OAK,REG
2004,12,2004_12_PHI_NYG,2004-11-28,13:00,NYG,PHI,REG
2004,12,2004_12_SD_KC,2004-11-28,13:00,KC,SD,REG
2004,12,2004_12_STL_GB,2004-11-29,09:00,GB,STL,REG
2004,12,2004_12_TB_CAR,2004-11-28,13:00,CAR,TB,REG
2004,12,2004_12_TEN_HOU,2004-11-28,13:00,HOU,TEN,REG
2004,12,2004_12_WAS_PIT,2004-11-28,13:00,PIT,WAS,REG
2004,13,2004_13_ARI_DET,2004-12-05,13:00,DET,ARI,REG
2004,13,2004_13_ATL_TB,2004-12-05,13:00,TB,ATL,REG
2004,13,2004_13_BUF_MIA,2004-12-05,13:00,MIA,BUF,REG
2004,13,2004_13_CAR_NO,2004-12-05,13:00,NO,CAR,REG
2004,13,2004_13_CIN_BAL,2004-12-05,13:00,BAL,CIN,REG
2004,13,2004_13_DAL_SEA,2004-12-06,09:00,SEA,DAL,REG
2004,13,2004_13_DEN_SD,2004-12-05,16:05,SD,DEN,REG
2004,13,2004_13_GB_PHI,2004-12-05,16:15,PHI,GB,REG
2004,13,2004_13_HOU_NYJ,2004-12-05,13:00,NYJ,HOU,REG
2004,13,2004_13_KC_OAK,2004-12-05,16:05,OAK,KC,REG
2004,13,2004_13_MIN_CHI,2004-12-05,13:00,CHI,MIN,REG
2004,13,2004_13_NE_CLE,2004-12-05,13:00,CLE,NE,REG
2004,13,2004_13_NYG_WAS,2004-12-05,16:15,WAS,NYG,REG
2004,13,2004_13_PIT_JAX,2004-12-05,20:30,JAX,PIT,REG
2004,13,2004_13_SF_STL,2004-12-05,13:00,STL,SF,REG
2004,13,2004_13_TEN_IND,2004-12-05,13:00,IND,TEN,REG
2004,14,2004_14_CHI_JAX,2004-12-12,13:00,JAX,CHI,REG
2004,14,2004_14_CIN_NE,2004-12-12,13:00,NE,CIN,REG
2004,14,2004_14_CLE_BUF,2004-12-12,13:00,BUF,CLE,REG
2004,14,2004_14_DET_GB,2004-12-12,16:15,GB,DET,REG
2004,14,2004_14_IND_HOU,2004-12-12,13:00,HOU,IND,REG
2004,14,2004_14_KC_TEN,2004-12-13,09:00,TEN,KC,REG
2004,14,2004_14_MIA_DEN,2004-12-12,16:05,DEN,MIA,REG
2004,14,2004_14_NO_DAL,2004-12-12,13:00,DAL,NO,REG
2004,14,2004_14_NYG_BAL,2004-12-12,13:00,BAL,NYG,REG
2004,14,2004_14_NYJ_PIT,2004-12-12,16:05,PIT,NYJ,REG
2004,14,2004_14_OAK_ATL,2004-12-12,13:00,ATL,OAK,REG
2004,14,2004_14_PHI_WAS,2004-12-12,20:30,WAS,PHI,REG
2004,14,2004_14_SEA_MIN,2004-12-12,13:00,MIN,SEA,REG
2004,14,2004_14_SF_ARI,2004-12-12,16:15,ARI,SF,REG
2004,14,2004_14_STL_CAR,2004-12-12,16:15,CAR,STL,REG
2004,14,2004_14_TB_SD,2004-12-12,16:15,SD,TB,REG
2004,15,2004_15_BAL_IND,2004-12-19,20:30,IND,BAL,REG
2004,15,2004_15_BUF_CIN,2004-12-19,13:00,CIN,BUF,REG
2004,15,2004_15_CAR_ATL,2004-12-18,20:30,ATL,CAR,REG
2004,15,2004_15_DAL_PHI,2004-12-19,13:00,PHI,DAL,REG
2004,15,2004_15_DEN_KC,2004-12-19,13:00,KC,DEN,REG
2004,15,2004_15_HOU_CHI,2004-12-19,13:00,CHI,HOU,REG
2004,15,2004_15_JAX_GB,2004-12-19,16:15,GB,JAX,REG
2004,15,2004_15_MIN_DET,2004-12-19,13:00,DET,MIN,REG
2004,15,2004_15_NE_MIA,2004-12-20,09:00,MIA,NE,REG
2004,15,2004_15_NO_TB,2004-12-19,16:05,TB,NO,REG
2004,15,2004_15_PIT_NYG,2004-12-18,13:30,NYG,PIT,REG
2004,15,2004_15_SD_CLE,2004-12-19,13:00,CLE,SD,REG
2004,15,2004_15_SEA_NYJ,2004-12-19,13:00,NYJ,SEA,REG
2004,15,2004_15_STL_ARI,2004-12-19,16:05,ARI,STL,REG
2004,15,2004_15_TEN_OAK,2004-12-19,16:15,OAK,TEN,REG
2004,15,2004_15_WAS_SF,2004-12-18,17:00,SF,WAS,REG
2004,16,2004_16_ARI_SEA,2004-12-26,16:15,SEA,ARI,REG
2004,16,2004_16_ATL_NO,2004-12-26,13:00,NO,ATL,REG
2004,16,2004_16_BAL_PIT,2004-12-26,13:00,PIT,BAL,REG
2004,16,2004_16_BUF_SF,2004-12-26,16:05,SF,BUF,REG
2004,16,2004_16_CAR_TB,2004-12-26,16:15,TB,CAR,REG
2004,16,2004_16_CHI_DET,2004-12-26,13:00,DET,CHI,REG
2004,16,2004_16_CLE_MIA,2004-12-26,20:30,MIA,CLE,REG
2004,16,2004_16_DEN_TEN,2004-12-25,20:30,TEN,DEN,REG
2004,16,2004_16_GB_MIN,2004-12-24,15:00,MIN,GB,REG
2004,16,2004_16_HOU_JAX,2004-12-26,13:00,JAX,HOU,REG
2004,16,2004_16_NE_NYJ,2004-12-26,16:05,NYJ,NE,REG
2004,16,2004_16_NYG_CIN,2004-12-26,13:00,CIN,NYG,REG
2004,16,2004_16_OAK_KC,2004-12-25,17:00,KC,OAK,REG
2004,16,2004_16_PHI_STL,2004-12-27,09:00,STL,PHI,REG
2004,16,2004_16_SD_IND,2004-12-26,13:00,IND,SD,REG
2004,16,2004_16_WAS_DAL,2004-12-26,16:15,DAL,WAS,REG
2004,17,2004_17_ATL_SEA,2005-01-02,16:05,SEA,ATL,REG
2004,17,2004_17_CIN_PHI,2005-01-02,13:00,PHI,CIN,REG
2004,17,2004_17_CLE_HOU,2005-01-02,13:00,HOU,CLE,REG
2004,17,2004_17_DAL_NYG,2005-01-02,20:30,NYG,DAL,REG
2004,17,2004_17_DET_TEN,2005-01-02,13:00,TEN,DET,REG
2004,17,2004_17_GB_CHI,2005-01-02,13:00,CHI,GB,REG
2004,17,2004_17_IND_DEN,2005-01-02,16:15,DEN,IND,REG
2004,17,2004_17_JAX_OAK,2005-01-02,16:15,OAK,JAX,REG
2004,17,2004_17_KC_SD,2005-01-02,16:15,SD,KC,REG
2004,17,2004_17_MIA_BAL,2005-01-02,13:00,BAL,MIA,REG
2004,17,2004_17_MIN_WAS,2005-01-02,13:00,WAS,MIN,REG
2004,17,2004_17_NO_CAR,2005-01-02,13:00,CAR,NO,REG
2004,17,2004_17_NYJ_STL,2005-01-02,13:00,STL,NYJ,REG
2004,17,2004_17_PIT_BUF,2005-01-02,13:00,BUF,PIT,REG
2004,17,2004_17_SF_NE,2005-01-02,13:00,NE,SF,REG
2004,17,2004_17_TB_ARI,2005-01-02,16:05,ARI,TB,REG
2004,18,2004_18_DEN_IND,2005-01-09,13:00,IND,DEN,WC
2004,18,2004_18_MIN_GB,2005-01-09,16:30,GB,MIN,WC
2004,18,2004_18_NYJ_SD,2005-01-08,20:00,SD,NYJ,WC
2004,18,2004_18_STL_SEA,2005-01-08,16:30,SEA,STL,WC
2004,19,2004_19_IND_NE,2005-01-16,16:30,NE,IND,DIV
2004,19,2004_19_MIN_PHI,2005-01-16,13:00,PHI,MIN,DIV
2004,19,2004_19_NYJ_PIT,2005-01-15,16:30,PIT,NYJ,DIV
2004,19,2004_19_STL_ATL,2005-01-15,20:00,ATL,STL,DIV
2004,20,2004_20_ATL_PHI,2005-01-23,15:00,PHI,ATL,CON
2004,20,2004_20_NE_PIT,2005-01-23,18:30,PIT,NE,CON
2004,21,2004_21_NE_PHI,2005-02-06,18:30,PHI,NE,SB
2005,1,2005_01_ARI_NYG,2005-09-11,16:15,NYG,ARI,REG
2005,1,2005_01_CHI_WAS,2005-09-11,13:00,WAS,CHI,REG
2005,1,2005_01_CIN_CLE,2005-09-11,13:00,CLE,CIN,REG
2005,1,2005_01_DAL_SD,2005-09-11,16:15,SD,DAL,REG
2005,1,2005_01_DEN_MIA,2005-09-11,13:00,MIA,DEN,REG
2005,1,2005_01_GB_DET,2005-09-11,16:15,DET,GB,REG
2005,1,2005_01_HOU_BUF,2005-09-11,13:00,BUF,HOU,REG
2005,1,2005_01_IND_BAL,2005-09-11,20:30,BAL,IND,REG
2005,1,2005_01_NO_CAR,2005-09-11,13:00,CAR,NO,REG
2005,1,2005_01_NYJ_KC,2005-09-11,13:00,KC,NYJ,REG
2005,1,2005_01_OAK_NE,2005-09-08,09:00,NE,OAK,REG
2005,1,2005_01_PHI_ATL,2005-09-12,09:00,ATL,PHI,REG
2005,1,2005_01_SEA_JAX,2005-09-11,13:00,JAX,SEA,REG
2005,1,2005_01_STL_SF,2005-09-11,16:15,SF,STL,REG
2005,1,2005_01_TB_MIN,2005-09-11,13:00,MIN,TB,REG
2005,1,2005_01_TEN_PIT,2005-09-11,13:00,PIT,TEN,REG
2005,2,2005_02_ATL_SEA,2005-09-18,16:05,SEA,ATL,REG
2005,2,2005_02_BAL_TEN,2005-09-18,13:00,TEN,BAL,REG
2005,2,2005_02_BUF_TB,2005-09-18,13:00,TB,BUF,REG
2005,2,2005_02_CLE_GB,2005-09-18,16:15,GB,CLE,REG
2005,2,2005_02_DET_CHI,2005-09-18,13:00,CHI,DET,REG
2005,2,2005_02_JAX_IND,2005-09-18,13:00,IND,JAX,REG
2005,2,2005_02_KC_OAK,2005-09-18,20:30,OAK,KC,REG
2005,2,2005_02_MIA_NYJ,2005-09-18,16:15,NYJ,MIA,REG
2005,2,2005_02_MIN_CIN,2005-09-18,13:00,CIN,MIN,REG
2005,2,2005_02_NE_CAR,2005-09-18,13:00,CAR,NE,REG
2005,2,2005_02_NYG_NO,2005-09-19,19:30,NO,NYG,REG
2005,2,2005_02_PIT_HOU,2005-09-18,13:00,HOU,PIT,REG
2005,2,2005_02_SD_DEN,2005-09-18,16:15,DEN,SD,REG
2005,2,2005_02_SF_PHI,2005-09-18,13:00,PHI,SF,REG
2005,2,2005_02_STL_ARI,2005-09-18,16:05,ARI,STL,REG
2005,2,2005_02_WAS_DAL,2005-09-19,09:00,DAL,WAS,REG
2005,3,2005_03_ARI_SEA,2005-09-25,16:05,SEA,ARI,REG
2005,3,2005_03_ATL_BUF,2005-09-25,13:00,BUF,ATL,REG
2005,3,2005_03_CAR_MIA,2005-09-25,13:00,MIA,CAR,REG
2005,3,2005_03_CIN_CHI,2005-09-25,13:00,CHI,CIN,REG
2005,3,2005_03_CLE_IND,2005-09-25,13:00,IND,CLE,REG
2005,3,2005_03_DAL_SF,2005-09-25,16:05,SF,DAL,REG
2005,3,2005_03_JAX_NYJ,2005-09-25,13:00,NYJ,JAX,REG
2005,3,2005_03_KC_DEN,2005-09-26,09:00,DEN,KC,REG
2005,3,2005_03_NE_PIT,2005-09-25,16:15,PIT,NE,REG
2005,3,2005_03_NO_MIN,2005-09-25,13:00,MIN,NO,REG
2005,3,2005_03_NYG_SD,2005-09-25,20:30,SD,NYG,REG
2005,3,2005_03_OAK_PHI,2005-09-25,13:00,PHI,OAK,REG
2005,3,2005_03_TB_GB,2005-09-25,13:00,GB,TB,REG
2005,3,2005_03_TEN_STL,2005-09-25,13:00,STL,TEN,REG
2005,4,2005_04_BUF_NO,2005-10-02,13:00,NO,BUF,REG
2005,4,2005_04_DAL_OAK,2005-10-02,16:15,OAK,DAL,REG
2005,4,2005_04_DEN_JAX,2005-10-02,13:00,JAX,DEN,REG
2005,4,2005_04_DET_TB,2005-10-02,13:00,TB,DET,REG
2005,4,2005_04_GB_CAR,2005-10-03,09:00,CAR,GB,REG
2005,4,2005_04_HOU_CIN,2005-10-02,13:00,CIN,HOU,REG
2005,4,2005_04_IND_TEN,2005-10-02,13:00,TEN,IND,REG
2005,4,2005_04_MIN_ATL,2005-10-02,16:15,ATL,MIN,REG
2005,4,2005_04_NYJ_BAL,2005-10-02,16:05,BAL,NYJ,REG
2005,4,2005_04_PHI_KC,2005-10-02,16:15,KC,PHI,REG
2005,4,2005_04_SD_NE,2005-10-02,13:00,NE,SD,REG
2005,4,2005_04_SEA_WAS,2005-10-02,13:00,WAS,SEA,REG
2005,4,2005_04_SF_ARI,2005-10-02,20:30,ARI,SF,REG
2005,4,2005_04_STL_NYG,2005-10-02,13:00,NYG,STL,REG
2005,5,2005_05_BAL_DET,2005-10-09,13:00,DET,BAL,REG
2005,5,2005_05_CAR_ARI,2005-10-09,16:15,ARI,CAR,REG
2005,5,2005_05_CHI_CLE,2005-10-09,13:00,CLE,CHI,REG
2005,5,2005_05_CIN_JAX,2005-10-09,20:30,JAX,CIN,REG
2005,5,2005_05_IND_SF,2005-10-09,16:05,SF,IND,REG
2005,5,2005_05_MIA_BUF,2005-10-09,13:00,BUF,MIA,REG
2005,5,2005_05_NE_ATL,2005-10-09,13:00,ATL,NE,REG
2005,5,2005_05_NO_GB,2005-10-09,13:00,GB,NO,REG
2005,5,2005_05_PHI_DAL,2005-10-09,16:15,DAL,PHI,REG
2005,5,2005_05_PIT_SD,2005-10-10,09:00,SD,PIT,REG
2005,5,2005_05_SEA_STL,2005-10-09,13:00,STL,SEA,REG
2005,5,2005_05_TB_NYJ,2005-10-09,13:00,NYJ,TB,REG
2005,5,2005_05_TEN_HOU,2005-10-09,13:00,HOU,TEN,REG
2005,5,2005_05_WAS_DEN,2005-10-09,16:15,DEN,WAS,REG
2005,6,2005_06_ATL_NO,2005-10-16,13:00,NO,ATL,REG
2005,6,2005_06_CAR_DET,2005-10-16,13:00,DET,CAR,REG
2005,6,2005_06_CIN_TEN,2005-10-16,13:00,TEN,CIN,REG
2005,6,2005_06_CLE_BAL,2005-10-16,13:00,BAL,CLE,REG
2005,6,2005_06_HOU_SEA,2005-10-16,20:30,SEA,HOU,REG
2005,6,2005_06_JAX_PIT,2005-10-16,13:00,PIT,JAX,REG
2005,6,2005_06_MIA_TB,2005-10-16,13:00,TB,MIA,REG
2005,6,2005_06_MIN_CHI,2005-10-16,13:00,CHI,MIN,REG
2005,6,2005_06_NE_DEN,2005-10-16,16:15,DEN,NE,REG
2005,6,2005_06_NYG_DAL,2005-10-16,13:00,DAL,NYG,REG
2005,6,2005_06_NYJ_BUF,2005-10-16,16:15,BUF,NYJ,REG
2005,6,2005_06_SD_OAK,2005-10-16,16:15,OAK,SD,REG
2005,6,2005_06_STL_IND,2005-10-17,09:00,IND,STL,REG
2005,6,2005_06_WAS_KC,2005-10-16,13:00,KC,WAS,REG
2005,7,2005_07_BAL_CHI,2005-10-23,16:15,CHI,BAL,REG
2005,7,2005_07_BUF_OAK,2005-10-23,16:15,OAK,BUF,REG
2005,7,2005_07_DAL_SEA,2005-10-23,16:05,SEA,DAL,REG
2005,7,2005_07_DEN_NYG,2005-10-23,16:15,NYG,DEN,REG
2005,7,2005_07_DET_CLE,2005-10-23,13:00,CLE,DET,REG
2005,7,2005_07_GB_MIN,2005-10-23,13:00,MIN,GB,REG
2005,7,2005_07_IND_HOU,2005-10-23,13:00,HOU,IND,REG
2005,7,2005_07_KC_MIA,2005-10-21,19:00,MIA,KC,REG
2005,7,2005_07_NO_STL,2005-10-23,13:00,STL,NO,REG
2005,7,2005_07_NYJ_ATL,2005-10-24,09:00,ATL,NYJ,REG
2005,7,2005_07_PIT_CIN,2005-10-23,13:00,CIN,PIT,REG
2005,7,2005_07_SD_PHI,2005-10-23,13:00,PHI,SD,REG
2005,7,2005_07_SF_WAS,2005-10-23,13:00,WAS,SF,REG
2005,7,2005_07_TEN_ARI,2005-10-23,16:15,ARI,TEN,REG
2005,8,2005_08_ARI_DAL,2005-10-30,13:00,DAL,ARI,REG
2005,8,2005_08_BAL_PIT,2005-10-31,09:00,PIT,BAL,REG
2005,8,2005_08_BUF_NE,2005-10-30,20:30,NE,BUF,REG
2005,8,2005_08_CHI_DET,2005-10-30,13:00,DET,CHI,REG
2005,8,2005_08_CLE_HOU,2005-10-30,13:00,HOU,CLE,REG
2005,8,2005_08_GB_CIN,2005-10-30,13:00,CIN,GB,REG
2005,8,2005_08_JAX_STL,2005-10-30,13:00,STL,JAX,REG
2005,8,2005_08_KC_SD,2005-10-30,16:05,SD,KC,REG
2005,8,2005_08_MIA_NO,2005-10-30,16:05,NO,MIA,REG
2005,8,2005_08_MIN_CAR,2005-10-30,13:00,CAR,MIN,REG
2005,8,2005_08_OAK_TEN,2005-10-30,13:00,TEN,OAK,REG
2005,8,2005_08_PHI_DEN,2005-10-30,16:15,DEN,PHI,REG
2005,8,2005_08_TB_SF,2005-10-30,16:15,SF,TB,REG
2005,8,2005_08_WAS_NYG,2005-10-30,13:00,NYG,WAS,REG
2005,9,2005_09_ATL_MIA,2005-11-06,13:00,MIA,ATL,REG
2005,9,2005_09_CAR_TB,2005-11-06,13:00,TB,CAR,REG
2005,9,2005_09_CHI_NO,2005-11-06,16:05,NO,CHI,REG
2005,9,2005_09_CIN_BAL,2005-11-06,13:00,BAL,CIN,REG
2005,9,2005_09_DET_MIN,2005-11-06,13:00,MIN,DET,REG
2005,9,2005_09_HOU_JAX,2005-11-06,13:00,JAX,HOU,REG
2005,9,2005_09_IND_NE,2005-11-07,09:00,NE,IND,REG
2005,9,2005_09_NYG_SF,2005-11-06,16:05,SF,NYG,REG
2005,9,2005_09_OAK_KC,2005-11-06,13:00,KC,OAK,REG
2005,9,2005_09_PHI_WAS,2005-11-06,20:30,WAS,PHI,REG
2005,9,2005_09_PIT_GB,2005-11-06,16:15,GB,PIT,REG
2005,9,2005_09_SD_NYJ,2005-11-06,13:00,NYJ,SD,REG
2005,9,2005_09_SEA_ARI,2005-11-06,16:05,ARI,SEA,REG
2005,9,2005_09_TEN_CLE,2005-11-06,13:00,CLE,TEN,REG
2005,10,2005_10_ARI_DET,2005-11-13,13:00,DET,ARI,REG
2005,10,2005_10_BAL_JAX,2005-11-13,13:00,JAX,BAL,REG
2005,10,2005_10_CLE_PIT,2005-11-13,20:30,PIT,CLE,REG
2005,10,2005_10_DAL_PHI,2005-11-14,09:00,PHI,DAL,REG
2005,10,2005_10_DEN_OAK,2005-11-13,16:05,OAK,DEN,REG
2005,10,2005_10_GB_ATL,2005-11-13,16:15,ATL,GB,REG
2005,10,2005_10_HOU_IND,2005-11-13,13:00,IND,HOU,REG
2005,10,2005_10_KC_BUF,2005-11-13,13:00,BUF,KC,REG
2005,10,2005_10_MIN_NYG,2005-11-13,13:00,NYG,MIN,REG
2005,10,2005_10_NE_MIA,2005-11-13,13:00,MIA,NE,REG
2005,10,2005_10_NYJ_CAR,2005-11-13,16:05,CAR,NYJ,REG
2005,10,2005_10_SF_CHI,2005-11-13,13:00,CHI,SF,REG
2005,10,2005_10_STL_SEA,2005-11-13,16:15,SEA,STL,REG
2005,10,2005_10_WAS_TB,2005-11-13,16:15,TB,WAS,REG
2005,11,2005_11_ARI_STL,2005-11-20,13:00,STL,ARI,REG
2005,11,2005_11_BUF_SD,2005-11-20,16:15,SD,BUF,REG
2005,11,2005_11_CAR_CHI,2005-11-20,13:00,CHI,CAR,REG
2005,11,2005_11_DET_DAL,2005-11-20,13:00,DAL,DET,REG
2005,11,2005_11_IND_CIN,2005-11-20,16:15,CIN,IND,REG
2005,11,2005_11_JAX_TEN,2005-11-20,13:00,TEN,JAX,REG
2005,11,2005_11_KC_HOU,2005-11-20,20:30,HOU,KC,REG
2005,11,2005_11_MIA_CLE,2005-11-20,13:00,CLE,MIA,REG
2005,11,2005_11_MIN_GB,2005-11-21,09:00,GB,MIN,REG
2005,11,2005_11_NO_NE,2005-11-20,13:00,NE,NO,REG
2005,11,2005_11_NYJ_DEN,2005-11-20,16:15,DEN,NYJ,REG
2005,11,2005_11_OAK_WAS,2005-11-20,13:00,WAS,OAK,REG
2005,11,2005_11_PHI_NYG,2005-11-20,13:00,NYG,PHI,REG
2005,11,2005_11_PIT_BAL,2005-11-20,13:00,BAL,PIT,REG
2005,11,2005_11_SEA_SF,2005-11-20,16:05,SF,SEA,REG
2005,11,2005_11_TB_ATL,2005-11-20,13:00,ATL,TB,REG
2005,12,2005_12_ATL_DET,2005-11-24,12:30,DET,ATL,REG
2005,12,2005_12_BAL_CIN,2005-11-27,13:00,CIN,BAL,REG
2005,12,2005_12_CAR_BUF,2005-11-27,13:00,BUF,CAR,REG
2005,12,2005_12_CHI_TB,2005-11-27,13:00,TB,CHI,REG
2005,12,2005_12_CLE_MIN,2005-11-27,13:00,MIN,CLE,REG
2005,12,2005_12_DEN_DAL,2005-11-24,16:15,DAL,DEN,REG
2005,12,2005_12_GB_PHI,2005-11-27,16:15,PHI,GB,REG
2005,12,2005_12_JAX_ARI,2005-11-27,16:05,ARI,JAX,REG
2005,12,2005_12_MIA_OAK,2005-11-27,16:05,OAK,MIA,REG
2005,12,2005_12_NE_KC,2005-11-27,13:00,KC,NE,REG
2005,12,2005_12_NO_NYJ,2005-11-27,20:30,NYJ,NO,REG
2005,12,2005_12_NYG_SEA,2005-11-27,16:15,SEA,NYG,REG
2005,12,2005_12_PIT_IND,2005-11-28,09:00,IND,PIT,REG
2005,12,2005_12_SD_WAS,2005-11-27,13:00,WAS,SD,REG
2005,12,2005_12_SF_TEN,2005-11-27,13:00,TEN,SF,REG
2005,12,2005_12_STL_HOU,2005-11-27,13:00,HOU,STL,REG
2005,13,2005_13_ARI_SF,2005-12-04,16:05,SF,ARI,REG
2005,13,2005_13_ATL_CAR,2005-12-04,13:00,CAR,ATL,REG
2005,13,2005_13_BUF_MIA,2005-12-04,13:00,MIA,BUF,REG
2005,13,2005_13_CIN_PIT,2005-12-04,13:00,PIT,CIN,REG
2005,13,2005_13_DAL_NYG,2005-12-04,13:00,NYG,DAL,REG
2005,13,2005_13_DEN_KC,2005-12-04,16:15,KC,DEN,REG
2005,13,2005_13_GB_CHI,2005-12-04,13:00,CHI,GB,REG
2005,13,2005_13_HOU_BAL,2005-12-04,13:00,BAL,HOU,REG
2005,13,2005_13_JAX_CLE,2005-12-04,13:00,CLE,JAX,REG
2005,13,2005_13_MIN_DET,2005-12-04,13:00,DET,MIN,REG
2005,13,2005_13_NYJ_NE,2005-12-04,16:15,NE,NYJ,REG
2005,13,2005_13_OAK_SD,2005-12-04,20:30,SD,OAK,REG
2005,13,2005_13_SEA_PHI,2005-12-05,09:00,PHI,SEA,REG
2005,13,2005_13_TB_NO,2005-12-04,13:00,NO,TB,REG
2005,13,2005_13_TEN_IND,2005-12-04,13:00,IND,TEN,REG
2005,13,2005_13_WAS_STL,2005-12-04,16:05,STL,WAS,REG
2005,14,2005_14_BAL_DEN,2005-12-11,16:15,DEN,BAL,REG
2005,14,2005_14_CHI_PIT,2005-12-11,13:00,PIT,CHI,REG
2005,14,2005_14_CLE_CIN,2005-12-11,13:00,CIN,CLE,REG
2005,14,2005_14_DET_GB,2005-12-11,20:30,GB,DET,REG
2005,14,2005_14_HOU_TEN,2005-12-11,13:00,TEN,HOU,REG
2005,14,2005_14_IND_JAX,2005-12-11,13:00,JAX,IND,REG
2005,14,2005_14_KC_DAL,2005-12-11,16:15,DAL,KC,REG
2005,14,2005_14_MIA_SD,2005-12-11,16:15,SD,MIA,REG
2005,14,2005_14_NE_BUF,2005-12-11,13:00,BUF,NE,REG
2005,14,2005_14_NO_ATL,2005-12-12,09:00,ATL,NO,REG
2005,14,2005_14_NYG_PHI,2005-12-11,16:05,PHI,NYG,REG
2005,14,2005_14_OAK_NYJ,2005-12-11,13:00,NYJ,OAK,REG
2005,14,2005_14_SF_SEA,2005-12-11,16:05,SEA,SF,REG
2005,14,2005_14_STL_MIN,2005-12-11,13:00,MIN,STL,REG
2005,14,2005_14_TB_CAR,2005-12-11,13:00,CAR,TB,REG
2005,14,2005_14_WAS_ARI,2005-12-11,16:05,ARI,WAS,REG
2005,15,2005_15_ARI_HOU,2005-12-18,13:00,HOU,ARI,REG
2005,15,2005_15_ATL_CHI,2005-12-18,20:30,CHI,ATL,REG
2005,15,2005_15_CAR_NO,2005-12-18,13:00,NO,CAR,REG
2005,15,2005_15_CIN_DET,2005-12-18,16:05,DET,CIN,REG
2005,15,2005_15_CLE_OAK,2005-12-18,16:05,OAK,CLE,REG
2005,15,2005_15_DAL_WAS,2005-12-18,16:15,WAS,DAL,REG
2005,15,2005_15_DEN_BUF,2005-12-17,20:30,BUF,DEN,REG
2005,15,2005_15_GB_BAL,2005-12-19,09:00,BAL,GB,REG
2005,15,2005_15_KC_NYG,2005-12-17,17:00,NYG,KC,REG
2005,15,2005_15_NYJ_MIA,2005-12-18,13:00,MIA,NYJ,REG
2005,15,2005_15_PHI_STL,2005-12-18,13:00,STL,PHI,REG
2005,15,2005_15_PIT_MIN,2005-12-18,13:00,MIN,PIT,REG
2005,15,2005_15_SD_IND,2005-12-18,13:00,IND,SD,REG
2005,15,2005_15_SEA_TEN,2005-12-18,13:00,TEN,SEA,REG
2005,15,2005_15_SF_JAX,2005-12-18,13:00,JAX,SF,REG
2005,15,2005_15_TB_NE,2005-12-17,13:30,NE,TB,REG
2005,16,2005_16_ATL_TB,2005-12-24,13:00,TB,ATL,REG
2005,16,2005_16_BUF_CIN,2005-12-24,13:00,CIN,BUF,REG
2005,16,2005_16_CHI_GB,2005-12-25,17:00,GB,CHI,REG
2005,16,2005_16_DAL_CAR,2005-12-24,13:00,CAR,DAL,REG
2005,16,2005_16_DET_NO,2005-12-24,13:00,NO,DET,REG
2005,16,2005_16_IND_SEA,2005-12-24,16:15,SEA,IND,REG
2005,16,2005_16_JAX_HOU,2005-12-24,13:00,HOU,JAX,REG
2005,16,2005_16_MIN_BAL,2005-12-25,20:30,BAL,MIN,REG
2005,16,2005_16_NE_NYJ,2005-12-26,09:00,NYJ,NE,REG
2005,16,2005_16_NYG_WAS,2005-12-24,13:00,WAS,NYG,REG
2005,16,2005_16_OAK_DEN,2005-12-24,16:15,DEN,OAK,REG
2005,16,2005_16_PHI_ARI,2005-12-24,16:05,ARI,PHI,REG
2005,16,2005_16_PIT_CLE,2005-12-24,13:00,CLE,PIT,REG
2005,16,2005_16_SD_KC,2005-12-24,13:00,KC,SD,REG
2005,16,2005_16_SF_STL,2005-12-24,13:00,STL,SF,REG
2005,16,2005_16_TEN_MIA,2005-12-24,13:00,MIA,TEN,REG
2005,17,2005_17_ARI_IND,2006-01-01,13:00,IND,ARI,REG
2005,17,2005_17_BAL_CLE,2006-01-01,13:00,CLE,BAL,REG
2005,17,2005_17_BUF_NYJ,2006-01-01,13:00,NYJ,BUF,REG
2005,17,2005_17_CAR_ATL,2006-01-01,13:00,ATL,CAR,REG
2005,17,2005_17_CHI_MIN,2006-01-01,16:15,MIN,CHI,REG
2005,17,2005_17_CIN_KC,2006-01-01,13:00,KC,CIN,REG
2005,17,2005_17_DEN_SD,2005-12-31,16:30,SD,DEN,REG
2005,17,2005_17_DET_PIT,2006-01-01,13:00,PIT,DET,REG
2005,17,2005_17_HOU_SF,2006-01-01,16:05,SF,HOU,REG
2005,17,2005_17_MIA_NE,2006-01-01,13:00,NE,MIA,REG
2005,17,2005_17_NO_TB,2006-01-01,13:00,TB,NO,REG
2005,17,2005_17_NYG_OAK,2005-12-31,20:00,OAK,NYG,REG
2005,17,2005_17_SEA_GB,2006-01-01,13:00,GB,SEA,REG
2005,17,2005_17_STL_DAL,2006-01-01,20:30,DAL,STL,REG
2005,17,2005_17_TEN_JAX,2006-01-01,16:05,JAX,TEN,REG
2005,17,2005_17_WAS_PHI,2006-01-01,16:15,PHI,WAS,REG
2005,18,2005_18_CAR_NYG,2006-01-08,13:00,NYG,CAR,WC
2005,18,2005_18_JAX_NE,2006-01-07,20:00,NE,JAX,WC
2005,18,2005_18_PIT_CIN,2006-01-08,16:30,CIN,PIT,WC
2005,18,2005_18_WAS_TB,2006-01-07,16:30,TB,WAS,WC
2005,19,2005_19_CAR_CHI,2006-01-15,16:30,CHI,CAR,DIV
2005,19,2005_19_NE_DEN,2006-01-14,20:00,DEN,NE,DIV
2005,19,2005_19_PIT_IND,2006-01-15,13:00,IND,PIT,DIV
2005,19,2005_19_WAS_SEA,2006-01-14,16:30,SEA,WAS,DIV
2005,20,2005_20_CAR_SEA,2006-01-22,18:30,SEA,CAR,CON
2005,20,2005_20_PIT_DEN,2006-01-22,15:00,DEN,PIT,CON
2005,21,2005_21_SEA_PIT,2006-02-05,18:30,PIT,SEA,SB
2006,1,2006_01_ATL_CAR,2006-09-10,13:00,CAR,ATL,REG
2006,1,2006_01_BAL_TB,2006-09-10,13:00,TB,BAL,REG
2006,1,2006_01_BUF_NE,2006-09-10,13:00,NE,BUF,REG
2006,1,2006_01_CHI_GB,2006-09-10,16:15,GB,CHI,REG
2006,1,2006_01_CIN_KC,2006-09-10,13:00,KC,CIN,REG
2006,1,2006_01_DAL_JAX,2006-09-10,16:15,JAX,DAL,REG
2006,1,2006_01_DEN_STL,2006-09-10,13:00,STL,DEN,REG
2006,1,2006_01_IND_NYG,2006-09-10,20:15,NYG,IND,REG
2006,1,2006_01_MIA_PIT,2006-09-07,20:30,PIT,MIA,REG
2006,1,2006_01_MIN_WAS,2006-09-11,19:00,WAS,MIN,REG
2006,1,2006_01_NO_CLE,2006-09-10,13:00,CLE,NO,REG
2006,1,2006_01_NYJ_TEN,2006-09-10,13:00,TEN,NYJ,REG
2006,1,2006_01_PHI_HOU,2006-09-10,13:00,HOU,PHI,REG
2006,1,2006_01_SD_OAK,2006-09-11,22:15,OAK,SD,REG
2006,1,2006_01_SEA_DET,2006-09-10,13:00,DET,SEA,REG
2006,1,2006_01_SF_ARI,2006-09-10,16:15,ARI,SF,REG
2006,2,2006_02_ARI_SEA,2006-09-17,16:05,SEA,ARI,REG
2006,2,2006_02_BUF_MIA,2006-09-17,13:00,MIA,BUF,REG
2006,2,2006_02_CAR_MIN,2006-09-17,13:00,MIN,CAR,REG
2006,2,2006_02_CLE_CIN,2006-09-17,13:00,CIN,CLE,REG
2006,2,2006_02_DET_CHI,2006-09-17,13:00,CHI,DET,REG
2006,2,2006_02_HOU_IND,2006-09-17,13:00,IND,HOU,REG
2006,2,2006_02_KC_DEN,2006-09-17,16:15,DEN,KC,REG
2006,2,2006_02_NE_NYJ,2006-09-17,16:15,NYJ,NE,REG
2006,2,2006_02_NO_GB,2006-09-17,13:00,GB,NO,REG
2006,2,2006_02_NYG_PHI,2006-09-17,13:00,PHI,NYG,REG
2006,2,2006_02_OAK_BAL,2006-09-17,13:00,BAL,OAK,REG
2006,2,2006_02_PIT_JAX,2006-09-18,20:30,JAX,PIT,REG
2006,2,2006_02_STL_SF,2006-09-17,16:05,SF,STL,REG
2006,2,2006_02_TB_ATL,2006-09-17,13:00,ATL,TB,REG
2006,2,2006_02_TEN_SD,2006-09-17,16:15,SD,TEN,REG
2006,2,2006_02_WAS_DAL,2006-09-17,20:15,DAL,WAS,REG
2006,3,2006_03_ATL_NO,2006-09-25,20:30,NO,ATL,REG
2006,3,2006_03_BAL_CLE,2006-09-24,16:05,CLE,BAL,REG
2006,3,2006_03_CAR_TB,2006-09-24,13:00,TB,CAR,REG
2006,3,2006_03_CHI_MIN,2006-09-24,13:00,MIN,CHI,REG
2006,3,2006_03_CIN_PIT,2006-09-24,13:00,PIT,CIN,REG
2006,3,2006_03_DEN_NE,2006-09-24,20:15,NE,DEN,REG
2006,3,2006_03_GB_DET,2006-09-24,13:00,DET,GB,REG
2006,3,2006_03_JAX_IND,2006-09-24,13:00,IND,JAX,REG
2006,3,2006_03_NYG_SEA,2006-09-24,16:15,SEA,NYG,REG
2006,3,2006_03_NYJ_BUF,2006-09-24,13:00,BUF,NYJ,REG
2006,3,2006_03_PHI_SF,2006-09-24,16:15,SF,PHI,REG
2006,3,2006_03_STL_ARI,2006-09-24,16:15,ARI,STL,REG
2006,3,2006_03_TEN_MIA,2006-09-24,13:00,MIA,TEN,REG
2006,3,2006_03_WAS_HOU,2006-09-24,13:00,HOU,WAS,REG
2006,4,2006_04_ARI_ATL,2006-10-01,13:00,ATL,ARI,REG
2006,4,2006_04_CLE_OAK,2006-10-01,16:15,OAK,CLE,REG
2006,4,2006_04_DAL_TEN,2006-10-01,13:00,TEN,DAL,REG
2006,4,2006_04_DET_STL,2006-10-01,16:05,STL,DET,REG
2006,4,2006_04_GB_PHI,2006-10-02,20:30,PHI,GB,REG
2006,4,2006_04_IND_NYJ,2006-10-01,13:00,NYJ,IND,REG
2006,4,2006_04_JAX_WAS,2006-10-01,16:15,WAS,JAX,REG
2006,4,2006_04_MIA_HOU,2006-10-01,13:00,HOU,MIA,REG
2006,4,2006_04_MIN_BUF,2006-10-01,13:00,BUF,MIN,REG
2006,4,2006_04_NE_CIN,2006-10-01,16:15,CIN,NE,REG
2006,4,2006_04_NO_CAR,2006-10-01,13:00,CAR,NO,REG
2006,4,2006_04_SD_BAL,2006-10-01,13:00,BAL,SD,REG
2006,4,2006_04_SEA_CHI,2006-10-01,20:15,CHI,SEA,REG
2006,4,2006_04_SF_KC,2006-10-01,13:00,KC,SF,REG
2006,5,2006_05_BAL_DEN,2006-10-09,20:30,DEN,BAL,REG
2006,5,2006_05_BUF_CHI,2006-10-08,13:00,CHI,BUF,REG
2006,5,2006_05_CLE_CAR,2006-10-08,13:00,CAR,CLE,REG
2006,5,2006_05_DAL_PHI,2006-10-08,16:15,PHI,DAL,REG
2006,5,2006_05_DET_MIN,2006-10-08,13:00,MIN,DET,REG
2006,5,2006_05_KC_ARI,2006-10-08,16:05,ARI,KC,REG
2006,5,2006_05_MIA_NE,2006-10-08,13:00,NE,MIA,REG
2006,5,2006_05_NYJ_JAX,2006-10-08,16:05,JAX,NYJ,REG
2006,5,2006_05_OAK_SF,2006-10-08,16:05,SF,OAK,REG
2006,5,2006_05_PIT_SD,2006-10-08,20:15,SD,PIT,REG
2006,5,2006_05_STL_GB,2006-10-08,13:00,GB,STL,REG
2006,5,2006_05_TB_NO,2006-10-08,13:00,NO,TB,REG
2006,5,2006_05_TEN_IND,2006-10-08,13:00,IND,TEN,REG
2006,5,2006_05_WAS_NYG,2006-10-08,13:00,NYG,WAS,REG
2006,6,2006_06_BUF_DET,2006-10-15,13:00,DET,BUF,REG
2006,6,2006_06_CAR_BAL,2006-10-15,13:00,BAL,CAR,REG
2006,6,2006_06_CHI_ARI,2006-10-16,20:30,ARI,CHI,REG
2006,6,2006_06_CIN_TB,2006-10-15,13:00,TB,CIN,REG
2006,6,2006_06_HOU_DAL,2006-10-15,13:00,DAL,HOU,REG
2006,6,2006_06_KC_PIT,2006-10-15,16:15,PIT,KC,REG
2006,6,2006_06_MIA_NYJ,2006-10-15,16:15,NYJ,MIA,REG
2006,6,2006_06_NYG_ATL,2006-10-15,13:00,ATL,NYG,REG
2006,6,2006_06_OAK_DEN,2006-10-15,20:15,DEN,OAK,REG
2006,6,2006_06_PHI_NO,2006-10-15,13:00,NO,PHI,REG
2006,6,2006_06_SD_SF,2006-10-15,16:15,SF,SD,REG
2006,6,2006_06_SEA_STL,2006-10-15,13:00,STL,SEA,REG
2006,6,2006_06_TEN_WAS,2006-10-15,13:00,WAS,TEN,REG
2006,7,2006_07_ARI_OAK,2006-10-22,16:15,OAK,ARI,REG
2006,7,2006_07_CAR_CIN,2006-10-22,13:00,CIN,CAR,REG
2006,7,2006_07_DEN_CLE,2006-10-22,16:05,CLE,DEN,REG
2006,7,2006_07_DET_NYJ,2006-10-22,13:00,NYJ,DET,REG
2006,7,2006_07_GB_MIA,2006-10-22,13:00,MIA,GB,REG
2006,7,2006_07_JAX_HOU,2006-10-22,13:00,HOU,JAX,REG
2006,7,2006_07_MIN_SEA,2006-10-22,16:15,SEA,MIN,REG
2006,7,2006_07_NE_BUF,2006-10-22,13:00,BUF,NE,REG
2006,7,2006_07_NYG_DAL,2006-10-23,20:30,DAL,NYG,REG
2006,7,2006_07_PHI_TB,2006-10-22,13:00,TB,PHI,REG
2006,7,2006_07_PIT_ATL,2006-10-22,13:00,ATL,PIT,REG
2006,7,2006_07_SD_KC,2006-10-22,13:00,KC,SD,REG
2006,7,2006_07_WAS_IND,2006-10-22,16:15,IND,WAS,REG
2006,8,2006_08_ARI_GB,2006-10-29,13:00,GB,ARI,REG
2006,8,2006_08_ATL_CIN,2006-10-29,13:00,CIN,ATL,REG
2006,8,2006_08_BAL_NO,2006-10-29,13:00,NO,BAL,REG
2006,8,2006_08_DAL_CAR,2006-10-29,20:15,CAR,DAL,REG
2006,8,2006_08_HOU_TEN,2006-10-29,13:00,TEN,HOU,REG
2006,8,2006_08_IND_DEN,2006-10-29,16:15,DEN,IND,REG
2006,8,2006_08_JAX_PHI,2006-10-29,13:00,PHI,JAX,REG
2006,8,2006_08_NE_MIN,2006-10-30,20:30,MIN,NE,REG
2006,8,2006_08_NYJ_CLE,2006-10-29,16:15,CLE,NYJ,REG
2006,8,2006_08_PIT_OAK,2006-10-29,16:15,OAK,PIT,REG
2006,8,2006_08_SEA_KC,2006-10-29,13:00,KC,SEA,REG
2006,8,2006_08_SF_CHI,2006-10-29,13:00,CHI,SF,REG
2006,8,2006_08_STL_SD,2006-10-29,16:05,SD,STL,REG
2006,8,2006_08_TB_NYG,2006-10-29,13:00,NYG,TB,REG
2006,9,2006_09_ATL_DET,2006-11-05,13:00,DET,ATL,REG
2006,9,2006_09_CIN_BAL,2006-11-05,13:00,BAL,CIN,REG
2006,9,2006_09_CLE_SD,2006-11-05,16:15,SD,CLE,REG
2006,9,2006_09_DAL_WAS,2006-11-05,13:00,WAS,DAL,REG
2006,9,2006_09_DEN_PIT,2006-11-05,16:15,PIT,DEN,REG
2006,9,2006_09_GB_BUF,2006-11-05,13:00,BUF,GB,REG
2006,9,2006_09_HOU_NYG,2006-11-05,13:00,NYG,HOU,REG
2006,9,2006_09_IND_NE,2006-11-05,20:15,NE,IND,REG
2006,9,2006_09_KC_STL,2006-11-05,13:00,STL,KC,REG
2006,9,2006_09_MIA_CHI,2006-11-05,13:00,CHI,MIA,REG
2006,9,2006_09_MIN_SF,2006-11-05,16:05,SF,MIN,REG
2006,9,2006_09_NO_TB,2006-11-05,13:00,TB,NO,REG
2006,9,2006_09_OAK_SEA,2006-11-06,20:30,SEA,OAK,REG
2006,9,2006_09_TEN_JAX,2006-11-05,13:00,JAX,TEN,REG
2006,10,2006_10_BAL_TEN,2006-11-12,13:00,TEN,BAL,REG
2006,10,2006_10_BUF_IND,2006-11-12,13:00,IND,BUF,REG
2006,10,2006_10_CHI_NYG,2006-11-12,20:15,NYG,CHI,REG
2006,10,2006_10_CLE_ATL,2006-11-12,13:00,ATL,CLE,REG
2006,10,2006_10_DAL_ARI,2006-11-12,16:15,ARI,DAL,REG
2006,10,2006_10_DEN_OAK,2006-11-12,16:05,OAK,DEN,REG
2006,10,2006_10_GB_MIN,2006-11-12,13:00,MIN,GB,REG
2006,10,2006_10_HOU_JAX,2006-11-12,13:00,JAX,HOU,REG
2006,10,2006_10_KC_MIA,2006-11-12,13:00,MIA,KC,REG
2006,10,2006_10_NO_PIT,2006-11-12,16:15,PIT,NO,REG
2006,10,2006_10_NYJ_NE,2006-11-12,13:00,NE,NYJ,REG
2006,10,2006_10_SD_CIN,2006-11-12,13:00,CIN,SD,REG
2006,10,2006_10_SF_DET,2006-11-12,13:00,DET,SF,REG
2006,10,2006_10_STL_SEA,2006-11-12,16:15,SEA,STL,REG
2006,10,2006_10_TB_CAR,2006-11-13,20:30,CAR,TB,REG
2006,10,2006_10_WAS_PHI,2006-11-12,13:00,PHI,WAS,REG
2006,11,2006_11_ATL_BAL,2006-11-19,13:00,BAL,ATL,REG
2006,11,2006_11_BUF_HOU,2006-11-19,13:00,HOU,BUF,REG
2006,11,2006_11_CHI_NYJ,2006-11-19,13:00,NYJ,CHI,REG
2006,11,2006_11_CIN_NO,2006-11-19,13:00,NO,CIN,REG
2006,11,2006_11_DET_ARI,2006-11-19,16:05,ARI,DET,REG
2006,11,2006_11_IND_DAL,2006-11-19,16:15,DAL,IND,REG
2006,11,2006_11_MIN_MIA,2006-11-19,13:00,MIA,MIN,REG
2006,11,2006_11_NE_GB,2006-11-19,13:00,GB,NE,REG
2006,11,2006_11_NYG_JAX,2006-11-20,20:30,JAX,NYG,REG
2006,11,2006_11_OAK_KC,2006-11-19,13:00,KC,OAK,REG
2006,11,2006_11_PIT_CLE,2006-11-19,13:00,CLE,PIT,REG
2006,11,2006_11_SD_DEN,2006-11-19,20:15,DEN,SD,REG
2006,11,2006_11_SEA_SF,2006-11-19,16:05,SF,SEA,REG
2006,11,2006_11_STL_CAR,2006-11-19,13:00,CAR,STL,REG
2006,11,2006_11_TEN_PHI,2006-11-19,13:00,PHI,TEN,REG
2006,11,2006_11_WAS_TB,2006-11-19,13:00,TB,WAS,REG
2006,12,2006_12_ARI_MIN,2006-11-26,13:00,MIN,ARI,REG
2006,12,2006_12_CAR_WAS,2006-11-26,13:00,WAS,CAR,REG
2006,12,2006_12_CHI_NE,2006-11-26,16:15,NE,CHI,REG
2006,12,2006_12_CIN_CLE,2006-11-26,13:00,CLE,CIN,REG
2006,12,2006_12_DEN_KC,2006-11-23,20:00,KC,DEN,REG
2006,12,2006_12_GB_SEA,2006-11-27,20:30,SEA,GB,REG
2006,12,2006_12_HOU_NYJ,2006-11-26,13:00,NYJ,HOU,REG
2006,12,2006_12_JAX_BUF,2006-11-26,13:00,BUF,JAX,REG
2006,12,2006_12_MIA_DET,2006-11-23,12:30,DET,MIA,REG
2006,12,2006_12_NO_ATL,2006-11-26,13:00,ATL,NO,REG
2006,12,2006_12_NYG_TEN,2006-11-26,16:15,TEN,NYG,REG
2006,12,2006_12_OAK_SD,2006-11-26,16:05,SD,OAK,REG
2006,12,2006_12_PHI_IND,2006-11-26,20:15,IND,PHI,REG
2006,12,2006_12_PIT_BAL,2006-11-26,13:00,BAL,PIT,REG
2006,12,2006_12_SF_STL,2006-11-26,13:00,STL,SF,REG
2006,12,2006_12_TB_DAL,2006-11-23,16:25,DAL,TB,REG
2006,13,2006_13_ARI_STL,2006-12-03,13:00,STL,ARI,REG
2006,13,2006_13_ATL_WAS,2006-12-03,13:00,WAS,ATL,REG
2006,13,2006_13_BAL_CIN,2006-11-30,20:00,CIN,BAL,REG
2006,13,2006_13_CAR_PHI,2006-12-04,20:30,PHI,CAR,REG
2006,13,2006_13_DAL_NYG,2006-12-03,16:15,NYG,DAL,REG
2006,13,2006_13_DET_NE,2006-12-03,13:00,NE,DET,REG
2006,13,2006_13_HOU_OAK,2006-12-03,16:05,OAK,HOU,REG
2006,13,2006_13_IND_TEN,2006-12-03,13:00,TEN,IND,REG
2006,13,2006_13_JAX_MIA,2006-12-03,16:05,MIA,JAX,REG
2006,13,2006_13_KC_CLE,2006-12-03,13:00,CLE,KC,REG
2006,13,2006_13_MIN_CHI,2006-12-03,13:00,CHI,MIN,REG
2006,13,2006_13_NYJ_GB,2006-12-03,13:00,GB,NYJ,REG
2006,13,2006_13_SD_BUF,2006-12-03,13:00,BUF,SD,REG
2006,13,2006_13_SEA_DEN,2006-12-03,20:15,DEN,SEA,REG
2006,13,2006_13_SF_NO,2006-12-03,13:00,NO,SF,REG
2006,13,2006_13_TB_PIT,2006-12-03,16:15,PIT,TB,REG
2006,14,2006_14_ATL_TB,2006-12-10,13:00,TB,ATL,REG
2006,14,2006_14_BAL_KC,2006-12-10,13:00,KC,BAL,REG
2006,14,2006_14_BUF_NYJ,2006-12-10,16:15,NYJ,BUF,REG
2006,14,2006_14_CHI_STL,2006-12-11,20:30,STL,CHI,REG
2006,14,2006_14_CLE_PIT,2006-12-07,20:00,PIT,CLE,REG
2006,14,2006_14_DEN_SD,2006-12-10,16:15,SD,DEN,REG
2006,14,2006_14_GB_SF,2006-12-10,16:05,SF,GB,REG
2006,14,2006_14_IND_JAX,2006-12-10,13:00,JAX,IND,REG
2006,14,2006_14_MIN_DET,2006-12-10,13:00,DET,MIN,REG
2006,14,2006_14_NE_MIA,2006-12-10,13:00,MIA,NE,REG
2006,14,2006_14_NO_DAL,2006-12-10,20:15,DAL,NO,REG
2006,14,2006_14_NYG_CAR,2006-12-10,13:00,CAR,NYG,REG
2006,14,2006_14_OAK_CIN,2006-12-10,13:00,CIN,OAK,REG
2006,14,2006_14_PHI_WAS,2006-12-10,13:00,WAS,PHI,REG
2006,14,2006_14_SEA_ARI,2006-12-10,16:05,ARI,SEA,REG
2006,14,2006_14_TEN_HOU,2006-12-10,13:00,HOU,TEN,REG
2006,15,2006_15_CIN_IND,2006-12-18,20:30,IND,CIN,REG
2006,15,2006_15_CLE_BAL,2006-12-17,13:00,BAL,CLE,REG
2006,15,2006_15_DAL_ATL,2006-12-16,20:00,ATL,DAL,REG
2006,15,2006_15_DEN_ARI,2006-12-17,16:05,ARI,DEN,REG
2006,15,2006_15_DET_GB,2006-12-17,13:00,GB,DET,REG
2006,15,2006_15_HOU_NE,2006-12-17,13:00,NE,HOU,REG
2006,15,2006_15_JAX_TEN,2006-12-17,13:00,TEN,JAX,REG
2006,15,2006_15_KC_SD,2006-12-17,20:15,SD,KC,REG
2006,15,2006_15_MIA_BUF,2006-12-17,13:00,BUF,MIA,REG
2006,15,2006_15_NYJ_MIN,2006-12-17,13:00,MIN,NYJ,REG
2006,15,2006_15_PHI_NYG,2006-12-17,16:15,NYG,PHI,REG
2006,15,2006_15_PIT_CAR,2006-12-17,13:00,CAR,PIT,REG
2006,15,2006_15_SF_SEA,2006-12-14,20:00,SEA,SF,REG
2006,15,2006_15_STL_OAK,2006-12-17,16:15,OAK,STL,REG
2006,15,2006_15_TB_CHI,2006-12-17,13:00,CHI,TB,REG
2006,15,2006_15_WAS_NO,2006-12-17,13:00,NO,WAS,REG
2006,16,2006_16_ARI_SF,2006-12-24,16:05,SF,ARI,REG
2006,16,2006_16_BAL_PIT,2006-12-24,13:00,PIT,BAL,REG
2006,16,2006_16_CAR_ATL,2006-12-24,13:00,ATL,CAR,REG
2006,16,2006_16_CHI_DET,2006-12-24,13:00,DET,CHI,REG
2006,16,2006_16_CIN_DEN,2006-12-24,16:15,DEN,CIN,REG
2006,16,2006_16_IND_HOU,2006-12-24,13:00,HOU,IND,REG
2006,16,2006_16_KC_OAK,2006-12-23,20:00,OAK,KC,REG
2006,16,2006_16_MIN_GB,2006-12-21,20:00,GB,MIN,REG
2006,16,2006_16_NE_JAX,2006-12-24,13:00,JAX,NE,REG
2006,16,2006_16_NO_NYG,2006-12-24,13:00,NYG,NO,REG
2006,16,2006_16_NYJ_MIA,2006-12-25,20:30,MIA,NYJ,REG
2006,16,2006_16_PHI_DAL,2006-12-25,17:00,DAL,PHI,REG
2006,16,2006_16_SD_SEA,2006-12-24,16:15,SEA,SD,REG
2006,16,2006_16_TB_CLE,2006-12-24,13:00,CLE,TB,REG
2006,16,2006_16_TEN_BUF,2006-12-24,13:00,BUF,TEN,REG
2006,16,2006_16_WAS_STL,2006-12-24,13:00,STL,WAS,REG
2006,17,2006_17_ARI_SD,2006-12-31,16:15,SD,ARI,REG
2006,17,2006_17_ATL_PHI,2006-12-31,16:15,PHI,ATL,REG
2006,17,2006_17_BUF_BAL,2006-12-31,16:15,BAL,BUF,REG
2006,17,2006_17_CAR_NO,2006-12-31,13:00,NO,CAR,REG
2006,17,2006_17_CLE_HOU,2006-12-31,13:00,HOU,CLE,REG
2006,17,2006_17_DET_DAL,2006-12-31,13:00,DAL,DET,REG
2006,17,2006_17_GB_CHI,2006-12-31,20:15,CHI,GB,REG
2006,17,2006_17_JAX_KC,2006-12-31,13:00,KC,JAX,REG
2006,17,2006_17_MIA_IND,2006-12-31,16:15,IND,MIA,REG
2006,17,2006_17_NE_TEN,2006-12-31,13:00,TEN,NE,REG
2006,17,2006_17_NYG_WAS,2006-12-30,20:00,WAS,NYG,REG
2006,17,2006_17_OAK_NYJ,2006-12-31,13:00,NYJ,OAK,REG
2006,17,2006_17_PIT_CIN,2006-12-31,13:00,CIN,PIT,REG
2006,17,2006_17_SEA_TB,2006-12-31,13:00,TB,SEA,REG
2006,17,2006_17_SF_DEN,2006-12-31,16:15,DEN,SF,REG
2006,17,2006_17_STL_MIN,2006-12-31,13:00,MIN,STL,REG
2006,18,2006_18_DAL_SEA,2007-01-06,20:00,SEA,DAL,WC
2006,18,2006_18_KC_IND,2007-01-06,16:30,IND,KC,WC
2006,18,2006_18_NYG_PHI,2007-01-07,16:35,PHI,NYG,WC
2006,18,2006_18_NYJ_NE,2007-01-07,13:00,NE,NYJ,WC
2006,19,2006_19_IND_BAL,2007-01-13,16:30,BAL,IND,DIV
2006,19,2006_19_NE_SD,2007-01-14,16:30,SD,NE,DIV
2006,19,2006_19_PHI_NO,2007-01-13,20:00,NO,PHI,DIV
2006,19,2006_19_SEA_CHI,2007-01-14,13:00,CHI,SEA,DIV
2006,20,2006_20_NE_IND,2007-01-21,18:30,IND,NE,CON
2006,20,2006_20_NO_CHI,2007-01-21,15:00,CHI,NO,CON
2006,21,2006_21_IND_CHI,2007-02-04,18:25,CHI,IND,SB
2007,1,2007_01_ARI_SF,2007-09-10,22:25,SF,ARI,REG
2007,1,2007_01_ATL_MIN,2007-09-09,13:00,MIN,ATL,REG
2007,1,2007_01_BAL_CIN,2007-09-10,19:10,CIN,BAL,REG
2007,1,2007_01_CAR_STL,2007-09-09,13:00,STL,CAR,REG
2007,1,2007_01_CHI_SD,2007-09-09,16:15,SD,CHI,REG
2007,1,2007_01_DEN_BUF,2007-09-09,13:00,BUF,DEN,REG
2007,1,2007_01_DET_OAK,2007-09-09,16:15,OAK,DET,REG
2007,1,2007_01_KC_HOU,2007-09-09,13:00,HOU,KC,REG
2007,1,2007_01_MIA_WAS,2007-09-09,13:00,WAS,MIA,REG
2007,1,2007_01_NE_NYJ,2007-09-09,13:00,NYJ,NE,REG
2007,1,2007_01_NO_IND,2007-09-06,20:30,IND,NO,REG
2007,1,2007_01_NYG_DAL,2007-09-09,20:25,DAL,NYG,REG
2007,1,2007_01_PHI_GB,2007-09-09,13:00,GB,PHI,REG
2007,1,2007_01_PIT_CLE,2007-09-09,13:00,CLE,PIT,REG
2007,1,2007_01_TB_SEA,2007-09-09,16:15,SEA,TB,REG
2007,1,2007_01_TEN_JAX,2007-09-09,13:00,JAX,TEN,REG
2007,2,2007_02_ATL_JAX,2007-09-16,13:00,JAX,ATL,REG
2007,2,2007_02_BUF_PIT,2007-09-16,13:00,PIT,BUF,REG
2007,2,2007_02_CIN_CLE,2007-09-16,13:00,CLE,CIN,REG
2007,2,2007_02_DAL_MIA,2007-09-16,16:05,MIA,DAL,REG
2007,2,2007_02_GB_NYG,2007-09-16,13:00,NYG,GB,REG
2007,2,2007_02_HOU_CAR,2007-09-16,13:00,CAR,HOU,REG
2007,2,2007_02_IND_TEN,2007-09-16,13:00,TEN,IND,REG
2007,2,2007_02_KC_CHI,2007-09-16,16:15,CHI,KC,REG
2007,2,2007_02_MIN_DET,2007-09-16,16:05,DET,MIN,REG
2007,2,2007_02_NO_TB,2007-09-16,13:00,TB,NO,REG
2007,2,2007_02_NYJ_BAL,2007-09-16,16:15,BAL,NYJ,REG
2007,2,2007_02_OAK_DEN,2007-09-16,16:15,DEN,OAK,REG
2007,2,2007_02_SD_NE,2007-09-16,20:25,NE,SD,REG
2007,2,2007_02_SEA_ARI,2007-09-16,16:05,ARI,SEA,REG
2007,2,2007_02_SF_STL,2007-09-16,13:00,STL,SF,REG
2007,2,2007_02_WAS_PHI,2007-09-17,20:40,PHI,WAS,REG
2007,3,2007_03_ARI_BAL,2007-09-23,13:00,BAL,ARI,REG
2007,3,2007_03_BUF_NE,2007-09-23,13:00,NE,BUF,REG
2007,3,2007_03_CAR_ATL,2007-09-23,16:15,ATL,CAR,REG
2007,3,2007_03_CIN_SEA,2007-09-23,16:05,SEA,CIN,REG
2007,3,2007_03_CLE_OAK,2007-09-23,16:05,OAK,CLE,REG
2007,3,2007_03_DAL_CHI,2007-09-23,20:25,CHI,DAL,REG
2007,3,2007_03_DET_PHI,2007-09-23,13:00,PHI,DET,REG
2007,3,2007_03_IND_HOU,2007-09-23,13:00,HOU,IND,REG
2007,3,2007_03_JAX_DEN,2007-09-23,16:05,DEN,JAX,REG
2007,3,2007_03_MIA_NYJ,2007-09-23,13:00,NYJ,MIA,REG
2007,3,2007_03_MIN_KC,2007-09-23,13:00,KC,MIN,REG
2007,3,2007_03_NYG_WAS,2007-09-23,16:15,WAS,NYG,REG
2007,3,2007_03_SD_GB,2007-09-23,13:00,GB,SD,REG
2007,3,2007_03_SF_PIT,2007-09-23,13:00,PIT,SF,REG
2007,3,2007_03_STL_TB,2007-09-23,13:00,TB,STL,REG
2007,3,2007_03_TEN_NO,2007-09-24,20:40,NO,TEN,REG
2007,4,2007_04_BAL_CLE,2007-09-30,13:00,CLE,BAL,REG
2007,4,2007_04_CHI_DET,2007-09-30,13:00,DET,CHI,REG
2007,4,2007_04_DEN_IND,2007-09-30,16:15,IND,DEN,REG
2007,4,2007_04_GB_MIN,2007-09-30,13:00,MIN,GB,REG
2007,4,2007_04_HOU_ATL,2007-09-30,13:00,ATL,HOU,REG
2007,4,2007_04_KC_SD,2007-09-30,16:15,SD,KC,REG
2007,4,2007_04_NE_CIN,2007-10-01,20:40,CIN,NE,REG
2007,4,2007_04_NYJ_BUF,2007-09-30,13:00,BUF,NYJ,REG
2007,4,2007_04_OAK_MIA,2007-09-30,13:00,MIA,OAK,REG
2007,4,2007_04_PHI_NYG,2007-09-30,20:25,NYG,PHI,REG
2007,4,2007_04_PIT_ARI,2007-09-30,16:15,ARI,PIT,REG
2007,4,2007_04_SEA_SF,2007-09-30,16:05,SF,SEA,REG
2007,4,2007_04_STL_DAL,2007-09-30,13:00,DAL,STL,REG
2007,4,2007_04_TB_CAR,2007-09-30,16:05,CAR,TB,REG
2007,5,2007_05_ARI_STL,2007-10-07,13:00,STL,ARI,REG
2007,5,2007_05_ATL_TEN,2007-10-07,13:00,TEN,ATL,REG
2007,5,2007_05_BAL_SF,2007-10-07,16:15,SF,BAL,REG
2007,5,2007_05_CAR_NO,2007-10-07,13:00,NO,CAR,REG
2007,5,2007_05_CHI_GB,2007-10-07,20:25,GB,CHI,REG
2007,5,2007_05_CLE_NE,2007-10-07,13:00,NE,CLE,REG
2007,5,2007_05_DAL_BUF,2007-10-08,20:40,BUF,DAL,REG
2007,5,2007_05_DET_WAS,2007-10-07,13:00,WAS,DET,REG
2007,5,2007_05_JAX_KC,2007-10-07,13:00,KC,JAX,REG
2007,5,2007_05_MIA_HOU,2007-10-07,13:00,HOU,MIA,REG
2007,5,2007_05_NYJ_NYG,2007-10-07,13:00,NYG,NYJ,REG
2007,5,2007_05_SD_DEN,2007-10-07,16:15,DEN,SD,REG
2007,5,2007_05_SEA_PIT,2007-10-07,13:00,PIT,SEA,REG
2007,5,2007_05_TB_IND,2007-10-07,16:05,IND,TB,REG
2007,6,2007_06_CAR_ARI,2007-10-14,16:05,ARI,CAR,REG
2007,6,2007_06_CIN_KC,2007-10-14,13:00,KC,CIN,REG
2007,6,2007_06_HOU_JAX,2007-10-14,13:00,JAX,HOU,REG
2007,6,2007_06_MIA_CLE,2007-10-14,13:00,CLE,MIA,REG
2007,6,2007_06_MIN_CHI,2007-10-14,13:00,CHI,MIN,REG
2007,6,2007_06_NE_DAL,2007-10-14,16:15,DAL,NE,REG
2007,6,2007_06_NO_SEA,2007-10-14,20:25,SEA,NO,REG
2007,6,2007_06_NYG_ATL,2007-10-15,20:40,ATL,NYG,REG
2007,6,2007_06_OAK_SD,2007-10-14,16:15,SD,OAK,REG
2007,6,2007_06_PHI_NYJ,2007-10-14,13:00,NYJ,PHI,REG
2007,6,2007_06_STL_BAL,2007-10-14,13:00,BAL,STL,REG
2007,6,2007_06_TEN_TB,2007-10-14,13:00,TB,TEN,REG
2007,6,2007_06_WAS_GB,2007-10-14,13:00,GB,WAS,REG
2007,7,2007_07_ARI_WAS,2007-10-21,13:00,WAS,ARI,REG
2007,7,2007_07_ATL_NO,2007-10-21,13:00,NO,ATL,REG
2007,7,2007_07_BAL_BUF,2007-10-21,13:00,BUF,BAL,REG
2007,7,2007_07_CHI_PHI,2007-10-21,16:15,PHI,CHI,REG
2007,7,2007_07_IND_JAX,2007-10-22,20:40,JAX,IND,REG
2007,7,2007_07_KC_OAK,2007-10-21,16:05,OAK,KC,REG
2007,7,2007_07_MIN_DAL,2007-10-21,16:15,DAL,MIN,REG
2007,7,2007_07_NE_MIA,2007-10-21,13:00,MIA,NE,REG
2007,7,2007_07_NYJ_CIN,2007-10-21,16:05,CIN,NYJ,REG
2007,7,2007_07_PIT_DEN,2007-10-21,20:25,DEN,PIT,REG
2007,7,2007_07_SF_NYG,2007-10-21,13:00,NYG,SF,REG
2007,7,2007_07_STL_SEA,2007-10-21,16:15,SEA,STL,REG
2007,7,2007_07_TB_DET,2007-10-21,13:00,DET,TB,REG
2007,7,2007_07_TEN_HOU,2007-10-21,13:00,HOU,TEN,REG
2007,8,2007_08_BUF_NYJ,2007-10-28,16:05,NYJ,BUF,REG
2007,8,2007_08_CLE_STL,2007-10-28,13:00,STL,CLE,REG
2007,8,2007_08_DET_CHI,2007-10-28,13:00,CHI,DET,REG
2007,8,2007_08_GB_DEN,2007-10-29,20:40,DEN,GB,REG
2007,8,2007_08_HOU_SD,2007-10-28,16:05,SD,HOU,REG
2007,8,2007_08_IND_CAR,2007-10-28,13:00,CAR,IND,REG
2007,8,2007_08_JAX_TB,2007-10-28,16:05,TB,JAX,REG
2007,8,2007_08_NO_SF,2007-10-28,16:15,SF,NO,REG
2007,8,2007_08_NYG_MIA,2007-10-28,13:00,MIA,NYG,REG
2007,8,2007_08_OAK_TEN,2007-10-28,13:00,TEN,OAK,REG
2007,8,2007_08_PHI_MIN,2007-10-28,13:00,MIN,PHI,REG
2007,8,2007_08_PIT_CIN,2007-10-28,13:00,CIN,PIT,REG
2007,8,2007_08_WAS_NE,2007-10-28,16:15,NE,WAS,REG
2007,9,2007_09_ARI_TB,2007-11-04,13:00,TB,ARI,REG
2007,9,2007_09_BAL_PIT,2007-11-05,20:40,PIT,BAL,REG
2007,9,2007_09_CAR_TEN,2007-11-04,13:00,TEN,CAR,REG
2007,9,2007_09_CIN_BUF,2007-11-04,13:00,BUF,CIN,REG
2007,9,2007_09_DAL_PHI,2007-11-04,20:25,PHI,DAL,REG
2007,9,2007_09_DEN_DET,2007-11-04,13:00,DET,DEN,REG
2007,9,2007_09_GB_KC,2007-11-04,13:00,KC,GB,REG
2007,9,2007_09_HOU_OAK,2007-11-04,16:15,OAK,HOU,REG
2007,9,2007_09_JAX_NO,2007-11-04,13:00,NO,JAX,REG
2007,9,2007_09_NE_IND,2007-11-04,16:15,IND,NE,REG
2007,9,2007_09_SD_MIN,2007-11-04,13:00,MIN,SD,REG
2007,9,2007_09_SEA_CLE,2007-11-04,16:05,CLE,SEA,REG
2007,9,2007_09_SF_ATL,2007-11-04,13:00,ATL,SF,REG
2007,9,2007_09_WAS_NYJ,2007-11-04,13:00,NYJ,WAS,REG
2007,10,2007_10_ATL_CAR,2007-11-11,13:00,CAR,ATL,REG
2007,10,2007_10_BUF_MIA,2007-11-11,13:00,MIA,BUF,REG
2007,10,2007_10_CHI_OAK,2007-11-11,16:15,OAK,CHI,REG
2007,10,2007_10_CIN_BAL,2007-11-11,16:05,BAL,CIN,REG
2007,10,2007_10_CLE_PIT,2007-11-11,13:00,PIT,CLE,REG
2007,10,2007_10_DAL_NYG,2007-11-11,16:15,NYG,DAL,REG
2007,10,2007_10_DEN_KC,2007-11-11,13:00,KC,DEN,REG
2007,10,2007_10_DET_ARI,2007-11-11,16:15,ARI,DET,REG
2007,10,2007_10_IND_SD,2007-11-11,20:15,SD,IND,REG
2007,10,2007_10_JAX_TEN,2007-11-11,13:00,TEN,JAX,REG
2007,10,2007_10_MIN_GB,2007-11-11,13:00,GB,MIN,REG
2007,10,2007_10_PHI_WAS,2007-11-11,13:00,WAS,PHI,REG
2007,10,2007_10_SF_SEA,2007-11-12,20:40,SEA,SF,REG
2007,10,2007_10_STL_NO,2007-11-11,13:00,NO,STL,REG
2007,11,2007_11_ARI_CIN,2007-11-18,13:00,CIN,ARI,REG
2007,11,2007_11_CAR_GB,2007-11-18,13:00,GB,CAR,REG
2007,11,2007_11_CHI_SEA,2007-11-18,16:15,SEA,CHI,REG
2007,11,2007_11_CLE_BAL,2007-11-18,13:00,BAL,CLE,REG
2007,11,2007_11_KC_IND,2007-11-18,13:00,IND,KC,REG
2007,11,2007_11_MIA_PHI,2007-11-18,13:00,PHI,MIA,REG
2007,11,2007_11_NE_BUF,2007-11-18,20:25,BUF,NE,REG
2007,11,2007_11_NO_HOU,2007-11-18,13:00,HOU,NO,REG
2007,11,2007_11_NYG_DET,2007-11-18,13:00,DET,NYG,REG
2007,11,2007_11_OAK_MIN,2007-11-18,13:00,MIN,OAK,REG
2007,11,2007_11_PIT_NYJ,2007-11-18,16:05,NYJ,PIT,REG
2007,11,2007_11_SD_JAX,2007-11-18,13:00,JAX,SD,REG
2007,11,2007_11_STL_SF,2007-11-18,16:15,SF,STL,REG
2007,11,2007_11_TB_ATL,2007-11-18,13:00,ATL,TB,REG
2007,11,2007_11_TEN_DEN,2007-11-19,20:40,DEN,TEN,REG
2007,11,2007_11_WAS_DAL,2007-11-18,16:15,DAL,WAS,REG
2007,12,2007_12_BAL_SD,2007-11-25,16:15,SD,BAL,REG
2007,12,2007_12_BUF_JAX,2007-11-25,13:00,JAX,BUF,REG
2007,12,2007_12_DEN_CHI,2007-11-25,16:15,CHI,DEN,REG
2007,12,2007_12_GB_DET,2007-11-22,12:30,DET,GB,REG
2007,12,2007_12_HOU_CLE,2007-11-25,13:00,CLE,HOU,REG
2007,12,2007_12_IND_ATL,2007-11-22,20:15,ATL,IND,REG
2007,12,2007_12_MIA_PIT,2007-11-26,20:30,PIT,MIA,REG
2007,12,2007_12_MIN_NYG,2007-11-25,13:00,NYG,MIN,REG
2007,12,2007_12_NO_CAR,2007-11-25,13:00,CAR,NO,REG
2007,12,2007_12_NYJ_DAL,2007-11-22,16:15,DAL,NYJ,REG
2007,12,2007_12_OAK_KC,2007-11-25,13:00,KC,OAK,REG
2007,12,2007_12_PHI_NE,2007-11-25,20:25,NE,PHI,REG
2007,12,2007_12_SEA_STL,2007-11-25,13:00,STL,SEA,REG
2007,12,2007_12_SF_ARI,2007-11-25,16:05,ARI,SF,REG
2007,12,2007_12_TEN_CIN,2007-11-25,13:00,CIN,TEN,REG
2007,12,2007_12_WAS_TB,2007-11-25,13:00,TB,WAS,REG
2007,13,2007_13_ATL_STL,2007-12-02,13:00,STL,ATL,REG
2007,13,2007_13_BUF_WAS,2007-12-02,13:00,WAS,BUF,REG
2007,13,2007_13_CIN_PIT,2007-12-02,20:25,PIT,CIN,REG
2007,13,2007_13_CLE_ARI,2007-12-02,16:05,ARI,CLE,REG
2007,13,2007_13_DEN_OAK,2007-12-02,16:05,OAK,DEN,REG
2007,13,2007_13_DET_MIN,2007-12-02,13:00,MIN,DET,REG
2007,13,2007_13_GB_DAL,2007-11-29,20:15,DAL,GB,REG
2007,13,2007_13_HOU_TEN,2007-12-02,13:00,TEN,HOU,REG
2007,13,2007_13_JAX_IND,2007-12-02,13:00,IND,JAX,REG
2007,13,2007_13_NE_BAL,2007-12-03,20:40,BAL,NE,REG
2007,13,2007_13_NYG_CHI,2007-12-02,16:15,CHI,NYG,REG
2007,13,2007_13_NYJ_MIA,2007-12-02,13:00,MIA,NYJ,REG
2007,13,2007_13_SD_KC,2007-12-02,13:00,KC,SD,REG
2007,13,2007_13_SEA_PHI,2007-12-02,13:00,PHI,SEA,REG
2007,13,2007_13_SF_CAR,2007-12-02,13:00,CAR,SF,REG
2007,13,2007_13_TB_NO,2007-12-02,16:15,NO,TB,REG
2007,14,2007_14_ARI_SEA,2007-12-09,16:05,SEA,ARI,REG
2007,14,2007_14_CAR_JAX,2007-12-09,13:00,JAX,CAR,REG
2007,14,2007_14_CHI_WAS,2007-12-06,20:15,WAS,CHI,REG
2007,14,2007_14_CLE_NYJ,2007-12-09,16:15,NYJ,CLE,REG
2007,14,2007_14_DAL_DET,2007-12-09,13:00,DET,DAL,REG
2007,14,2007_14_IND_BAL,2007-12-09,20:25,BAL,IND,REG
2007,14,2007_14_KC_DEN,2007-12-09,16:15,DEN,KC,REG
2007,14,2007_14_MIA_BUF,2007-12-09,13:00,BUF,MIA,REG
2007,14,2007_14_MIN_SF,2007-12-09,16:05,SF,MIN,REG
2007,14,2007_14_NO_ATL,2007-12-10,20:40,ATL,NO,REG
2007,14,2007_14_NYG_PHI,2007-12-09,13:00,PHI,NYG,REG
2007,14,2007_14_OAK_GB,2007-12-09,13:00,GB,OAK,REG
2007,14,2007_14_PIT_NE,2007-12-09,16:15,NE,PIT,REG
2007,14,2007_14_SD_TEN,2007-12-09,13:00,TEN,SD,REG
2007,14,2007_14_STL_CIN,2007-12-09,13:00,CIN,STL,REG
2007,14,2007_14_TB_HOU,2007-12-09,13:00,HOU,TB,REG
2007,15,2007_15_ARI_NO,2007-12-16,13:00,NO,ARI,REG
2007,15,2007_15_ATL_TB,2007-12-16,13:00,TB,ATL,REG
2007,15,2007_15_BAL_MIA,2007-12-16,13:00,MIA,BAL,REG
2007,15,2007_15_BUF_CLE,2007-12-16,13:00,CLE,BUF,REG
2007,15,2007_15_CHI_MIN,2007-12-17,20:40,MIN,CHI,REG
2007,15,2007_15_CIN_SF,2007-12-15,20:15,SF,CIN,REG
2007,15,2007_15_DEN_HOU,2007-12-13,20:15,HOU,DEN,REG
2007,15,2007_15_DET_SD,2007-12-16,16:15,SD,DET,REG
2007,15,2007_15_GB_STL,2007-12-16,13:00,STL,GB,REG
2007,15,2007_15_IND_OAK,2007-12-16,16:05,OAK,IND,REG
2007,15,2007_15_JAX_PIT,2007-12-16,13:00,PIT,JAX,REG
2007,15,2007_15_NYJ_NE,2007-12-16,13:00,NE,NYJ,REG
2007,15,2007_15_PHI_DAL,2007-12-16,16:15,DAL,PHI,REG
2007,15,2007_15_SEA_CAR,2007-12-16,13:00,CAR,SEA,REG
2007,15,2007_15_TEN_KC,2007-12-16,13:00,KC,TEN,REG
2007,15,2007_15_WAS_NYG,2007-12-16,20:25,NYG,WAS,REG
2007,16,2007_16_ATL_ARI,2007-12-23,16:05,ARI,ATL,REG
2007,16,2007_16_BAL_SEA,2007-12-23,16:15,SEA,BAL,REG
2007,16,2007_16_CLE_CIN,2007-12-23,13:00,CIN,CLE,REG
2007,16,2007_16_DAL_CAR,2007-12-22,20:15,CAR,DAL,REG
2007,16,2007_16_DEN_SD,2007-12-24,20:00,SD,DEN,REG
2007,16,2007_16_GB_CHI,2007-12-23,13:00,CHI,GB,REG
2007,16,2007_16_HOU_IND,2007-12-23,13:00,IND,HOU,REG
2007,16,2007_16_KC_DET,2007-12-23,13:00,DET,KC,REG
2007,16,2007_16_MIA_NE,2007-12-23,16:15,NE,MIA,REG
2007,16,2007_16_NYG_BUF,2007-12-23,13:00,BUF,NYG,REG
2007,16,2007_16_NYJ_TEN,2007-12-23,16:15,TEN,NYJ,REG
2007,16,2007_16_OAK_JAX,2007-12-23,13:00,JAX,OAK,REG
2007,16,2007_16_PHI_NO,2007-12-23,13:00,NO,PHI,REG
2007,16,2007_16_PIT_STL,2007-12-20,20:15,STL,PIT,REG
2007,16,2007_16_TB_SF,2007-12-23,16:05,SF,TB,REG
2007,16,2007_16_WAS_MIN,2007-12-23,20:15,MIN,WAS,REG
2007,17,2007_17_BUF_PHI,2007-12-30,13:00,PHI,BUF,REG
2007,17,2007_17_CAR_TB,2007-12-30,13:00,TB,CAR,REG
2007,17,2007_17_CIN_MIA,2007-12-30,13:00,MIA,CIN,REG
2007,17,2007_17_DAL_WAS,2007-12-30,16:15,WAS,DAL,REG
2007,17,2007_17_DET_GB,2007-12-30,13:00,GB,DET,REG
2007,17,2007_17_JAX_HOU,2007-12-30,13:00,HOU,JAX,REG
2007,17,2007_17_KC_NYJ,2007-12-30,16:15,NYJ,KC,REG
2007,17,2007_17_MIN_DEN,2007-12-30,16:15,DEN,MIN,REG
2007,17,2007_17_NE_NYG,2007-12-29,20:15,NYG,NE,REG
2007,17,2007_17_NO_CHI,2007-12-30,13:00,CHI,NO,REG
2007,17,2007_17_PIT_BAL,2007-12-30,16:15,BAL,PIT,REG
2007,17,2007_17_SD_OAK,2007-12-30,16:15,OAK,SD,REG
2007,17,2007_17_SEA_ATL,2007-12-30,13:00,ATL,SEA,REG
2007,17,2007_17_SF_CLE,2007-12-30,13:00,CLE,SF,REG
2007,17,2007_17_STL_ARI,2007-12-30,16:15,ARI,STL,REG
2007,17,2007_17_TEN_IND,2007-12-30,20:25,IND,TEN,REG
2007,18,2007_18_JAX_PIT,2008-01-05,20:15,PIT,JAX,WC
2007,18,2007_18_NYG_TB,2008-01-06,13:00,TB,NYG,WC
2007,18,2007_18_TEN_SD,2008-01-06,16:30,SD,TEN,WC
2007,18,2007_18_WAS_SEA,2008-01-05,16:30,SEA,WAS,WC
2007,19,2007_19_JAX_NE,2008-01-12,20:15,NE,JAX,DIV
2007,19,2007_19_NYG_DAL,2008-01-13,16:30,DAL,NYG,DIV
2007,19,2007_19_SD_IND,2008-01-13,13:00,IND,SD,DIV
2007,19,2007_19_SEA_GB,2008-01-12,16:30,GB,SEA,DIV
2007,20,2007_20_NYG_GB,2008-01-20,18:30,GB,NYG,CON
2007,20,2007_20_SD_NE,2008-01-20,15:00,NE,SD,CON
2007,21,2007_21_NYG_NE,2008-02-03,18:30,NE,NYG,SB
2008,1,2008_01_ARI_SF,2008-09-07,16:15,SF,ARI,REG
2008,1,2008_01_CAR_SD,2008-09-07,16:15,SD,CAR,REG
2008,1,2008_01_CHI_IND,2008-09-07,20:15,IND,CHI,REG
2008,1,2008_01_CIN_BAL,2008-09-07,13:00,BAL,CIN,REG
2008,1,2008_01_DAL_CLE,2008-09-07,16:15,CLE,DAL,REG
2008,1,2008_01_DEN_OAK,2008-09-08,22:15,OAK,DEN,REG
2008,1,2008_01_DET_ATL,2008-09-07,13:00,ATL,DET,REG
2008,1,2008_01_HOU_PIT,2008-09-07,13:00,PIT,HOU,REG
2008,1,2008_01_JAX_TEN,2008-09-07,13:00,TEN,JAX,REG
2008,1,2008_01_KC_NE,2008-09-07,13:00,NE,KC,REG
2008,1,2008_01_MIN_GB,2008-09-08,19:00,GB,MIN,REG
2008,1,2008_01_NYJ_MIA,2008-09-07,13:00,MIA,NYJ,REG
2008,1,2008_01_SEA_BUF,2008-09-07,13:00,BUF,SEA,REG
2008,1,2008_01_STL_PHI,2008-09-07,13:00,PHI,STL,REG
2008,1,2008_01_TB_NO,2008-09-07,13:00,NO,TB,REG
2008,1,2008_01_WAS_NYG,2008-09-04,19:00,NYG,WAS,REG
2008,2,2008_02_ATL_TB,2008-09-14,16:05,TB,ATL,REG
2008,2,2008_02_BUF_JAX,2008-09-14,13:00,JAX,BUF,REG
2008,2,2008_02_CHI_CAR,2008-09-14,13:00,CAR,CHI,REG
2008,2,2008_02_GB_DET,2008-09-14,13:00,DET,GB,REG
2008,2,2008_02_IND_MIN,2008-09-14,13:00,MIN,IND,REG
2008,2,2008_02_MIA_ARI,2008-09-14,16:15,ARI,MIA,REG
2008,2,2008_02_NE_NYJ,2008-09-14,16:15,NYJ,NE,REG
2008,2,2008_02_NO_WAS,2008-09-14,13:00,WAS,NO,REG
2008,2,2008_02_NYG_STL,2008-09-14,13:00,STL,NYG,REG
2008,2,2008_02_OAK_KC,2008-09-14,13:00,KC,OAK,REG
2008,2,2008_02_PHI_DAL,2008-09-15,20:30,DAL,PHI,REG
2008,2,2008_02_PIT_CLE,2008-09-14,20:15,CLE,PIT,REG
2008,2,2008_02_SD_DEN,2008-09-14,16:15,DEN,SD,REG
2008,2,2008_02_SF_SEA,2008-09-14,16:05,SEA,SF,REG
2008,2,2008_02_TEN_CIN,2008-09-14,13:00,CIN,TEN,REG
2008,3,2008_03_ARI_WAS,2008-09-21,13:00,WAS,ARI,REG
2008,3,2008_03_CAR_MIN,2008-09-21,13:00,MIN,CAR,REG
2008,3,2008_03_CIN_NYG,2008-09-21,13:00,NYG,CIN,REG
2008,3,2008_03_CLE_BAL,2008-09-21,16:15,BAL,CLE,REG
2008,3,2008_03_DAL_GB,2008-09-21,20:15,GB,DAL,REG
2008,3,2008_03_DET_SF,2008-09-21,16:05,SF,DET,REG
2008,3,2008_03_HOU_TEN,2008-09-21,13:00,TEN,HOU,REG
2008,3,2008_03_JAX_IND,2008-09-21,16:15,IND,JAX,REG
2008,3,2008_03_KC_ATL,2008-09-21,13:00,ATL,KC,REG
2008,3,2008_03_MIA_NE,2008-09-21,13:00,NE,MIA,REG
2008,3,2008_03_NO_DEN,2008-09-21,16:05,DEN,NO,REG
2008,3,2008_03_NYJ_SD,2008-09-22,20:30,SD,NYJ,REG
2008,3,2008_03_OAK_BUF,2008-09-21,13:00,BUF,OAK,REG
2008,3,2008_03_PIT_PHI,2008-09-21,16:15,PHI,PIT,REG
2008,3,2008_03_STL_SEA,2008-09-21,16:05,SEA,STL,REG
2008,3,2008_03_TB_CHI,2008-09-21,13:00,CHI,TB,REG
2008,4,2008_04_ARI_NYJ,2008-09-28,13:00,NYJ,ARI,REG
2008,4,2008_04_ATL_CAR,2008-09-28,13:00,CAR,ATL,REG
2008,4,2008_04_BAL_PIT,2008-09-29,20:30,PIT,BAL,REG
2008,4,2008_04_BUF_STL,2008-09-28,16:05,STL,BUF,REG
2008,4,2008_04_CLE_CIN,2008-09-28,13:00,CIN,CLE,REG
2008,4,2008_04_DEN_KC,2008-09-28,13:00,KC,DEN,REG
2008,4,2008_04_GB_TB,2008-09-28,13:00,TB,GB,REG
2008,4,2008_04_HOU_JAX,2008-09-28,13:00,JAX,HOU,REG
2008,4,2008_04_MIN_TEN,2008-09-28,13:00,TEN,MIN,REG
2008,4,2008_04_PHI_CHI,2008-09-28,20:15,CHI,PHI,REG
2008,4,2008_04_SD_OAK,2008-09-28,16:05,OAK,SD,REG
2008,4,2008_04_SF_NO,2008-09-28,13:00,NO,SF,REG
2008,4,2008_04_WAS_DAL,2008-09-28,16:15,DAL,WAS,REG
2008,5,2008_05_ATL_GB,2008-10-05,13:00,GB,ATL,REG
2008,5,2008_05_BUF_ARI,2008-10-05,16:15,ARI,BUF,REG
2008,5,2008_05_CHI_DET,2008-10-05,13:00,DET,CHI,REG
2008,5,2008_05_CIN_DAL,2008-10-05,16:15,DAL,CIN,REG
2008,5,2008_05_IND_HOU,2008-10-05,13:00,HOU,IND,REG
2008,5,2008_05_KC_CAR,2008-10-05,13:00,CAR,KC,REG
2008,5,2008_05_MIN_NO,2008-10-06,20:30,NO,MIN,REG
2008,5,2008_05_NE_SF,2008-10-05,16:15,SF,NE,REG
2008,5,2008_05_PIT_JAX,2008-10-05,20:15,JAX,PIT,REG
2008,5,2008_05_SD_MIA,2008-10-05,13:00,MIA,SD,REG
2008,5,2008_05_SEA_NYG,2008-10-05,13:00,NYG,SEA,REG
2008,5,2008_05_TB_DEN,2008-10-05,16:05,DEN,TB,REG
2008,5,2008_05_TEN_BAL,2008-10-05,13:00,BAL,TEN,REG
2008,5,2008_05_WAS_PHI,2008-10-05,13:00,PHI,WAS,REG
2008,6,2008_06_BAL_IND,2008-10-12,13:00,IND,BAL,REG
2008,6,2008_06_CAR_TB,2008-10-12,13:00,TB,CAR,REG
2008,6,2008_06_CHI_ATL,2008-10-12,13:00,ATL,CHI,REG
2008,6,2008_06_CIN_NYJ,2008-10-12,13:00,NYJ,CIN,REG
2008,6,2008_06_DAL_ARI,2008-10-12,16:15,ARI,DAL,REG
2008,6,2008_06_DET_MIN,2008-10-12,13:00,MIN,DET,REG
2008,6,2008_06_GB_SEA,2008-10-12,16:15,SEA,GB,REG
2008,6,2008_06_JAX_DEN,2008-10-12,16:05,DEN,JAX,REG
2008,6,2008_06_MIA_HOU,2008-10-12,13:00,HOU,MIA,REG
2008,6,2008_06_NE_SD,2008-10-12,20:15,SD,NE,REG
2008,6,2008_06_NYG_CLE,2008-10-13,20:30,CLE,NYG,REG
2008,6,2008_06_OAK_NO,2008-10-12,13:00,NO,OAK,REG
2008,6,2008_06_PHI_SF,2008-10-12,16:15,SF,PHI,REG
2008,6,2008_06_STL_WAS,2008-10-12,13:00,WAS,STL,REG
2008,7,2008_07_BAL_MIA,2008-10-19,13:00,MIA,BAL,REG
2008,7,2008_07_CLE_WAS,2008-10-19,16:15,WAS,CLE,REG
2008,7,2008_07_DAL_STL,2008-10-19,13:00,STL,DAL,REG
2008,7,2008_07_DEN_NE,2008-10-20,20:30,NE,DEN,REG
2008,7,2008_07_DET_HOU,2008-10-19,16:05,HOU,DET,REG
2008,7,2008_07_IND_GB,2008-10-19,16:15,GB,IND,REG
2008,7,2008_07_MIN_CHI,2008-10-19,13:00,CHI,MIN,REG
2008,7,2008_07_NO_CAR,2008-10-19,13:00,CAR,NO,REG
2008,7,2008_07_NYJ_OAK,2008-10-19,16:15,OAK,NYJ,REG
2008,7,2008_07_PIT_CIN,2008-10-19,13:00,CIN,PIT,REG
2008,7,2008_07_SD_BUF,2008-10-19,13:00,BUF,SD,REG
2008,7,2008_07_SEA_TB,2008-10-19,20:15,TB,SEA,REG
2008,7,2008_07_SF_NYG,2008-10-19,13:00,NYG,SF,REG
2008,7,2008_07_TEN_KC,2008-10-19,13:00,KC,TEN,REG
2008,8,2008_08_ARI_CAR,2008-10-26,13:00,CAR,ARI,REG
2008,8,2008_08_ATL_PHI,2008-10-26,13:00,PHI,ATL,REG
2008,8,2008_08_BUF_MIA,2008-10-26,13:00,MIA,BUF,REG
2008,8,2008_08_CIN_HOU,2008-10-26,16:05,HOU,CIN,REG
2008,8,2008_08_CLE_JAX,2008-10-26,16:05,JAX,CLE,REG
2008,8,2008_08_IND_TEN,2008-10-27,20:30,TEN,IND,REG
2008,8,2008_08_KC_NYJ,2008-10-26,13:00,NYJ,KC,REG
2008,8,2008_08_NYG_PIT,2008-10-26,16:15,PIT,NYG,REG
2008,8,2008_08_OAK_BAL,2008-10-26,13:00,BAL,OAK,REG
2008,8,2008_08_SD_NO,2008-10-26,13:00,NO,SD,REG
2008,8,2008_08_SEA_SF,2008-10-26,16:15,SF,SEA,REG
2008,8,2008_08_STL_NE,2008-10-26,13:00,NE,STL,REG
2008,8,2008_08_TB_DAL,2008-10-26,13:00,DAL,TB,REG
2008,8,2008_08_WAS_DET,2008-10-26,13:00,DET,WAS,REG
2008,9,2008_09_ARI_STL,2008-11-02,13:00,STL,ARI,REG
2008,9,2008_09_ATL_OAK,2008-11-02,16:15,OAK,ATL,REG
2008,9,2008_09_BAL_CLE,2008-11-02,13:00,CLE,BAL,REG
2008,9,2008_09_DAL_NYG,2008-11-02,16:15,NYG,DAL,REG
2008,9,2008_09_DET_CHI,2008-11-02,13:00,CHI,DET,REG
2008,9,2008_09_GB_TEN,2008-11-02,13:00,TEN,GB,REG
2008,9,2008_09_HOU_MIN,2008-11-02,13:00,MIN,HOU,REG
2008,9,2008_09_JAX_CIN,2008-11-02,13:00,CIN,JAX,REG
2008,9,2008_09_MIA_DEN,2008-11-02,16:05,DEN,MIA,REG
2008,9,2008_09_NE_IND,2008-11-02,20:15,IND,NE,REG
2008,9,2008_09_NYJ_BUF,2008-11-02,13:00,BUF,NYJ,REG
2008,9,2008_09_PHI_SEA,2008-11-02,16:15,SEA,PHI,REG
2008,9,2008_09_PIT_WAS,2008-11-03,20:30,WAS,PIT,REG
2008,9,2008_09_TB_KC,2008-11-02,13:00,KC,TB,REG
2008,10,2008_10_BAL_HOU,2008-11-09,13:00,HOU,BAL,REG
2008,10,2008_10_BUF_NE,2008-11-09,13:00,NE,BUF,REG
2008,10,2008_10_CAR_OAK,2008-11-09,16:05,OAK,CAR,REG
2008,10,2008_10_DEN_CLE,2008-11-06,20:15,CLE,DEN,REG
2008,10,2008_10_GB_MIN,2008-11-09,13:00,MIN,GB,REG
2008,10,2008_10_IND_PIT,2008-11-09,16:15,PIT,IND,REG
2008,10,2008_10_JAX_DET,2008-11-09,13:00,DET,JAX,REG
2008,10,2008_10_KC_SD,2008-11-09,16:15,SD,KC,REG
2008,10,2008_10_NO_ATL,2008-11-09,13:00,ATL,NO,REG
2008,10,2008_10_NYG_PHI,2008-11-09,20:15,PHI,NYG,REG
2008,10,2008_10_SEA_MIA,2008-11-09,13:00,MIA,SEA,REG
2008,10,2008_10_SF_ARI,2008-11-10,20:30,ARI,SF,REG
2008,10,2008_10_STL_NYJ,2008-11-09,13:00,NYJ,STL,REG
2008,10,2008_10_TEN_CHI,2008-11-09,13:00,CHI,TEN,REG
2008,11,2008_11_ARI_SEA,2008-11-16,16:05,SEA,ARI,REG
2008,11,2008_11_BAL_NYG,2008-11-16,13:00,NYG,BAL,REG
2008,11,2008_11_CHI_GB,2008-11-16,13:00,GB,CHI,REG
2008,11,2008_11_CLE_BUF,2008-11-17,20:30,BUF,CLE,REG
2008,11,2008_11_DAL_WAS,2008-11-16,20:15,WAS,DAL,REG
2008,11,2008_11_DEN_ATL,2008-11-16,13:00,ATL,DEN,REG
2008,11,2008_11_DET_CAR,2008-11-16,13:00,CAR,DET,REG
2008,11,2008_11_HOU_IND,2008-11-16,13:00,IND,HOU,REG
2008,11,2008_11_MIN_TB,2008-11-16,13:00,TB,MIN,REG
2008,11,2008_11_NO_KC,2008-11-16,13:00,KC,NO,REG
2008,11,2008_11_NYJ_NE,2008-11-13,20:15,NE,NYJ,REG
2008,11,2008_11_OAK_MIA,2008-11-16,13:00,MIA,OAK,REG
2008,11,2008_11_PHI_CIN,2008-11-16,13:00,CIN,PHI,REG
2008,11,2008_11_SD_PIT,2008-11-16,16:15,PIT,SD,REG
2008,11,2008_11_STL_SF,2008-11-16,16:05,SF,STL,REG
2008,11,2008_11_TEN_JAX,2008-11-16,16:15,JAX,TEN,REG
2008,12,2008_12_BUF_KC,2008-11-23,13:00,KC,BUF,REG
2008,12,2008_12_CAR_ATL,2008-11-23,16:15,ATL,CAR,REG
2008,12,2008_12_CHI_STL,2008-11-23,13:00,STL,CHI,REG
2008,12,2008_12_CIN_PIT,2008-11-20,20:15,PIT,CIN,REG
2008,12,2008_12_GB_NO,2008-11-24,20:30,NO,GB,REG
2008,12,2008_12_HOU_CLE,2008-11-23,13:00,CLE,HOU,REG
2008,12,2008_12_IND_SD,2008-11-23,20:15,SD,IND,REG
2008,12,2008_12_MIN_JAX,2008-11-23,13:00,JAX,MIN,REG
2008,12,2008_12_NE_MIA,2008-11-23,13:00,MIA,NE,REG
2008,12,2008_12_NYG_ARI,2008-11-23,16:15,ARI,NYG,REG
2008,12,2008_12_NYJ_TEN,2008-11-23,13:00,TEN,NYJ,REG
2008,12,2008_12_OAK_DEN,2008-11-23,16:05,DEN,OAK,REG
2008,12,2008_12_PHI_BAL,2008-11-23,13:00,BAL,PHI,REG
2008,12,2008_12_SF_DAL,2008-11-23,13:00,DAL,SF,REG
2008,12,2008_12_TB_DET,2008-11-23,13:00,DET,TB,REG
2008,12,2008_12_WAS_SEA,2008-11-23,16:15,SEA,WAS,REG
2008,13,2008_13_ARI_PHI,2008-11-27,20:15,PHI,ARI,REG
2008,13,2008_13_ATL_SD,2008-11-30,16:05,SD,ATL,REG
2008,13,2008_13_BAL_CIN,2008-11-30,13:00,CIN,BAL,REG
2008,13,2008_13_CAR_GB,2008-11-30,13:00,GB,CAR,REG
2008,13,2008_13_CHI_MIN,2008-11-30,20:15,MIN,CHI,REG
2008,13,2008_13_DEN_NYJ,2008-11-30,16:15,NYJ,DEN,REG
2008,13,2008_13_IND_CLE,2008-11-30,13:00,CLE,IND,REG
2008,13,2008_13_JAX_HOU,2008-12-01,20:30,HOU,JAX,REG
2008,13,2008_13_KC_OAK,2008-11-30,16:15,OAK,KC,REG
2008,13,2008_13_MIA_STL,2008-11-30,13:00,STL,MIA,REG
2008,13,2008_13_NO_TB,2008-11-30,13:00,TB,NO,REG
2008,13,2008_13_NYG_WAS,2008-11-30,13:00,WAS,NYG,REG
2008,13,2008_13_PIT_NE,2008-11-30,16:15,NE,PIT,REG
2008,13,2008_13_SEA_DAL,2008-11-27,16:25,DAL,SEA,REG
2008,13,2008_13_SF_BUF,2008-11-30,13:00,BUF,SF,REG
2008,13,2008_13_TEN_DET,2008-11-27,12:30,DET,TEN,REG
2008,14,2008_14_ATL_NO,2008-12-07,13:00,NO,ATL,REG
2008,14,2008_14_CIN_IND,2008-12-07,13:00,IND,CIN,REG
2008,14,2008_14_CLE_TEN,2008-12-07,13:00,TEN,CLE,REG
2008,14,2008_14_DAL_PIT,2008-12-07,16:15,PIT,DAL,REG
2008,14,2008_14_HOU_GB,2008-12-07,13:00,GB,HOU,REG
2008,14,2008_14_JAX_CHI,2008-12-07,13:00,CHI,JAX,REG
2008,14,2008_14_KC_DEN,2008-12-07,16:05,DEN,KC,REG
2008,14,2008_14_MIA_BUF,2008-12-07,16:05,BUF,MIA,REG
2008,14,2008_14_MIN_DET,2008-12-07,13:00,DET,MIN,REG
2008,14,2008_14_NE_SEA,2008-12-07,16:05,SEA,NE,REG
2008,14,2008_14_NYJ_SF,2008-12-07,16:05,SF,NYJ,REG
2008,14,2008_14_OAK_SD,2008-12-04,20:15,SD,OAK,REG
2008,14,2008_14_PHI_NYG,2008-12-07,13:00,NYG,PHI,REG
2008,14,2008_14_STL_ARI,2008-12-07,16:15,ARI,STL,REG
2008,14,2008_14_TB_CAR,2008-12-08,20:30,CAR,TB,REG
2008,14,2008_14_WAS_BAL,2008-12-07,20:15,BAL,WAS,REG
2008,15,2008_15_BUF_NYJ,2008-12-14,13:00,NYJ,BUF,REG
2008,15,2008_15_CLE_PHI,2008-12-15,20:30,PHI,CLE,REG
2008,15,2008_15_DEN_CAR,2008-12-14,16:15,CAR,DEN,REG
2008,15,2008_15_DET_IND,2008-12-14,13:00,IND,DET,REG
2008,15,2008_15_GB_JAX,2008-12-14,13:00,JAX,GB,REG
2008,15,2008_15_MIN_ARI,2008-12-14,16:05,ARI,MIN,REG
2008,15,2008_15_NE_OAK,2008-12-14,16:15,OAK,NE,REG
2008,15,2008_15_NO_CHI,2008-12-11,20:15,CHI,NO,REG
2008,15,2008_15_NYG_DAL,2008-12-14,20:15,DAL,NYG,REG
2008,15,2008_15_PIT_BAL,2008-12-14,16:15,BAL,PIT,REG
2008,15,2008_15_SD_KC,2008-12-14,13:00,KC,SD,REG
2008,15,2008_15_SEA_STL,2008-12-14,13:00,STL,SEA,REG
2008,15,2008_15_SF_MIA,2008-12-14,13:00,MIA,SF,REG
2008,15,2008_15_TB_ATL,2008-12-14,13:00,ATL,TB,REG
2008,15,2008_15_TEN_HOU,2008-12-14,13:00,HOU,TEN,REG
2008,15,2008_15_WAS_CIN,2008-12-14,13:00,CIN,WAS,REG
2008,16,2008_16_ARI_NE,2008-12-21,13:00,NE,ARI,REG
2008,16,2008_16_ATL_MIN,2008-12-21,16:15,MIN,ATL,REG
2008,16,2008_16_BAL_DAL,2008-12-20,20:15,DAL,BAL,REG
2008,16,2008_16_BUF_DEN,2008-12-21,16:05,DEN,BUF,REG
2008,16,2008_16_CAR_NYG,2008-12-21,20:15,NYG,CAR,REG
2008,16,2008_16_CIN_CLE,2008-12-21,13:00,CLE,CIN,REG
2008,16,2008_16_GB_CHI,2008-12-22,20:30,CHI,GB,REG
2008,16,2008_16_HOU_OAK,2008-12-21,16:05,OAK,HOU,REG
2008,16,2008_16_IND_JAX,2008-12-18,20:15,JAX,IND,REG
2008,16,2008_16_MIA_KC,2008-12-21,13:00,KC,MIA,REG
2008,16,2008_16_NO_DET,2008-12-21,13:00,DET,NO,REG
2008,16,2008_16_NYJ_SEA,2008-12-21,16:05,SEA,NYJ,REG
2008,16,2008_16_PHI_WAS,2008-12-21,16:15,WAS,PHI,REG
2008,16,2008_16_PIT_TEN,2008-12-21,13:00,TEN,PIT,REG
2008,16,2008_16_SD_TB,2008-12-21,13:00,TB,SD,REG
2008,16,2008_16_SF_STL,2008-12-21,13:00,STL,SF,REG
2008,17,2008_17_CAR_NO,2008-12-28,13:00,NO,CAR,REG
2008,17,2008_17_CHI_HOU,2008-12-28,13:00,HOU,CHI,REG
2008,17,2008_17_CLE_PIT,2008-12-28,13:00,PIT,CLE,REG
2008,17,2008_17_DAL_PHI,2008-12-28,16:15,PHI,DAL,REG
2008,17,2008_17_DEN_SD,2008-12-28,20:15,SD,DEN,REG
2008,17,2008_17_DET_GB,2008-12-28,13:00,GB,DET,REG
2008,17,2008_17_JAX_BAL,2008-12-28,16:15,BAL,JAX,REG
2008,17,2008_17_KC_CIN,2008-12-28,13:00,CIN,KC,REG
2008,17,2008_17_MIA_NYJ,2008-12-28,16:15,NYJ,MIA,REG
2008,17,2008_17_NE_BUF,2008-12-28,13:00,BUF,NE,REG
2008,17,2008_17_NYG_MIN,2008-12-28,13:00,MIN,NYG,REG
2008,17,2008_17_OAK_TB,2008-12-28,13:00,TB,OAK,REG
2008,17,2008_17_SEA_ARI,2008-12-28,16:15,ARI,SEA,REG
2008,17,2008_17_STL_ATL,2008-12-28,13:00,ATL,STL,REG
2008,17,2008_17_TEN_IND,2008-12-28,13:00,IND,TEN,REG
2008,17,2008_17_WAS_SF,2008-12-28,16:15,SF,WAS,REG
2008,18,2008_18_ATL_ARI,2009-01-03,16:30,ARI,ATL,WC
2008,18,2008_18_BAL_MIA,2009-01-04,13:00,MIA,BAL,WC
2008,18,2008_18_IND_SD,2009-01-03,20:00,SD,IND,WC
2008,18,2008_18_PHI_MIN,2009-01-04,16:30,MIN,PHI,WC
2008,19,2008_19_ARI_CAR,2009-01-10,20:15,CAR,ARI,DIV
2008,19,2008_19_BAL_TEN,2009-01-10,16:30,TEN,BAL,DIV
2008,19,2008_19_PHI_NYG,2009-01-11,13:00,NYG,PHI,DIV
2008,19,2008_19_SD_PIT,2009-01-11,16:45,PIT,SD,DIV
2008,20,2008_20_BAL_PIT,2009-01-18,18:30,PIT,BAL,CON
2008,20,2008_20_PHI_ARI,2009-01-18,16:05,ARI,PHI,CON
2008,21,2008_21_PIT_ARI,2009-02-01,18:31,ARI,PIT,SB
2009,1,2009_01_BUF_NE,2009-09-14,19:00,NE,BUF,REG
2009,1,2009_01_CHI_GB,2009-09-13,20:20,GB,CHI,REG
2009,1,2009_01_DAL_TB,2009-09-13,13:00,TB,DAL,REG
2009,1,2009_01_DEN_CIN,2009-09-13,13:00,CIN,DEN,REG
2009,1,2009_01_DET_NO,2009-09-13,13:00,NO,DET,REG
2009,1,2009_01_JAX_IND,2009-09-13,13:00,IND,JAX,REG
2009,1,2009_01_KC_BAL,2009-09-13,13:00,BAL,KC,REG
2009,1,2009_01_MIA_ATL,2009-09-13,13:00,ATL,MIA,REG
2009,1,2009_01_MIN_CLE,2009-09-13,13:00,CLE,MIN,REG
2009,1,2009_01_NYJ_HOU,2009-09-13,13:00,HOU,NYJ,REG
2009,1,2009_01_PHI_CAR,2009-09-13,13:00,CAR,PHI,REG
2009,1,2009_01_SD_OAK,2009-09-14,22:15,OAK,SD,REG
2009,1,2009_01_SF_ARI,2009-09-13,16:15,ARI,SF,REG
2009,1,2009_01_STL_SEA,2009-09-13,16:15,SEA,STL,REG
2009,1,2009_01_TEN_PIT,2009-09-10,20:30,PIT,TEN,REG
2009,1,2009_01_WAS_NYG,2009-09-13,16:15,NYG,WAS,REG
2009,2,2009_02_ARI_JAX,2009-09-20,13:00,JAX,ARI,REG
2009,2,2009_02_BAL_SD,2009-09-20,16:15,SD,BAL,REG
2009,2,2009_02_CAR_ATL,2009-09-20,13:00,ATL,CAR,REG
2009,2,2009_02_CIN_GB,2009-09-20,13:00,GB,CIN,REG
2009,2,2009_02_CLE_DEN,2009-09-20,16:15,DEN,CLE,REG
2009,2,2009_02_HOU_TEN,2009-09-20,13:00,TEN,HOU,REG
2009,2,2009_02_IND_MIA,2009-09-21,20:30,MIA,IND,REG
2009,2,2009_02_MIN_DET,2009-09-20,13:00,DET,MIN,REG
2009,2,2009_02_NE_NYJ,2009-09-20,13:00,NYJ,NE,REG
2009,2,2009_02_NO_PHI,2009-09-20,13:00,PHI,NO,REG
2009,2,2009_02_NYG_DAL,2009-09-20,20:20,DAL,NYG,REG
2009,2,2009_02_OAK_KC,2009-09-20,13:00,KC,OAK,REG
2009,2,2009_02_PIT_CHI,2009-09-20,16:15,CHI,PIT,REG
2009,2,2009_02_SEA_SF,2009-09-20,16:05,SF,SEA,REG
2009,2,2009_02_STL_WAS,2009-09-20,13:00,WAS,STL,REG
2009,2,2009_02_TB_BUF,2009-09-20,16:05,BUF,TB,REG
2009,3,2009_03_ATL_NE,2009-09-27,13:00,NE,ATL,REG
2009,3,2009_03_CAR_DAL,2009-09-28,20:30,DAL,CAR,REG
2009,3,2009_03_CHI_SEA,2009-09-27,16:05,SEA,CHI,REG
2009,3,2009_03_CLE_BAL,2009-09-27,13:00,BAL,CLE,REG
2009,3,2009_03_DEN_OAK,2009-09-27,16:15,OAK,DEN,REG
2009,3,2009_03_GB_STL,2009-09-27,13:00,STL,GB,REG
2009,3,2009_03_IND_ARI,2009-09-27,20:20,ARI,IND,REG
2009,3,2009_03_JAX_HOU,2009-09-27,13:00,HOU,JAX,REG
2009,3,2009_03_KC_PHI,2009-09-27,13:00,PHI,KC,REG
2009,3,2009_03_MIA_SD,2009-09-27,16:15,SD,MIA,REG
2009,3,2009_03_NO_BUF,2009-09-27,16:05,BUF,NO,REG
2009,3,2009_03_NYG_TB,2009-09-27,13:00,TB,NYG,REG
2009,3,2009_03_PIT_CIN,2009-09-27,16:15,CIN,PIT,REG
2009,3,2009_03_SF_MIN,2009-09-27,13:00,MIN,SF,REG
2009,3,2009_03_TEN_NYJ,2009-09-27,13:00,NYJ,TEN,REG
2009,3,2009_03_WAS_DET,2009-09-27,13:00,DET,WAS,REG
2009,4,2009_04_BAL_NE,2009-10-04,13:00,NE,BAL,REG
2009,4,2009_04_BUF_MIA,2009-10-04,16:05,MIA,BUF,REG
2009,4,2009_04_CIN_CLE,2009-10-04,13:00,CLE,CIN,REG
2009,4,2009_04_DAL_DEN,2009-10-04,16:15,DEN,DAL,REG
2009,4,2009_04_DET_CHI,2009-10-04,13:00,CHI,DET,REG
2009,4,2009_04_GB_MIN,2009-10-05,20:30,MIN,GB,REG
2009,4,2009_04_NYG_KC,2009-10-04,13:00,KC,NYG,REG
2009,4,2009_04_NYJ_NO,2009-10-04,16:05,NO,NYJ,REG
2009,4,2009_04_OAK_HOU,2009-10-04,13:00,HOU,OAK,REG
2009,4,2009_04_SD_PIT,2009-10-04,20:20,PIT,SD,REG
2009,4,2009_04_SEA_IND,2009-10-04,13:00,IND,SEA,REG
2009,4,2009_04_STL_SF,2009-10-04,16:15,SF,STL,REG
2009,4,2009_04_TB_WAS,2009-10-04,13:00,WAS,TB,REG
2009,4,2009_04_TEN_JAX,2009-10-04,13:00,JAX,TEN,REG
2009,5,2009_05_ATL_SF,2009-10-11,16:05,SF,ATL,REG
2009,5,2009_05_CIN_BAL,2009-10-11,13:00,BAL,CIN,REG
2009,5,2009_05_CLE_BUF,2009-10-11,13:00,BUF,CLE,REG
2009,5,2009_05_DAL_KC,2009-10-11,13:00,KC,DAL,REG
2009,5,2009_05_HOU_ARI,2009-10-11,16:15,ARI,HOU,REG
2009,5,2009_05_IND_TEN,2009-10-11,20:20,TEN,IND,REG
2009,5,2009_05_JAX_SEA,2009-10-11,16:15,SEA,JAX,REG
2009,5,2009_05_MIN_STL,2009-10-11,13:00,STL,MIN,REG
2009,5,2009_05_NE_DEN,2009-10-11,16:15,DEN,NE,REG
2009,5,2009_05_NYJ_MIA,2009-10-12,20:30,MIA,NYJ,REG
2009,5,2009_05_OAK_NYG,2009-10-11,13:00,NYG,OAK,REG
2009,5,2009_05_PIT_DET,2009-10-11,13:00,DET,PIT,REG
2009,5,2009_05_TB_PHI,2009-10-11,13:00,PHI,TB,REG
2009,5,2009_05_WAS_CAR,2009-10-11,13:00,CAR,WAS,REG
2009,6,2009_06_ARI_SEA,2009-10-18,16:05,SEA,ARI,REG
2009,6,2009_06_BAL_MIN,2009-10-18,13:00,MIN,BAL,REG
2009,6,2009_06_BUF_NYJ,2009-10-18,16:15,NYJ,BUF,REG
2009,6,2009_06_CAR_TB,2009-10-18,13:00,TB,CAR,REG
2009,6,2009_06_CHI_ATL,2009-10-18,20:20,ATL,CHI,REG
2009,6,2009_06_CLE_PIT,2009-10-18,13:00,PIT,CLE,REG
2009,6,2009_06_DEN_SD,2009-10-19,20:30,SD,DEN,REG
2009,6,2009_06_DET_GB,2009-10-18,13:00,GB,DET,REG
2009,6,2009_06_HOU_CIN,2009-10-18,13:00,CIN,HOU,REG
2009,6,2009_06_KC_WAS,2009-10-18,13:00,WAS,KC,REG
2009,6,2009_06_NYG_NO,2009-10-18,13:00,NO,NYG,REG
2009,6,2009_06_PHI_OAK,2009-10-18,16:05,OAK,PHI,REG
2009,6,2009_06_STL_JAX,2009-10-18,13:00,JAX,STL,REG
2009,6,2009_06_TEN_NE,2009-10-18,16:15,NE,TEN,REG
2009,7,2009_07_ARI_NYG,2009-10-25,20:20,NYG,ARI,REG
2009,7,2009_07_ATL_DAL,2009-10-25,16:15,DAL,ATL,REG
2009,7,2009_07_BUF_CAR,2009-10-25,16:05,CAR,BUF,REG
2009,7,2009_07_CHI_CIN,2009-10-25,16:15,CIN,CHI,REG
2009,7,2009_07_GB_CLE,2009-10-25,13:00,CLE,GB,REG
2009,7,2009_07_IND_STL,2009-10-25,13:00,STL,IND,REG
2009,7,2009_07_MIN_PIT,2009-10-25,13:00,PIT,MIN,REG
2009,7,2009_07_NE_TB,2009-10-25,13:00,TB,NE,REG
2009,7,2009_07_NO_MIA,2009-10-25,16:15,MIA,NO,REG
2009,7,2009_07_NYJ_OAK,2009-10-25,16:05,OAK,NYJ,REG
2009,7,2009_07_PHI_WAS,2009-10-26,20:30,WAS,PHI,REG
2009,7,2009_07_SD_KC,2009-10-25,13:00,KC,SD,REG
2009,7,2009_07_SF_HOU,2009-10-25,13:00,HOU,SF,REG
2009,8,2009_08_ATL_NO,2009-11-02,20:30,NO,ATL,REG
2009,8,2009_08_CAR_ARI,2009-11-01,16:15,ARI,CAR,REG
2009,8,2009_08_CLE_CHI,2009-11-01,13:00,CHI,CLE,REG
2009,8,2009_08_DEN_BAL,2009-11-01,13:00,BAL,DEN,REG
2009,8,2009_08_HOU_BUF,2009-11-01,13:00,BUF,HOU,REG
2009,8,2009_08_JAX_TEN,2009-11-01,16:05,TEN,JAX,REG
2009,8,2009_08_MIA_NYJ,2009-11-01,13:00,NYJ,MIA,REG
2009,8,2009_08_MIN_GB,2009-11-01,16:15,GB,MIN,REG
2009,8,2009_08_NYG_PHI,2009-11-01,13:00,PHI,NYG,REG
2009,8,2009_08_OAK_SD,2009-11-01,16:05,SD,OAK,REG
2009,8,2009_08_SEA_DAL,2009-11-01,13:00,DAL,SEA,REG
2009,8,2009_08_SF_IND,2009-11-01,13:00,IND,SF,REG
2009,8,2009_08_STL_DET,2009-11-01,13:00,DET,STL,REG
2009,9,2009_09_ARI_CHI,2009-11-08,13:00,CHI,ARI,REG
2009,9,2009_09_BAL_CIN,2009-11-08,13:00,CIN,BAL,REG
2009,9,2009_09_CAR_NO,2009-11-08,16:05,NO,CAR,REG
2009,9,2009_09_DAL_PHI,2009-11-08,20:20,PHI,DAL,REG
2009,9,2009_09_DET_SEA,2009-11-08,16:05,SEA,DET,REG
2009,9,2009_09_GB_TB,2009-11-08,13:00,TB,GB,REG
2009,9,2009_09_HOU_IND,2009-11-08,13:00,IND,HOU,REG
2009,9,2009_09_KC_JAX,2009-11-08,13:00,JAX,KC,REG
2009,9,2009_09_MIA_NE,2009-11-08,13:00,NE,MIA,REG
2009,9,2009_09_PIT_DEN,2009-11-09,20:30,DEN,PIT,REG
2009,9,2009_09_SD_NYG,2009-11-08,16:15,NYG,SD,REG
2009,9,2009_09_TEN_SF,2009-11-08,16:15,SF,TEN,REG
2009,9,2009_09_WAS_ATL,2009-11-08,13:00,ATL,WAS,REG
2009,10,2009_10_ATL_CAR,2009-11-15,13:00,CAR,ATL,REG
2009,10,2009_10_BAL_CLE,2009-11-16,20:30,CLE,BAL,REG
2009,10,2009_10_BUF_TEN,2009-11-15,13:00,TEN,BUF,REG
2009,10,2009_10_CHI_SF,2009-11-12,20:20,SF,CHI,REG
2009,10,2009_10_CIN_PIT,2009-11-15,13:00,PIT,CIN,REG
2009,10,2009_10_DAL_GB,2009-11-15,16:15,GB,DAL,REG
2009,10,2009_10_DEN_WAS,2009-11-15,13:00,WAS,DEN,REG
2009,10,2009_10_DET_MIN,2009-11-15,13:00,MIN,DET,REG
2009,10,2009_10_JAX_NYJ,2009-11-15,13:00,NYJ,JAX,REG
2009,10,2009_10_KC_OAK,2009-11-15,16:05,OAK,KC,REG
2009,10,2009_10_NE_IND,2009-11-15,20:20,IND,NE,REG
2009,10,2009_10_NO_STL,2009-11-15,13:00,STL,NO,REG
2009,10,2009_10_PHI_SD,2009-11-15,16:15,SD,PHI,REG
2009,10,2009_10_SEA_ARI,2009-11-15,16:15,ARI,SEA,REG
2009,10,2009_10_TB_MIA,2009-11-15,13:00,MIA,TB,REG
2009,11,2009_11_ARI_STL,2009-11-22,16:05,STL,ARI,REG
2009,11,2009_11_ATL_NYG,2009-11-22,13:00,NYG,ATL,REG
2009,11,2009_11_BUF_JAX,2009-11-22,13:00,JAX,BUF,REG
2009,11,2009_11_CIN_OAK,2009-11-22,16:15,OAK,CIN,REG
2009,11,2009_11_CLE_DET,2009-11-22,13:00,DET,CLE,REG
2009,11,2009_11_IND_BAL,2009-11-22,13:00,BAL,IND,REG
2009,11,2009_11_MIA_CAR,2009-11-19,20:20,CAR,MIA,REG
2009,11,2009_11_NO_TB,2009-11-22,13:00,TB,NO,REG
2009,11,2009_11_NYJ_NE,2009-11-22,16:15,NE,NYJ,REG
2009,11,2009_11_PHI_CHI,2009-11-22,20:20,CHI,PHI,REG
2009,11,2009_11_PIT_KC,2009-11-22,13:00,KC,PIT,REG
2009,11,2009_11_SD_DEN,2009-11-22,16:15,DEN,SD,REG
2009,11,2009_11_SEA_MIN,2009-11-22,13:00,MIN,SEA,REG
2009,11,2009_11_SF_GB,2009-11-22,13:00,GB,SF,REG
2009,11,2009_11_TEN_HOU,2009-11-23,20:30,HOU,TEN,REG
2009,11,2009_11_WAS_DAL,2009-11-22,13:00,DAL,WAS,REG
2009,12,2009_12_ARI_TEN,2009-11-29,16:15,TEN,ARI,REG
2009,12,2009_12_CAR_NYJ,2009-11-29,13:00,NYJ,CAR,REG
2009,12,2009_12_CHI_MIN,2009-11-29,16:15,MIN,CHI,REG
2009,12,2009_12_CLE_CIN,2009-11-29,13:00,CIN,CLE,REG
2009,12,2009_12_GB_DET,2009-11-26,12:30,DET,GB,REG
2009,12,2009_12_IND_HOU,2009-11-29,13:00,HOU,IND,REG
2009,12,2009_12_JAX_SF,2009-11-29,16:05,SF,JAX,REG
2009,12,2009_12_KC_SD,2009-11-29,16:05,SD,KC,REG
2009,12,2009_12_MIA_BUF,2009-11-29,13:00,BUF,MIA,REG
2009,12,2009_12_NE_NO,2009-11-30,20:30,NO,NE,REG
2009,12,2009_12_NYG_DEN,2009-11-26,20:20,DEN,NYG,REG
2009,12,2009_12_OAK_DAL,2009-11-26,16:15,DAL,OAK,REG
2009,12,2009_12_PIT_BAL,2009-11-29,20:20,BAL,PIT,REG
2009,12,2009_12_SEA_STL,2009-11-29,13:00,STL,SEA,REG
2009,12,2009_12_TB_ATL,2009-11-29,13:00,ATL,TB,REG
2009,12,2009_12_WAS_PHI,2009-11-29,13:00,PHI,WAS,REG
2009,13,2009_13_BAL_GB,2009-12-07,20:30,GB,BAL,REG
2009,13,2009_13_DAL_NYG,2009-12-06,16:15,NYG,DAL,REG
2009,13,2009_13_DEN_KC,2009-12-06,13:00,KC,DEN,REG
2009,13,2009_13_DET_CIN,2009-12-06,13:00,CIN,DET,REG
2009,13,2009_13_HOU_JAX,2009-12-06,13:00,JAX,HOU,REG
2009,13,2009_13_MIN_ARI,2009-12-06,20:20,ARI,MIN,REG
2009,13,2009_13_NE_MIA,2009-12-06,13:00,MIA,NE,REG
2009,13,2009_13_NO_WAS,2009-12-06,13:00,WAS,NO,REG
2009,13,2009_13_NYJ_BUF,2009-12-03,20:20,BUF,NYJ,REG
2009,13,2009_13_OAK_PIT,2009-12-06,13:00,PIT,OAK,REG
2009,13,2009_13_PHI_ATL,2009-12-06,13:00,ATL,PHI,REG
2009,13,2009_13_SD_CLE,2009-12-06,16:05,CLE,SD,REG
2009,13,2009_13_SF_SEA,2009-12-06,16:15,SEA,SF,REG
2009,13,2009_13_STL_CHI,2009-12-06,13:00,CHI,STL,REG
2009,13,2009_13_TB_CAR,2009-12-06,13:00,CAR,TB,REG
2009,13,2009_13_TEN_IND,2009-12-06,13:00,IND,TEN,REG
2009,14,2009_14_ARI_SF,2009-12-14,20:30,SF,ARI,REG
2009,14,2009_14_BUF_KC,2009-12-13,13:00,KC,BUF,REG
2009,14,2009_14_CAR_NE,2009-12-13,13:00,NE,CAR,REG
2009,14,2009_14_CIN_MIN,2009-12-13,13:00,MIN,CIN,REG
2009,14,2009_14_DEN_IND,2009-12-13,13:00,IND,DEN,REG
2009,14,2009_14_DET_BAL,2009-12-13,13:00,BAL,DET,REG
2009,14,2009_14_GB_CHI,2009-12-13,13:00,CHI,GB,REG
2009,14,2009_14_MIA_JAX,2009-12-13,13:00,JAX,MIA,REG
2009,14,2009_14_NO_ATL,2009-12-13,13:00,ATL,NO,REG
2009,14,2009_14_NYJ_TB,2009-12-13,13:00,TB,NYJ,REG
2009,14,2009_14_PHI_NYG,2009-12-13,20:20,NYG,PHI,REG
2009,14,2009_14_PIT_CLE,2009-12-10,20:20,CLE,PIT,REG
2009,14,2009_14_SD_DAL,2009-12-13,16:15,DAL,SD,REG
2009,14,2009_14_SEA_HOU,2009-12-13,13:00,HOU,SEA,REG
2009,14,2009_14_STL_TEN,2009-12-13,16:05,TEN,STL,REG
2009,14,2009_14_WAS_OAK,2009-12-13,16:05,OAK,WAS,REG
2009,15,2009_15_ARI_DET,2009-12-20,13:00,DET,ARI,REG
2009,15,2009_15_ATL_NYJ,2009-12-20,13:00,NYJ,ATL,REG
2009,15,2009_15_CHI_BAL,2009-12-20,16:15,BAL,CHI,REG
2009,15,2009_15_CIN_SD,2009-12-20,16:05,SD,CIN,REG
2009,15,2009_15_CLE_KC,2009-12-20,13:00,KC,CLE,REG
2009,15,2009_15_DAL_NO,2009-12-19,20:20,NO,DAL,REG
2009,15,2009_15_GB_PIT,2009-12-20,16:15,PIT,GB,REG
2009,15,2009_15_HOU_STL,2009-12-20,13:00,STL,HOU,REG
2009,15,2009_15_IND_JAX,2009-12-17,20:20,JAX,IND,REG
2009,15,2009_15_MIA_TEN,2009-12-20,13:00,TEN,MIA,REG
2009,15,2009_15_MIN_CAR,2009-12-20,20:20,CAR,MIN,REG
2009,15,2009_15_NE_BUF,2009-12-20,13:00,BUF,NE,REG
2009,15,2009_15_NYG_WAS,2009-12-21,20:30,WAS,NYG,REG
2009,15,2009_15_OAK_DEN,2009-12-20,16:05,DEN,OAK,REG
2009,15,2009_15_SF_PHI,2009-12-20,16:15,PHI,SF,REG
2009,15,2009_15_TB_SEA,2009-12-20,16:15,SEA,TB,REG
2009,16,2009_16_BAL_PIT,2009-12-27,13:00,PIT,BAL,REG
2009,16,2009_16_BUF_ATL,2009-12-27,13:00,ATL,BUF,REG
2009,16,2009_16_CAR_NYG,2009-12-27,13:00,NYG,CAR,REG
2009,16,2009_16_DAL_WAS,2009-12-27,20:20,WAS,DAL,REG
2009,16,2009_16_DEN_PHI,2009-12-27,16:15,PHI,DEN,REG
2009,16,2009_16_DET_SF,2009-12-27,16:05,SF,DET,REG
2009,16,2009_16_HOU_MIA,2009-12-27,13:00,MIA,HOU,REG
2009,16,2009_16_JAX_NE,2009-12-27,13:00,NE,JAX,REG
2009,16,2009_16_KC_CIN,2009-12-27,13:00,CIN,KC,REG
2009,16,2009_16_MIN_CHI,2009-12-28,20:30,CHI,MIN,REG
2009,16,2009_16_NYJ_IND,2009-12-27,16:15,IND,NYJ,REG
2009,16,2009_16_OAK_CLE,2009-12-27,13:00,CLE,OAK,REG
2009,16,2009_16_SD_TEN,2009-12-25,19:30,TEN,SD,REG
2009,16,2009_16_SEA_GB,2009-12-27,13:00,GB,SEA,REG
2009,16,2009_16_STL_ARI,2009-12-27,16:05,ARI,STL,REG
2009,16,2009_16_TB_NO,2009-12-27,13:00,NO,TB,REG
2009,17,2009_17_ATL_TB,2010-01-03,13:00,TB,ATL,REG
2009,17,2009_17_BAL_OAK,2010-01-03,16:15,OAK,BAL,REG
2009,17,2009_17_CHI_DET,2010-01-03,13:00,DET,CHI,REG
2009,17,2009_17_CIN_NYJ,2010-01-03,20:20,NYJ,CIN,REG
2009,17,2009_17_GB_ARI,2010-01-03,16:15,ARI,GB,REG
2009,17,2009_17_IND_BUF,2010-01-03,13:00,BUF,IND,REG
2009,17,2009_17_JAX_CLE,2010-01-03,13:00,CLE,JAX,REG
2009,17,2009_17_KC_DEN,2010-01-03,16:15,DEN,KC,REG
2009,17,2009_17_NE_HOU,2010-01-03,13:00,HOU,NE,REG
2009,17,2009_17_NO_CAR,2010-01-03,13:00,CAR,NO,REG
2009,17,2009_17_NYG_MIN,2010-01-03,13:00,MIN,NYG,REG
2009,17,2009_17_PHI_DAL,2010-01-03,16:15,DAL,PHI,REG
2009,17,2009_17_PIT_MIA,2010-01-03,13:00,MIA,PIT,REG
2009,17,2009_17_SF_STL,2010-01-03,13:00,STL,SF,REG
2009,17,2009_17_TEN_SEA,2010-01-03,16:15,SEA,TEN,REG
2009,17,2009_17_WAS_SD,2010-01-03,16:15,SD,WAS,REG
2009,18,2009_18_BAL_NE,2010-01-10,13:00,NE,BAL,WC
2009,18,2009_18_GB_ARI,2010-01-10,16:30,ARI,GB,WC
2009,18,2009_18_NYJ_CIN,2010-01-09,16:30,CIN,NYJ,WC
2009,18,2009_18_PHI_DAL,2010-01-09,20:00,DAL,PHI,WC
2009,19,2009_19_ARI_NO,2010-01-16,16:30,NO,ARI,DIV
2009,19,2009_19_BAL_IND,2010-01-16,20:15,IND,BAL,DIV
2009,19,2009_19_DAL_MIN,2010-01-17,13:00,MIN,DAL,DIV
2009,19,2009_19_NYJ_SD,2010-01-17,16:40,SD,NYJ,DIV
2009,20,2009_20_MIN_NO,2010-01-24,18:40,NO,MIN,CON
2009,20,2009_20_NYJ_IND,2010-01-24,15:05,IND,NYJ,CON
2009,21,2009_21_NO_IND,2010-02-07,18:32,IND,NO,SB
2010,1,2010_01_ARI_STL,2010-09-12,16:15,STL,ARI,REG
2010,1,2010_01_ATL_PIT,2010-09-12,13:00,PIT,ATL,REG
2010,1,2010_01_BAL_NYJ,2010-09-13,19:00,NYJ,BAL,REG
2010,1,2010_01_CAR_NYG,2010-09-12,13:00,NYG,CAR,REG
2010,1,2010_01_CIN_NE,2010-09-12,13:00,NE,CIN,REG
2010,1,2010_01_CLE_TB,2010-09-12,13:00,TB,CLE,REG
2010,1,2010_01_DAL_WAS,2010-09-12,20:20,WAS,DAL,REG
2010,1,2010_01_DEN_JAX,2010-09-12,13:00,JAX,DEN,REG
2010,1,2010_01_DET_CHI,2010-09-12,13:00,CHI,DET,REG
2010,1,2010_01_GB_PHI,2010-09-12,16:15,PHI,GB,REG
2010,1,2010_01_IND_HOU,2010-09-12,13:00,HOU,IND,REG
2010,1,2010_01_MIA_BUF,2010-09-12,13:00,BUF,MIA,REG
2010,1,2010_01_MIN_NO,2010-09-09,20:30,NO,MIN,REG
2010,1,2010_01_OAK_TEN,2010-09-12,13:00,TEN,OAK,REG
2010,1,2010_01_SD_KC,2010-09-13,22:15,KC,SD,REG
2010,1,2010_01_SF_SEA,2010-09-12,16:15,SEA,SF,REG
2010,2,2010_02_ARI_ATL,2010-09-19,13:00,ATL,ARI,REG
2010,2,2010_02_BAL_CIN,2010-09-19,13:00,CIN,BAL,REG
2010,2,2010_02_BUF_GB,2010-09-19,13:00,GB,BUF,REG
2010,2,2010_02_CHI_DAL,2010-09-19,13:00,DAL,CHI,REG
2010,2,2010_02_HOU_WAS,2010-09-19,16:15,WAS,HOU,REG
2010,2,2010_02_JAX_SD,2010-09-19,16:15,SD,JAX,REG
2010,2,2010_02_KC_CLE,2010-09-19,13:00,CLE,KC,REG
2010,2,2010_02_MIA_MIN,2010-09-19,13:00,MIN,MIA,REG
2010,2,2010_02_NE_NYJ,2010-09-19,16:15,NYJ,NE,REG
2010,2,2010_02_NO_SF,2010-09-20,20:30,SF,NO,REG
2010,2,2010_02_NYG_IND,2010-09-19,20:20,IND,NYG,REG
2010,2,2010_02_PHI_DET,2010-09-19,13:00,DET,PHI,REG
2010,2,2010_02_PIT_TEN,2010-09-19,13:00,TEN,PIT,REG
2010,2,2010_02_SEA_DEN,2010-09-19,16:05,DEN,SEA,REG
2010,2,2010_02_STL_OAK,2010-09-19,16:05,OAK,STL,REG
2010,2,2010_02_TB_CAR,2010-09-19,13:00,CAR,TB,REG
2010,3,2010_03_ATL_NO,2010-09-26,13:00,NO,ATL,REG
2010,3,2010_03_BUF_NE,2010-09-26,13:00,NE,BUF,REG
2010,3,2010_03_CIN_CAR,2010-09-26,13:00,CAR,CIN,REG
2010,3,2010_03_CLE_BAL,2010-09-26,13:00,BAL,CLE,REG
2010,3,2010_03_DAL_HOU,2010-09-26,13:00,HOU,DAL,REG
2010,3,2010_03_DET_MIN,2010-09-26,13:00,MIN,DET,REG
2010,3,2010_03_GB_CHI,2010-09-27,20:30,CHI,GB,REG
2010,3,2010_03_IND_DEN,2010-09-26,16:15,DEN,IND,REG
2010,3,2010_03_NYJ_MIA,2010-09-26,20:20,MIA,NYJ,REG
2010,3,2010_03_OAK_ARI,2010-09-26,16:15,ARI,OAK,REG
2010,3,2010_03_PHI_JAX,2010-09-26,16:05,JAX,PHI,REG
2010,3,2010_03_PIT_TB,2010-09-26,13:00,TB,PIT,REG
2010,3,2010_03_SD_SEA,2010-09-26,16:15,SEA,SD,REG
2010,3,2010_03_SF_KC,2010-09-26,13:00,KC,SF,REG
2010,3,2010_03_TEN_NYG,2010-09-26,13:00,NYG,TEN,REG
2010,3,2010_03_WAS_STL,2010-09-26,16:05,STL,WAS,REG
2010,4,2010_04_ARI_SD,2010-10-03,16:15,SD,ARI,REG
2010,4,2010_04_BAL_PIT,2010-10-03,13:00,PIT,BAL,REG
2010,4,2010_04_CAR_NO,2010-10-03,13:00,NO,CAR,REG
2010,4,2010_04_CHI_NYG,2010-10-03,20:20,NYG,CHI,REG
2010,4,2010_04_CIN_CLE,2010-10-03,13:00,CLE,CIN,REG
2010,4,2010_04_DEN_TEN,2010-10-03,13:00,TEN,DEN,REG
2010,4,2010_04_DET_GB,2010-10-03,13:00,GB,DET,REG
2010,4,2010_04_HOU_OAK,2010-10-03,16:05,OAK,HOU,REG
2010,4,2010_04_IND_JAX,2010-10-03,16:05,JAX,IND,REG
2010,4,2010_04_NE_MIA,2010-10-04,20:30,MIA,NE,REG
2010,4,2010_04_NYJ_BUF,2010-10-03,13:00,BUF,NYJ,REG
2010,4,2010_04_SEA_STL,2010-10-03,13:00,STL,SEA,REG
2010,4,2010_04_SF_ATL,2010-10-03,13:00,ATL,SF,REG
2010,4,2010_04_WAS_PHI,2010-10-03,16:15,PHI,WAS,REG
2010,5,2010_05_ATL_CLE,2010-10-10,13:00,CLE,ATL,REG
2010,5,2010_05_CHI_CAR,2010-10-10,13:00,CAR,CHI,REG
2010,5,2010_05_DEN_BAL,2010-10-10,13:00,BAL,DEN,REG
2010,5,2010_05_GB_WAS,2010-10-10,13:00,WAS,GB,REG
2010,5,2010_05_JAX_BUF,2010-10-10,13:00,BUF,JAX,REG
2010,5,2010_05_KC_IND,2010-10-10,13:00,IND,KC,REG
2010,5,2010_05_MIN_NYJ,2010-10-11,21:15,NYJ,MIN,REG
2010,5,2010_05_NO_ARI,2010-10-10,16:05,ARI,NO,REG
2010,5,2010_05_NYG_HOU,2010-10-10,13:00,HOU,NYG,REG
2010,5,2010_05_PHI_SF,2010-10-10,20:20,SF,PHI,REG
2010,5,2010_05_SD_OAK,2010-10-10,16:15,OAK,SD,REG
2010,5,2010_05_STL_DET,2010-10-10,13:00,DET,STL,REG
2010,5,2010_05_TB_CIN,2010-10-10,13:00,CIN,TB,REG
2010,5,2010_05_TEN_DAL,2010-10-10,16:15,DAL,TEN,REG
2010,6,2010_06_ATL_PHI,2010-10-17,13:00,PHI,ATL,REG
2010,6,2010_06_BAL_NE,2010-10-17,13:00,NE,BAL,REG
2010,6,2010_06_CLE_PIT,2010-10-17,13:00,PIT,CLE,REG
2010,6,2010_06_DAL_MIN,2010-10-17,16:15,MIN,DAL,REG
2010,6,2010_06_DET_NYG,2010-10-17,13:00,NYG,DET,REG
2010,6,2010_06_IND_WAS,2010-10-17,20:20,WAS,IND,REG
2010,6,2010_06_KC_HOU,2010-10-17,13:00,HOU,KC,REG
2010,6,2010_06_MIA_GB,2010-10-17,13:00,GB,MIA,REG
2010,6,2010_06_NO_TB,2010-10-17,13:00,TB,NO,REG
2010,6,2010_06_NYJ_DEN,2010-10-17,16:05,DEN,NYJ,REG
2010,6,2010_06_OAK_SF,2010-10-17,16:05,SF,OAK,REG
2010,6,2010_06_SD_STL,2010-10-17,13:00,STL,SD,REG
2010,6,2010_06_SEA_CHI,2010-10-17,13:00,CHI,SEA,REG
2010,6,2010_06_TEN_JAX,2010-10-18,20:30,JAX,TEN,REG
2010,7,2010_07_ARI_SEA,2010-10-24,16:05,SEA,ARI,REG
2010,7,2010_07_BUF_BAL,2010-10-24,13:00,BAL,BUF,REG
2010,7,2010_07_CIN_ATL,2010-10-24,13:00,ATL,CIN,REG
2010,7,2010_07_CLE_NO,2010-10-24,13:00,NO,CLE,REG
2010,7,2010_07_JAX_KC,2010-10-24,13:00,KC,JAX,REG
2010,7,2010_07_MIN_GB,2010-10-24,20:20,GB,MIN,REG
2010,7,2010_07_NE_SD,2010-10-24,16:15,SD,NE,REG
2010,7,2010_07_NYG_DAL,2010-10-25,20:30,DAL,NYG,REG
2010,7,2010_07_OAK_DEN,2010-10-24,16:15,DEN,OAK,REG
2010,7,2010_07_PHI_TEN,2010-10-24,13:00,TEN,PHI,REG
2010,7,2010_07_PIT_MIA,2010-10-24,13:00,MIA,PIT,REG
2010,7,2010_07_SF_CAR,2010-10-24,13:00,CAR,SF,REG
2010,7,2010_07_STL_TB,2010-10-24,13:00,TB,STL,REG
2010,7,2010_07_WAS_CHI,2010-10-24,13:00,CHI,WAS,REG
2010,8,2010_08_BUF_KC,2010-10-31,13:00,KC,BUF,REG
2010,8,2010_08_CAR_STL,2010-10-31,13:00,STL,CAR,REG
2010,8,2010_08_DEN_SF,2010-10-31,13:00,SF,DEN,REG
2010,8,2010_08_GB_NYJ,2010-10-31,13:00,NYJ,GB,REG
2010,8,2010_08_HOU_IND,2010-11-01,20:30,IND,HOU,REG
2010,8,2010_08_JAX_DAL,2010-10-31,13:00,DAL,JAX,REG
2010,8,2010_08_MIA_CIN,2010-10-31,13:00,CIN,MIA,REG
2010,8,2010_08_MIN_NE,2010-10-31,16:15,NE,MIN,REG
2010,8,2010_08_PIT_NO,2010-10-31,20:20,NO,PIT,REG
2010,8,2010_08_SEA_OAK,2010-10-31,16:15,OAK,SEA,REG
2010,8,2010_08_TB_ARI,2010-10-31,16:15,ARI,TB,REG
2010,8,2010_08_TEN_SD,2010-10-31,16:05,SD,TEN,REG
2010,8,2010_08_WAS_DET,2010-10-31,13:00,DET,WAS,REG
2010,9,2010_09_ARI_MIN,2010-11-07,13:00,MIN,ARI,REG
2010,9,2010_09_CHI_BUF,2010-11-07,13:00,BUF,CHI,REG
2010,9,2010_09_DAL_GB,2010-11-07,20:20,GB,DAL,REG
2010,9,2010_09_IND_PHI,2010-11-07,16:15,PHI,IND,REG
2010,9,2010_09_KC_OAK,2010-11-07,16:15,OAK,KC,REG
2010,9,2010_09_MIA_BAL,2010-11-07,13:00,BAL,MIA,REG
2010,9,2010_09_NE_CLE,2010-11-07,13:00,CLE,NE,REG
2010,9,2010_09_NO_CAR,2010-11-07,13:00,CAR,NO,REG
2010,9,2010_09_NYG_SEA,2010-11-07,16:05,SEA,NYG,REG
2010,9,2010_09_NYJ_DET,2010-11-07,13:00,DET,NYJ,REG
2010,9,2010_09_PIT_CIN,2010-11-08,20:30,CIN,PIT,REG
2010,9,2010_09_SD_HOU,2010-11-07,13:00,HOU,SD,REG
2010,9,2010_09_TB_ATL,2010-11-07,13:00,ATL,TB,REG
2010,10,2010_10_BAL_ATL,2010-11-11,20:20,ATL,BAL,REG
2010,10,2010_10_CAR_TB,2010-11-14,13:00,TB,CAR,REG
2010,10,2010_10_CIN_IND,2010-11-14,13:00,IND,CIN,REG
2010,10,2010_10_DAL_NYG,2010-11-14,16:15,NYG,DAL,REG
2010,10,2010_10_DET_BUF,2010-11-14,13:00,BUF,DET,REG
2010,10,2010_10_HOU_JAX,2010-11-14,13:00,JAX,HOU,REG
2010,10,2010_10_KC_DEN,2010-11-14,16:05,DEN,KC,REG
2010,10,2010_10_MIN_CHI,2010-11-14,13:00,CHI,MIN,REG
2010,10,2010_10_NE_PIT,2010-11-14,20:20,PIT,NE,REG
2010,10,2010_10_NYJ_CLE,2010-11-14,13:00,CLE,NYJ,REG
2010,10,2010_10_PHI_WAS,2010-11-15,20:30,WAS,PHI,REG
2010,10,2010_10_SEA_ARI,2010-11-14,16:15,ARI,SEA,REG
2010,10,2010_10_STL_SF,2010-11-14,16:15,SF,STL,REG
2010,10,2010_10_TEN_MIA,2010-11-14,13:00,MIA,TEN,REG
2010,11,2010_11_ARI_KC,2010-11-21,13:00,KC,ARI,REG
2010,11,2010_11_ATL_STL,2010-11-21,16:05,STL,ATL,REG
2010,11,2010_11_BAL_CAR,2010-11-21,13:00,CAR,BAL,REG
2010,11,2010_11_BUF_CIN,2010-11-21,13:00,CIN,BUF,REG
2010,11,2010_11_CHI_MIA,2010-11-18,20:20,MIA,CHI,REG
2010,11,2010_11_CLE_JAX,2010-11-21,13:00,JAX,CLE,REG
2010,11,2010_11_DEN_SD,2010-11-22,20:30,SD,DEN,REG
2010,11,2010_11_DET_DAL,2010-11-21,13:00,DAL,DET,REG
2010,11,2010_11_GB_MIN,2010-11-21,13:00,MIN,GB,REG
2010,11,2010_11_HOU_NYJ,2010-11-21,13:00,NYJ,HOU,REG
2010,11,2010_11_IND_NE,2010-11-21,16:15,NE,IND,REG
2010,11,2010_11_NYG_PHI,2010-11-21,20:20,PHI,NYG,REG
2010,11,2010_11_OAK_PIT,2010-11-21,13:00,PIT,OAK,REG
2010,11,2010_11_SEA_NO,2010-11-21,16:05,NO,SEA,REG
2010,11,2010_11_TB_SF,2010-11-21,16:05,SF,TB,REG
2010,11,2010_11_WAS_TEN,2010-11-21,13:00,TEN,WAS,REG
2010,12,2010_12_CAR_CLE,2010-11-28,13:00,CLE,CAR,REG
2010,12,2010_12_CIN_NYJ,2010-11-25,20:20,NYJ,CIN,REG
2010,12,2010_12_GB_ATL,2010-11-28,13:00,ATL,GB,REG
2010,12,2010_12_JAX_NYG,2010-11-28,13:00,NYG,JAX,REG
2010,12,2010_12_KC_SEA,2010-11-28,16:05,SEA,KC,REG
2010,12,2010_12_MIA_OAK,2010-11-28,16:05,OAK,MIA,REG
2010,12,2010_12_MIN_WAS,2010-11-28,13:00,WAS,MIN,REG
2010,12,2010_12_NE_DET,2010-11-25,12:30,DET,NE,REG
2010,12,2010_12_NO_DAL,2010-11-25,16:15,DAL,NO,REG
2010,12,2010_12_PHI_CHI,2010-11-28,16:15,CHI,PHI,REG
2010,12,2010_12_PIT_BUF,2010-11-28,13:00,BUF,PIT,REG
2010,12,2010_12_SD_IND,2010-11-28,20:20,IND,SD,REG
2010,12,2010_12_SF_ARI,2010-11-29,20:30,ARI,SF,REG
2010,12,2010_12_STL_DEN,2010-11-28,16:15,DEN,STL,REG
2010,12,2010_12_TB_BAL,2010-11-28,16:15,BAL,TB,REG
2010,12,2010_12_TEN_HOU,2010-11-28,13:00,HOU,TEN,REG
2010,13,2010_13_ATL_TB,2010-12-05,16:15,TB,ATL,REG
2010,13,2010_13_BUF_MIN,2010-12-05,13:00,MIN,BUF,REG
2010,13,2010_13_CAR_SEA,2010-12-05,16:15,SEA,CAR,REG
2010,13,2010_13_CHI_DET,2010-12-05,13:00,DET,CHI,REG
2010,13,2010_13_CLE_MIA,2010-12-05,13:00,MIA,CLE,REG
2010,13,2010_13_DAL_IND,2010-12-05,16:15,IND,DAL,REG
2010,13,2010_13_DEN_KC,2010-12-05,13:00,KC,DEN,REG
2010,13,2010_13_HOU_PHI,2010-12-02,20:20,PHI,HOU,REG
2010,13,2010_13_JAX_TEN,2010-12-05,13:00,TEN,JAX,REG
2010,13,2010_13_NO_CIN,2010-12-05,13:00,CIN,NO,REG
2010,13,2010_13_NYJ_NE,2010-12-06,20:30,NE,NYJ,REG
2010,13,2010_13_OAK_SD,2010-12-05,16:05,SD,OAK,REG
2010,13,2010_13_PIT_BAL,2010-12-05,20:20,BAL,PIT,REG
2010,13,2010_13_SF_GB,2010-12-05,13:00,GB,SF,REG
2010,13,2010_13_STL_ARI,2010-12-05,16:15,ARI,STL,REG
2010,13,2010_13_WAS_NYG,2010-12-05,13:00,NYG,WAS,REG
2010,14,2010_14_ATL_CAR,2010-12-12,13:00,CAR,ATL,REG
2010,14,2010_14_BAL_HOU,2010-12-13,20:30,HOU,BAL,REG
2010,14,2010_14_CIN_PIT,2010-12-12,13:00,PIT,CIN,REG
2010,14,2010_14_CLE_BUF,2010-12-12,13:00,BUF,CLE,REG
2010,14,2010_14_DEN_ARI,2010-12-12,16:15,ARI,DEN,REG
2010,14,2010_14_GB_DET,2010-12-12,13:00,DET,GB,REG
2010,14,2010_14_IND_TEN,2010-12-09,20:20,TEN,IND,REG
2010,14,2010_14_KC_SD,2010-12-12,16:15,SD,KC,REG
2010,14,2010_14_MIA_NYJ,2010-12-12,16:15,NYJ,MIA,REG
2010,14,2010_14_NE_CHI,2010-12-12,16:15,CHI,NE,REG
2010,14,2010_14_NYG_MIN,2010-12-13,19:20,MIN,NYG,REG
2010,14,2010_14_OAK_JAX,2010-12-12,13:00,JAX,OAK,REG
2010,14,2010_14_PHI_DAL,2010-12-12,20:20,DAL,PHI,REG
2010,14,2010_14_SEA_SF,2010-12-12,16:05,SF,SEA,REG
2010,14,2010_14_STL_NO,2010-12-12,16:05,NO,STL,REG
2010,14,2010_14_TB_WAS,2010-12-12,13:00,WAS,TB,REG
2010,15,2010_15_ARI_CAR,2010-12-19,13:00,CAR,ARI,REG
2010,15,2010_15_ATL_SEA,2010-12-19,16:05,SEA,ATL,REG
2010,15,2010_15_BUF_MIA,2010-12-19,13:00,MIA,BUF,REG
2010,15,2010_15_CHI_MIN,2010-12-20,20:30,MIN,CHI,REG
2010,15,2010_15_CLE_CIN,2010-12-19,13:00,CIN,CLE,REG
2010,15,2010_15_DEN_OAK,2010-12-19,16:15,OAK,DEN,REG
2010,15,2010_15_DET_TB,2010-12-19,13:00,TB,DET,REG
2010,15,2010_15_GB_NE,2010-12-19,20:20,NE,GB,REG
2010,15,2010_15_HOU_TEN,2010-12-19,13:00,TEN,HOU,REG
2010,15,2010_15_JAX_IND,2010-12-19,13:00,IND,JAX,REG
2010,15,2010_15_KC_STL,2010-12-19,13:00,STL,KC,REG
2010,15,2010_15_NO_BAL,2010-12-19,13:00,BAL,NO,REG
2010,15,2010_15_NYJ_PIT,2010-12-19,16:15,PIT,NYJ,REG
2010,15,2010_15_PHI_NYG,2010-12-19,13:00,NYG,PHI,REG
2010,15,2010_15_SF_SD,2010-12-16,20:20,SD,SF,REG
2010,15,2010_15_WAS_DAL,2010-12-19,13:00,DAL,WAS,REG
2010,16,2010_16_BAL_CLE,2010-12-26,13:00,CLE,BAL,REG
2010,16,2010_16_CAR_PIT,2010-12-23,20:20,PIT,CAR,REG
2010,16,2010_16_DAL_ARI,2010-12-25,19:30,ARI,DAL,REG
2010,16,2010_16_DET_MIA,2010-12-26,13:00,MIA,DET,REG
2010,16,2010_16_HOU_DEN,2010-12-26,16:05,DEN,HOU,REG
2010,16,2010_16_IND_OAK,2010-12-26,16:05,OAK,IND,REG
2010,16,2010_16_MIN_PHI,2010-12-28,20:00,PHI,MIN,REG
2010,16,2010_16_NE_BUF,2010-12-26,13:00,BUF,NE,REG
2010,16,2010_16_NO_ATL,2010-12-27,20:30,ATL,NO,REG
2010,16,2010_16_NYG_GB,2010-12-26,16:15,GB,NYG,REG
2010,16,2010_16_NYJ_CHI,2010-12-26,13:00,CHI,NYJ,REG
2010,16,2010_16_SD_CIN,2010-12-26,16:05,CIN,SD,REG
2010,16,2010_16_SEA_TB,2010-12-26,16:15,TB,SEA,REG
2010,16,2010_16_SF_STL,2010-12-26,13:00,STL,SF,REG
2010,16,2010_16_TEN_KC,2010-12-26,13:00,KC,TEN,REG
2010,16,2010_16_WAS_JAX,2010-12-26,13:00,JAX,WAS,REG
2010,17,2010_17_ARI_SF,2011-01-02,16:15,SF,ARI,REG
2010,17,2010_17_BUF_NYJ,2011-01-02,13:00,NYJ,BUF,REG
2010,17,2010_17_CAR_ATL,2011-01-02,13:00,ATL,CAR,REG
2010,17,2010_17_CHI_GB,2011-01-02,16:15,GB,CHI,REG
2010,17,2010_17_CIN_BAL,2011-01-02,13:00,BAL,CIN,REG
2010,17,2010_17_DAL_PHI,2011-01-02,16:15,PHI,DAL,REG
2010,17,2010_17_JAX_HOU,2011-01-02,16:15,HOU,JAX,REG
2010,17,2010_17_MIA_NE,2011-01-02,13:00,NE,MIA,REG
2010,17,2010_17_MIN_DET,2011-01-02,13:00,DET,MIN,REG
2010,17,2010_17_NYG_WAS,2011-01-02,16:15,WAS,NYG,REG
2010,17,2010_17_OAK_KC,2011-01-02,13:00,KC,OAK,REG
2010,17,2010_17_PIT_CLE,2011-01-02,13:00,CLE,PIT,REG
2010,17,2010_17_SD_DEN,2011-01-02,16:15,DEN,SD,REG
2010,17,2010_17_STL_SEA,2011-01-02,20:20,SEA,STL,REG
2010,17,2010_17_TB_NO,2011-01-02,13:00,NO,TB,REG
2010,17,2010_17_TEN_IND,2011-01-02,16:15,IND,TEN,REG
2010,18,2010_18_BAL_KC,2011-01-09,13:00,KC,BAL,WC
2010,18,2010_18_GB_PHI,2011-01-09,16:30,PHI,GB,WC
2010,18,2010_18_NO_SEA,2011-01-08,16:30,SEA,NO,WC
2010,18,2010_18_NYJ_IND,2011-01-08,20:00,IND,NYJ,WC
2010,19,2010_19_BAL_PIT,2011-01-15,16:30,PIT,BAL,DIV
2010,19,2010_19_GB_ATL,2011-01-15,20:00,ATL,GB,DIV
2010,19,2010_19_NYJ_NE,2011-01-16,16:30,NE,NYJ,DIV
2010,19,2010_19_SEA_CHI,2011-01-16,13:00,CHI,SEA,DIV
2010,20,2010_20_GB_CHI,2011-01-23,15:00,CHI,GB,CON
2010,20,2010_20_NYJ_PIT,2011-01-23,18:30,PIT,NYJ,CON
2010,21,2010_21_PIT_GB,2011-02-06,18:30,GB,PIT,SB
2011,1,2011_01_ATL_CHI,2011-09-11,13:00,CHI,ATL,REG
2011,1,2011_01_BUF_KC,2011-09-11,13:00,KC,BUF,REG
2011,1,2011_01_CAR_ARI,2011-09-11,16:15,ARI,CAR,REG
2011,1,2011_01_CIN_CLE,2011-09-11,13:00,CLE,CIN,REG
2011,1,2011_01_DAL_NYJ,2011-09-11,20:20,NYJ,DAL,REG
2011,1,2011_01_DET_TB,2011-09-11,13:00,TB,DET,REG
2011,1,2011_01_IND_HOU,2011-09-11,13:00,HOU,IND,REG
2011,1,2011_01_MIN_SD,2011-09-11,16:15,SD,MIN,REG
2011,1,2011_01_NE_MIA,2011-09-12,19:00,MIA,NE,REG
2011,1,2011_01_NO_GB,2011-09-08,20:30,GB,NO,REG
2011,1,2011_01_NYG_WAS,2011-09-11,16:25,WAS,NYG,REG
2011,1,2011_01_OAK_DEN,2011-09-12,22:15,DEN,OAK,REG
2011,1,2011_01_PHI_STL,2011-09-11,13:00,STL,PHI,REG
2011,1,2011_01_PIT_BAL,2011-09-11,13:00,BAL,PIT,REG
2011,1,2011_01_SEA_SF,2011-09-11,16:25,SF,SEA,REG
2011,1,2011_01_TEN_JAX,2011-09-11,13:00,JAX,TEN,REG
2011,2,2011_02_ARI_WAS,2011-09-18,13:00,WAS,ARI,REG
2011,2,2011_02_BAL_TEN,2011-09-18,13:00,TEN,BAL,REG
2011,2,2011_02_CHI_NO,2011-09-18,13:00,NO,CHI,REG
2011,2,2011_02_CIN_DEN,2011-09-18,16:15,DEN,CIN,REG
2011,2,2011_02_CLE_IND,2011-09-18,13:00,IND,CLE,REG
2011,2,2011_02_DAL_SF,2011-09-18,16:05,SF,DAL,REG
2011,2,2011_02_GB_CAR,2011-09-18,13:00,CAR,GB,REG
2011,2,2011_02_HOU_MIA,2011-09-18,16:15,MIA,HOU,REG
2011,2,2011_02_JAX_NYJ,2011-09-18,13:00,NYJ,JAX,REG
2011,2,2011_02_KC_DET,2011-09-18,13:00,DET,KC,REG
2011,2,2011_02_OAK_BUF,2011-09-18,13:00,BUF,OAK,REG
2011,2,2011_02_PHI_ATL,2011-09-18,20:20,ATL,PHI,REG
2011,2,2011_02_SD_NE,2011-09-18,16:15,NE,SD,REG
2011,2,2011_02_SEA_PIT,2011-09-18,13:00,PIT,SEA,REG
2011,2,2011_02_STL_NYG,2011-09-19,20:30,NYG,STL,REG
2011,2,2011_02_TB_MIN,2011-09-18,13:00,MIN,TB,REG
2011,3,2011_03_ARI_SEA,2011-09-25,16:15,SEA,ARI,REG
2011,3,2011_03_ATL_TB,2011-09-25,16:15,TB,ATL,REG
2011,3,2011_03_BAL_STL,2011-09-25,16:05,STL,BAL,REG
2011,3,2011_03_DEN_TEN,2011-09-25,13:00,TEN,DEN,REG
2011,3,2011_03_DET_MIN,2011-09-25,13:00,MIN,DET,REG
2011,3,2011_03_GB_CHI,2011-09-25,16:15,CHI,GB,REG
2011,3,2011_03_HOU_NO,2011-09-25,13:00,NO,HOU,REG
2011,3,2011_03_JAX_CAR,2011-09-25,13:00,CAR,JAX,REG
2011,3,2011_03_KC_SD,2011-09-25,16:05,SD,KC,REG
2011,3,2011_03_MIA_CLE,2011-09-25,13:00,CLE,MIA,REG
2011,3,2011_03_NE_BUF,2011-09-25,13:00,BUF,NE,REG
2011,3,2011_03_NYG_PHI,2011-09-25,13:00,PHI,NYG,REG
2011,3,2011_03_NYJ_OAK,2011-09-25,16:05,OAK,NYJ,REG
2011,3,2011_03_PIT_IND,2011-09-25,20:20,IND,PIT,REG
2011,3,2011_03_SF_CIN,2011-09-25,13:00,CIN,SF,REG
2011,3,2011_03_WAS_DAL,2011-09-26,20:30,DAL,WAS,REG
2011,4,2011_04_ATL_SEA,2011-10-02,16:05,SEA,ATL,REG
2011,4,2011_04_BUF_CIN,2011-10-02,13:00,CIN,BUF,REG
2011,4,2011_04_CAR_CHI,2011-10-02,13:00,CHI,CAR,REG
2011,4,2011_04_DEN_GB,2011-10-02,16:15,GB,DEN,REG
2011,4,2011_04_DET_DAL,2011-10-02,13:00,DAL,DET,REG
2011,4,2011_04_IND_TB,2011-10-03,20:30,TB,IND,REG
2011,4,2011_04_MIA_SD,2011-10-02,16:15,SD,MIA,REG
2011,4,2011_04_MIN_KC,2011-10-02,13:00,KC,MIN,REG
2011,4,2011_04_NE_OAK,2011-10-02,16:15,OAK,NE,REG
2011,4,2011_04_NO_JAX,2011-10-02,13:00,JAX,NO,REG
2011,4,2011_04_NYG_ARI,2011-10-02,16:05,ARI,NYG,REG
2011,4,2011_04_NYJ_BAL,2011-10-02,20:20,BAL,NYJ,REG
2011,4,2011_04_PIT_HOU,2011-10-02,13:00,HOU,PIT,REG
2011,4,2011_04_SF_PHI,2011-10-02,13:00,PHI,SF,REG
2011,4,2011_04_TEN_CLE,2011-10-02,13:00,CLE,TEN,REG
2011,4,2011_04_WAS_STL,2011-10-02,13:00,STL,WAS,REG
2011,5,2011_05_ARI_MIN,2011-10-09,13:00,MIN,ARI,REG
2011,5,2011_05_CHI_DET,2011-10-10,20:30,DET,CHI,REG
2011,5,2011_05_CIN_JAX,2011-10-09,13:00,JAX,CIN,REG
2011,5,2011_05_GB_ATL,2011-10-09,20:20,ATL,GB,REG
2011,5,2011_05_KC_IND,2011-10-09,13:00,IND,KC,REG
2011,5,2011_05_NO_CAR,2011-10-09,13:00,CAR,NO,REG
2011,5,2011_05_NYJ_NE,2011-10-09,16:15,NE,NYJ,REG
2011,5,2011_05_OAK_HOU,2011-10-09,13:00,HOU,OAK,REG
2011,5,2011_05_PHI_BUF,2011-10-09,13:00,BUF,PHI,REG
2011,5,2011_05_SD_DEN,2011-10-09,16:15,DEN,SD,REG
2011,5,2011_05_SEA_NYG,2011-10-09,13:00,NYG,SEA,REG
2011,5,2011_05_TB_SF,2011-10-09,16:05,SF,TB,REG
2011,5,2011_05_TEN_PIT,2011-10-09,13:00,PIT,TEN,REG
2011,6,2011_06_BUF_NYG,2011-10-16,13:00,NYG,BUF,REG
2011,6,2011_06_CAR_ATL,2011-10-16,13:00,ATL,CAR,REG
2011,6,2011_06_CLE_OAK,2011-10-16,16:05,OAK,CLE,REG
2011,6,2011_06_DAL_NE,2011-10-16,16:15,NE,DAL,REG
2011,6,2011_06_HOU_BAL,2011-10-16,16:05,BAL,HOU,REG
2011,6,2011_06_IND_CIN,2011-10-16,13:00,CIN,IND,REG
2011,6,2011_06_JAX_PIT,2011-10-16,13:00,PIT,JAX,REG
2011,6,2011_06_MIA_NYJ,2011-10-17,20:30,NYJ,MIA,REG
2011,6,2011_06_MIN_CHI,2011-10-16,20:20,CHI,MIN,REG
2011,6,2011_06_NO_TB,2011-10-16,16:15,TB,NO,REG
2011,6,2011_06_PHI_WAS,2011-10-16,13:00,WAS,PHI,REG
2011,6,2011_06_SF_DET,2011-10-16,13:00,DET,SF,REG
2011,6,2011_06_STL_GB,2011-10-16,13:00,GB,STL,REG
2011,7,2011_07_ATL_DET,2011-10-23,13:00,DET,ATL,REG
2011,7,2011_07_BAL_JAX,2011-10-24,20:30,JAX,BAL,REG
2011,7,2011_07_CHI_TB,2011-10-23,13:00,TB,CHI,REG
2011,7,2011_07_DEN_MIA,2011-10-23,13:00,MIA,DEN,REG
2011,7,2011_07_GB_MIN,2011-10-23,16:15,MIN,GB,REG
2011,7,2011_07_HOU_TEN,2011-10-23,13:00,TEN,HOU,REG
2011,7,2011_07_IND_NO,2011-10-23,20:20,NO,IND,REG
2011,7,2011_07_KC_OAK,2011-10-23,16:05,OAK,KC,REG
2011,7,2011_07_PIT_ARI,2011-10-23,16:05,ARI,PIT,REG
2011,7,2011_07_SD_NYJ,2011-10-23,13:00,NYJ,SD,REG
2011,7,2011_07_SEA_CLE,2011-10-23,13:00,CLE,SEA,REG
2011,7,2011_07_STL_DAL,2011-10-23,16:15,DAL,STL,REG
2011,7,2011_07_WAS_CAR,2011-10-23,13:00,CAR,WAS,REG
2011,8,2011_08_ARI_BAL,2011-10-30,13:00,BAL,ARI,REG
2011,8,2011_08_CIN_SEA,2011-10-30,16:15,SEA,CIN,REG
2011,8,2011_08_CLE_SF,2011-10-30,16:15,SF,CLE,REG
2011,8,2011_08_DAL_PHI,2011-10-30,20:20,PHI,DAL,REG
2011,8,2011_08_DET_DEN,2011-10-30,16:05,DEN,DET,REG
2011,8,2011_08_IND_TEN,2011-10-30,13:00,TEN,IND,REG
2011,8,2011_08_JAX_HOU,2011-10-30,13:00,HOU,JAX,REG
2011,8,2011_08_MIA_NYG,2011-10-30,13:00,NYG,MIA,REG
2011,8,2011_08_MIN_CAR,2011-10-30,13:00,CAR,MIN,REG
2011,8,2011_08_NE_PIT,2011-10-30,16:15,PIT,NE,REG
2011,8,2011_08_NO_STL,2011-10-30,13:00,STL,NO,REG
2011,8,2011_08_SD_KC,2011-10-31,20:30,KC,SD,REG
2011,8,2011_08_WAS_BUF,2011-10-30,16:05,BUF,WAS,REG
2011,9,2011_09_ATL_IND,2011-11-06,13:00,IND,ATL,REG
2011,9,2011_09_BAL_PIT,2011-11-06,20:20,PIT,BAL,REG
2011,9,2011_09_CHI_PHI,2011-11-07,20:30,PHI,CHI,REG
2011,9,2011_09_CIN_TEN,2011-11-06,16:05,TEN,CIN,REG
2011,9,2011_09_CLE_HOU,2011-11-06,13:00,HOU,CLE,REG
2011,9,2011_09_DEN_OAK,2011-11-06,16:05,OAK,DEN,REG
2011,9,2011_09_GB_SD,2011-11-06,16:15,SD,GB,REG
2011,9,2011_09_MIA_KC,2011-11-06,13:00,KC,MIA,REG
2011,9,2011_09_NYG_NE,2011-11-06,16:15,NE,NYG,REG
2011,9,2011_09_NYJ_BUF,2011-11-06,13:00,BUF,NYJ,REG
2011,9,2011_09_SEA_DAL,2011-11-06,13:00,DAL,SEA,REG
2011,9,2011_09_SF_WAS,2011-11-06,13:00,WAS,SF,REG
2011,9,2011_09_STL_ARI,2011-11-06,16:15,ARI,STL,REG
2011,9,2011_09_TB_NO,2011-11-06,13:00,NO,TB,REG
2011,10,2011_10_ARI_PHI,2011-11-13,13:00,PHI,ARI,REG
2011,10,2011_10_BAL_SEA,2011-11-13,16:05,SEA,BAL,REG
2011,10,2011_10_BUF_DAL,2011-11-13,13:00,DAL,BUF,REG
2011,10,2011_10_DEN_KC,2011-11-13,13:00,KC,DEN,REG
2011,10,2011_10_DET_CHI,2011-11-13,16:15,CHI,DET,REG
2011,10,2011_10_HOU_TB,2011-11-13,13:00,TB,HOU,REG
2011,10,2011_10_JAX_IND,2011-11-13,13:00,IND,JAX,REG
2011,10,2011_10_MIN_GB,2011-11-14,20:30,GB,MIN,REG
2011,10,2011_10_NE_NYJ,2011-11-13,20:20,NYJ,NE,REG
2011,10,2011_10_NO_ATL,2011-11-13,13:00,ATL,NO,REG
2011,10,2011_10_NYG_SF,2011-11-13,16:15,SF,NYG,REG
2011,10,2011_10_OAK_SD,2011-11-10,20:20,SD,OAK,REG
2011,10,2011_10_PIT_CIN,2011-11-13,13:00,CIN,PIT,REG
2011,10,2011_10_STL_CLE,2011-11-13,13:00,CLE,STL,REG
2011,10,2011_10_TEN_CAR,2011-11-13,13:00,CAR,TEN,REG
2011,10,2011_10_WAS_MIA,2011-11-13,13:00,MIA,WAS,REG
2011,11,2011_11_ARI_SF,2011-11-20,16:05,SF,ARI,REG
2011,11,2011_11_BUF_MIA,2011-11-20,13:00,MIA,BUF,REG
2011,11,2011_11_CAR_DET,2011-11-20,13:00,DET,CAR,REG
2011,11,2011_11_CIN_BAL,2011-11-20,13:00,BAL,CIN,REG
2011,11,2011_11_DAL_WAS,2011-11-20,13:00,WAS,DAL,REG
2011,11,2011_11_JAX_CLE,2011-11-20,13:00,CLE,JAX,REG
2011,11,2011_11_KC_NE,2011-11-21,20:30,NE,KC,REG
2011,11,2011_11_NYJ_DEN,2011-11-17,20:20,DEN,NYJ,REG
2011,11,2011_11_OAK_MIN,2011-11-20,13:00,MIN,OAK,REG
2011,11,2011_11_PHI_NYG,2011-11-20,20:20,NYG,PHI,REG
2011,11,2011_11_SD_CHI,2011-11-20,16:15,CHI,SD,REG
2011,11,2011_11_SEA_STL,2011-11-20,16:05,STL,SEA,REG
2011,11,2011_11_TB_GB,2011-11-20,13:00,GB,TB,REG
2011,11,2011_11_TEN_ATL,2011-11-20,16:15,ATL,TEN,REG
2011,12,2011_12_ARI_STL,2011-11-27,13:00,STL,ARI,REG
2011,12,2011_12_BUF_NYJ,2011-11-27,13:00,NYJ,BUF,REG
2011,12,2011_12_CAR_IND,2011-11-27,13:00,IND,CAR,REG
2011,12,2011_12_CHI_OAK,2011-11-27,16:05,OAK,CHI,REG
2011,12,2011_12_CLE_CIN,2011-11-27,13:00,CIN,CLE,REG
2011,12,2011_12_DEN_SD,2011-11-27,16:15,SD,DEN,REG
2011,12,2011_12_GB_DET,2011-11-24,12:30,DET,GB,REG
2011,12,2011_12_HOU_JAX,2011-11-27,13:00,JAX,HOU,REG
2011,12,2011_12_MIA_DAL,2011-11-24,16:15,DAL,MIA,REG
2011,12,2011_12_MIN_ATL,2011-11-27,13:00,ATL,MIN,REG
2011,12,2011_12_NE_PHI,2011-11-27,16:15,PHI,NE,REG
2011,12,2011_12_NYG_NO,2011-11-28,20:30,NO,NYG,REG
2011,12,2011_12_PIT_KC,2011-11-27,20:20,KC,PIT,REG
2011,12,2011_12_SF_BAL,2011-11-24,20:20,BAL,SF,REG
2011,12,2011_12_TB_TEN,2011-11-27,13:00,TEN,TB,REG
2011,12,2011_12_WAS_SEA,2011-11-27,16:05,SEA,WAS,REG
2011,13,2011_13_ATL_HOU,2011-12-04,13:00,HOU,ATL,REG
2011,13,2011_13_BAL_CLE,2011-12-04,16:05,CLE,BAL,REG
2011,13,2011_13_CAR_TB,2011-12-04,13:00,TB,CAR,REG
2011,13,2011_13_CIN_PIT,2011-12-04,13:00,PIT,CIN,REG
2011,13,2011_13_DAL_ARI,2011-12-04,16:15,ARI,DAL,REG
2011,13,2011_13_DEN_MIN,2011-12-04,13:00,MIN,DEN,REG
2011,13,2011_13_DET_NO,2011-12-04,20:20,NO,DET,REG
2011,13,2011_13_GB_NYG,2011-12-04,16:15,NYG,GB,REG
2011,13,2011_13_IND_NE,2011-12-04,13:00,NE,IND,REG
2011,13,2011_13_KC_CHI,2011-12-04,13:00,CHI,KC,REG
2011,13,2011_13_NYJ_WAS,2011-12-04,13:00,WAS,NYJ,REG
2011,13,2011_13_OAK_MIA,2011-12-04,13:00,MIA,OAK,REG
2011,13,2011_13_PHI_SEA,2011-12-01,20:20,SEA,PHI,REG
2011,13,2011_13_SD_JAX,2011-12-05,20:30,JAX,SD,REG
2011,13,2011_13_STL_SF,2011-12-04,16:15,SF,STL,REG
2011,13,2011_13_TEN_BUF,2011-12-04,13:00,BUF,TEN,REG
2011,14,2011_14_ATL_CAR,2011-12-11,13:00,CAR,ATL,REG
2011,14,2011_14_BUF_SD,2011-12-11,16:15,SD,BUF,REG
2011,14,2011_14_CHI_DEN,2011-12-11,16:05,DEN,CHI,REG
2011,14,2011_14_CLE_PIT,2011-12-08,20:20,PIT,CLE,REG
2011,14,2011_14_HOU_CIN,2011-12-11,13:00,CIN,HOU,REG
2011,14,2011_14_IND_BAL,2011-12-11,13:00,BAL,IND,REG
2011,14,2011_14_KC_NYJ,2011-12-11,13:00,NYJ,KC,REG
2011,14,2011_14_MIN_DET,2011-12-11,13:00,DET,MIN,REG
2011,14,2011_14_NE_WAS,2011-12-11,13:00,WAS,NE,REG
2011,14,2011_14_NO_TEN,2011-12-11,13:00,TEN,NO,REG
2011,14,2011_14_NYG_DAL,2011-12-11,20:20,DAL,NYG,REG
2011,14,2011_14_OAK_GB,2011-12-11,16:15,GB,OAK,REG
2011,14,2011_14_PHI_MIA,2011-12-11,13:00,MIA,PHI,REG
2011,14,2011_14_SF_ARI,2011-12-11,16:05,ARI,SF,REG
2011,14,2011_14_STL_SEA,2011-12-12,20:30,SEA,STL,REG
2011,14,2011_14_TB_JAX,2011-12-11,13:00,JAX,TB,REG
2011,15,2011_15_BAL_SD,2011-12-18,20:20,SD,BAL,REG
2011,15,2011_15_CAR_HOU,2011-12-18,13:00,HOU,CAR,REG
2011,15,2011_15_CIN_STL,2011-12-18,13:00,STL,CIN,REG
2011,15,2011_15_CLE_ARI,2011-12-18,16:15,ARI,CLE,REG
2011,15,2011_15_DAL_TB,2011-12-17,20:20,TB,DAL,REG
2011,15,2011_15_DET_OAK,2011-12-18,16:05,OAK,DET,REG
2011,15,2011_15_GB_KC,2011-12-18,13:00,KC,GB,REG
2011,15,2011_15_JAX_ATL,2011-12-15,20:20,ATL,JAX,REG
2011,15,2011_15_MIA_BUF,2011-12-18,13:00,BUF,MIA,REG
2011,15,2011_15_NE_DEN,2011-12-18,16:15,DEN,NE,REG
2011,15,2011_15_NO_MIN,2011-12-18,13:00,MIN,NO,REG
2011,15,2011_15_NYJ_PHI,2011-12-18,16:15,PHI,NYJ,REG
2011,15,2011_15_PIT_SF,2011-12-19,20:30,SF,PIT,REG
2011,15,2011_15_SEA_CHI,2011-12-18,13:00,CHI,SEA,REG
2011,15,2011_15_TEN_IND,2011-12-18,13:00,IND,TEN,REG
2011,15,2011_15_WAS_NYG,2011-12-18,13:00,NYG,WAS,REG
2011,16,2011_16_ARI_CIN,2011-12-24,13:00,CIN,ARI,REG
2011,16,2011_16_ATL_NO,2011-12-26,20:30,NO,ATL,REG
2011,16,2011_16_CHI_GB,2011-12-25,20:20,GB,CHI,REG
2011,16,2011_16_CLE_BAL,2011-12-24,13:00,BAL,CLE,REG
2011,16,2011_16_DEN_BUF,2011-12-24,13:00,BUF,DEN,REG
2011,16,2011_16_HOU_IND,2011-12-22,20:20,IND,HOU,REG
2011,16,2011_16_JAX_TEN,2011-12-24,13:00,TEN,JAX,REG
2011,16,2011_16_MIA_NE,2011-12-24,13:00,NE,MIA,REG
2011,16,2011_16_MIN_WAS,2011-12-24,13:00,WAS,MIN,REG
2011,16,2011_16_NYG_NYJ,2011-12-24,13:00,NYJ,NYG,REG
2011,16,2011_16_OAK_KC,2011-12-24,13:00,KC,OAK,REG
2011,16,2011_16_PHI_DAL,2011-12-24,16:15,DAL,PHI,REG
2011,16,2011_16_SD_DET,2011-12-24,16:05,DET,SD,REG
2011,16,2011_16_SF_SEA,2011-12-24,16:15,SEA,SF,REG
2011,16,2011_16_STL_PIT,2011-12-24,13:00,PIT,STL,REG
2011,16,2011_16_TB_CAR,2011-12-24,13:00,CAR,TB,REG
2011,17,2011_17_BAL_CIN,2012-01-01,16:15,CIN,BAL,REG
2011,17,2011_17_BUF_NE,2012-01-01,13:00,NE,BUF,REG
2011,17,2011_17_CAR_NO,2012-01-01,13:00,NO,CAR,REG
2011,17,2011_17_CHI_MIN,2012-01-01,13:00,MIN,CHI,REG
2011,17,2011_17_DAL_NYG,2012-01-01,20:20,NYG,DAL,REG
2011,17,2011_17_DET_GB,2012-01-01,13:00,GB,DET,REG
2011,17,2011_17_IND_JAX,2012-01-01,13:00,JAX,IND,REG
2011,17,2011_17_KC_DEN,2012-01-01,16:15,DEN,KC,REG
2011,17,2011_17_NYJ_MIA,2012-01-01,13:00,MIA,NYJ,REG
2011,17,2011_17_PIT_CLE,2012-01-01,16:15,CLE,PIT,REG
2011,17,2011_17_SD_OAK,2012-01-01,16:15,OAK,SD,REG
2011,17,2011_17_SEA_ARI,2012-01-01,16:15,ARI,SEA,REG
2011,17,2011_17_SF_STL,2012-01-01,13:00,STL,SF,REG
2011,17,2011_17_TB_ATL,2012-01-01,16:15,ATL,TB,REG
2011,17,2011_17_TEN_HOU,2012-01-01,13:00,HOU,TEN,REG
2011,17,2011_17_WAS_PHI,2012-01-01,13:00,PHI,WAS,REG
2011,18,2011_18_ATL_NYG,2012-01-08,13:00,NYG,ATL,WC
2011,18,2011_18_CIN_HOU,2012-01-07,16:30,HOU,CIN,WC
2011,18,2011_18_DET_NO,2012-01-07,20:00,NO,DET,WC
2011,18,2011_18_PIT_DEN,2012-01-08,16:30,DEN,PIT,WC
2011,19,2011_19_DEN_NE,2012-01-14,20:00,NE,DEN,DIV
2011,19,2011_19_HOU_BAL,2012-01-15,13:00,BAL,HOU,DIV
2011,19,2011_19_NO_SF,2012-01-14,16:30,SF,NO,DIV
2011,19,2011_19_NYG_GB,2012-01-15,16:30,GB,NYG,DIV
2011,20,2011_20_BAL_NE,2012-01-22,15:00,NE,BAL,CON
2011,20,2011_20_NYG_SF,2012-01-22,18:30,SF,NYG,CON
2011,21,2011_21_NYG_NE,2012-02-05,18:30,NE,NYG,SB
2012,1,2012_01_ATL_KC,2012-09-09,13:00,KC,ATL,REG
2012,1,2012_01_BUF_NYJ,2012-09-09,13:00,NYJ,BUF,REG
2012,1,2012_01_CAR_TB,2012-09-09,16:25,TB,CAR,REG
2012,1,2012_01_CIN_BAL,2012-09-10,19:00,BAL,CIN,REG
2012,1,2012_01_DAL_NYG,2012-09-05,20:30,NYG,DAL,REG
2012,1,2012_01_IND_CHI,2012-09-09,13:00,CHI,IND,REG
2012,1,2012_01_JAX_MIN,2012-09-09,13:00,MIN,JAX,REG
2012,1,2012_01_MIA_HOU,2012-09-09,13:00,HOU,MIA,REG
2012,1,2012_01_NE_TEN,2012-09-09,13:00,TEN,NE,REG
2012,1,2012_01_PHI_CLE,2012-09-09,13:00,CLE,PHI,REG
2012,1,2012_01_PIT_DEN,2012-09-09,20:20,DEN,PIT,REG
2012,1,2012_01_SD_OAK,2012-09-10,22:15,OAK,SD,REG
2012,1,2012_01_SEA_ARI,2012-09-09,16:25,ARI,SEA,REG
2012,1,2012_01_SF_GB,2012-09-09,16:25,GB,SF,REG
2012,1,2012_01_STL_DET,2012-09-09,13:00,DET,STL,REG
2012,1,2012_01_WAS_NO,2012-09-09,13:00,NO,WAS,REG
2012,2,2012_02_ARI_NE,2012-09-16,13:00,NE,ARI,REG
2012,2,2012_02_BAL_PHI,2012-09-16,13:00,PHI,BAL,REG
2012,2,2012_02_CHI_GB,2012-09-13,20:20,GB,CHI,REG
2012,2,2012_02_CLE_CIN,2012-09-16,13:00,CIN,CLE,REG
2012,2,2012_02_DAL_SEA,2012-09-16,16:05,SEA,DAL,REG
2012,2,2012_02_DEN_ATL,2012-09-17,20:30,ATL,DEN,REG
2012,2,2012_02_DET_SF,2012-09-16,20:20,SF,DET,REG
2012,2,2012_02_HOU_JAX,2012-09-16,13:00,JAX,HOU,REG
2012,2,2012_02_KC_BUF,2012-09-16,13:00,BUF,KC,REG
2012,2,2012_02_MIN_IND,2012-09-16,13:00,IND,MIN,REG
2012,2,2012_02_NO_CAR,2012-09-16,13:00,CAR,NO,REG
2012,2,2012_02_NYJ_PIT,2012-09-16,16:25,PIT,NYJ,REG
2012,2,2012_02_OAK_MIA,2012-09-16,13:00,MIA,OAK,REG
2012,2,2012_02_TB_NYG,2012-09-16,13:00,NYG,TB,REG
2012,2,2012_02_TEN_SD,2012-09-16,16:25,SD,TEN,REG
2012,2,2012_02_WAS_STL,2012-09-16,16:05,STL,WAS,REG
2012,3,2012_03_ATL_SD,2012-09-23,16:05,SD,ATL,REG
2012,3,2012_03_BUF_CLE,2012-09-23,13:00,CLE,BUF,REG
2012,3,2012_03_CIN_WAS,2012-09-23,13:00,WAS,CIN,REG
2012,3,2012_03_DET_TEN,2012-09-23,13:00,TEN,DET,REG
2012,3,2012_03_GB_SEA,2012-09-24,20:30,SEA,GB,REG
2012,3,2012_03_HOU_DEN,2012-09-23,16:25,DEN,HOU,REG
2012,3,2012_03_JAX_IND,2012-09-23,13:00,IND,JAX,REG
2012,3,2012_03_KC_NO,2012-09-23,13:00,NO,KC,REG
2012,3,2012_03_NE_BAL,2012-09-23,20:20,BAL,NE,REG
2012,3,2012_03_NYG_CAR,2012-09-20,20:20,CAR,NYG,REG
2012,3,2012_03_NYJ_MIA,2012-09-23,13:00,MIA,NYJ,REG
2012,3,2012_03_PHI_ARI,2012-09-23,16:05,ARI,PHI,REG
2012,3,2012_03_PIT_OAK,2012-09-23,16:25,OAK,PIT,REG
2012,3,2012_03_SF_MIN,2012-09-23,13:00,MIN,SF,REG
2012,3,2012_03_STL_CHI,2012-09-23,13:00,CHI,STL,REG
2012,3,2012_03_TB_DAL,2012-09-23,13:00,DAL,TB,REG
2012,4,2012_04_CAR_ATL,2012-09-30,13:00,ATL,CAR,REG
2012,4,2012_04_CHI_DAL,2012-10-01,20:30,DAL,CHI,REG
2012,4,2012_04_CIN_JAX,2012-09-30,16:05,JAX,CIN,REG
2012,4,2012_04_CLE_BAL,2012-09-27,20:20,BAL,CLE,REG
2012,4,2012_04_MIA_ARI,2012-09-30,16:05,ARI,MIA,REG
2012,4,2012_04_MIN_DET,2012-09-30,13:00,DET,MIN,REG
2012,4,2012_04_NE_BUF,2012-09-30,13:00,BUF,NE,REG
2012,4,2012_04_NO_GB,2012-09-30,16:25,GB,NO,REG
2012,4,2012_04_NYG_PHI,2012-09-30,20:20,PHI,NYG,REG
2012,4,2012_04_OAK_DEN,2012-09-30,16:05,DEN,OAK,REG
2012,4,2012_04_SD_KC,2012-09-30,13:00,KC,SD,REG
2012,4,2012_04_SEA_STL,2012-09-30,13:00,STL,SEA,REG
2012,4,2012_04_SF_NYJ,2012-09-30,13:00,NYJ,SF,REG
2012,4,2012_04_TEN_HOU,2012-09-30,13:00,HOU,TEN,REG
2012,4,2012_04_WAS_TB,2012-09-30,16:25,TB,WAS,REG
2012,5,2012_05_ARI_STL,2012-10-04,20:20,STL,ARI,REG
2012,5,2012_05_ATL_WAS,2012-10-07,13:00,WAS,ATL,REG
2012,5,2012_05_BAL_KC,2012-10-07,13:00,KC,BAL,REG
2012,5,2012_05_BUF_SF,2012-10-07,16:25,SF,BUF,REG
2012,5,2012_05_CHI_JAX,2012-10-07,16:05,JAX,CHI,REG
2012,5,2012_05_CLE_NYG,2012-10-07,13:00,NYG,CLE,REG
2012,5,2012_05_DEN_NE,2012-10-07,16:25,NE,DEN,REG
2012,5,2012_05_GB_IND,2012-10-07,13:00,IND,GB,REG
2012,5,2012_05_HOU_NYJ,2012-10-08,20:30,NYJ,HOU,REG
2012,5,2012_05_MIA_CIN,2012-10-07,13:00,CIN,MIA,REG
2012,5,2012_05_PHI_PIT,2012-10-07,13:00,PIT,PHI,REG
2012,5,2012_05_SD_NO,2012-10-07,20:20,NO,SD,REG
2012,5,2012_05_SEA_CAR,2012-10-07,16:05,CAR,SEA,REG
2012,5,2012_05_TEN_MIN,2012-10-07,16:15,MIN,TEN,REG
2012,6,2012_06_BUF_ARI,2012-10-14,16:05,ARI,BUF,REG
2012,6,2012_06_CIN_CLE,2012-10-14,13:00,CLE,CIN,REG
2012,6,2012_06_DAL_BAL,2012-10-14,13:00,BAL,DAL,REG
2012,6,2012_06_DEN_SD,2012-10-15,20:30,SD,DEN,REG
2012,6,2012_06_DET_PHI,2012-10-14,13:00,PHI,DET,REG
2012,6,2012_06_GB_HOU,2012-10-14,20:20,HOU,GB,REG
2012,6,2012_06_IND_NYJ,2012-10-14,13:00,NYJ,IND,REG
2012,6,2012_06_KC_TB,2012-10-14,13:00,TB,KC,REG
2012,6,2012_06_MIN_WAS,2012-10-14,16:25,WAS,MIN,REG
2012,6,2012_06_NE_SEA,2012-10-14,16:05,SEA,NE,REG
2012,6,2012_06_NYG_SF,2012-10-14,16:25,SF,NYG,REG
2012,6,2012_06_OAK_ATL,2012-10-14,13:00,ATL,OAK,REG
2012,6,2012_06_PIT_TEN,2012-10-11,20:20,TEN,PIT,REG
2012,6,2012_06_STL_MIA,2012-10-14,13:00,MIA,STL,REG
2012,7,2012_07_ARI_MIN,2012-10-21,13:00,MIN,ARI,REG
2012,7,2012_07_BAL_HOU,2012-10-21,13:00,HOU,BAL,REG
2012,7,2012_07_CLE_IND,2012-10-21,13:00,IND,CLE,REG
2012,7,2012_07_DAL_CAR,2012-10-21,13:00,CAR,DAL,REG
2012,7,2012_07_DET_CHI,2012-10-22,20:30,CHI,DET,REG
2012,7,2012_07_GB_STL,2012-10-21,13:00,STL,GB,REG
2012,7,2012_07_JAX_OAK,2012-10-21,16:25,OAK,JAX,REG
2012,7,2012_07_NO_TB,2012-10-21,13:00,TB,NO,REG
2012,7,2012_07_NYJ_NE,2012-10-21,16:25,NE,NYJ,REG
2012,7,2012_07_PIT_CIN,2012-10-21,20:20,CIN,PIT,REG
2012,7,2012_07_SEA_SF,2012-10-18,20:20,SF,SEA,REG
2012,7,2012_07_TEN_BUF,2012-10-21,13:00,BUF,TEN,REG
2012,7,2012_07_WAS_NYG,2012-10-21,13:00,NYG,WAS,REG
2012,8,2012_08_ATL_PHI,2012-10-28,13:00,PHI,ATL,REG
2012,8,2012_08_CAR_CHI,2012-10-28,13:00,CHI,CAR,REG
2012,8,2012_08_IND_TEN,2012-10-28,13:00,TEN,IND,REG
2012,8,2012_08_JAX_GB,2012-10-28,13:00,GB,JAX,REG
2012,8,2012_08_MIA_NYJ,2012-10-28,13:00,NYJ,MIA,REG
2012,8,2012_08_NE_STL,2012-10-28,13:00,STL,NE,REG
2012,8,2012_08_NO_DEN,2012-10-28,20:20,DEN,NO,REG
2012,8,2012_08_NYG_DAL,2012-10-28,16:25,DAL,NYG,REG
2012,8,2012_08_OAK_KC,2012-10-28,16:05,KC,OAK,REG
2012,8,2012_08_SD_CLE,2012-10-28,13:00,CLE,SD,REG
2012,8,2012_08_SEA_DET,2012-10-28,13:00,DET,SEA,REG
2012,8,2012_08_SF_ARI,2012-10-29,20:30,ARI,SF,REG
2012,8,2012_08_TB_MIN,2012-10-25,20:20,MIN,TB,REG
2012,8,2012_08_WAS_PIT,2012-10-28,13:00,PIT,WAS,REG
2012,9,2012_09_ARI_GB,2012-11-04,13:00,GB,ARI,REG
2012,9,2012_09_BAL_CLE,2012-11-04,13:00,CLE,BAL,REG
2012,9,2012_09_BUF_HOU,2012-11-04,13:00,HOU,BUF,REG
2012,9,2012_09_CAR_WAS,2012-11-04,13:00,WAS,CAR,REG
2012,9,2012_09_CHI_TEN,2012-11-04,13:00,TEN,CHI,REG
2012,9,2012_09_DAL_ATL,2012-11-04,20:20,ATL,DAL,REG
2012,9,2012_09_DEN_CIN,2012-11-04,13:00,CIN,DEN,REG
2012,9,2012_09_DET_JAX,2012-11-04,13:00,JAX,DET,REG
2012,9,2012_09_KC_SD,2012-11-01,20:20,SD,KC,REG
2012,9,2012_09_MIA_IND,2012-11-04,13:00,IND,MIA,REG
2012,9,2012_09_MIN_SEA,2012-11-04,16:05,SEA,MIN,REG
2012,9,2012_09_PHI_NO,2012-11-05,20:30,NO,PHI,REG
2012,9,2012_09_PIT_NYG,2012-11-04,16:25,NYG,PIT,REG
2012,9,2012_09_TB_OAK,2012-11-04,16:05,OAK,TB,REG
2012,10,2012_10_ATL_NO,2012-11-11,13:00,NO,ATL,REG
2012,10,2012_10_BUF_NE,2012-11-11,13:00,NE,BUF,REG
2012,10,2012_10_DAL_PHI,2012-11-11,16:25,PHI,DAL,REG
2012,10,2012_10_DEN_CAR,2012-11-11,13:00,CAR,DEN,REG
2012,10,2012_10_DET_MIN,2012-11-11,13:00,MIN,DET,REG
2012,10,2012_10_HOU_CHI,2012-11-11,20:20,CHI,HOU,REG
2012,10,2012_10_IND_JAX,2012-11-08,20:20,JAX,IND,REG
2012,10,2012_10_KC_PIT,2012-11-12,20:30,PIT,KC,REG
2012,10,2012_10_NYG_CIN,2012-11-11,13:00,CIN,NYG,REG
2012,10,2012_10_NYJ_SEA,2012-11-11,16:05,SEA,NYJ,REG
2012,10,2012_10_OAK_BAL,2012-11-11,13:00,BAL,OAK,REG
2012,10,2012_10_SD_TB,2012-11-11,13:00,TB,SD,REG
2012,10,2012_10_STL_SF,2012-11-11,16:25,SF,STL,REG
2012,10,2012_10_TEN_MIA,2012-11-11,13:00,MIA,TEN,REG
2012,11,2012_11_ARI_ATL,2012-11-18,13:00,ATL,ARI,REG
2012,11,2012_11_BAL_PIT,2012-11-18,20:20,PIT,BAL,REG
2012,11,2012_11_CHI_SF,2012-11-19,20:30,SF,CHI,REG
2012,11,2012_11_CIN_KC,2012-11-18,13:00,KC,CIN,REG
2012,11,2012_11_CLE_DAL,2012-11-18,13:00,DAL,CLE,REG
2012,11,2012_11_GB_DET,2012-11-18,13:00,DET,GB,REG
2012,11,2012_11_IND_NE,2012-11-18,16:25,NE,IND,REG
2012,11,2012_11_JAX_HOU,2012-11-18,13:00,HOU,JAX,REG
2012,11,2012_11_MIA_BUF,2012-11-15,20:20,BUF,MIA,REG
2012,11,2012_11_NO_OAK,2012-11-18,16:05,OAK,NO,REG
2012,11,2012_11_NYJ_STL,2012-11-18,13:00,STL,NYJ,REG
2012,11,2012_11_PHI_WAS,2012-11-18,13:00,WAS,PHI,REG
2012,11,2012_11_SD_DEN,2012-11-18,16:25,DEN,SD,REG
2012,11,2012_11_TB_CAR,2012-11-18,13:00,CAR,TB,REG
2012,12,2012_12_ATL_TB,2012-11-25,13:00,TB,ATL,REG
2012,12,2012_12_BAL_SD,2012-11-25,16:05,SD,BAL,REG
2012,12,2012_12_BUF_IND,2012-11-25,13:00,IND,BUF,REG
2012,12,2012_12_CAR_PHI,2012-11-26,20:30,PHI,CAR,REG
2012,12,2012_12_DEN_KC,2012-11-25,13:00,KC,DEN,REG
2012,12,2012_12_GB_NYG,2012-11-25,20:20,NYG,GB,REG
2012,12,2012_12_HOU_DET,2012-11-22,12:30,DET,HOU,REG
2012,12,2012_12_MIN_CHI,2012-11-25,13:00,CHI,MIN,REG
2012,12,2012_12_NE_NYJ,2012-11-22,20:20,NYJ,NE,REG
2012,12,2012_12_OAK_CIN,2012-11-25,13:00,CIN,OAK,REG
2012,12,2012_12_PIT_CLE,2012-11-25,13:00,CLE,PIT,REG
2012,12,2012_12_SEA_MIA,2012-11-25,13:00,MIA,SEA,REG
2012,12,2012_12_SF_NO,2012-11-25,16:25,NO,SF,REG
2012,12,2012_12_STL_ARI,2012-11-25,16:25,ARI,STL,REG
2012,12,2012_12_TEN_JAX,2012-11-25,13:00,JAX,TEN,REG
2012,12,2012_12_WAS_DAL,2012-11-22,16:15,DAL,WAS,REG
2012,13,2012_13_ARI_NYJ,2012-12-02,13:00,NYJ,ARI,REG
2012,13,2012_13_CAR_KC,2012-12-02,13:00,KC,CAR,REG
2012,13,2012_13_CIN_SD,2012-12-02,16:25,SD,CIN,REG
2012,13,2012_13_CLE_OAK,2012-12-02,16:25,OAK,CLE,REG
2012,13,2012_13_HOU_TEN,2012-12-02,13:00,TEN,HOU,REG
2012,13,2012_13_IND_DET,2012-12-02,13:00,DET,IND,REG
2012,13,2012_13_JAX_BUF,2012-12-02,13:00,BUF,JAX,REG
2012,13,2012_13_MIN_GB,2012-12-02,13:00,GB,MIN,REG
2012,13,2012_13_NE_MIA,2012-12-02,13:00,MIA,NE,REG
2012,13,2012_13_NO_ATL,2012-11-29,20:20,ATL,NO,REG
2012,13,2012_13_NYG_WAS,2012-12-03,20:30,WAS,NYG,REG
2012,13,2012_13_PHI_DAL,2012-12-02,20:20,DAL,PHI,REG
2012,13,2012_13_PIT_BAL,2012-12-02,16:25,BAL,PIT,REG
2012,13,2012_13_SEA_CHI,2012-12-02,13:00,CHI,SEA,REG
2012,13,2012_13_SF_STL,2012-12-02,13:00,STL,SF,REG
2012,13,2012_13_TB_DEN,2012-12-02,16:05,DEN,TB,REG
2012,14,2012_14_ARI_SEA,2012-12-09,16:25,SEA,ARI,REG
2012,14,2012_14_ATL_CAR,2012-12-09,13:00,CAR,ATL,REG
2012,14,2012_14_BAL_WAS,2012-12-09,13:00,WAS,BAL,REG
2012,14,2012_14_CHI_MIN,2012-12-09,13:00,MIN,CHI,REG
2012,14,2012_14_DAL_CIN,2012-12-09,13:00,CIN,DAL,REG
2012,14,2012_14_DEN_OAK,2012-12-06,20:20,OAK,DEN,REG
2012,14,2012_14_DET_GB,2012-12-09,20:20,GB,DET,REG
2012,14,2012_14_HOU_NE,2012-12-10,20:30,NE,HOU,REG
2012,14,2012_14_KC_CLE,2012-12-09,13:00,CLE,KC,REG
2012,14,2012_14_MIA_SF,2012-12-09,16:05,SF,MIA,REG
2012,14,2012_14_NO_NYG,2012-12-09,16:25,NYG,NO,REG
2012,14,2012_14_NYJ_JAX,2012-12-09,13:00,JAX,NYJ,REG
2012,14,2012_14_PHI_TB,2012-12-09,13:00,TB,PHI,REG
2012,14,2012_14_SD_PIT,2012-12-09,13:00,PIT,SD,REG
2012,14,2012_14_STL_BUF,2012-12-09,13:00,BUF,STL,REG
2012,14,2012_14_TEN_IND,2012-12-09,13:00,IND,TEN,REG
2012,15,2012_15_CAR_SD,2012-12-16,16:05,SD,CAR,REG
2012,15,2012_15_CIN_PHI,2012-12-13,20:20,PHI,CIN,REG
2012,15,2012_15_DEN_BAL,2012-12-16,13:00,BAL,DEN,REG
2012,15,2012_15_DET_ARI,2012-12-16,16:05,ARI,DET,REG
2012,15,2012_15_GB_CHI,2012-12-16,13:00,CHI,GB,REG
2012,15,2012_15_IND_HOU,2012-12-16,13:00,HOU,IND,REG
2012,15,2012_15_JAX_MIA,2012-12-16,13:00,MIA,JAX,REG
2012,15,2012_15_KC_OAK,2012-12-16,16:25,OAK,KC,REG
2012,15,2012_15_MIN_STL,2012-12-16,13:00,STL,MIN,REG
2012,15,2012_15_NYG_ATL,2012-12-16,13:00,ATL,NYG,REG
2012,15,2012_15_NYJ_TEN,2012-12-17,20:30,TEN,NYJ,REG
2012,15,2012_15_PIT_DAL,2012-12-16,16:25,DAL,PIT,REG
2012,15,2012_15_SEA_BUF,2012-12-16,16:05,BUF,SEA,REG
2012,15,2012_15_SF_NE,2012-12-16,20:20,NE,SF,REG
2012,15,2012_15_TB_NO,2012-12-16,13:00,NO,TB,REG
2012,15,2012_15_WAS_CLE,2012-12-16,13:00,CLE,WAS,REG
2012,16,2012_16_ATL_DET,2012-12-22,20:30,DET,ATL,REG
2012,16,2012_16_BUF_MIA,2012-12-23,13:00,MIA,BUF,REG
2012,16,2012_16_CHI_ARI,2012-12-23,16:25,ARI,CHI,REG
2012,16,2012_16_CIN_PIT,2012-12-23,13:00,PIT,CIN,REG
2012,16,2012_16_CLE_DEN,2012-12-23,16:05,DEN,CLE,REG
2012,16,2012_16_IND_KC,2012-12-23,13:00,KC,IND,REG
2012,16,2012_16_MIN_HOU,2012-12-23,13:00,HOU,MIN,REG
2012,16,2012_16_NE_JAX,2012-12-23,13:00,JAX,NE,REG
2012,16,2012_16_NO_DAL,2012-12-23,13:00,DAL,NO,REG
2012,16,2012_16_NYG_BAL,2012-12-23,16:25,BAL,NYG,REG
2012,16,2012_16_OAK_CAR,2012-12-23,13:00,CAR,OAK,REG
2012,16,2012_16_SD_NYJ,2012-12-23,13:00,NYJ,SD,REG
2012,16,2012_16_SF_SEA,2012-12-23,20:20,SEA,SF,REG
2012,16,2012_16_STL_TB,2012-12-23,13:00,TB,STL,REG
2012,16,2012_16_TEN_GB,2012-12-23,13:00,GB,TEN,REG
2012,16,2012_16_WAS_PHI,2012-12-23,13:00,PHI,WAS,REG
2012,17,2012_17_ARI_SF,2012-12-30,16:25,SF,ARI,REG
2012,17,2012_17_BAL_CIN,2012-12-30,13:00,CIN,BAL,REG
2012,17,2012_17_CAR_NO,2012-12-30,13:00,NO,CAR,REG
2012,17,2012_17_CHI_DET,2012-12-30,13:00,DET,CHI,REG
2012,17,2012_17_CLE_PIT,2012-12-30,13:00,PIT,CLE,REG
2012,17,2012_17_DAL_WAS,2012-12-30,20:20,WAS,DAL,REG
2012,17,2012_17_GB_MIN,2012-12-30,16:25,MIN,GB,REG
2012,17,2012_17_HOU_IND,2012-12-30,13:00,IND,HOU,REG
2012,17,2012_17_JAX_TEN,2012-12-30,13:00,TEN,JAX,REG
2012,17,2012_17_KC_DEN,2012-12-30,16:25,DEN,KC,REG
2012,17,2012_17_MIA_NE,2012-12-30,16:25,NE,MIA,REG
2012,17,2012_17_NYJ_BUF,2012-12-30,13:00,BUF,NYJ,REG
2012,17,2012_17_OAK_SD,2012-12-30,16:25,SD,OAK,REG
2012,17,2012_17_PHI_NYG,2012-12-30,13:00,NYG,PHI,REG
2012,17,2012_17_STL_SEA,2012-12-30,16:25,SEA,STL,REG
2012,17,2012_17_TB_ATL,2012-12-30,13:00,ATL,TB,REG
2012,18,2012_18_CIN_HOU,2013-01-05,16:30,HOU,CIN,WC
2012,18,2012_18_IND_BAL,2013-01-06,13:00,BAL,IND,WC
2012,18,2012_18_MIN_GB,2013-01-05,20:00,GB,MIN,WC
2012,18,2012_18_SEA_WAS,2013-01-06,16:30,WAS,SEA,WC
2012,19,2012_19_BAL_DEN,2013-01-12,16:30,DEN,BAL,DIV
2012,19,2012_19_GB_SF,2013-01-12,20:00,SF,GB,DIV
2012,19,2012_19_HOU_NE,2013-01-13,16:30,NE,HOU,DIV
2012,19,2012_19_SEA_ATL,2013-01-13,13:00,ATL,SEA,DIV
2012,20,2012_20_BAL_NE,2013-01-20,18:30,NE,BAL,CON
2012,20,2012_20_SF_ATL,2013-01-20,15:00,ATL,SF,CON
2012,21,2012_21_BAL_SF,2013-02-03,18:30,SF,BAL,SB
2013,1,2013_01_ARI_STL,2013-09-08,16:25,STL,ARI,REG
2013,1,2013_01_ATL_NO,2013-09-08,13:00,NO,ATL,REG
2013,1,2013_01_BAL_DEN,2013-09-05,20:30,DEN,BAL,REG
2013,1,2013_01_CIN_CHI,2013-09-08,13:00,CHI,CIN,REG
2013,1,2013_01_GB_SF,2013-09-08,16:25,SF,GB,REG
2013,1,2013_01_HOU_SD,2013-09-09,22:15,SD,HOU,REG
2013,1,2013_01_KC_JAX,2013-09-08,13:00,JAX,KC,REG
2013,1,2013_01_MIA_CLE,2013-09-08,13:00,CLE,MIA,REG
2013,1,2013_01_MIN_DET,2013-09-08,13:00,DET,MIN,REG
2013,1,2013_01_NE_BUF,2013-09-08,13:00,BUF,NE,REG
2013,1,2013_01_NYG_DAL,2013-09-08,20:30,DAL,NYG,REG
2013,1,2013_01_OAK_IND,2013-09-08,13:00,IND,OAK,REG
2013,1,2013_01_PHI_WAS,2013-09-09,19:00,WAS,PHI,REG
2013,1,2013_01_SEA_CAR,2013-09-08,13:00,CAR,SEA,REG
2013,1,2013_01_TB_NYJ,2013-09-08,13:00,NYJ,TB,REG
2013,1,2013_01_TEN_PIT,2013-09-08,13:00,PIT,TEN,REG
2013,2,2013_02_CAR_BUF,2013-09-15,13:00,BUF,CAR,REG
2013,2,2013_02_CLE_BAL,2013-09-15,13:00,BAL,CLE,REG
2013,2,2013_02_DAL_KC,2013-09-15,13:00,KC,DAL,REG
2013,2,2013_02_DEN_NYG,2013-09-15,16:25,NYG,DEN,REG
2013,2,2013_02_DET_ARI,2013-09-15,16:05,ARI,DET,REG
2013,2,2013_02_JAX_OAK,2013-09-15,16:25,OAK,JAX,REG
2013,2,2013_02_MIA_IND,2013-09-15,13:00,IND,MIA,REG
2013,2,2013_02_MIN_CHI,2013-09-15,13:00,CHI,MIN,REG
2013,2,2013_02_NO_TB,2013-09-15,16:05,TB,NO,REG
2013,2,2013_02_NYJ_NE,2013-09-12,20:25,NE,NYJ,REG
2013,2,2013_02_PIT_CIN,2013-09-16,20:30,CIN,PIT,REG
2013,2,2013_02_SD_PHI,2013-09-15,13:00,PHI,SD,REG
2013,2,2013_02_SF_SEA,2013-09-15,20:30,SEA,SF,REG
2013,2,2013_02_STL_ATL,2013-09-15,13:00,ATL,STL,REG
2013,2,2013_02_TEN_HOU,2013-09-15,13:00,HOU,TEN,REG
2013,2,2013_02_WAS_GB,2013-09-15,13:00,GB,WAS,REG
2013,3,2013_03_ARI_NO,2013-09-22,13:00,NO,ARI,REG
2013,3,2013_03_ATL_MIA,2013-09-22,16:05,MIA,ATL,REG
2013,3,2013_03_BUF_NYJ,2013-09-22,16:25,NYJ,BUF,REG
2013,3,2013_03_CHI_PIT,2013-09-22,20:30,PIT,CHI,REG
2013,3,2013_03_CLE_MIN,2013-09-22,13:00,MIN,CLE,REG
2013,3,2013_03_DET_WAS,2013-09-22,13:00,WAS,DET,REG
2013,3,2013_03_GB_CIN,2013-09-22,13:00,CIN,GB,REG
2013,3,2013_03_HOU_BAL,2013-09-22,13:00,BAL,HOU,REG
2013,3,2013_03_IND_SF,2013-09-22,16:25,SF,IND,REG
2013,3,2013_03_JAX_SEA,2013-09-22,16:25,SEA,JAX,REG
2013,3,2013_03_KC_PHI,2013-09-19,20:25,PHI,KC,REG
2013,3,2013_03_NYG_CAR,2013-09-22,13:00,CAR,NYG,REG
2013,3,2013_03_OAK_DEN,2013-09-23,20:30,DEN,OAK,REG
2013,3,2013_03_SD_TEN,2013-09-22,13:00,TEN,SD,REG
2013,3,2013_03_STL_DAL,2013-09-22,13:00,DAL,STL,REG
2013,3,2013_03_TB_NE,2013-09-22,13:00,NE,TB,REG
2013,4,2013_04_ARI_TB,2013-09-29,13:00,TB,ARI,REG
2013,4,2013_04_BAL_BUF,2013-09-29,13:00,BUF,BAL,REG
2013,4,2013_04_CHI_DET,2013-09-29,13:00,DET,CHI,REG
2013,4,2013_04_CIN_CLE,2013-09-29,13:00,CLE,CIN,REG
2013,4,2013_04_DAL_SD,2013-09-29,16:25,SD,DAL,REG
2013,4,2013_04_IND_JAX,2013-09-29,13:00,JAX,IND,REG
2013,4,2013_04_MIA_NO,2013-09-30,20:30,NO,MIA,REG
2013,4,2013_04_NE_ATL,2013-09-29,20:30,ATL,NE,REG
2013,4,2013_04_NYG_KC,2013-09-29,13:00,KC,NYG,REG
2013,4,2013_04_NYJ_TEN,2013-09-29,16:05,TEN,NYJ,REG
2013,4,2013_04_PHI_DEN,2013-09-29,16:25,DEN,PHI,REG
2013,4,2013_04_PIT_MIN,2013-09-29,13:00,MIN,PIT,REG
2013,4,2013_04_SEA_HOU,2013-09-29,13:00,HOU,SEA,REG
2013,4,2013_04_SF_STL,2013-09-26,20:25,STL,SF,REG
2013,4,2013_04_WAS_OAK,2013-09-29,16:25,OAK,WAS,REG
2013,5,2013_05_BAL_MIA,2013-10-06,13:00,MIA,BAL,REG
2013,5,2013_05_BUF_CLE,2013-10-03,20:25,CLE,BUF,REG
2013,5,2013_05_CAR_ARI,2013-10-06,16:05,ARI,CAR,REG
2013,5,2013_05_DEN_DAL,2013-10-06,16:25,DAL,DEN,REG
2013,5,2013_05_DET_GB,2013-10-06,13:00,GB,DET,REG
2013,5,2013_05_HOU_SF,2013-10-06,20:30,SF,HOU,REG
2013,5,2013_05_JAX_STL,2013-10-06,13:00,STL,JAX,REG
2013,5,2013_05_KC_TEN,2013-10-06,13:00,TEN,KC,REG
2013,5,2013_05_NE_CIN,2013-10-06,13:00,CIN,NE,REG
2013,5,2013_05_NO_CHI,2013-10-06,13:00,CHI,NO,REG
2013,5,2013_05_NYJ_ATL,2013-10-07,20:30,ATL,NYJ,REG
2013,5,2013_05_PHI_NYG,2013-10-06,13:00,NYG,PHI,REG
2013,5,2013_05_SD_OAK,2013-10-06,23:30,OAK,SD,REG
2013,5,2013_05_SEA_IND,2013-10-06,13:00,IND,SEA,REG
2013,6,2013_06_ARI_SF,2013-10-13,16:25,SF,ARI,REG
2013,6,2013_06_CAR_MIN,2013-10-13,13:00,MIN,CAR,REG
2013,6,2013_06_CIN_BUF,2013-10-13,13:00,BUF,CIN,REG
2013,6,2013_06_DET_CLE,2013-10-13,13:00,CLE,DET,REG
2013,6,2013_06_GB_BAL,2013-10-13,13:00,BAL,GB,REG
2013,6,2013_06_IND_SD,2013-10-14,20:30,SD,IND,REG
2013,6,2013_06_JAX_DEN,2013-10-13,16:05,DEN,JAX,REG
2013,6,2013_06_NO_NE,2013-10-13,16:25,NE,NO,REG
2013,6,2013_06_NYG_CHI,2013-10-10,20:25,CHI,NYG,REG
2013,6,2013_06_OAK_KC,2013-10-13,13:00,KC,OAK,REG
2013,6,2013_06_PHI_TB,2013-10-13,13:00,TB,PHI,REG
2013,6,2013_06_PIT_NYJ,2013-10-13,13:00,NYJ,PIT,REG
2013,6,2013_06_STL_HOU,2013-10-13,13:00,HOU,STL,REG
2013,6,2013_06_TEN_SEA,2013-10-13,16:05,SEA,TEN,REG
2013,6,2013_06_WAS_DAL,2013-10-13,20:30,DAL,WAS,REG
2013,7,2013_07_BAL_PIT,2013-10-20,16:25,PIT,BAL,REG
2013,7,2013_07_BUF_MIA,2013-10-20,13:00,MIA,BUF,REG
2013,7,2013_07_CHI_WAS,2013-10-20,13:00,WAS,CHI,REG
2013,7,2013_07_CIN_DET,2013-10-20,13:00,DET,CIN,REG
2013,7,2013_07_CLE_GB,2013-10-20,16:25,GB,CLE,REG
2013,7,2013_07_DAL_PHI,2013-10-20,13:00,PHI,DAL,REG
2013,7,2013_07_DEN_IND,2013-10-20,20:30,IND,DEN,REG
2013,7,2013_07_HOU_KC,2013-10-20,16:25,KC,HOU,REG
2013,7,2013_07_MIN_NYG,2013-10-21,20:30,NYG,MIN,REG
2013,7,2013_07_NE_NYJ,2013-10-20,13:00,NYJ,NE,REG
2013,7,2013_07_SD_JAX,2013-10-20,13:00,JAX,SD,REG
2013,7,2013_07_SEA_ARI,2013-10-17,20:25,ARI,SEA,REG
2013,7,2013_07_SF_TEN,2013-10-20,16:05,TEN,SF,REG
2013,7,2013_07_STL_CAR,2013-10-20,13:00,CAR,STL,REG
2013,7,2013_07_TB_ATL,2013-10-20,13:00,ATL,TB,REG
2013,8,2013_08_ATL_ARI,2013-10-27,16:25,ARI,ATL,REG
2013,8,2013_08_BUF_NO,2013-10-27,13:00,NO,BUF,REG
2013,8,2013_08_CAR_TB,2013-10-24,20:25,TB,CAR,REG
2013,8,2013_08_CLE_KC,2013-10-27,13:00,KC,CLE,REG
2013,8,2013_08_DAL_DET,2013-10-27,13:00,DET,DAL,REG
2013,8,2013_08_GB_MIN,2013-10-27,20:30,MIN,GB,REG
2013,8,2013_08_MIA_NE,2013-10-27,13:00,NE,MIA,REG
2013,8,2013_08_NYG_PHI,2013-10-27,13:00,PHI,NYG,REG
2013,8,2013_08_NYJ_CIN,2013-10-27,16:05,CIN,NYJ,REG
2013,8,2013_08_PIT_OAK,2013-10-27,16:05,OAK,PIT,REG
2013,8,2013_08_SEA_STL,2013-10-28,20:30,STL,SEA,REG
2013,8,2013_08_SF_JAX,2013-10-27,13:00,JAX,SF,REG
2013,8,2013_08_WAS_DEN,2013-10-27,16:25,DEN,WAS,REG
2013,9,2013_09_ATL_CAR,2013-11-03,13:00,CAR,ATL,REG
2013,9,2013_09_BAL_CLE,2013-11-03,16:25,CLE,BAL,REG
2013,9,2013_09_CHI_GB,2013-11-04,20:30,GB,CHI,REG
2013,9,2013_09_CIN_MIA,2013-10-31,20:25,MIA,CIN,REG
2013,9,2013_09_IND_HOU,2013-11-03,20:30,HOU,IND,REG
2013,9,2013_09_KC_BUF,2013-11-03,13:00,BUF,KC,REG
2013,9,2013_09_MIN_DAL,2013-11-03,13:00,DAL,MIN,REG
2013,9,2013_09_NO_NYJ,2013-11-03,13:00,NYJ,NO,REG
2013,9,2013_09_PHI_OAK,2013-11-03,16:05,OAK,PHI,REG
2013,9,2013_09_PIT_NE,2013-11-03,16:25,NE,PIT,REG
2013,9,2013_09_SD_WAS,2013-11-03,13:00,WAS,SD,REG
2013,9,2013_09_TB_SEA,2013-11-03,16:05,SEA,TB,REG
2013,9,2013_09_TEN_STL,2013-11-03,13:00,STL,TEN,REG
2013,10,2013_10_BUF_PIT,2013-11-10,13:00,PIT,BUF,REG
2013,10,2013_10_CAR_SF,2013-11-10,16:05,SF,CAR,REG
2013,10,2013_10_CIN_BAL,2013-11-10,13:00,BAL,CIN,REG
2013,10,2013_10_DAL_NO,2013-11-10,20:30,NO,DAL,REG
2013,10,2013_10_DEN_SD,2013-11-10,16:25,SD,DEN,REG
2013,10,2013_10_DET_CHI,2013-11-10,13:00,CHI,DET,REG
2013,10,2013_10_HOU_ARI,2013-11-10,16:25,ARI,HOU,REG
2013,10,2013_10_JAX_TEN,2013-11-10,13:00,TEN,JAX,REG
2013,10,2013_10_MIA_TB,2013-11-11,20:30,TB,MIA,REG
2013,10,2013_10_OAK_NYG,2013-11-10,13:00,NYG,OAK,REG
2013,10,2013_10_PHI_GB,2013-11-10,13:00,GB,PHI,REG
2013,10,2013_10_SEA_ATL,2013-11-10,13:00,ATL,SEA,REG
2013,10,2013_10_STL_IND,2013-11-10,13:00,IND,STL,REG
2013,10,2013_10_WAS_MIN,2013-11-07,20:25,MIN,WAS,REG
2013,11,2013_11_ARI_JAX,2013-11-17,13:00,JAX,ARI,REG
2013,11,2013_11_ATL_TB,2013-11-17,13:00,TB,ATL,REG
2013,11,2013_11_BAL_CHI,2013-11-17,13:00,CHI,BAL,REG
2013,11,2013_11_CLE_CIN,2013-11-17,13:00,CIN,CLE,REG
2013,11,2013_11_DET_PIT,2013-11-17,13:00,PIT,DET,REG
2013,11,2013_11_GB_NYG,2013-11-17,16:25,NYG,GB,REG
2013,11,2013_11_IND_TEN,2013-11-14,20:25,TEN,IND,REG
2013,11,2013_11_KC_DEN,2013-11-17,20:30,DEN,KC,REG
2013,11,2013_11_MIN_SEA,2013-11-17,16:25,SEA,MIN,REG
2013,11,2013_11_NE_CAR,2013-11-18,20:30,CAR,NE,REG
2013,11,2013_11_NYJ_BUF,2013-11-17,13:00,BUF,NYJ,REG
2013,11,2013_11_OAK_HOU,2013-11-17,13:00,HOU,OAK,REG
2013,11,2013_11_SD_MIA,2013-11-17,16:05,MIA,SD,REG
2013,11,2013_11_SF_NO,2013-11-17,16:25,NO,SF,REG
2013,11,2013_11_WAS_PHI,2013-11-17,13:00,PHI,WAS,REG
2013,12,2013_12_CAR_MIA,2013-11-24,13:00,MIA,CAR,REG
2013,12,2013_12_CHI_STL,2013-11-24,13:00,STL,CHI,REG
2013,12,2013_12_DAL_NYG,2013-11-24,16:25,NYG,DAL,REG
2013,12,2013_12_DEN_NE,2013-11-24,20:30,NE,DEN,REG
2013,12,2013_12_IND_ARI,2013-11-24,16:05,ARI,IND,REG
2013,12,2013_12_JAX_HOU,2013-11-24,13:00,HOU,JAX,REG
2013,12,2013_12_MIN_GB,2013-11-24,13:00,GB,MIN,REG
2013,12,2013_12_NO_ATL,2013-11-21,20:25,ATL,NO,REG
2013,12,2013_12_NYJ_BAL,2013-11-24,13:00,BAL,NYJ,REG
2013,12,2013_12_PIT_CLE,2013-11-24,13:00,CLE,PIT,REG
2013,12,2013_12_SD_KC,2013-11-24,13:00,KC,SD,REG
2013,12,2013_12_SF_WAS,2013-11-25,20:30,WAS,SF,REG
2013,12,2013_12_TB_DET,2013-11-24,13:00,DET,TB,REG
2013,12,2013_12_TEN_OAK,2013-11-24,16:05,OAK,TEN,REG
2013,13,2013_13_ARI_PHI,2013-12-01,13:00,PHI,ARI,REG
2013,13,2013_13_ATL_BUF,2013-12-01,16:05,BUF,ATL,REG
2013,13,2013_13_CHI_MIN,2013-12-01,13:00,MIN,CHI,REG
2013,13,2013_13_CIN_SD,2013-12-01,16:25,SD,CIN,REG
2013,13,2013_13_DEN_KC,2013-12-01,16:25,KC,DEN,REG
2013,13,2013_13_GB_DET,2013-11-28,12:30,DET,GB,REG
2013,13,2013_13_JAX_CLE,2013-12-01,13:00,CLE,JAX,REG
2013,13,2013_13_MIA_NYJ,2013-12-01,13:00,NYJ,MIA,REG
2013,13,2013_13_NE_HOU,2013-12-01,13:00,HOU,NE,REG
2013,13,2013_13_NO_SEA,2013-12-02,20:30,SEA,NO,REG
2013,13,2013_13_NYG_WAS,2013-12-01,20:30,WAS,NYG,REG
2013,13,2013_13_OAK_DAL,2013-11-28,16:30,DAL,OAK,REG
2013,13,2013_13_PIT_BAL,2013-11-28,20:30,BAL,PIT,REG
2013,13,2013_13_STL_SF,2013-12-01,16:05,SF,STL,REG
2013,13,2013_13_TB_CAR,2013-12-01,13:00,CAR,TB,REG
2013,13,2013_13_TEN_IND,2013-12-01,13:00,IND,TEN,REG
2013,14,2013_14_ATL_GB,2013-12-08,13:00,GB,ATL,REG
2013,14,2013_14_BUF_TB,2013-12-08,13:00,TB,BUF,REG
2013,14,2013_14_CAR_NO,2013-12-08,20:30,NO,CAR,REG
2013,14,2013_14_CLE_NE,2013-12-08,13:00,NE,CLE,REG
2013,14,2013_14_DAL_CHI,2013-12-09,20:30,CHI,DAL,REG
2013,14,2013_14_DET_PHI,2013-12-08,13:00,PHI,DET,REG
2013,14,2013_14_HOU_JAX,2013-12-05,20:25,JAX,HOU,REG
2013,14,2013_14_IND_CIN,2013-12-08,13:00,CIN,IND,REG
2013,14,2013_14_KC_WAS,2013-12-08,13:00,WAS,KC,REG
2013,14,2013_14_MIA_PIT,2013-12-08,13:00,PIT,MIA,REG
2013,14,2013_14_MIN_BAL,2013-12-08,13:00,BAL,MIN,REG
2013,14,2013_14_NYG_SD,2013-12-08,16:25,SD,NYG,REG
2013,14,2013_14_OAK_NYJ,2013-12-08,13:00,NYJ,OAK,REG
2013,14,2013_14_SEA_SF,2013-12-08,16:25,SF,SEA,REG
2013,14,2013_14_STL_ARI,2013-12-08,16:25,ARI,STL,REG
2013,14,2013_14_TEN_DEN,2013-12-08,16:05,DEN,TEN,REG
2013,15,2013_15_ARI_TEN,2013-12-15,16:25,TEN,ARI,REG
2013,15,2013_15_BAL_DET,2013-12-16,20:30,DET,BAL,REG
2013,15,2013_15_BUF_JAX,2013-12-15,13:00,JAX,BUF,REG
2013,15,2013_15_CHI_CLE,2013-12-15,13:00,CLE,CHI,REG
2013,15,2013_15_CIN_PIT,2013-12-15,20:30,PIT,CIN,REG
2013,15,2013_15_GB_DAL,2013-12-15,16:25,DAL,GB,REG
2013,15,2013_15_HOU_IND,2013-12-15,13:00,IND,HOU,REG
2013,15,2013_15_KC_OAK,2013-12-15,16:05,OAK,KC,REG
2013,15,2013_15_NE_MIA,2013-12-15,13:00,MIA,NE,REG
2013,15,2013_15_NO_STL,2013-12-15,16:25,STL,NO,REG
2013,15,2013_15_NYJ_CAR,2013-12-15,16:05,CAR,NYJ,REG
2013,15,2013_15_PHI_MIN,2013-12-15,13:00,MIN,PHI,REG
2013,15,2013_15_SD_DEN,2013-12-12,20:25,DEN,SD,REG
2013,15,2013_15_SEA_NYG,2013-12-15,13:00,NYG,SEA,REG
2013,15,2013_15_SF_TB,2013-12-15,13:00,TB,SF,REG
2013,15,2013_15_WAS_ATL,2013-12-15,13:00,ATL,WAS,REG
2013,16,2013_16_ARI_SEA,2013-12-22,16:05,SEA,ARI,REG
2013,16,2013_16_ATL_SF,2013-12-23,20:30,SF,ATL,REG
2013,16,2013_16_CHI_PHI,2013-12-22,20:30,PHI,CHI,REG
2013,16,2013_16_CLE_NYJ,2013-12-22,13:00,NYJ,CLE,REG
2013,16,2013_16_DAL_WAS,2013-12-22,13:00,WAS,DAL,REG
2013,16,2013_16_DEN_HOU,2013-12-22,13:00,HOU,DEN,REG
2013,16,2013_16_IND_KC,2013-12-22,13:00,KC,IND,REG
2013,16,2013_16_MIA_BUF,2013-12-22,13:00,BUF,MIA,REG
2013,16,2013_16_MIN_CIN,2013-12-22,13:00,CIN,MIN,REG
2013,16,2013_16_NE_BAL,2013-12-22,16:25,BAL,NE,REG
2013,16,2013_16_NO_CAR,2013-12-22,13:00,CAR,NO,REG
2013,16,2013_16_NYG_DET,2013-12-22,16:05,DET,NYG,REG
2013,16,2013_16_OAK_SD,2013-12-22,16:25,SD,OAK,REG
2013,16,2013_16_PIT_GB,2013-12-22,16:25,GB,PIT,REG
2013,16,2013_16_TB_STL,2013-12-22,13:00,STL,TB,REG
2013,16,2013_16_TEN_JAX,2013-12-22,13:00,JAX,TEN,REG
2013,17,2013_17_BAL_CIN,2013-12-29,13:00,CIN,BAL,REG
2013,17,2013_17_BUF_NE,2013-12-29,16:25,NE,BUF,REG
2013,17,2013_17_CAR_ATL,2013-12-29,13:00,ATL,CAR,REG
2013,17,2013_17_CLE_PIT,2013-12-29,13:00,PIT,CLE,REG
2013,17,2013_17_DEN_OAK,2013-12-29,16:25,OAK,DEN,REG
2013,17,2013_17_DET_MIN,2013-12-29,13:00,MIN,DET,REG
2013,17,2013_17_GB_CHI,2013-12-29,16:25,CHI,GB,REG
2013,17,2013_17_HOU_TEN,2013-12-29,13:00,TEN,HOU,REG
2013,17,2013_17_JAX_IND,2013-12-29,13:00,IND,JAX,REG
2013,17,2013_17_KC_SD,2013-12-29,16:25,SD,KC,REG
2013,17,2013_17_NYJ_MIA,2013-12-29,13:00,MIA,NYJ,REG
2013,17,2013_17_PHI_DAL,2013-12-29,20:30,DAL,PHI,REG
2013,17,2013_17_SF_ARI,2013-12-29,16:25,ARI,SF,REG
2013,17,2013_17_STL_SEA,2013-12-29,16:25,SEA,STL,REG
2013,17,2013_17_TB_NO,2013-12-29,16:25,NO,TB,REG
2013,17,2013_17_WAS_NYG,2013-12-29,13:00,NYG,WAS,REG
2013,18,2013_18_KC_IND,2014-01-04,16:35,IND,KC,WC
2013,18,2013_18_NO_PHI,2014-01-04,20:10,PHI,NO,WC
2013,18,2013_18_SD_CIN,2014-01-05,13:05,CIN,SD,WC
2013,18,2013_18_SF_GB,2014-01-05,16:40,GB,SF,WC
2013,19,2013_19_IND_NE,2014-01-11,20:15,NE,IND,DIV
2013,19,2013_19_NO_SEA,2014-01-11,16:35,SEA,NO,DIV
2013,19,2013_19_SD_DEN,2014-01-12,16:40,DEN,SD,DIV
2013,19,2013_19_SF_CAR,2014-01-12,13:05,CAR,SF,DIV
2013,20,2013_20_NE_DEN,2014-01-19,15:00,DEN,NE,CON
2013,20,2013_20_SF_SEA,2014-01-19,18:30,SEA,SF,CON
2013,21,2013_21_SEA_DEN,2014-02-02,18:25,DEN,SEA,SB
2014,1,2014_01_BUF_CHI,2014-09-07,13:00,CHI,BUF,REG
2014,1,2014_01_CAR_TB,2014-09-07,16:25,TB,CAR,REG
2014,1,2014_01_CIN_BAL,2014-09-07,13:00,BAL,CIN,REG
2014,1,2014_01_CLE_PIT,2014-09-07,13:00,PIT,CLE,REG
2014,1,2014_01_GB_SEA,2014-09-04,20:30,SEA,GB,REG
2014,1,2014_01_IND_DEN,2014-09-07,20:30,DEN,IND,REG
2014,1,2014_01_JAX_PHI,2014-09-07,13:00,PHI,JAX,REG
2014,1,2014_01_MIN_STL,2014-09-07,13:00,STL,MIN,REG
2014,1,2014_01_NE_MIA,2014-09-07,13:00,MIA,NE,REG
2014,1,2014_01_NO_ATL,2014-09-07,13:00,ATL,NO,REG
2014,1,2014_01_NYG_DET,2014-09-08,19:10,DET,NYG,REG
2014,1,2014_01_OAK_NYJ,2014-09-07,13:00,NYJ,OAK,REG
2014,1,2014_01_SD_ARI,2014-09-08,21:20,ARI,SD,REG
2014,1,2014_01_SF_DAL,2014-09-07,16:25,DAL,SF,REG
2014,1,2014_01_TEN_KC,2014-09-07,13:00,KC,TEN,REG
2014,1,2014_01_WAS_HOU,2014-09-07,13:00,HOU,WAS,REG
2014,2,2014_02_ARI_NYG,2014-09-14,13:00,NYG,ARI,REG
2014,2,2014_02_ATL_CIN,2014-09-14,13:00,CIN,ATL,REG
2014,2,2014_02_CHI_SF,2014-09-14,20:30,SF,CHI,REG
2014,2,2014_02_DAL_TEN,2014-09-14,13:00,TEN,DAL,REG
2014,2,2014_02_DET_CAR,2014-09-14,13:00,CAR,DET,REG
2014,2,2014_02_HOU_OAK,2014-09-14,16:25,OAK,HOU,REG
2014,2,2014_02_JAX_WAS,2014-09-14,13:00,WAS,JAX,REG
2014,2,2014_02_KC_DEN,2014-09-14,16:25,DEN,KC,REG
2014,2,2014_02_MIA_BUF,2014-09-14,13:00,BUF,MIA,REG
2014,2,2014_02_NE_MIN,2014-09-14,13:00,MIN,NE,REG
2014,2,2014_02_NO_CLE,2014-09-14,13:00,CLE,NO,REG
2014,2,2014_02_NYJ_GB,2014-09-14,16:25,GB,NYJ,REG
2014,2,2014_02_PHI_IND,2014-09-15,20:30,IND,PHI,REG
2014,2,2014_02_PIT_BAL,2014-09-11,20:25,BAL,PIT,REG
2014,2,2014_02_SEA_SD,2014-09-14,16:05,SD,SEA,REG
2014,2,2014_02_STL_TB,2014-09-14,16:05,TB,STL,REG
2014,3,2014_03_BAL_CLE,2014-09-21,13:00,CLE,BAL,REG
2014,3,2014_03_CHI_NYJ,2014-09-22,20:30,NYJ,CHI,REG
2014,3,2014_03_DAL_STL,2014-09-21,13:00,STL,DAL,REG
2014,3,2014_03_DEN_SEA,2014-09-21,16:25,SEA,DEN,REG
2014,3,2014_03_GB_DET,2014-09-21,13:00,DET,GB,REG
2014,3,2014_03_HOU_NYG,2014-09-21,13:00,NYG,HOU,REG
2014,3,2014_03_IND_JAX,2014-09-21,13:00,JAX,IND,REG
2014,3,2014_03_KC_MIA,2014-09-21,16:25,MIA,KC,REG
2014,3,2014_03_MIN_NO,2014-09-21,13:00,NO,MIN,REG
2014,3,2014_03_OAK_NE,2014-09-21,13:00,NE,OAK,REG
2014,3,2014_03_PIT_CAR,2014-09-21,20:30,CAR,PIT,REG
2014,3,2014_03_SD_BUF,2014-09-21,13:00,BUF,SD,REG
2014,3,2014_03_SF_ARI,2014-09-21,16:05,ARI,SF,REG
2014,3,2014_03_TB_ATL,2014-09-18,20:25,ATL,TB,REG
2014,3,2014_03_TEN_CIN,2014-09-21,13:00,CIN,TEN,REG
2014,3,2014_03_WAS_PHI,2014-09-21,13:00,PHI,WAS,REG
2014,4,2014_04_ATL_MIN,2014-09-28,16:25,MIN,ATL,REG
2014,4,2014_04_BUF_HOU,2014-09-28,13:00,HOU,BUF,REG
2014,4,2014_04_CAR_BAL,2014-09-28,13:00,BAL,CAR,REG
2014,4,2014_04_DET_NYJ,2014-09-28,13:00,NYJ,DET,REG
2014,4,2014_04_GB_CHI,2014-09-28,13:00,CHI,GB,REG
2014,4,2014_04_JAX_SD,2014-09-28,16:05,SD,JAX,REG
2014,4,2014_04_MIA_OAK,2014-09-28,13:00,OAK,MIA,REG
2014,4,2014_04_NE_KC,2014-09-29,20:30,KC,NE,REG
2014,4,2014_04_NO_DAL,2014-09-28,20:30,DAL,NO,REG
2014,4,2014_04_NYG_WAS,2014-09-25,20:25,WAS,NYG,REG
2014,4,2014_04_PHI_SF,2014-09-28,16:25,SF,PHI,REG
2014,4,2014_04_TB_PIT,2014-09-28,13:00,PIT,TB,REG
2014,4,2014_04_TEN_IND,2014-09-28,13:00,IND,TEN,REG
2014,5,2014_05_ARI_DEN,2014-10-05,16:05,DEN,ARI,REG
2014,5,2014_05_ATL_NYG,2014-10-05,13:00,NYG,ATL,REG
2014,5,2014_05_BAL_IND,2014-10-05,13:00,IND,BAL,REG
2014,5,2014_05_BUF_DET,2014-10-05,13:00,DET,BUF,REG
2014,5,2014_05_CHI_CAR,2014-10-05,13:00,CAR,CHI,REG
2014,5,2014_05_CIN_NE,2014-10-05,20:30,NE,CIN,REG
2014,5,2014_05_CLE_TEN,2014-10-05,13:00,TEN,CLE,REG
2014,5,2014_05_HOU_DAL,2014-10-05,13:00,DAL,HOU,REG
2014,5,2014_05_KC_SF,2014-10-05,16:25,SF,KC,REG
2014,5,2014_05_MIN_GB,2014-10-02,20:25,GB,MIN,REG
2014,5,2014_05_NYJ_SD,2014-10-05,16:25,SD,NYJ,REG
2014,5,2014_05_PIT_JAX,2014-10-05,13:00,JAX,PIT,REG
2014,5,2014_05_SEA_WAS,2014-10-06,20:30,WAS,SEA,REG
2014,5,2014_05_STL_PHI,2014-10-05,13:00,PHI,STL,REG
2014,5,2014_05_TB_NO,2014-10-05,13:00,NO,TB,REG
2014,6,2014_06_BAL_TB,2014-10-12,13:00,TB,BAL,REG
2014,6,2014_06_CAR_CIN,2014-10-12,13:00,CIN,CAR,REG
2014,6,2014_06_CHI_ATL,2014-10-12,16:25,ATL,CHI,REG
2014,6,2014_06_DAL_SEA,2014-10-12,16:25,SEA,DAL,REG
2014,6,2014_06_DEN_NYJ,2014-10-12,13:00,NYJ,DEN,REG
2014,6,2014_06_DET_MIN,2014-10-12,13:00,MIN,DET,REG
2014,6,2014_06_GB_MIA,2014-10-12,13:00,MIA,GB,REG
2014,6,2014_06_IND_HOU,2014-10-09,20:25,HOU,IND,REG
2014,6,2014_06_JAX_TEN,2014-10-12,13:00,TEN,JAX,REG
2014,6,2014_06_NE_BUF,2014-10-12,13:00,BUF,NE,REG
2014,6,2014_06_NYG_PHI,2014-10-12,20:30,PHI,NYG,REG
2014,6,2014_06_PIT_CLE,2014-10-12,13:00,CLE,PIT,REG
2014,6,2014_06_SD_OAK,2014-10-12,16:05,OAK,SD,REG
2014,6,2014_06_SF_STL,2014-10-13,20:30,STL,SF,REG
2014,6,2014_06_WAS_ARI,2014-10-12,16:25,ARI,WAS,REG
2014,7,2014_07_ARI_OAK,2014-10-19,16:25,OAK,ARI,REG
2014,7,2014_07_ATL_BAL,2014-10-19,13:00,BAL,ATL,REG
2014,7,2014_07_CAR_GB,2014-10-19,13:00,GB,CAR,REG
2014,7,2014_07_CIN_IND,2014-10-19,13:00,IND,CIN,REG
2014,7,2014_07_CLE_JAX,2014-10-19,13:00,JAX,CLE,REG
2014,7,2014_07_HOU_PIT,2014-10-20,20:30,PIT,HOU,REG
2014,7,2014_07_KC_SD,2014-10-19,16:05,SD,KC,REG
2014,7,2014_07_MIA_CHI,2014-10-19,13:00,CHI,MIA,REG
2014,7,2014_07_MIN_BUF,2014-10-19,13:00,BUF,MIN,REG
2014,7,2014_07_NO_DET,2014-10-19,13:00,DET,NO,REG
2014,7,2014_07_NYG_DAL,2014-10-19,16:25,DAL,NYG,REG
2014,7,2014_07_NYJ_NE,2014-10-16,20:25,NE,NYJ,REG
2014,7,2014_07_SEA_STL,2014-10-19,13:00,STL,SEA,REG
2014,7,2014_07_SF_DEN,2014-10-19,20:30,DEN,SF,REG
2014,7,2014_07_TEN_WAS,2014-10-19,13:00,WAS,TEN,REG
2014,8,2014_08_BAL_CIN,2014-10-26,13:00,CIN,BAL,REG
2014,8,2014_08_BUF_NYJ,2014-10-26,13:00,NYJ,BUF,REG
2014,8,2014_08_CHI_NE,2014-10-26,13:00,NE,CHI,REG
2014,8,2014_08_DET_ATL,2014-10-26,09:30,ATL,DET,REG
2014,8,2014_08_GB_NO,2014-10-26,20:30,NO,GB,REG
2014,8,2014_08_HOU_TEN,2014-10-26,13:00,TEN,HOU,REG
2014,8,2014_08_IND_PIT,2014-10-26,16:25,PIT,IND,REG
2014,8,2014_08_MIA_JAX,2014-10-26,13:00,JAX,MIA,REG
2014,8,2014_08_MIN_TB,2014-10-26,13:00,TB,MIN,REG
2014,8,2014_08_OAK_CLE,2014-10-26,16:25,CLE,OAK,REG
2014,8,2014_08_PHI_ARI,2014-10-26,16:05,ARI,PHI,REG
2014,8,2014_08_SD_DEN,2014-10-23,20:25,DEN,SD,REG
2014,8,2014_08_SEA_CAR,2014-10-26,13:00,CAR,SEA,REG
2014,8,2014_08_STL_KC,2014-10-26,13:00,KC,STL,REG
2014,8,2014_08_WAS_DAL,2014-10-27,20:30,DAL,WAS,REG
2014,9,2014_09_ARI_DAL,2014-11-02,13:00,DAL,ARI,REG
2014,9,2014_09_BAL_PIT,2014-11-02,20:30,PIT,BAL,REG
2014,9,2014_09_DEN_NE,2014-11-02,16:25,NE,DEN,REG
2014,9,2014_09_IND_NYG,2014-11-03,20:30,NYG,IND,REG
2014,9,2014_09_JAX_CIN,2014-11-02,13:00,CIN,JAX,REG
2014,9,2014_09_NO_CAR,2014-10-30,20:25,CAR,NO,REG
2014,9,2014_09_NYJ_KC,2014-11-02,13:00,KC,NYJ,REG
2014,9,2014_09_OAK_SEA,2014-11-02,16:25,SEA,OAK,REG
2014,9,2014_09_PHI_HOU,2014-11-02,13:00,HOU,PHI,REG
2014,9,2014_09_SD_MIA,2014-11-02,13:00,MIA,SD,REG
2014,9,2014_09_STL_SF,2014-11-02,16:05,SF,STL,REG
2014,9,2014_09_TB_CLE,2014-11-02,13:00,CLE,TB,REG
2014,9,2014_09_WAS_MIN,2014-11-02,13:00,MIN,WAS,REG
2014,10,2014_10_ATL_TB,2014-11-09,13:00,TB,ATL,REG
2014,10,2014_10_CAR_PHI,2014-11-10,20:30,PHI,CAR,REG
2014,10,2014_10_CHI_GB,2014-11-09,20:30,GB,CHI,REG
2014,10,2014_10_CLE_CIN,2014-11-06,20:25,CIN,CLE,REG
2014,10,2014_10_DAL_JAX,2014-11-09,13:00,JAX,DAL,REG
2014,10,2014_10_DEN_OAK,2014-11-09,16:05,OAK,DEN,REG
2014,10,2014_10_KC_BUF,2014-11-09,13:00,BUF,KC,REG
2014,10,2014_10_MIA_DET,2014-11-09,13:00,DET,MIA,REG
2014,10,2014_10_NYG_SEA,2014-11-09,16:25,SEA,NYG,REG
2014,10,2014_10_PIT_NYJ,2014-11-09,13:00,NYJ,PIT,REG
2014,10,2014_10_SF_NO,2014-11-09,13:00,NO,SF,REG
2014,10,2014_10_STL_ARI,2014-11-09,16:25,ARI,STL,REG
2014,10,2014_10_TEN_BAL,2014-11-09,13:00,BAL,TEN,REG
2014,11,2014_11_ATL_CAR,2014-11-16,13:00,CAR,ATL,REG
2014,11,2014_11_BUF_MIA,2014-11-13,20:25,MIA,BUF,REG
2014,11,2014_11_CIN_NO,2014-11-16,13:00,NO,CIN,REG
2014,11,2014_11_DEN_STL,2014-11-16,13:00,STL,DEN,REG
2014,11,2014_11_DET_ARI,2014-11-16,16:25,ARI,DET,REG
2014,11,2014_11_HOU_CLE,2014-11-16,13:00,CLE,HOU,REG
2014,11,2014_11_MIN_CHI,2014-11-16,13:00,CHI,MIN,REG
2014,11,2014_11_NE_IND,2014-11-16,20:30,IND,NE,REG
2014,11,2014_11_OAK_SD,2014-11-16,16:05,SD,OAK,REG
2014,11,2014_11_PHI_GB,2014-11-16,16:25,GB,PHI,REG
2014,11,2014_11_PIT_TEN,2014-11-17,20:30,TEN,PIT,REG
2014,11,2014_11_SEA_KC,2014-11-16,13:00,KC,SEA,REG
2014,11,2014_11_SF_NYG,2014-11-16,13:00,NYG,SF,REG
2014,11,2014_11_TB_WAS,2014-11-16,13:00,WAS,TB,REG
2014,12,2014_12_ARI_SEA,2014-11-23,16:05,SEA,ARI,REG
2014,12,2014_12_BAL_NO,2014-11-24,20:30,NO,BAL,REG
2014,12,2014_12_CIN_HOU,2014-11-23,13:00,HOU,CIN,REG
2014,12,2014_12_CLE_ATL,2014-11-23,13:00,ATL,CLE,REG
2014,12,2014_12_DAL_NYG,2014-11-23,20:30,NYG,DAL,REG
2014,12,2014_12_DET_NE,2014-11-23,13:00,NE,DET,REG
2014,12,2014_12_GB_MIN,2014-11-23,13:00,MIN,GB,REG
2014,12,2014_12_JAX_IND,2014-11-23,13:00,IND,JAX,REG
2014,12,2014_12_KC_OAK,2014-11-20,20:25,OAK,KC,REG
2014,12,2014_12_MIA_DEN,2014-11-23,16:25,DEN,MIA,REG
2014,12,2014_12_NYJ_BUF,2014-11-24,19:00,BUF,NYJ,REG
2014,12,2014_12_STL_SD,2014-11-23,16:05,SD,STL,REG
2014,12,2014_12_TB_CHI,2014-11-23,13:00,CHI,TB,REG
2014,12,2014_12_TEN_PHI,2014-11-23,13:00,PHI,TEN,REG
2014,12,2014_12_WAS_SF,2014-11-23,16:25,SF,WAS,REG
2014,13,2014_13_ARI_ATL,2014-11-30,16:05,ATL,ARI,REG
2014,13,2014_13_CAR_MIN,2014-11-30,13:00,MIN,CAR,REG
2014,13,2014_13_CHI_DET,2014-11-27,12:30,DET,CHI,REG
2014,13,2014_13_CIN_TB,2014-11-30,13:00,TB,CIN,REG
2014,13,2014_13_CLE_BUF,2014-11-30,13:00,BUF,CLE,REG
2014,13,2014_13_DEN_KC,2014-11-30,20:30,KC,DEN,REG
2014,13,2014_13_MIA_NYJ,2014-12-01,20:30,NYJ,MIA,REG
2014,13,2014_13_NE_GB,2014-11-30,16:25,GB,NE,REG
2014,13,2014_13_NO_PIT,2014-11-30,13:00,PIT,NO,REG
2014,13,2014_13_NYG_JAX,2014-11-30,13:00,JAX,NYG,REG
2014,13,2014_13_OAK_STL,2014-11-30,13:00,STL,OAK,REG
2014,13,2014_13_PHI_DAL,2014-11-27,16:30,DAL,PHI,REG
2014,13,2014_13_SD_BAL,2014-11-30,13:00,BAL,SD,REG
2014,13,2014_13_SEA_SF,2014-11-27,20:30,SF,SEA,REG
2014,13,2014_13_TEN_HOU,2014-11-30,13:00,HOU,TEN,REG
2014,13,2014_13_WAS_IND,2014-11-30,13:00,IND,WAS,REG
2014,14,2014_14_ATL_GB,2014-12-08,20:30,GB,ATL,REG
2014,14,2014_14_BAL_MIA,2014-12-07,13:00,MIA,BAL,REG
2014,14,2014_14_BUF_DEN,2014-12-07,16:05,DEN,BUF,REG
2014,14,2014_14_CAR_NO,2014-12-07,13:00,NO,CAR,REG
2014,14,2014_14_DAL_CHI,2014-12-04,20:25,CHI,DAL,REG
2014,14,2014_14_HOU_JAX,2014-12-07,13:00,JAX,HOU,REG
2014,14,2014_14_IND_CLE,2014-12-07,13:00,CLE,IND,REG
2014,14,2014_14_KC_ARI,2014-12-07,16:05,ARI,KC,REG
2014,14,2014_14_NE_SD,2014-12-07,20:30,SD,NE,REG
2014,14,2014_14_NYG_TEN,2014-12-07,13:00,TEN,NYG,REG
2014,14,2014_14_NYJ_MIN,2014-12-07,13:00,MIN,NYJ,REG
2014,14,2014_14_PIT_CIN,2014-12-07,13:00,CIN,PIT,REG
2014,14,2014_14_SEA_PHI,2014-12-07,16:25,PHI,SEA,REG
2014,14,2014_14_SF_OAK,2014-12-07,16:25,OAK,SF,REG
2014,14,2014_14_STL_WAS,2014-12-07,13:00,WAS,STL,REG
2014,14,2014_14_TB_DET,2014-12-07,13:00,DET,TB,REG
2014,15,2014_15_ARI_STL,2014-12-11,20:25,STL,ARI,REG
2014,15,2014_15_CIN_CLE,2014-12-14,13:00,CLE,CIN,REG
2014,15,2014_15_DAL_PHI,2014-12-14,20:30,PHI,DAL,REG
2014,15,2014_15_DEN_SD,2014-12-14,16:05,SD,DEN,REG
2014,15,2014_15_GB_BUF,2014-12-14,13:00,BUF,GB,REG
2014,15,2014_15_HOU_IND,2014-12-14,13:00,IND,HOU,REG
2014,15,2014_15_JAX_BAL,2014-12-14,13:00,BAL,JAX,REG
2014,15,2014_15_MIA_NE,2014-12-14,13:00,NE,MIA,REG
2014,15,2014_15_MIN_DET,2014-12-14,16:25,DET,MIN,REG
2014,15,2014_15_NO_CHI,2014-12-15,20:30,CHI,NO,REG
2014,15,2014_15_NYJ_TEN,2014-12-14,16:05,TEN,NYJ,REG
2014,15,2014_15_OAK_KC,2014-12-14,13:00,KC,OAK,REG
2014,15,2014_15_PIT_ATL,2014-12-14,13:00,ATL,PIT,REG
2014,15,2014_15_SF_SEA,2014-12-14,16:25,SEA,SF,REG
2014,15,2014_15_TB_CAR,2014-12-14,13:00,CAR,TB,REG
2014,15,2014_15_WAS_NYG,2014-12-14,13:00,NYG,WAS,REG
2014,16,2014_16_ATL_NO,2014-12-21,13:00,NO,ATL,REG
2014,16,2014_16_BAL_HOU,2014-12-21,13:00,HOU,BAL,REG
2014,16,2014_16_BUF_OAK,2014-12-21,16:25,OAK,BUF,REG
2014,16,2014_16_CLE_CAR,2014-12-21,13:00,CAR,CLE,REG
2014,16,2014_16_DEN_CIN,2014-12-22,20:30,CIN,DEN,REG
2014,16,2014_16_DET_CHI,2014-12-21,13:00,CHI,DET,REG
2014,16,2014_16_GB_TB,2014-12-21,13:00,TB,GB,REG
2014,16,2014_16_IND_DAL,2014-12-21,16:25,DAL,IND,REG
2014,16,2014_16_KC_PIT,2014-12-21,13:00,PIT,KC,REG
2014,16,2014_16_MIN_MIA,2014-12-21,13:00,MIA,MIN,REG
2014,16,2014_16_NE_NYJ,2014-12-21,13:00,NYJ,NE,REG
2014,16,2014_16_NYG_STL,2014-12-21,16:05,STL,NYG,REG
2014,16,2014_16_PHI_WAS,2014-12-20,16:25,WAS,PHI,REG
2014,16,2014_16_SD_SF,2014-12-20,20:25,SF,SD,REG
2014,16,2014_16_SEA_ARI,2014-12-21,20:30,ARI,SEA,REG
2014,16,2014_16_TEN_JAX,2014-12-18,20:25,JAX,TEN,REG
2014,17,2014_17_ARI_SF,2014-12-28,16:25,SF,ARI,REG
2014,17,2014_17_BUF_NE,2014-12-28,13:00,NE,BUF,REG
2014,17,2014_17_CAR_ATL,2014-12-28,16:25,ATL,CAR,REG
2014,17,2014_17_CHI_MIN,2014-12-28,13:00,MIN,CHI,REG
2014,17,2014_17_CIN_PIT,2014-12-28,20:30,PIT,CIN,REG
2014,17,2014_17_CLE_BAL,2014-12-28,13:00,BAL,CLE,REG
2014,17,2014_17_DAL_WAS,2014-12-28,13:00,WAS,DAL,REG
2014,17,2014_17_DET_GB,2014-12-28,16:25,GB,DET,REG
2014,17,2014_17_IND_TEN,2014-12-28,13:00,TEN,IND,REG
2014,17,2014_17_JAX_HOU,2014-12-28,13:00,HOU,JAX,REG
2014,17,2014_17_NO_TB,2014-12-28,13:00,TB,NO,REG
2014,17,2014_17_NYJ_MIA,2014-12-28,13:00,MIA,NYJ,REG
2014,17,2014_17_OAK_DEN,2014-12-28,16:25,DEN,OAK,REG
2014,17,2014_17_PHI_NYG,2014-12-28,13:00,NYG,PHI,REG
2014,17,2014_17_SD_KC,2014-12-28,13:00,KC,SD,REG
2014,17,2014_17_STL_SEA,2014-12-28,16:25,SEA,STL,REG
2014,18,2014_18_ARI_CAR,2015-01-03,16:35,CAR,ARI,WC
2014,18,2014_18_BAL_PIT,2015-01-03,20:15,PIT,BAL,WC
2014,18,2014_18_CIN_IND,2015-01-04,13:05,IND,CIN,WC
2014,18,2014_18_DET_DAL,2015-01-04,16:40,DAL,DET,WC
2014,19,2014_19_BAL_NE,2015-01-10,16:35,NE,BAL,DIV
2014,19,2014_19_CAR_SEA,2015-01-10,20:15,SEA,CAR,DIV
2014,19,2014_19_DAL_GB,2015-01-11,13:05,GB,DAL,DIV
2014,19,2014_19_IND_DEN,2015-01-11,16:40,DEN,IND,DIV
2014,20,2014_20_GB_SEA,2015-01-18,15:05,SEA,GB,CON
2014,20,2014_20_IND_NE,2015-01-18,18:50,NE,IND,CON
2014,21,2014_21_NE_SEA,2015-02-01,18:30,SEA,NE,SB
2015,1,2015_01_BAL_DEN,2015-09-13,16:25,DEN,BAL,REG
2015,1,2015_01_CAR_JAX,2015-09-13,13:00,JAX,CAR,REG
2015,1,2015_01_CIN_OAK,2015-09-13,16:25,OAK,CIN,REG
2015,1,2015_01_CLE_NYJ,2015-09-13,13:00,NYJ,CLE,REG
2015,1,2015_01_DET_SD,2015-09-13,16:05,SD,DET,REG
2015,1,2015_01_GB_CHI,2015-09-13,13:00,CHI,GB,REG
2015,1,2015_01_IND_BUF,2015-09-13,13:00,BUF,IND,REG
2015,1,2015_01_KC_HOU,2015-09-13,13:00,HOU,KC,REG
2015,1,2015_01_MIA_WAS,2015-09-13,13:00,WAS,MIA,REG
2015,1,2015_01_MIN_SF,2015-09-14,22:20,SF,MIN,REG
2015,1,2015_01_NO_ARI,2015-09-13,16:05,ARI,NO,REG
2015,1,2015_01_NYG_DAL,2015-09-13,20:30,DAL,NYG,REG
2015,1,2015_01_PHI_ATL,2015-09-14,19:10,ATL,PHI,REG
2015,1,2015_01_PIT_NE,2015-09-10,20:30,NE,PIT,REG
2015,1,2015_01_SEA_STL,2015-09-13,13:00,STL,SEA,REG
2015,1,2015_01_TEN_TB,2015-09-13,16:25,TB,TEN,REG
2015,2,2015_02_ARI_CHI,2015-09-20,13:00,CHI,ARI,REG
2015,2,2015_02_ATL_NYG,2015-09-20,13:00,NYG,ATL,REG
2015,2,2015_02_BAL_OAK,2015-09-20,16:05,OAK,BAL,REG
2015,2,2015_02_DAL_PHI,2015-09-20,16:25,PHI,DAL,REG
2015,2,2015_02_DEN_KC,2015-09-17,20:25,KC,DEN,REG
2015,2,2015_02_DET_MIN,2015-09-20,13:00,MIN,DET,REG
2015,2,2015_02_HOU_CAR,2015-09-20,13:00,CAR,HOU,REG
2015,2,2015_02_MIA_JAX,2015-09-20,16:05,JAX,MIA,REG
2015,2,2015_02_NE_BUF,2015-09-20,13:00,BUF,NE,REG
2015,2,2015_02_NYJ_IND,2015-09-21,20:30,IND,NYJ,REG
2015,2,2015_02_SD_CIN,2015-09-20,13:00,CIN,SD,REG
2015,2,2015_02_SEA_GB,2015-09-20,20:30,GB,SEA,REG
2015,2,2015_02_SF_PIT,2015-09-20,13:00,PIT,SF,REG
2015,2,2015_02_STL_WAS,2015-09-20,13:00,WAS,STL,REG
2015,2,2015_02_TB_NO,2015-09-20,13:00,NO,TB,REG
2015,2,2015_02_TEN_CLE,2015-09-20,13:00,CLE,TEN,REG
2015,3,2015_03_ATL_DAL,2015-09-27,13:00,DAL,ATL,REG
2015,3,2015_03_BUF_MIA,2015-09-27,16:25,MIA,BUF,REG
2015,3,2015_03_CHI_SEA,2015-09-27,16:25,SEA,CHI,REG
2015,3,2015_03_CIN_BAL,2015-09-27,13:00,BAL,CIN,REG
2015,3,2015_03_DEN_DET,2015-09-27,20:30,DET,DEN,REG
2015,3,2015_03_IND_TEN,2015-09-27,13:00,TEN,IND,REG
2015,3,2015_03_JAX_NE,2015-09-27,13:00,NE,JAX,REG
2015,3,2015_03_KC_GB,2015-09-28,20:30,GB,KC,REG
2015,3,2015_03_NO_CAR,2015-09-27,13:00,CAR,NO,REG
2015,3,2015_03_OAK_CLE,2015-09-27,13:00,CLE,OAK,REG
2015,3,2015_03_PHI_NYJ,2015-09-27,13:00,NYJ,PHI,REG
2015,3,2015_03_PIT_STL,2015-09-27,13:00,STL,PIT,REG
2015,3,2015_03_SD_MIN,2015-09-27,13:00,MIN,SD,REG
2015,3,2015_03_SF_ARI,2015-09-27,16:05,ARI,SF,REG
2015,3,2015_03_TB_HOU,2015-09-27,13:00,HOU,TB,REG
2015,3,2015_03_WAS_NYG,2015-09-24,20:25,NYG,WAS,REG
2015,4,2015_04_BAL_PIT,2015-10-01,20:25,PIT,BAL,REG
2015,4,2015_04_CAR_TB,2015-10-04,13:00,TB,CAR,REG
2015,4,2015_04_CLE_SD,2015-10-04,16:05,SD,CLE,REG
2015,4,2015_04_DAL_NO,2015-10-04,20:30,NO,DAL,REG
2015,4,2015_04_DET_SEA,2015-10-05,20:30,SEA,DET,REG
2015,4,2015_04_GB_SF,2015-10-04,16:25,SF,GB,REG
2015,4,2015_04_HOU_ATL,2015-10-04,13:00,ATL,HOU,REG
2015,4,2015_04_JAX_IND,2015-10-04,13:00,IND,JAX,REG
2015,4,2015_04_KC_CIN,2015-10-04,13:00,CIN,KC,REG
2015,4,2015_04_MIN_DEN,2015-10-04,16:25,DEN,MIN,REG
2015,4,2015_04_NYG_BUF,2015-10-04,13:00,BUF,NYG,REG
2015,4,2015_04_NYJ_MIA,2015-10-04,09:30,MIA,NYJ,REG
2015,4,2015_04_OAK_CHI,2015-10-04,13:00,CHI,OAK,REG
2015,4,2015_04_PHI_WAS,2015-10-04,13:00,WAS,PHI,REG
2015,4,2015_04_STL_ARI,2015-10-04,16:25,ARI,STL,REG
2015,5,2015_05_ARI_DET,2015-10-11,16:05,DET,ARI,REG
2015,5,2015_05_BUF_TEN,2015-10-11,13:00,TEN,BUF,REG
2015,5,2015_05_CHI_KC,2015-10-11,13:00,KC,CHI,REG
2015,5,2015_05_CLE_BAL,2015-10-11,13:00,BAL,CLE,REG
2015,5,2015_05_DEN_OAK,2015-10-11,16:25,OAK,DEN,REG
2015,5,2015_05_IND_HOU,2015-10-08,20:25,HOU,IND,REG
2015,5,2015_05_JAX_TB,2015-10-11,13:00,TB,JAX,REG
2015,5,2015_05_NE_DAL,2015-10-11,16:25,DAL,NE,REG
2015,5,2015_05_NO_PHI,2015-10-11,13:00,PHI,NO,REG
2015,5,2015_05_PIT_SD,2015-10-12,20:30,SD,PIT,REG
2015,5,2015_05_SEA_CIN,2015-10-11,13:00,CIN,SEA,REG
2015,5,2015_05_SF_NYG,2015-10-11,20:30,NYG,SF,REG
2015,5,2015_05_STL_GB,2015-10-11,13:00,GB,STL,REG
2015,5,2015_05_WAS_ATL,2015-10-11,13:00,ATL,WAS,REG
2015,6,2015_06_ARI_PIT,2015-10-18,13:00,PIT,ARI,REG
2015,6,2015_06_ATL_NO,2015-10-15,20:25,NO,ATL,REG
2015,6,2015_06_BAL_SF,2015-10-18,16:25,SF,BAL,REG
2015,6,2015_06_CAR_SEA,2015-10-18,16:05,SEA,CAR,REG
2015,6,2015_06_CHI_DET,2015-10-18,13:00,DET,CHI,REG
2015,6,2015_06_CIN_BUF,2015-10-18,13:00,BUF,CIN,REG
2015,6,2015_06_DEN_CLE,2015-10-18,13:00,CLE,DEN,REG
2015,6,2015_06_HOU_JAX,2015-10-18,13:00,JAX,HOU,REG
2015,6,2015_06_KC_MIN,2015-10-18,13:00,MIN,KC,REG
2015,6,2015_06_MIA_TEN,2015-10-18,13:00,TEN,MIA,REG
2015,6,2015_06_NE_IND,2015-10-18,20:30,IND,NE,REG
2015,6,2015_06_NYG_PHI,2015-10-19,20:30,PHI,NYG,REG
2015,6,2015_06_SD_GB,2015-10-18,16:25,GB,SD,REG
2015,6,2015_06_WAS_NYJ,2015-10-18,13:00,NYJ,WAS,REG
2015,7,2015_07_ATL_TEN,2015-10-25,13:00,TEN,ATL,REG
2015,7,2015_07_BAL_ARI,2015-10-26,20:30,ARI,BAL,REG
2015,7,2015_07_BUF_JAX,2015-10-25,09:30,JAX,BUF,REG
2015,7,2015_07_CLE_STL,2015-10-25,13:00,STL,CLE,REG
2015,7,2015_07_DAL_NYG,2015-10-25,16:25,NYG,DAL,REG
2015,7,2015_07_HOU_MIA,2015-10-25,13:00,MIA,HOU,REG
2015,7,2015_07_MIN_DET,2015-10-25,13:00,DET,MIN,REG
2015,7,2015_07_NO_IND,2015-10-25,13:00,IND,NO,REG
2015,7,2015_07_NYJ_NE,2015-10-25,13:00,NE,NYJ,REG
2015,7,2015_07_OAK_SD,2015-10-25,16:05,SD,OAK,REG
2015,7,2015_07_PHI_CAR,2015-10-25,20:30,CAR,PHI,REG
2015,7,2015_07_PIT_KC,2015-10-25,13:00,KC,PIT,REG
2015,7,2015_07_SEA_SF,2015-10-22,20:25,SF,SEA,REG
2015,7,2015_07_TB_WAS,2015-10-25,13:00,WAS,TB,REG
2015,8,2015_08_ARI_CLE,2015-11-01,13:00,CLE,ARI,REG
2015,8,2015_08_CIN_PIT,2015-11-01,13:00,PIT,CIN,REG
2015,8,2015_08_DET_KC,2015-11-01,09:30,KC,DET,REG
2015,8,2015_08_GB_DEN,2015-11-01,20:30,DEN,GB,REG
2015,8,2015_08_IND_CAR,2015-11-02,20:30,CAR,IND,REG
2015,8,2015_08_MIA_NE,2015-10-29,20:25,NE,MIA,REG
2015,8,2015_08_MIN_CHI,2015-11-01,13:00,CHI,MIN,REG
2015,8,2015_08_NYG_NO,2015-11-01,13:00,NO,NYG,REG
2015,8,2015_08_NYJ_OAK,2015-11-01,16:05,OAK,NYJ,REG
2015,8,2015_08_SD_BAL,2015-11-01,13:00,BAL,SD,REG
2015,8,2015_08_SEA_DAL,2015-11-01,16:25,DAL,SEA,REG
2015,8,2015_08_SF_STL,2015-11-01,13:00,STL,SF,REG
2015,8,2015_08_TB_ATL,2015-11-01,13:00,ATL,TB,REG
2015,8,2015_08_TEN_HOU,2015-11-01,13:00,HOU,TEN,REG
2015,9,2015_09_ATL_SF,2015-11-08,16:05,SF,ATL,REG
2015,9,2015_09_CHI_SD,2015-11-09,20:30,SD,CHI,REG
2015,9,2015_09_CLE_CIN,2015-11-05,20:25,CIN,CLE,REG
2015,9,2015_09_DEN_IND,2015-11-08,16:25,IND,DEN,REG
2015,9,2015_09_GB_CAR,2015-11-08,13:00,CAR,GB,REG
2015,9,2015_09_JAX_NYJ,2015-11-08,13:00,NYJ,JAX,REG
2015,9,2015_09_MIA_BUF,2015-11-08,13:00,BUF,MIA,REG
2015,9,2015_09_NYG_TB,2015-11-08,16:05,TB,NYG,REG
2015,9,2015_09_OAK_PIT,2015-11-08,13:00,PIT,OAK,REG
2015,9,2015_09_PHI_DAL,2015-11-08,20:30,DAL,PHI,REG
2015,9,2015_09_STL_MIN,2015-11-08,13:00,MIN,STL,REG
2015,9,2015_09_TEN_NO,2015-11-08,13:00,NO,TEN,REG
2015,9,2015_09_WAS_NE,2015-11-08,13:00,NE,WAS,REG
2015,10,2015_10_ARI_SEA,2015-11-15,20:30,SEA,ARI,REG
2015,10,2015_10_BUF_NYJ,2015-11-12,20:25,NYJ,BUF,REG
2015,10,2015_10_CAR_TEN,2015-11-15,13:00,TEN,CAR,REG
2015,10,2015_10_CHI_STL,2015-11-15,13:00,STL,CHI,REG
2015,10,2015_10_CLE_PIT,2015-11-15,13:00,PIT,CLE,REG
2015,10,2015_10_DAL_TB,2015-11-15,13:00,TB,DAL,REG
2015,10,2015_10_DET_GB,2015-11-15,13:00,GB,DET,REG
2015,10,2015_10_HOU_CIN,2015-11-16,20:30,CIN,HOU,REG
2015,10,2015_10_JAX_BAL,2015-11-15,13:00,BAL,JAX,REG
2015,10,2015_10_KC_DEN,2015-11-15,16:25,DEN,KC,REG
2015,10,2015_10_MIA_PHI,2015-11-15,13:00,PHI,MIA,REG
2015,10,2015_10_MIN_OAK,2015-11-15,16:05,OAK,MIN,REG
2015,10,2015_10_NE_NYG,2015-11-15,16:25,NYG,NE,REG
2015,10,2015_10_NO_WAS,2015-11-15,13:00,WAS,NO,REG
2015,11,2015_11_BUF_NE,2015-11-23,20:30,NE,BUF,REG
2015,11,2015_11_CIN_ARI,2015-11-22,20:30,ARI,CIN,REG
2015,11,2015_11_DAL_MIA,2015-11-22,13:00,MIA,DAL,REG
2015,11,2015_11_DEN_CHI,2015-11-22,13:00,CHI,DEN,REG
2015,11,2015_11_GB_MIN,2015-11-22,16:25,MIN,GB,REG
2015,11,2015_11_IND_ATL,2015-11-22,13:00,ATL,IND,REG
2015,11,2015_11_KC_SD,2015-11-22,16:05,SD,KC,REG
2015,11,2015_11_NYJ_HOU,2015-11-22,13:00,HOU,NYJ,REG
2015,11,2015_11_OAK_DET,2015-11-22,13:00,DET,OAK,REG
2015,11,2015_11_SF_SEA,2015-11-22,16:25,SEA,SF,REG
2015,11,2015_11_STL_BAL,2015-11-22,13:00,BAL,STL,REG
2015,11,2015_11_TB_PHI,2015-11-22,13:00,PHI,TB,REG
2015,11,2015_11_TEN_JAX,2015-11-19,20:25,JAX,TEN,REG
2015,11,2015_11_WAS_CAR,2015-11-22,13:00,CAR,WAS,REG
2015,12,2015_12_ARI_SF,2015-11-29,16:05,SF,ARI,REG
2015,12,2015_12_BAL_CLE,2015-11-30,20:30,CLE,BAL,REG
2015,12,2015_12_BUF_KC,2015-11-29,13:00,KC,BUF,REG
2015,12,2015_12_CAR_DAL,2015-11-26,16:30,DAL,CAR,REG
2015,12,2015_12_CHI_GB,2015-11-26,20:30,GB,CHI,REG
2015,12,2015_12_MIA_NYJ,2015-11-29,13:00,NYJ,MIA,REG
2015,12,2015_12_MIN_ATL,2015-11-29,13:00,ATL,MIN,REG
2015,12,2015_12_NE_DEN,2015-11-29,20:30,DEN,NE,REG
2015,12,2015_12_NO_HOU,2015-11-29,13:00,HOU,NO,REG
2015,12,2015_12_NYG_WAS,2015-11-29,13:00,WAS,NYG,REG
2015,12,2015_12_OAK_TEN,2015-11-29,13:00,TEN,OAK,REG
2015,12,2015_12_PHI_DET,2015-11-26,12:30,DET,PHI,REG
2015,12,2015_12_PIT_SEA,2015-11-29,16:25,SEA,PIT,REG
2015,12,2015_12_SD_JAX,2015-11-29,13:00,JAX,SD,REG
2015,12,2015_12_STL_CIN,2015-11-29,13:00,CIN,STL,REG
2015,12,2015_12_TB_IND,2015-11-29,13:00,IND,TB,REG
2015,13,2015_13_ARI_STL,2015-12-06,13:00,STL,ARI,REG
2015,13,2015_13_ATL_TB,2015-12-06,13:00,TB,ATL,REG
2015,13,2015_13_BAL_MIA,2015-12-06,13:00,MIA,BAL,REG
2015,13,2015_13_CAR_NO,2015-12-06,16:25,NO,CAR,REG
2015,13,2015_13_CIN_CLE,2015-12-06,13:00,CLE,CIN,REG
2015,13,2015_13_DAL_WAS,2015-12-07,20:30,WAS,DAL,REG
2015,13,2015_13_DEN_SD,2015-12-06,16:05,SD,DEN,REG
2015,13,2015_13_GB_DET,2015-12-03,20:25,DET,GB,REG
2015,13,2015_13_HOU_BUF,2015-12-06,13:00,BUF,HOU,REG
2015,13,2015_13_IND_PIT,2015-12-06,20:30,PIT,IND,REG
2015,13,2015_13_JAX_TEN,2015-12-06,13:00,TEN,JAX,REG
2015,13,2015_13_KC_OAK,2015-12-06,16:05,OAK,KC,REG
2015,13,2015_13_NYJ_NYG,2015-12-06,13:00,NYG,NYJ,REG
2015,13,2015_13_PHI_NE,2015-12-06,16:25,NE,PHI,REG
2015,13,2015_13_SEA_MIN,2015-12-06,13:00,MIN,SEA,REG
2015,13,2015_13_SF_CHI,2015-12-06,13:00,CHI,SF,REG
2015,14,2015_14_ATL_CAR,2015-12-13,13:00,CAR,ATL,REG
2015,14,2015_14_BUF_PHI,2015-12-13,13:00,PHI,BUF,REG
2015,14,2015_14_DAL_GB,2015-12-13,16:25,GB,DAL,REG
2015,14,2015_14_DET_STL,2015-12-13,13:00,STL,DET,REG
2015,14,2015_14_IND_JAX,2015-12-13,13:00,JAX,IND,REG
2015,14,2015_14_MIN_ARI,2015-12-10,20:25,ARI,MIN,REG
2015,14,2015_14_NE_HOU,2015-12-13,20:30,HOU,NE,REG
2015,14,2015_14_NO_TB,2015-12-13,13:00,TB,NO,REG
2015,14,2015_14_NYG_MIA,2015-12-14,20:30,MIA,NYG,REG
2015,14,2015_14_OAK_DEN,2015-12-13,16:05,DEN,OAK,REG
2015,14,2015_14_PIT_CIN,2015-12-13,13:00,CIN,PIT,REG
2015,14,2015_14_SD_KC,2015-12-13,13:00,KC,SD,REG
2015,14,2015_14_SEA_BAL,2015-12-13,13:00,BAL,SEA,REG
2015,14,2015_14_SF_CLE,2015-12-13,13:00,CLE,SF,REG
2015,14,2015_14_TEN_NYJ,2015-12-13,13:00,NYJ,TEN,REG
2015,14,2015_14_WAS_CHI,2015-12-13,13:00,CHI,WAS,REG
2015,15,2015_15_ARI_PHI,2015-12-20,20:30,PHI,ARI,REG
2015,15,2015_15_ATL_JAX,2015-12-20,13:00,JAX,ATL,REG
2015,15,2015_15_BUF_WAS,2015-12-20,13:00,WAS,BUF,REG
2015,15,2015_15_CAR_NYG,2015-12-20,13:00,NYG,CAR,REG
2015,15,2015_15_CHI_MIN,2015-12-20,13:00,MIN,CHI,REG
2015,15,2015_15_CIN_SF,2015-12-20,16:25,SF,CIN,REG
2015,15,2015_15_CLE_SEA,2015-12-20,16:05,SEA,CLE,REG
2015,15,2015_15_DEN_PIT,2015-12-20,16:25,PIT,DEN,REG
2015,15,2015_15_DET_NO,2015-12-21,20:30,NO,DET,REG
2015,15,2015_15_GB_OAK,2015-12-20,16:05,OAK,GB,REG
2015,15,2015_15_HOU_IND,2015-12-20,13:00,IND,HOU,REG
2015,15,2015_15_KC_BAL,2015-12-20,13:00,BAL,KC,REG
2015,15,2015_15_MIA_SD,2015-12-20,16:25,SD,MIA,REG
2015,15,2015_15_NYJ_DAL,2015-12-19,20:25,DAL,NYJ,REG
2015,15,2015_15_TB_STL,2015-12-17,20:25,STL,TB,REG
2015,15,2015_15_TEN_NE,2015-12-20,13:00,NE,TEN,REG
2015,16,2015_16_CAR_ATL,2015-12-27,13:00,ATL,CAR,REG
2015,16,2015_16_CHI_TB,2015-12-27,13:00,TB,CHI,REG
2015,16,2015_16_CIN_DEN,2015-12-28,20:30,DEN,CIN,REG
2015,16,2015_16_CLE_KC,2015-12-27,13:00,KC,CLE,REG
2015,16,2015_16_DAL_BUF,2015-12-27,13:00,BUF,DAL,REG
2015,16,2015_16_GB_ARI,2015-12-27,16:25,ARI,GB,REG
2015,16,2015_16_HOU_TEN,2015-12-27,13:00,TEN,HOU,REG
2015,16,2015_16_IND_MIA,2015-12-27,13:00,MIA,IND,REG
2015,16,2015_16_JAX_NO,2015-12-27,16:05,NO,JAX,REG
2015,16,2015_16_NE_NYJ,2015-12-27,13:00,NYJ,NE,REG
2015,16,2015_16_NYG_MIN,2015-12-27,20:30,MIN,NYG,REG
2015,16,2015_16_PIT_BAL,2015-12-27,13:00,BAL,PIT,REG
2015,16,2015_16_SD_OAK,2015-12-24,20:25,OAK,SD,REG
2015,16,2015_16_SF_DET,2015-12-27,13:00,DET,SF,REG
2015,16,2015_16_STL_SEA,2015-12-27,16:25,SEA,STL,REG
2015,16,2015_16_WAS_PHI,2015-12-26,20:25,PHI,WAS,REG
2015,17,2015_17_BAL_CIN,2016-01-03,13:00,CIN,BAL,REG
2015,17,2015_17_DET_CHI,2016-01-03,13:00,CHI,DET,REG
2015,17,2015_17_JAX_HOU,2016-01-03,13:00,HOU,JAX,REG
2015,17,2015_17_MIN_GB,2016-01-03,20:30,GB,MIN,REG
2015,17,2015_17_NE_MIA,2016-01-03,13:00,MIA,NE,REG
2015,17,2015_17_NO_ATL,2016-01-03,13:00,ATL,NO,REG
2015,17,2015_17_NYJ_BUF,2016-01-03,13:00,BUF,NYJ,REG
2015,17,2015_17_OAK_KC,2016-01-03,16:25,KC,OAK,REG
2015,17,2015_17_PHI_NYG,2016-01-03,13:00,NYG,PHI,REG
2015,17,2015_17_PIT_CLE,2016-01-03,13:00,CLE,PIT,REG
2015,17,2015_17_SD_DEN,2016-01-03,16:25,DEN,SD,REG
2015,17,2015_17_SEA_ARI,2016-01-03,16:25,ARI,SEA,REG
2015,17,2015_17_STL_SF,2016-01-03,16:25,SF,STL,REG
2015,17,2015_17_TB_CAR,2016-01-03,16:25,CAR,TB,REG
2015,17,2015_17_TEN_IND,2016-01-03,13:00,IND,TEN,REG
2015,17,2015_17_WAS_DAL,2016-01-03,13:00,DAL,WAS,REG
2015,18,2015_18_GB_WAS,2016-01-10,16:40,WAS,GB,WC
2015,18,2015_18_KC_HOU,2016-01-09,16:35,HOU,KC,WC
2015,18,2015_18_PIT_CIN,2016-01-09,20:15,CIN,PIT,WC
2015,18,2015_18_SEA_MIN,2016-01-10,13:05,MIN,SEA,WC
2015,19,2015_19_GB_ARI,2016-01-16,20:15,ARI,GB,DIV
2015,19,2015_19_KC_NE,2016-01-16,16:35,NE,KC,DIV
2015,19,2015_19_PIT_DEN,2016-01-17,16:40,DEN,PIT,DIV
2015,19,2015_19_SEA_CAR,2016-01-17,13:05,CAR,SEA,DIV
2015,20,2015_20_ARI_CAR,2016-01-24,18:40,CAR,ARI,CON
2015,20,2015_20_NE_DEN,2016-01-24,15:05,DEN,NE,CON
2015,21,2015_21_CAR_DEN,2016-02-07,18:30,DEN,CAR,SB
2016,1,2016_01_BUF_BAL,2016-09-11,13:00,BAL,BUF,REG
2016,1,2016_01_CAR_DEN,2016-09-08,20:30,DEN,CAR,REG
2016,1,2016_01_CHI_HOU,2016-09-11,13:00,HOU,CHI,REG
2016,1,2016_01_CIN_NYJ,2016-09-11,13:00,NYJ,CIN,REG
2016,1,2016_01_CLE_PHI,2016-09-11,13:00,PHI,CLE,REG
2016,1,2016_01_DET_IND,2016-09-11,16:25,IND,DET,REG
2016,1,2016_01_GB_JAX,2016-09-11,13:00,JAX,GB,REG
2016,1,2016_01_LA_SF,2016-09-12,22:20,SF,LA,REG
2016,1,2016_01_MIA_SEA,2016-09-11,16:05,SEA,MIA,REG
2016,1,2016_01_MIN_TEN,2016-09-11,13:00,TEN,MIN,REG
2016,1,2016_01_NE_ARI,2016-09-11,20:30,ARI,NE,REG
2016,1,2016_01_NYG_DAL,2016-09-11,16:25,DAL,NYG,REG
2016,1,2016_01_OAK_NO,2016-09-11,13:00,NO,OAK,REG
2016,1,2016_01_PIT_WAS,2016-09-12,19:10,WAS,PIT,REG
2016,1,2016_01_SD_KC,2016-09-11,13:00,KC,SD,REG
2016,1,2016_01_TB_ATL,2016-09-11,13:00,ATL,TB,REG
2016,2,2016_02_ATL_OAK,2016-09-18,16:25,OAK,ATL,REG
2016,2,2016_02_BAL_CLE,2016-09-18,13:00,CLE,BAL,REG
2016,2,2016_02_CIN_PIT,2016-09-18,13:00,PIT,CIN,REG
2016,2,2016_02_DAL_WAS,2016-09-18,13:00,WAS,DAL,REG
2016,2,2016_02_GB_MIN,2016-09-18,20:30,MIN,GB,REG
2016,2,2016_02_IND_DEN,2016-09-18,16:25,DEN,IND,REG
2016,2,2016_02_JAX_SD,2016-09-18,16:25,SD,JAX,REG
2016,2,2016_02_KC_HOU,2016-09-18,13:00,HOU,KC,REG
2016,2,2016_02_MIA_NE,2016-09-18,13:00,NE,MIA,REG
2016,2,2016_02_NO_NYG,2016-09-18,13:00,NYG,NO,REG
2016,2,2016_02_NYJ_BUF,2016-09-15,20:25,BUF,NYJ,REG
2016,2,2016_02_PHI_CHI,2016-09-19,20:30,CHI,PHI,REG
2016,2,2016_02_SEA_LA,2016-09-18,16:05,LA,SEA,REG
2016,2,2016_02_SF_CAR,2016-09-18,13:00,CAR,SF,REG
2016,2,2016_02_TB_ARI,2016-09-18,13:00,ARI,TB,REG
2016,2,2016_02_TEN_DET,2016-09-18,13:00,DET,TEN,REG
2016,3,2016_03_ARI_BUF,2016-09-25,13:00,BUF,ARI,REG
2016,3,2016_03_ATL_NO,2016-09-26,20:30,NO,ATL,REG
2016,3,2016_03_BAL_JAX,2016-09-25,13:00,JAX,BAL,REG
2016,3,2016_03_CHI_DAL,2016-09-25,20:30,DAL,CHI,REG
2016,3,2016_03_CLE_MIA,2016-09-25,13:00,MIA,CLE,REG
2016,3,2016_03_DEN_CIN,2016-09-25,13:00,CIN,DEN,REG
2016,3,2016_03_DET_GB,2016-09-25,13:00,GB,DET,REG
2016,3,2016_03_HOU_NE,2016-09-22,20:25,NE,HOU,REG
2016,3,2016_03_LA_TB,2016-09-25,16:05,TB,LA,REG
2016,3,2016_03_MIN_CAR,2016-09-25,13:00,CAR,MIN,REG
2016,3,2016_03_NYJ_KC,2016-09-25,16:25,KC,NYJ,REG
2016,3,2016_03_OAK_TEN,2016-09-25,13:00,TEN,OAK,REG
2016,3,2016_03_PIT_PHI,2016-09-25,16:25,PHI,PIT,REG
2016,3,2016_03_SD_IND,2016-09-25,16:25,IND,SD,REG
2016,3,2016_03_SF_SEA,2016-09-25,16:05,SEA,SF,REG
2016,3,2016_03_WAS_NYG,2016-09-25,13:00,NYG,WAS,REG
2016,4,2016_04_BUF_NE,2016-10-02,13:00,NE,BUF,REG
2016,4,2016_04_CAR_ATL,2016-10-02,13:00,ATL,CAR,REG
2016,4,2016_04_CLE_WAS,2016-10-02,13:00,WAS,CLE,REG
2016,4,2016_04_DAL_SF,2016-10-02,16:25,SF,DAL,REG
2016,4,2016_04_DEN_TB,2016-10-02,16:05,TB,DEN,REG
2016,4,2016_04_DET_CHI,2016-10-02,13:00,CHI,DET,REG
2016,4,2016_04_IND_JAX,2016-10-02,09:30,JAX,IND,REG
2016,4,2016_04_KC_PIT,2016-10-02,20:30,PIT,KC,REG
2016,4,2016_04_LA_ARI,2016-10-02,16:25,ARI,LA,REG
2016,4,2016_04_MIA_CIN,2016-09-29,20:25,CIN,MIA,REG
2016,4,2016_04_NO_SD,2016-10-02,16:25,SD,NO,REG
2016,4,2016_04_NYG_MIN,2016-10-03,20:30,MIN,NYG,REG
2016,4,2016_04_OAK_BAL,2016-10-02,13:00,BAL,OAK,REG
2016,4,2016_04_SEA_NYJ,2016-10-02,13:00,NYJ,SEA,REG
2016,4,2016_04_TEN_HOU,2016-10-02,13:00,HOU,TEN,REG
2016,5,2016_05_ARI_SF,2016-10-06,20:25,SF,ARI,REG
2016,5,2016_05_ATL_DEN,2016-10-09,16:05,DEN,ATL,REG
2016,5,2016_05_BUF_LA,2016-10-09,16:25,LA,BUF,REG
2016,5,2016_05_CHI_IND,2016-10-09,13:00,IND,CHI,REG
2016,5,2016_05_CIN_DAL,2016-10-09,16:25,DAL,CIN,REG
2016,5,2016_05_HOU_MIN,2016-10-09,13:00,MIN,HOU,REG
2016,5,2016_05_NE_CLE,2016-10-09,13:00,CLE,NE,REG
2016,5,2016_05_NYG_GB,2016-10-09,20:30,GB,NYG,REG
2016,5,2016_05_NYJ_PIT,2016-10-09,13:00,PIT,NYJ,REG
2016,5,2016_05_PHI_DET,2016-10-09,13:00,DET,PHI,REG
2016,5,2016_05_SD_OAK,2016-10-09,16:25,OAK,SD,REG
2016,5,2016_05_TB_CAR,2016-10-10,20:30,CAR,TB,REG
2016,5,2016_05_TEN_MIA,2016-10-09,13:00,MIA,TEN,REG
2016,5,2016_05_WAS_BAL,2016-10-09,13:00,BAL,WAS,REG
2016,6,2016_06_ATL_SEA,2016-10-16,16:25,SEA,ATL,REG
2016,6,2016_06_BAL_NYG,2016-10-16,13:00,NYG,BAL,REG
2016,6,2016_06_CAR_NO,2016-10-16,13:00,NO,CAR,REG
2016,6,2016_06_CIN_NE,2016-10-16,13:00,NE,CIN,REG
2016,6,2016_06_CLE_TEN,2016-10-16,13:00,TEN,CLE,REG
2016,6,2016_06_DAL_GB,2016-10-16,16:25,GB,DAL,REG
2016,6,2016_06_DEN_SD,2016-10-13,20:25,SD,DEN,REG
2016,6,2016_06_IND_HOU,2016-10-16,20:30,HOU,IND,REG
2016,6,2016_06_JAX_CHI,2016-10-16,13:00,CHI,JAX,REG
2016,6,2016_06_KC_OAK,2016-10-16,16:05,OAK,KC,REG
2016,6,2016_06_LA_DET,2016-10-16,13:00,DET,LA,REG
2016,6,2016_06_NYJ_ARI,2016-10-17,20:30,ARI,NYJ,REG
2016,6,2016_06_PHI_WAS,2016-10-16,13:00,WAS,PHI,REG
2016,6,2016_06_PIT_MIA,2016-10-16,13:00,MIA,PIT,REG
2016,6,2016_06_SF_BUF,2016-10-16,13:00,BUF,SF,REG
2016,7,2016_07_BAL_NYJ,2016-10-23,13:00,NYJ,BAL,REG
2016,7,2016_07_BUF_MIA,2016-10-23,13:00,MIA,BUF,REG
2016,7,2016_07_CHI_GB,2016-10-20,20:25,GB,CHI,REG
2016,7,2016_07_CLE_CIN,2016-10-23,13:00,CIN,CLE,REG
2016,7,2016_07_HOU_DEN,2016-10-24,20:30,DEN,HOU,REG
2016,7,2016_07_IND_TEN,2016-10-23,13:00,TEN,IND,REG
2016,7,2016_07_MIN_PHI,2016-10-23,13:00,PHI,MIN,REG
2016,7,2016_07_NE_PIT,2016-10-23,16:25,PIT,NE,REG
2016,7,2016_07_NO_KC,2016-10-23,13:00,KC,NO,REG
2016,7,2016_07_NYG_LA,2016-10-23,09:30,LA,NYG,REG
2016,7,2016_07_OAK_JAX,2016-10-23,13:00,JAX,OAK,REG
2016,7,2016_07_SD_ATL,2016-10-23,16:05,ATL,SD,REG
2016,7,2016_07_SEA_ARI,2016-10-23,20:30,ARI,SEA,REG
2016,7,2016_07_TB_SF,2016-10-23,16:05,SF,TB,REG
2016,7,2016_07_WAS_DET,2016-10-23,13:00,DET,WAS,REG
2016,8,2016_08_ARI_CAR,2016-10-30,13:00,CAR,ARI,REG
2016,8,2016_08_DET_HOU,2016-10-30,13:00,HOU,DET,REG
2016,8,2016_08_GB_ATL,2016-10-30,16:25,ATL,GB,REG
2016,8,2016_08_JAX_TEN,2016-10-27,20:25,TEN,JAX,REG
2016,8,2016_08_KC_IND,2016-10-30,13:00,IND,KC,REG
2016,8,2016_08_MIN_CHI,2016-10-31,20:30,CHI,MIN,REG
2016,8,2016_08_NE_BUF,2016-10-30,13:00,BUF,NE,REG
2016,8,2016_08_NYJ_CLE,2016-10-30,13:00,CLE,NYJ,REG
2016,8,2016_08_OAK_TB,2016-10-30,13:00,TB,OAK,REG
2016,8,2016_08_PHI_DAL,2016-10-30,20:30,DAL,PHI,REG
2016,8,2016_08_SD_DEN,2016-10-30,16:05,DEN,SD,REG
2016,8,2016_08_SEA_NO,2016-10-30,13:00,NO,SEA,REG
2016,8,2016_08_WAS_CIN,2016-10-30,09:30,CIN,WAS,REG
2016,9,2016_09_ATL_TB,2016-11-03,20:25,TB,ATL,REG
2016,9,2016_09_BUF_SEA,2016-11-07,20:30,SEA,BUF,REG
2016,9,2016_09_CAR_LA,2016-11-06,16:05,LA,CAR,REG
2016,9,2016_09_DAL_CLE,2016-11-06,13:00,CLE,DAL,REG
2016,9,2016_09_DEN_OAK,2016-11-06,20:30,OAK,DEN,REG
2016,9,2016_09_DET_MIN,2016-11-06,13:00,MIN,DET,REG
2016,9,2016_09_IND_GB,2016-11-06,16:25,GB,IND,REG
2016,9,2016_09_JAX_KC,2016-11-06,13:00,KC,JAX,REG
2016,9,2016_09_NO_SF,2016-11-06,16:05,SF,NO,REG
2016,9,2016_09_NYJ_MIA,2016-11-06,13:00,MIA,NYJ,REG
2016,9,2016_09_PHI_NYG,2016-11-06,13:00,NYG,PHI,REG
2016,9,2016_09_PIT_BAL,2016-11-06,13:00,BAL,PIT,REG
2016,9,2016_09_TEN_SD,2016-11-06,16:25,SD,TEN,REG
2016,10,2016_10_ATL_PHI,2016-11-13,13:00,PHI,ATL,REG
2016,10,2016_10_CHI_TB,2016-11-13,13:00,TB,CHI,REG
2016,10,2016_10_CIN_NYG,2016-11-14,20:30,NYG,CIN,REG
2016,10,2016_10_CLE_BAL,2016-11-10,20:25,BAL,CLE,REG
2016,10,2016_10_DAL_PIT,2016-11-13,16:25,PIT,DAL,REG
2016,10,2016_10_DEN_NO,2016-11-13,13:00,NO,DEN,REG
2016,10,2016_10_GB_TEN,2016-11-13,13:00,TEN,GB,REG
2016,10,2016_10_HOU_JAX,2016-11-13,13:00,JAX,HOU,REG
2016,10,2016_10_KC_CAR,2016-11-13,13:00,CAR,KC,REG
2016,10,2016_10_LA_NYJ,2016-11-13,13:00,NYJ,LA,REG
2016,10,2016_10_MIA_SD,2016-11-13,16:05,SD,MIA,REG
2016,10,2016_10_MIN_WAS,2016-11-13,13:00,WAS,MIN,REG
2016,10,2016_10_SEA_NE,2016-11-13,20:30,NE,SEA,REG
2016,10,2016_10_SF_ARI,2016-11-13,16:25,ARI,SF,REG
2016,11,2016_11_ARI_MIN,2016-11-20,13:00,MIN,ARI,REG
2016,11,2016_11_BAL_DAL,2016-11-20,13:00,DAL,BAL,REG
2016,11,2016_11_BUF_CIN,2016-11-20,13:00,CIN,BUF,REG
2016,11,2016_11_CHI_NYG,2016-11-20,13:00,NYG,CHI,REG
2016,11,2016_11_GB_WAS,2016-11-20,20:30,WAS,GB,REG
2016,11,2016_11_HOU_OAK,2016-11-21,20:30,OAK,HOU,REG
2016,11,2016_11_JAX_DET,2016-11-20,13:00,DET,JAX,REG
2016,11,2016_11_MIA_LA,2016-11-20,16:05,LA,MIA,REG
2016,11,2016_11_NE_SF,2016-11-20,16:25,SF,NE,REG
2016,11,2016_11_NO_CAR,2016-11-17,20:25,CAR,NO,REG
2016,11,2016_11_PHI_SEA,2016-11-20,16:25,SEA,PHI,REG
2016,11,2016_11_PIT_CLE,2016-11-20,13:00,CLE,PIT,REG
2016,11,2016_11_TB_KC,2016-11-20,13:00,KC,TB,REG
2016,11,2016_11_TEN_IND,2016-11-20,13:00,IND,TEN,REG
2016,12,2016_12_ARI_ATL,2016-11-27,13:00,ATL,ARI,REG
2016,12,2016_12_CAR_OAK,2016-11-27,16:25,OAK,CAR,REG
2016,12,2016_12_CIN_BAL,2016-11-27,13:00,BAL,CIN,REG
2016,12,2016_12_GB_PHI,2016-11-28,20:30,PHI,GB,REG
2016,12,2016_12_JAX_BUF,2016-11-27,13:00,BUF,JAX,REG
2016,12,2016_12_KC_DEN,2016-11-27,20:30,DEN,KC,REG
2016,12,2016_12_LA_NO,2016-11-27,13:00,NO,LA,REG
2016,12,2016_12_MIN_DET,2016-11-24,12:30,DET,MIN,REG
2016,12,2016_12_NE_NYJ,2016-11-27,16:25,NYJ,NE,REG
2016,12,2016_12_NYG_CLE,2016-11-27,13:00,CLE,NYG,REG
2016,12,2016_12_PIT_IND,2016-11-24,20:30,IND,PIT,REG
2016,12,2016_12_SD_HOU,2016-11-27,13:00,HOU,SD,REG
2016,12,2016_12_SEA_TB,2016-11-27,16:05,TB,SEA,REG
2016,12,2016_12_SF_MIA,2016-11-27,13:00,MIA,SF,REG
2016,12,2016_12_TEN_CHI,2016-11-27,13:00,CHI,TEN,REG
2016,12,2016_12_WAS_DAL,2016-11-24,16:30,DAL,WAS,REG
2016,13,2016_13_BUF_OAK,2016-12-04,16:05,OAK,BUF,REG
2016,13,2016_13_CAR_SEA,2016-12-04,20:30,SEA,CAR,REG
2016,13,2016_13_DAL_MIN,2016-12-01,20:25,MIN,DAL,REG
2016,13,2016_13_DEN_JAX,2016-12-04,13:00,JAX,DEN,REG
2016,13,2016_13_DET_NO,2016-12-04,13:00,NO,DET,REG
2016,13,2016_13_HOU_GB,2016-12-04,13:00,GB,HOU,REG
2016,13,2016_13_IND_NYJ,2016-12-05,20:30,NYJ,IND,REG
2016,13,2016_13_KC_ATL,2016-12-04,13:00,ATL,KC,REG
2016,13,2016_13_LA_NE,2016-12-04,13:00,NE,LA,REG
2016,13,2016_13_MIA_BAL,2016-12-04,13:00,BAL,MIA,REG
2016,13,2016_13_NYG_PIT,2016-12-04,16:25,PIT,NYG,REG
2016,13,2016_13_PHI_CIN,2016-12-04,13:00,CIN,PHI,REG
2016,13,2016_13_SF_CHI,2016-12-04,13:00,CHI,SF,REG
2016,13,2016_13_TB_SD,2016-12-04,16:25,SD,TB,REG
2016,13,2016_13_WAS_ARI,2016-12-04,16:25,ARI,WAS,REG
2016,14,2016_14_ARI_MIA,2016-12-11,13:00,MIA,ARI,REG
2016,14,2016_14_ATL_LA,2016-12-11,16:25,LA,ATL,REG
2016,14,2016_14_BAL_NE,2016-12-12,20:30,NE,BAL,REG
2016,14,2016_14_CHI_DET,2016-12-11,13:00,DET,CHI,REG
2016,14,2016_14_CIN_CLE,2016-12-11,13:00,CLE,CIN,REG
2016,14,2016_14_DAL_NYG,2016-12-11,20:30,NYG,DAL,REG
2016,14,2016_14_DEN_TEN,2016-12-11,13:00,TEN,DEN,REG
2016,14,2016_14_HOU_IND,2016-12-11,13:00,IND,HOU,REG
2016,14,2016_14_MIN_JAX,2016-12-11,13:00,JAX,MIN,REG
2016,14,2016_14_NO_TB,2016-12-11,16:25,TB,NO,REG
2016,14,2016_14_NYJ_SF,2016-12-11,16:05,SF,NYJ,REG
2016,14,2016_14_OAK_KC,2016-12-08,20:25,KC,OAK,REG
2016,14,2016_14_PIT_BUF,2016-12-11,13:00,BUF,PIT,REG
2016,14,2016_14_SD_CAR,2016-12-11,13:00,CAR,SD,REG
2016,14,2016_14_SEA_GB,2016-12-11,16:25,GB,SEA,REG
2016,14,2016_14_WAS_PHI,2016-12-11,13:00,PHI,WAS,REG
2016,15,2016_15_CAR_WAS,2016-12-19,20:30,WAS,CAR,REG
2016,15,2016_15_CLE_BUF,2016-12-18,13:00,BUF,CLE,REG
2016,15,2016_15_DET_NYG,2016-12-18,13:00,NYG,DET,REG
2016,15,2016_15_GB_CHI,2016-12-18,13:00,CHI,GB,REG
2016,15,2016_15_IND_MIN,2016-12-18,13:00,MIN,IND,REG
2016,15,2016_15_JAX_HOU,2016-12-18,13:00,HOU,JAX,REG
2016,15,2016_15_LA_SEA,2016-12-15,20:25,SEA,LA,REG
2016,15,2016_15_MIA_NYJ,2016-12-17,20:25,NYJ,MIA,REG
2016,15,2016_15_NE_DEN,2016-12-18,16:25,DEN,NE,REG
2016,15,2016_15_NO_ARI,2016-12-18,16:05,ARI,NO,REG
2016,15,2016_15_OAK_SD,2016-12-18,16:25,SD,OAK,REG
2016,15,2016_15_PHI_BAL,2016-12-18,13:00,BAL,PHI,REG
2016,15,2016_15_PIT_CIN,2016-12-18,13:00,CIN,PIT,REG
2016,15,2016_15_SF_ATL,2016-12-18,16:05,ATL,SF,REG
2016,15,2016_15_TB_DAL,2016-12-18,20:30,DAL,TB,REG
2016,15,2016_15_TEN_KC,2016-12-18,13:00,KC,TEN,REG
2016,16,2016_16_ARI_SEA,2016-12-24,16:25,SEA,ARI,REG
2016,16,2016_16_ATL_CAR,2016-12-24,13:00,CAR,ATL,REG
2016,16,2016_16_BAL_PIT,2016-12-25,16:30,PIT,BAL,REG
2016,16,2016_16_CIN_HOU,2016-12-24,20:25,HOU,CIN,REG
2016,16,2016_16_DEN_KC,2016-12-25,20:30,KC,DEN,REG
2016,16,2016_16_DET_DAL,2016-12-26,20:30,DAL,DET,REG
2016,16,2016_16_IND_OAK,2016-12-24,16:05,OAK,IND,REG
2016,16,2016_16_MIA_BUF,2016-12-24,13:00,BUF,MIA,REG
2016,16,2016_16_MIN_GB,2016-12-24,13:00,GB,MIN,REG
2016,16,2016_16_NYG_PHI,2016-12-22,20:25,PHI,NYG,REG
2016,16,2016_16_NYJ_NE,2016-12-24,13:00,NE,NYJ,REG
2016,16,2016_16_SD_CLE,2016-12-24,13:00,CLE,SD,REG
2016,16,2016_16_SF_LA,2016-12-24,16:25,LA,SF,REG
2016,16,2016_16_TB_NO,2016-12-24,16:25,NO,TB,REG
2016,16,2016_16_TEN_JAX,2016-12-24,13:00,JAX,TEN,REG
2016,16,2016_16_WAS_CHI,2016-12-24,13:00,CHI,WAS,REG
2016,17,2016_17_ARI_LA,2017-01-01,16:25,LA,ARI,REG
2016,17,2016_17_BAL_CIN,2017-01-01,13:00,CIN,BAL,REG
2016,17,2016_17_BUF_NYJ,2017-01-01,13:00,NYJ,BUF,REG
2016,17,2016_17_CAR_TB,2017-01-01,13:00,TB,CAR,REG
2016,17,2016_17_CHI_MIN,2017-01-01,13:00,MIN,CHI,REG
2016,17,2016_17_CLE_PIT,2017-01-01,13:00,PIT,CLE,REG
2016,17,2016_17_DAL_PHI,2017-01-01,13:00,PHI,DAL,REG
2016,17,2016_17_GB_DET,2017-01-01,20:30,DET,GB,REG
2016,17,2016_17_HOU_TEN,2017-01-01,13:00,TEN,HOU,REG
2016,17,2016_17_JAX_IND,2017-01-01,13:00,IND,JAX,REG
2016,17,2016_17_KC_SD,2017-01-01,16:25,SD,KC,REG
2016,17,2016_17_NE_MIA,2017-01-01,13:00,MIA,NE,REG
2016,17,2016_17_NO_ATL,2017-01-01,16:25,ATL,NO,REG
2016,17,2016_17_NYG_WAS,2017-01-01,16:25,WAS,NYG,REG
2016,17,2016_17_OAK_DEN,2017-01-01,16:25,DEN,OAK,REG
2016,17,2016_17_SEA_SF,2017-01-01,16:25,SF,SEA,REG
2016,18,2016_18_DET_SEA,2017-01-07,20:15,SEA,DET,WC
2016,18,2016_18_MIA_PIT,2017-01-08,13:05,PIT,MIA,WC
2016,18,2016_18_NYG_GB,2017-01-08,16:40,GB,NYG,WC
2016,18,2016_18_OAK_HOU,2017-01-07,16:35,HOU,OAK,WC
2016,19,2016_19_GB_DAL,2017-01-15,16:40,DAL,GB,DIV
2016,19,2016_19_HOU_NE,2017-01-14,20:15,NE,HOU,DIV
2016,19,2016_19_PIT_KC,2017-01-15,20:20,KC,PIT,DIV
2016,19,2016_19_SEA_ATL,2017-01-14,16:35,ATL,SEA,DIV
2016,20,2016_20_GB_ATL,2017-01-22,15:05,ATL,GB,CON
2016,20,2016_20_PIT_NE,2017-01-22,18:40,NE,PIT,CON
2016,21,2016_21_NE_ATL,2017-02-05,18:30,ATL,NE,SB
2017,1,2017_01_ARI_DET,2017-09-10,13:00,DET,ARI,REG
2017,1,2017_01_ATL_CHI,2017-09-10,13:00,CHI,ATL,REG
2017,1,2017_01_BAL_CIN,2017-09-10,13:00,CIN,BAL,REG
2017,1,2017_01_CAR_SF,2017-09-10,16:25,SF,CAR,REG
2017,1,2017_01_IND_LA,2017-09-10,16:05,LA,IND,REG
2017,1,2017_01_JAX_HOU,2017-09-10,13:00,HOU,JAX,REG
2017,1,2017_01_KC_NE,2017-09-07,20:30,NE,KC,REG
2017,1,2017_01_LAC_DEN,2017-09-11,22:20,DEN,LAC,REG
2017,1,2017_01_NO_MIN,2017-09-11,19:10,MIN,NO,REG
2017,1,2017_01_NYG_DAL,2017-09-10,20:30,DAL,NYG,REG
2017,1,2017_01_NYJ_BUF,2017-09-10,13:00,BUF,NYJ,REG
2017,1,2017_01_OAK_TEN,2017-09-10,13:00,TEN,OAK,REG
2017,1,2017_01_PHI_WAS,2017-09-10,13:00,WAS,PHI,REG
2017,1,2017_01_PIT_CLE,2017-09-10,13:00,CLE,PIT,REG
2017,1,2017_01_SEA_GB,2017-09-10,16:25,GB,SEA,REG
2017,2,2017_02_ARI_IND,2017-09-17,13:00,IND,ARI,REG
2017,2,2017_02_BUF_CAR,2017-09-17,13:00,CAR,BUF,REG
2017,2,2017_02_CHI_TB,2017-09-17,13:00,TB,CHI,REG
2017,2,2017_02_CLE_BAL,2017-09-17,13:00,BAL,CLE,REG
2017,2,2017_02_DAL_DEN,2017-09-17,16:25,DEN,DAL,REG
2017,2,2017_02_DET_NYG,2017-09-18,20:30,NYG,DET,REG
2017,2,2017_02_GB_ATL,2017-09-17,20:30,ATL,GB,REG
2017,2,2017_02_HOU_CIN,2017-09-14,20:25,CIN,HOU,REG
2017,2,2017_02_MIA_LAC,2017-09-17,16:05,LAC,MIA,REG
2017,2,2017_02_MIN_PIT,2017-09-17,13:00,PIT,MIN,REG
2017,2,2017_02_NE_NO,2017-09-17,13:00,NO,NE,REG
2017,2,2017_02_NYJ_OAK,2017-09-17,16:05,OAK,NYJ,REG
2017,2,2017_02_PHI_KC,2017-09-17,13:00,KC,PHI,REG
2017,2,2017_02_SF_SEA,2017-09-17,16:25,SEA,SF,REG
2017,2,2017_02_TEN_JAX,2017-09-17,13:00,JAX,TEN,REG
2017,2,2017_02_WAS_LA,2017-09-17,16:25,LA,WAS,REG
2017,3,2017_03_ATL_DET,2017-09-24,13:00,DET,ATL,REG
2017,3,2017_03_BAL_JAX,2017-09-24,21:30,JAX,BAL,REG
2017,3,2017_03_CIN_GB,2017-09-24,16:25,GB,CIN,REG
2017,3,2017_03_CLE_IND,2017-09-24,13:00,IND,CLE,REG
2017,3,2017_03_DAL_ARI,2017-09-25,20:30,ARI,DAL,REG
2017,3,2017_03_DEN_BUF,2017-09-24,13:00,BUF,DEN,REG
2017,3,2017_03_HOU_NE,2017-09-24,13:00,NE,HOU,REG
2017,3,2017_03_KC_LAC,2017-09-24,16:25,LAC,KC,REG
2017,3,2017_03_LA_SF,2017-09-21,20:25,SF,LA,REG
2017,3,2017_03_MIA_NYJ,2017-09-24,13:00,NYJ,MIA,REG
2017,3,2017_03_NO_CAR,2017-09-24,13:00,CAR,NO,REG
2017,3,2017_03_NYG_PHI,2017-09-24,13:00,PHI,NYG,REG
2017,3,2017_03_OAK_WAS,2017-09-24,20:30,WAS,OAK,REG
2017,3,2017_03_PIT_CHI,2017-09-24,13:00,CHI,PIT,REG
2017,3,2017_03_SEA_TEN,2017-09-24,16:05,TEN,SEA,REG
2017,3,2017_03_TB_MIN,2017-09-24,13:00,MIN,TB,REG
2017,4,2017_04_BUF_ATL,2017-10-01,13:00,ATL,BUF,REG
2017,4,2017_04_CAR_NE,2017-10-01,13:00,NE,CAR,REG
2017,4,2017_04_CHI_GB,2017-09-28,20:25,GB,CHI,REG
2017,4,2017_04_CIN_CLE,2017-10-01,13:00,CLE,CIN,REG
2017,4,2017_04_DET_MIN,2017-10-01,13:00,MIN,DET,REG
2017,4,2017_04_IND_SEA,2017-10-01,20:30,SEA,IND,REG
2017,4,2017_04_JAX_NYJ,2017-10-01,13:00,NYJ,JAX,REG
2017,4,2017_04_LA_DAL,2017-10-01,13:00,DAL,LA,REG
2017,4,2017_04_NO_MIA,2017-10-01,21:30,MIA,NO,REG
2017,4,2017_04_NYG_TB,2017-10-01,16:05,TB,NYG,REG
2017,4,2017_04_OAK_DEN,2017-10-01,16:25,DEN,OAK,REG
2017,4,2017_04_PHI_LAC,2017-10-01,16:05,LAC,PHI,REG
2017,4,2017_04_PIT_BAL,2017-10-01,13:00,BAL,PIT,REG
2017,4,2017_04_SF_ARI,2017-10-01,16:05,ARI,SF,REG
2017,4,2017_04_TEN_HOU,2017-10-01,13:00,HOU,TEN,REG
2017,4,2017_04_WAS_KC,2017-10-02,20:30,KC,WAS,REG
2017,5,2017_05_ARI_PHI,2017-10-08,13:00,PHI,ARI,REG
2017,5,2017_05_BAL_OAK,2017-10-08,16:05,OAK,BAL,REG
2017,5,2017_05_BUF_CIN,2017-10-08,13:00,CIN,BUF,REG
2017,5,2017_05_CAR_DET,2017-10-08,13:00,DET,CAR,REG
2017,5,2017_05_GB_DAL,2017-10-08,16:25,DAL,GB,REG
2017,5,2017_05_JAX_PIT,2017-10-08,13:00,PIT,JAX,REG
2017,5,2017_05_KC_HOU,2017-10-08,20:30,HOU,KC,REG
2017,5,2017_05_LAC_NYG,2017-10-08,13:00,NYG,LAC,REG
2017,5,2017_05_MIN_CHI,2017-10-09,20:30,CHI,MIN,REG
2017,5,2017_05_NE_TB,2017-10-05,20:25,TB,NE,REG
2017,5,2017_05_NYJ_CLE,2017-10-08,13:00,CLE,NYJ,REG
2017,5,2017_05_SEA_LA,2017-10-08,16:05,LA,SEA,REG
2017,5,2017_05_SF_IND,2017-10-08,13:00,IND,SF,REG
2017,5,2017_05_TEN_MIA,2017-10-08,13:00,MIA,TEN,REG
2017,6,2017_06_CHI_BAL,2017-10-15,13:00,BAL,CHI,REG
2017,6,2017_06_CLE_HOU,2017-10-15,13:00,HOU,CLE,REG
2017,6,2017_06_DET_NO,2017-10-15,13:00,NO,DET,REG
2017,6,2017_06_GB_MIN,2017-10-15,13:00,MIN,GB,REG
2017,6,2017_06_IND_TEN,2017-10-16,20:30,TEN,IND,REG
2017,6,2017_06_LAC_OAK,2017-10-15,16:25,OAK,LAC,REG
2017,6,2017_06_LA_JAX,2017-10-15,16:05,JAX,LA,REG
2017,6,2017_06_MIA_ATL,2017-10-15,13:00,ATL,MIA,REG
2017,6,2017_06_NE_NYJ,2017-10-15,13:00,NYJ,NE,REG
2017,6,2017_06_NYG_DEN,2017-10-15,20:30,DEN,NYG,REG
2017,6,2017_06_PHI_CAR,2017-10-12,20:25,CAR,PHI,REG
2017,6,2017_06_PIT_KC,2017-10-15,16:25,KC,PIT,REG
2017,6,2017_06_SF_WAS,2017-10-15,13:00,WAS,SF,REG
2017,6,2017_06_TB_ARI,2017-10-15,16:05,ARI,TB,REG
2017,7,2017_07_ARI_LA,2017-10-22,13:00,LA,ARI,REG
2017,7,2017_07_ATL_NE,2017-10-22,20:30,NE,ATL,REG
2017,7,2017_07_BAL_MIN,2017-10-22,13:00,MIN,BAL,REG
2017,7,2017_07_CAR_CHI,2017-10-22,13:00,CHI,CAR,REG
2017,7,2017_07_CIN_PIT,2017-10-22,16:25,PIT,CIN,REG
2017,7,2017_07_DAL_SF,2017-10-22,16:05,SF,DAL,REG
2017,7,2017_07_DEN_LAC,2017-10-22,16:25,LAC,DEN,REG
2017,7,2017_07_JAX_IND,2017-10-22,13:00,IND,JAX,REG
2017,7,2017_07_KC_OAK,2017-10-19,20:25,OAK,KC,REG
2017,7,2017_07_NO_GB,2017-10-22,13:00,GB,NO,REG
2017,7,2017_07_NYJ_MIA,2017-10-22,13:00,MIA,NYJ,REG
2017,7,2017_07_SEA_NYG,2017-10-22,16:25,NYG,SEA,REG
2017,7,2017_07_TB_BUF,2017-10-22,13:00,BUF,TB,REG
2017,7,2017_07_TEN_CLE,2017-10-22,13:00,CLE,TEN,REG
2017,7,2017_07_WAS_PHI,2017-10-23,20:30,PHI,WAS,REG
2017,8,2017_08_ATL_NYJ,2017-10-29,13:00,NYJ,ATL,REG
2017,8,2017_08_CAR_TB,2017-10-29,13:00,TB,CAR,REG
2017,8,2017_08_CHI_NO,2017-10-29,13:00,NO,CHI,REG
2017,8,2017_08_DAL_WAS,2017-10-29,16:25,WAS,DAL,REG
2017,8,2017_08_DEN_KC,2017-10-30,20:30,KC,DEN,REG
2017,8,2017_08_HOU_SEA,2017-10-29,16:05,SEA,HOU,REG
2017,8,2017_08_IND_CIN,2017-10-29,13:00,CIN,IND,REG
2017,8,2017_08_LAC_NE,2017-10-29,13:00,NE,LAC,REG
2017,8,2017_08_MIA_BAL,2017-10-26,20:25,BAL,MIA,REG
2017,8,2017_08_MIN_CLE,2017-10-29,21:30,CLE,MIN,REG
2017,8,2017_08_OAK_BUF,2017-10-29,13:00,BUF,OAK,REG
2017,8,2017_08_PIT_DET,2017-10-29,20:30,DET,PIT,REG
2017,8,2017_08_SF_PHI,2017-10-29,13:00,PHI,SF,REG
2017,9,2017_09_ARI_SF,2017-11-05,16:05,SF,ARI,REG
2017,9,2017_09_ATL_CAR,2017-11-05,13:00,CAR,ATL,REG
2017,9,2017_09_BAL_TEN,2017-11-05,13:00,TEN,BAL,REG
2017,9,2017_09_BUF_NYJ,2017-11-02,20:25,NYJ,BUF,REG
2017,9,2017_09_CIN_JAX,2017-11-05,13:00,JAX,CIN,REG
2017,9,2017_09_DEN_PHI,2017-11-05,13:00,PHI,DEN,REG
2017,9,2017_09_DET_GB,2017-11-06,20:30,GB,DET,REG
2017,9,2017_09_IND_HOU,2017-11-05,13:00,HOU,IND,REG
2017,9,2017_09_KC_DAL,2017-11-05,16:25,DAL,KC,REG
2017,9,2017_09_LA_NYG,2017-11-05,13:00,NYG,LA,REG
2017,9,2017_09_OAK_MIA,2017-11-05,20:30,MIA,OAK,REG
2017,9,2017_09_TB_NO,2017-11-05,13:00,NO,TB,REG
2017,9,2017_09_WAS_SEA,2017-11-05,16:05,SEA,WAS,REG
2017,10,2017_10_CIN_TEN,2017-11-12,13:00,TEN,CIN,REG
2017,10,2017_10_CLE_DET,2017-11-12,13:00,DET,CLE,REG
2017,10,2017_10_DAL_ATL,2017-11-12,16:25,ATL,DAL,REG
2017,10,2017_10_GB_CHI,2017-11-12,13:00,CHI,GB,REG
2017,10,2017_10_HOU_LA,2017-11-12,16:05,LA,HOU,REG
2017,10,2017_10_LAC_JAX,2017-11-12,13:00,JAX,LAC,REG
2017,10,2017_10_MIA_CAR,2017-11-13,20:30,CAR,MIA,REG
2017,10,2017_10_MIN_WAS,2017-11-12,13:00,WAS,MIN,REG
2017,10,2017_10_NE_DEN,2017-11-12,20:30,DEN,NE,REG
2017,10,2017_10_NO_BUF,2017-11-12,13:00,BUF,NO,REG
2017,10,2017_10_NYG_SF,2017-11-12,16:25,SF,NYG,REG
2017,10,2017_10_NYJ_TB,2017-11-12,13:00,TB,NYJ,REG
2017,10,2017_10_PIT_IND,2017-11-12,13:00,IND,PIT,REG
2017,10,2017_10_SEA_ARI,2017-11-09,20:25,ARI,SEA,REG
2017,11,2017_11_ARI_HOU,2017-11-19,13:00,HOU,ARI,REG
2017,11,2017_11_ATL_SEA,2017-11-20,20:30,SEA,ATL,REG
2017,11,2017_11_BAL_GB,2017-11-19,13:00,GB,BAL,REG
2017,11,2017_11_BUF_LAC,2017-11-19,16:05,LAC,BUF,REG
2017,11,2017_11_CIN_DEN,2017-11-19,16:25,DEN,CIN,REG
2017,11,2017_11_DET_CHI,2017-11-19,13:00,CHI,DET,REG
2017,11,2017_11_JAX_CLE,2017-11-19,13:00,CLE,JAX,REG
2017,11,2017_11_KC_NYG,2017-11-19,13:00,NYG,KC,REG
2017,11,2017_11_LA_MIN,2017-11-19,13:00,MIN,LA,REG
2017,11,2017_11_NE_OAK,2017-11-19,16:25,OAK,NE,REG
2017,11,2017_11_PHI_DAL,2017-11-19,20:30,DAL,PHI,REG
2017,11,2017_11_TB_MIA,2017-11-19,13:00,MIA,TB,REG
2017,11,2017_11_TEN_PIT,2017-11-16,20:25,PIT,TEN,REG
2017,11,2017_11_WAS_NO,2017-11-19,13:00,NO,WAS,REG
2017,12,2017_12_BUF_KC,2017-11-26,13:00,KC,BUF,REG
2017,12,2017_12_CAR_NYJ,2017-11-26,13:00,NYJ,CAR,REG
2017,12,2017_12_CHI_PHI,2017-11-26,13:00,PHI,CHI,REG
2017,12,2017_12_CLE_CIN,2017-11-26,13:00,CIN,CLE,REG
2017,12,2017_12_DEN_OAK,2017-11-26,16:25,OAK,DEN,REG
2017,12,2017_12_GB_PIT,2017-11-26,20:30,PIT,GB,REG
2017,12,2017_12_HOU_BAL,2017-11-27,20:30,BAL,HOU,REG
2017,12,2017_12_JAX_ARI,2017-11-26,16:25,ARI,JAX,REG
2017,12,2017_12_LAC_DAL,2017-11-23,16:30,DAL,LAC,REG
2017,12,2017_12_MIA_NE,2017-11-26,13:00,NE,MIA,REG
2017,12,2017_12_MIN_DET,2017-11-23,12:30,DET,MIN,REG
2017,12,2017_12_NO_LA,2017-11-26,16:25,LA,NO,REG
2017,12,2017_12_NYG_WAS,2017-11-23,20:30,WAS,NYG,REG
2017,12,2017_12_SEA_SF,2017-11-26,16:05,SF,SEA,REG
2017,12,2017_12_TB_ATL,2017-11-26,13:00,ATL,TB,REG
2017,12,2017_12_TEN_IND,2017-11-26,13:00,IND,TEN,REG
2017,13,2017_13_CAR_NO,2017-12-03,16:25,NO,CAR,REG
2017,13,2017_13_CLE_LAC,2017-12-03,16:05,LAC,CLE,REG
2017,13,2017_13_DEN_MIA,2017-12-03,13:00,MIA,DEN,REG
2017,13,2017_13_DET_BAL,2017-12-03,13:00,BAL,DET,REG
2017,13,2017_13_HOU_TEN,2017-12-03,13:00,TEN,HOU,REG
2017,13,2017_13_IND_JAX,2017-12-03,13:00,JAX,IND,REG
2017,13,2017_13_KC_NYJ,2017-12-03,13:00,NYJ,KC,REG
2017,13,2017_13_LA_ARI,2017-12-03,16:25,ARI,LA,REG
2017,13,2017_13_MIN_ATL,2017-12-03,13:00,ATL,MIN,REG
2017,13,2017_13_NE_BUF,2017-12-03,13:00,BUF,NE,REG
2017,13,2017_13_NYG_OAK,2017-12-03,16:25,OAK,NYG,REG
2017,13,2017_13_PHI_SEA,2017-12-03,20:30,SEA,PHI,REG
2017,13,2017_13_PIT_CIN,2017-12-04,20:30,CIN,PIT,REG
2017,13,2017_13_SF_CHI,2017-12-03,13:00,CHI,SF,REG
2017,13,2017_13_TB_GB,2017-12-03,13:00,GB,TB,REG
2017,13,2017_13_WAS_DAL,2017-11-30,20:25,DAL,WAS,REG
2017,14,2017_14_BAL_PIT,2017-12-10,20:30,PIT,BAL,REG
2017,14,2017_14_CHI_CIN,2017-12-10,13:00,CIN,CHI,REG
2017,14,2017_14_DAL_NYG,2017-12-10,13:00,NYG,DAL,REG
2017,14,2017_14_DET_TB,2017-12-10,13:00,TB,DET,REG
2017,14,2017_14_GB_CLE,2017-12-10,13:00,CLE,GB,REG
2017,14,2017_14_IND_BUF,2017-12-10,13:00,BUF,IND,REG
2017,14,2017_14_MIN_CAR,2017-12-10,13:00,CAR,MIN,REG
2017,14,2017_14_NE_MIA,2017-12-11,20:30,MIA,NE,REG
2017,14,2017_14_NO_ATL,2017-12-07,20:25,ATL,NO,REG
2017,14,2017_14_NYJ_DEN,2017-12-10,16:05,DEN,NYJ,REG
2017,14,2017_14_OAK_KC,2017-12-10,13:00,KC,OAK,REG
2017,14,2017_14_PHI_LA,2017-12-10,16:25,LA,PHI,REG
2017,14,2017_14_SEA_JAX,2017-12-10,16:25,JAX,SEA,REG
2017,14,2017_14_SF_HOU,2017-12-10,13:00,HOU,SF,REG
2017,14,2017_14_TEN_ARI,2017-12-10,16:05,ARI,TEN,REG
2017,14,2017_14_WAS_LAC,2017-12-10,16:05,LAC,WAS,REG
2017,15,2017_15_ARI_WAS,2017-12-17,13:00,WAS,ARI,REG
2017,15,2017_15_ATL_TB,2017-12-18,20:30,TB,ATL,REG
2017,15,2017_15_BAL_CLE,2017-12-17,13:00,CLE,BAL,REG
2017,15,2017_15_CHI_DET,2017-12-16,16:30,DET,CHI,REG
2017,15,2017_15_CIN_MIN,2017-12-17,13:00,MIN,CIN,REG
2017,15,2017_15_DAL_OAK,2017-12-17,20:30,OAK,DAL,REG
2017,15,2017_15_DEN_IND,2017-12-14,20:25,IND,DEN,REG
2017,15,2017_15_GB_CAR,2017-12-17,13:00,CAR,GB,REG
2017,15,2017_15_HOU_JAX,2017-12-17,13:00,JAX,HOU,REG
2017,15,2017_15_LAC_KC,2017-12-16,20:25,KC,LAC,REG
2017,15,2017_15_LA_SEA,2017-12-17,16:05,SEA,LA,REG
2017,15,2017_15_MIA_BUF,2017-12-17,13:00,BUF,MIA,REG
2017,15,2017_15_NE_PIT,2017-12-17,16:25,PIT,NE,REG
2017,15,2017_15_NYJ_NO,2017-12-17,13:00,NO,NYJ,REG
2017,15,2017_15_PHI_NYG,2017-12-17,13:00,NYG,PHI,REG
2017,15,2017_15_TEN_SF,2017-12-17,16:25,SF,TEN,REG
2017,16,2017_16_ATL_NO,2017-12-24,13:00,NO,ATL,REG
2017,16,2017_16_BUF_NE,2017-12-24,13:00,NE,BUF,REG
2017,16,2017_16_CLE_CHI,2017-12-24,13:00,CHI,CLE,REG
2017,16,2017_16_DEN_WAS,2017-12-24,13:00,WAS,DEN,REG
2017,16,2017_16_DET_CIN,2017-12-24,13:00,CIN,DET,REG
2017,16,2017_16_IND_BAL,2017-12-23,16:30,BAL,IND,REG
2017,16,2017_16_JAX_SF,2017-12-24,16:05,SF,JAX,REG
2017,16,2017_16_LAC_NYJ,2017-12-24,13:00,NYJ,LAC,REG
2017,16,2017_16_LA_TEN,2017-12-24,13:00,TEN,LA,REG
2017,16,2017_16_MIA_KC,2017-12-24,13:00,KC,MIA,REG
2017,16,2017_16_MIN_GB,2017-12-23,20:30,GB,MIN,REG
2017,16,2017_16_NYG_ARI,2017-12-24,16:25,ARI,NYG,REG
2017,16,2017_16_OAK_PHI,2017-12-25,20:30,PHI,OAK,REG
2017,16,2017_16_PIT_HOU,2017-12-25,16:30,HOU,PIT,REG
2017,16,2017_16_SEA_DAL,2017-12-24,16:25,DAL,SEA,REG
2017,16,2017_16_TB_CAR,2017-12-24,13:00,CAR,TB,REG
2017,17,2017_17_ARI_SEA,2017-12-31,16:25,SEA,ARI,REG
2017,17,2017_17_BUF_MIA,2017-12-31,16:25,MIA,BUF,REG
2017,17,2017_17_CAR_ATL,2017-12-31,16:25,ATL,CAR,REG
2017,17,2017_17_CHI_MIN,2017-12-31,13:00,MIN,CHI,REG
2017,17,2017_17_CIN_BAL,2017-12-31,16:25,BAL,CIN,REG
2017,17,2017_17_CLE_PIT,2017-12-31,13:00,PIT,CLE,REG
2017,17,2017_17_DAL_PHI,2017-12-31,13:00,PHI,DAL,REG
2017,17,2017_17_GB_DET,2017-12-31,13:00,DET,GB,REG
2017,17,2017_17_HOU_IND,2017-12-31,13:00,IND,HOU,REG
2017,17,2017_17_JAX_TEN,2017-12-31,16:25,TEN,JAX,REG
2017,17,2017_17_KC_DEN,2017-12-31,16:25,DEN,KC,REG
2017,17,2017_17_NO_TB,2017-12-31,16:25,TB,NO,REG
2017,17,2017_17_NYJ_NE,2017-12-31,13:00,NE,NYJ,REG
2017,17,2017_17_OAK_LAC,2017-12-31,16:25,LAC,OAK,REG
2017,17,2017_17_SF_LA,2017-12-31,16:25,LA,SF,REG
2017,17,2017_17_WAS_NYG,2017-12-31,13:00,NYG,WAS,REG
2017,18,2017_18_ATL_LA,2018-01-06,20:15,LA,ATL,WC
2017,18,2017_18_BUF_JAX,2018-01-07,13:05,JAX,BUF,WC
2017,18,2017_18_CAR_NO,2018-01-07,16:40,NO,CAR,WC
2017,18,2017_18_TEN_KC,2018-01-06,16:36,KC,TEN,WC
2017,19,2017_19_ATL_PHI,2018-01-13,16:35,PHI,ATL,DIV
2017,19,2017_19_JAX_PIT,2018-01-14,13:05,PIT,JAX,DIV
2017,19,2017_19_NO_MIN,2018-01-14,16:40,MIN,NO,DIV
2017,19,2017_19_TEN_NE,2018-01-13,20:15,NE,TEN,DIV
2017,20,2017_20_JAX_NE,2018-01-21,15:05,NE,JAX,CON
2017,20,2017_20_MIN_PHI,2018-01-21,18:41,PHI,MIN,CON
2017,21,2017_21_PHI_NE,2018-02-04,18:31,NE,PHI,SB
2018,1,2018_01_ATL_PHI,2018-09-06,20:20,PHI,ATL,REG
2018,1,2018_01_BUF_BAL,2018-09-09,13:00,BAL,BUF,REG
2018,1,2018_01_CHI_GB,2018-09-09,20:20,GB,CHI,REG
2018,1,2018_01_CIN_IND,2018-09-09,13:00,IND,CIN,REG
2018,1,2018_01_DAL_CAR,2018-09-09,16:25,CAR,DAL,REG
2018,1,2018_01_HOU_NE,2018-09-09,13:00,NE,HOU,REG
2018,1,2018_01_JAX_NYG,2018-09-09,13:00,NYG,JAX,REG
2018,1,2018_01_KC_LAC,2018-09-09,16:05,LAC,KC,REG
2018,1,2018_01_LA_OAK,2018-09-10,22:20,OAK,LA,REG
2018,1,2018_01_NYJ_DET,2018-09-10,19:10,DET,NYJ,REG
2018,1,2018_01_PIT_CLE,2018-09-09,13:00,CLE,PIT,REG
2018,1,2018_01_SEA_DEN,2018-09-09,16:25,DEN,SEA,REG
2018,1,2018_01_SF_MIN,2018-09-09,13:00,MIN,SF,REG
2018,1,2018_01_TB_NO,2018-09-09,13:00,NO,TB,REG
2018,1,2018_01_TEN_MIA,2018-09-09,13:00,MIA,TEN,REG
2018,1,2018_01_WAS_ARI,2018-09-09,16:25,ARI,WAS,REG
2018,2,2018_02_ARI_LA,2018-09-16,16:05,LA,ARI,REG
2018,2,2018_02_BAL_CIN,2018-09-13,20:20,CIN,BAL,REG
2018,2,2018_02_CAR_ATL,2018-09-16,13:00,ATL,CAR,REG
2018,2,2018_02_CLE_NO,2018-09-16,13:00,NO,CLE,REG
2018,2,2018_02_DET_SF,2018-09-16,16:05,SF,DET,REG
2018,2,2018_02_HOU_TEN,2018-09-16,13:00,TEN,HOU,REG
2018,2,2018_02_IND_WAS,2018-09-16,13:00,WAS,IND,REG
2018,2,2018_02_KC_PIT,2018-09-16,13:00,PIT,KC,REG
2018,2,2018_02_LAC_BUF,2018-09-16,13:00,BUF,LAC,REG
2018,2,2018_02_MIA_NYJ,2018-09-16,13:00,NYJ,MIA,REG
2018,2,2018_02_MIN_GB,2018-09-16,13:00,GB,MIN,REG
2018,2,2018_02_NE_JAX,2018-09-16,16:25,JAX,NE,REG
2018,2,2018_02_NYG_DAL,2018-09-16,20:20,DAL,NYG,REG
2018,2,2018_02_OAK_DEN,2018-09-16,16:25,DEN,OAK,REG
2018,2,2018_02_PHI_TB,2018-09-16,13:00,TB,PHI,REG
2018,2,2018_02_SEA_CHI,2018-09-17,20:15,CHI,SEA,REG
2018,3,2018_03_BUF_MIN,2018-09-23,13:00,MIN,BUF,REG
2018,3,2018_03_CHI_ARI,2018-09-23,16:25,ARI,CHI,REG
2018,3,2018_03_CIN_CAR,2018-09-23,13:00,CAR,CIN,REG
2018,3,2018_03_DAL_SEA,2018-09-23,16:25,SEA,DAL,REG
2018,3,2018_03_DEN_BAL,2018-09-23,13:00,BAL,DEN,REG
2018,3,2018_03_GB_WAS,2018-09-23,13:00,WAS,GB,REG
2018,3,2018_03_IND_PHI,2018-09-23,13:00,PHI,IND,REG
2018,3,2018_03_LAC_LA,2018-09-23,16:05,LA,LAC,REG
2018,3,2018_03_NE_DET,2018-09-23,20:20,DET,NE,REG
2018,3,2018_03_NO_ATL,2018-09-23,13:00,ATL,NO,REG
2018,3,2018_03_NYG_HOU,2018-09-23,13:00,HOU,NYG,REG
2018,3,2018_03_NYJ_CLE,2018-09-20,20:20,CLE,NYJ,REG
2018,3,2018_03_OAK_MIA,2018-09-23,13:00,MIA,OAK,REG
2018,3,2018_03_PIT_TB,2018-09-24,20:15,TB,PIT,REG
2018,3,2018_03_SF_KC,2018-09-23,13:00,KC,SF,REG
2018,3,2018_03_TEN_JAX,2018-09-23,13:00,JAX,TEN,REG
2018,4,2018_04_BAL_PIT,2018-09-30,20:20,PIT,BAL,REG
2018,4,2018_04_BUF_GB,2018-09-30,13:00,GB,BUF,REG
2018,4,2018_04_CIN_ATL,2018-09-30,13:00,ATL,CIN,REG
2018,4,2018_04_CLE_OAK,2018-09-30,16:05,OAK,CLE,REG
2018,4,2018_04_DET_DAL,2018-09-30,13:00,DAL,DET,REG
2018,4,2018_04_HOU_IND,2018-09-30,13:00,IND,HOU,REG
2018,4,2018_04_KC_DEN,2018-10-01,20:15,DEN,KC,REG
2018,4,2018_04_MIA_NE,2018-09-30,13:00,NE,MIA,REG
2018,4,2018_04_MIN_LA,2018-09-27,20:20,LA,MIN,REG
2018,4,2018_04_NO_NYG,2018-09-30,16:25,NYG,NO,REG
2018,4,2018_04_NYJ_JAX,2018-09-30,13:00,JAX,NYJ,REG
2018,4,2018_04_PHI_TEN,2018-09-30,13:00,TEN,PHI,REG
2018,4,2018_04_SEA_ARI,2018-09-30,16:05,ARI,SEA,REG
2018,4,2018_04_SF_LAC,2018-09-30,16:25,LAC,SF,REG
2018,4,2018_04_TB_CHI,2018-09-30,13:00,CHI,TB,REG
2018,5,2018_05_ARI_SF,2018-10-07,16:25,SF,ARI,REG
2018,5,2018_05_ATL_PIT,2018-10-07,13:00,PIT,ATL,REG
2018,5,2018_05_BAL_CLE,2018-10-07,13:00,CLE,BAL,REG
2018,5,2018_05_DAL_HOU,2018-10-07,20:20,HOU,DAL,REG
2018,5,2018_05_DEN_NYJ,2018-10-07,13:00,NYJ,DEN,REG
2018,5,2018_05_GB_DET,2018-10-07,13:00,DET,GB,REG
2018,5,2018_05_IND_NE,2018-10-04,20:20,NE,IND,REG
2018,5,2018_05_JAX_KC,2018-10-07,13:00,KC,JAX,REG
2018,5,2018_05_LA_SEA,2018-10-07,16:25,SEA,LA,REG
2018,5,2018_05_MIA_CIN,2018-10-07,13:00,CIN,MIA,REG
2018,5,2018_05_MIN_PHI,2018-10-07,16:25,PHI,MIN,REG
2018,5,2018_05_NYG_CAR,2018-10-07,13:00,CAR,NYG,REG
2018,5,2018_05_OAK_LAC,2018-10-07,16:05,LAC,OAK,REG
2018,5,2018_05_TEN_BUF,2018-10-07,13:00,BUF,TEN,REG
2018,5,2018_05_WAS_NO,2018-10-08,20:15,NO,WAS,REG
2018,6,2018_06_ARI_MIN,2018-10-14,13:00,MIN,ARI,REG
2018,6,2018_06_BAL_TEN,2018-10-14,16:25,TEN,BAL,REG
2018,6,2018_06_BUF_HOU,2018-10-14,13:00,HOU,BUF,REG
2018,6,2018_06_CAR_WAS,2018-10-14,13:00,WAS,CAR,REG
2018,6,2018_06_CHI_MIA,2018-10-14,13:00,MIA,CHI,REG
2018,6,2018_06_IND_NYJ,2018-10-14,13:00,NYJ,IND,REG
2018,6,2018_06_JAX_DAL,2018-10-14,16:25,DAL,JAX,REG
2018,6,2018_06_KC_NE,2018-10-14,20:20,NE,KC,REG
2018,6,2018_06_LAC_CLE,2018-10-14,13:00,CLE,LAC,REG
2018,6,2018_06_LA_DEN,2018-10-14,16:05,DEN,LA,REG
2018,6,2018_06_PHI_NYG,2018-10-11,20:20,NYG,PHI,REG
2018,6,2018_06_PIT_CIN,2018-10-14,13:00,CIN,PIT,REG
2018,6,2018_06_SEA_OAK,2018-10-14,13:00,OAK,SEA,REG
2018,6,2018_06_SF_GB,2018-10-15,20:15,GB,SF,REG
2018,6,2018_06_TB_ATL,2018-10-14,13:00,ATL,TB,REG
2018,7,2018_07_BUF_IND,2018-10-21,13:00,IND,BUF,REG
2018,7,2018_07_CAR_PHI,2018-10-21,13:00,PHI,CAR,REG
2018,7,2018_07_CIN_KC,2018-10-21,20:20,KC,CIN,REG
2018,7,2018_07_CLE_TB,2018-10-21,13:00,TB,CLE,REG
2018,7,2018_07_DAL_WAS,2018-10-21,16:25,WAS,DAL,REG
2018,7,2018_07_DEN_ARI,2018-10-18,20:20,ARI,DEN,REG
2018,7,2018_07_DET_MIA,2018-10-21,13:00,MIA,DET,REG
2018,7,2018_07_HOU_JAX,2018-10-21,13:00,JAX,HOU,REG
2018,7,2018_07_LA_SF,2018-10-21,16:25,SF,LA,REG
2018,7,2018_07_MIN_NYJ,2018-10-21,13:00,NYJ,MIN,REG
2018,7,2018_07_NE_CHI,2018-10-21,13:00,CHI,NE,REG
2018,7,2018_07_NO_BAL,2018-10-21,16:05,BAL,NO,REG
2018,7,2018_07_NYG_ATL,2018-10-22,20:15,ATL,NYG,REG
2018,7,2018_07_TEN_LAC,2018-10-21,21:30,LAC,TEN,REG
2018,8,2018_08_BAL_CAR,2018-10-28,13:00,CAR,BAL,REG
2018,8,2018_08_CLE_PIT,2018-10-28,13:00,PIT,CLE,REG
2018,8,2018_08_DEN_KC,2018-10-28,13:00,KC,DEN,REG
2018,8,2018_08_GB_LA,2018-10-28,16:25,LA,GB,REG
2018,8,2018_08_IND_OAK,2018-10-28,16:05,OAK,IND,REG
2018,8,2018_08_MIA_HOU,2018-10-25,20:20,HOU,MIA,REG
2018,8,2018_08_NE_BUF,2018-10-29,20:15,BUF,NE,REG
2018,8,2018_08_NO_MIN,2018-10-28,20:20,MIN,NO,REG
2018,8,2018_08_NYJ_CHI,2018-10-28,13:00,CHI,NYJ,REG
2018,8,2018_08_PHI_JAX,2018-10-28,21:30,JAX,PHI,REG
2018,8,2018_08_SEA_DET,2018-10-28,13:00,DET,SEA,REG
2018,8,2018_08_SF_ARI,2018-10-28,16:25,ARI,SF,REG
2018,8,2018_08_TB_CIN,2018-10-28,13:00,CIN,TB,REG
2018,8,2018_08_WAS_NYG,2018-10-28,13:00,NYG,WAS,REG
2018,9,2018_09_ATL_WAS,2018-11-04,13:00,WAS,ATL,REG
2018,9,2018_09_CHI_BUF,2018-11-04,13:00,BUF,CHI,REG
2018,9,2018_09_DET_MIN,2018-11-04,13:00,MIN,DET,REG
2018,9,2018_09_GB_NE,2018-11-04,20:20,NE,GB,REG
2018,9,2018_09_HOU_DEN,2018-11-04,16:05,DEN,HOU,REG
2018,9,2018_09_KC_CLE,2018-11-04,13:00,CLE,KC,REG
2018,9,2018_09_LAC_SEA,2018-11-04,16:05,SEA,LAC,REG
2018,9,2018_09_LA_NO,2018-11-04,16:25,NO,LA,REG
2018,9,2018_09_NYJ_MIA,2018-11-04,13:00,MIA,NYJ,REG
2018,9,2018_09_OAK_SF,2018-11-01,20:20,SF,OAK,REG
2018,9,2018_09_PIT_BAL,2018-11-04,13:00,BAL,PIT,REG
2018,9,2018_09_TB_CAR,2018-11-04,13:00,CAR,TB,REG
2018,9,2018_09_TEN_DAL,2018-11-05,20:15,DAL,TEN,REG
2018,10,2018_10_ARI_KC,2018-11-11,13:00,KC,ARI,REG
2018,10,2018_10_ATL_CLE,2018-11-11,13:00,CLE,ATL,REG
2018,10,2018_10_BUF_NYJ,2018-11-11,13:00,NYJ,BUF,REG
2018,10,2018_10_CAR_PIT,2018-11-08,20:20,PIT,CAR,REG
2018,10,2018_10_DAL_PHI,2018-11-11,20:20,PHI,DAL,REG
2018,10,2018_10_DET_CHI,2018-11-11,13:00,CHI,DET,REG
2018,10,2018_10_JAX_IND,2018-11-11,13:00,IND,JAX,REG
2018,10,2018_10_LAC_OAK,2018-11-11,16:05,OAK,LAC,REG
2018,10,2018_10_MIA_GB,2018-11-11,16:25,GB,MIA,REG
2018,10,2018_10_NE_TEN,2018-11-11,13:00,TEN,NE,REG
2018,10,2018_10_NO_CIN,2018-11-11,13:00,CIN,NO,REG
2018,10,2018_10_NYG_SF,2018-11-12,20:15,SF,NYG,REG
2018,10,2018_10_SEA_LA,2018-11-11,16:25,LA,SEA,REG
2018,10,2018_10_WAS_TB,2018-11-11,13:00,TB,WAS,REG
2018,11,2018_11_CAR_DET,2018-11-18,13:00,DET,CAR,REG
2018,11,2018_11_CIN_BAL,2018-11-18,13:00,BAL,CIN,REG
2018,11,2018_11_DAL_ATL,2018-11-18,13:00,ATL,DAL,REG
2018,11,2018_11_DEN_LAC,2018-11-18,16:05,LAC,DEN,REG
2018,11,2018_11_GB_SEA,2018-11-15,20:20,SEA,GB,REG
2018,11,2018_11_HOU_WAS,2018-11-18,13:00,WAS,HOU,REG
2018,11,2018_11_KC_LA,2018-11-19,20:15,LA,KC,REG
2018,11,2018_11_MIN_CHI,2018-11-18,20:20,CHI,MIN,REG
2018,11,2018_11_OAK_ARI,2018-11-18,16:05,ARI,OAK,REG
2018,11,2018_11_PHI_NO,2018-11-18,16:25,NO,PHI,REG
2018,11,2018_11_PIT_JAX,2018-11-18,13:00,JAX,PIT,REG
2018,11,2018_11_TB_NYG,2018-11-18,13:00,NYG,TB,REG
2018,11,2018_11_TEN_IND,2018-11-18,13:00,IND,TEN,REG
2018,12,2018_12_ARI_LAC,2018-11-25,16:05,LAC,ARI,REG
2018,12,2018_12_ATL_NO,2018-11-22,20:20,NO,ATL,REG
2018,12,2018_12_CHI_DET,2018-11-22,12:30,DET,CHI,REG
2018,12,2018_12_CLE_CIN,2018-11-25,13:00,CIN,CLE,REG
2018,12,2018_12_GB_MIN,2018-11-25,20:20,MIN,GB,REG
2018,12,2018_12_JAX_BUF,2018-11-25,13:00,BUF,JAX,REG
2018,12,2018_12_MIA_IND,2018-11-25,16:25,IND,MIA,REG
2018,12,2018_12_NE_NYJ,2018-11-25,13:00,NYJ,NE,REG
2018,12,2018_12_NYG_PHI,2018-11-25,13:00,PHI,NYG,REG
2018,12,2018_12_OAK_BAL,2018-11-25,13:00,BAL,OAK,REG
2018,12,2018_12_PIT_DEN,2018-11-25,16:25,DEN,PIT,REG
2018,12,2018_12_SEA_CAR,2018-11-25,13:00,CAR,SEA,REG
2018,12,2018_12_SF_TB,2018-11-25,13:00,TB,SF,REG
2018,12,2018_12_TEN_HOU,2018-11-26,20:15,HOU,TEN,REG
2018,12,2018_12_WAS_DAL,2018-11-22,16:30,DAL,WAS,REG
2018,13,2018_13_ARI_GB,2018-12-02,13:00,GB,ARI,REG
2018,13,2018_13_BAL_ATL,2018-12-02,13:00,ATL,BAL,REG
2018,13,2018_13_BUF_MIA,2018-12-02,13:00,MIA,BUF,REG
2018,13,2018_13_CAR_TB,2018-12-02,13:00,TB,CAR,REG
2018,13,2018_13_CHI_NYG,2018-12-02,13:00,NYG,CHI,REG
2018,13,2018_13_CLE_HOU,2018-12-02,13:00,HOU,CLE,REG
2018,13,2018_13_DEN_CIN,2018-12-02,13:00,CIN,DEN,REG
2018,13,2018_13_IND_JAX,2018-12-02,13:00,JAX,IND,REG
2018,13,2018_13_KC_OAK,2018-12-02,16:05,OAK,KC,REG
2018,13,2018_13_LAC_PIT,2018-12-02,20:20,PIT,LAC,REG
2018,13,2018_13_LA_DET,2018-12-02,13:00,DET,LA,REG
2018,13,2018_13_MIN_NE,2018-12-02,16:25,NE,MIN,REG
2018,13,2018_13_NO_DAL,2018-11-29,20:20,DAL,NO,REG
2018,13,2018_13_NYJ_TEN,2018-12-02,16:05,TEN,NYJ,REG
2018,13,2018_13_SF_SEA,2018-12-02,16:25,SEA,SF,REG
2018,13,2018_13_WAS_PHI,2018-12-03,20:15,PHI,WAS,REG
2018,14,2018_14_ATL_GB,2018-12-09,13:00,GB,ATL,REG
2018,14,2018_14_BAL_KC,2018-12-09,13:00,KC,BAL,REG
2018,14,2018_14_CAR_CLE,2018-12-09,13:00,CLE,CAR,REG
2018,14,2018_14_CIN_LAC,2018-12-09,16:05,LAC,CIN,REG
2018,14,2018_14_DEN_SF,2018-12-09,16:05,SF,DEN,REG
2018,14,2018_14_DET_ARI,2018-12-09,16:25,ARI,DET,REG
2018,14,2018_14_IND_HOU,2018-12-09,13:00,HOU,IND,REG
2018,14,2018_14_JAX_TEN,2018-12-06,20:20,TEN,JAX,REG
2018,14,2018_14_LA_CHI,2018-12-09,20:20,CHI,LA,REG
2018,14,2018_14_MIN_SEA,2018-12-10,20:15,SEA,MIN,REG
2018,14,2018_14_NE_MIA,2018-12-09,13:00,MIA,NE,REG
2018,14,2018_14_NO_TB,2018-12-09,13:00,TB,NO,REG
2018,14,2018_14_NYG_WAS,2018-12-09,13:00,WAS,NYG,REG
2018,14,2018_14_NYJ_BUF,2018-12-09,13:00,BUF,NYJ,REG
2018,14,2018_14_PHI_DAL,2018-12-09,16:25,DAL,PHI,REG
2018,14,2018_14_PIT_OAK,2018-12-09,16:25,OAK,PIT,REG
2018,15,2018_15_ARI_ATL,2018-12-16,13:00,ATL,ARI,REG
2018,15,2018_15_CLE_DEN,2018-12-15,20:20,DEN,CLE,REG
2018,15,2018_15_DAL_IND,2018-12-16,13:00,IND,DAL,REG
2018,15,2018_15_DET_BUF,2018-12-16,13:00,BUF,DET,REG
2018,15,2018_15_GB_CHI,2018-12-16,13:00,CHI,GB,REG
2018,15,2018_15_HOU_NYJ,2018-12-15,16:30,NYJ,HOU,REG
2018,15,2018_15_LAC_KC,2018-12-13,20:20,KC,LAC,REG
2018,15,2018_15_MIA_MIN,2018-12-16,13:00,MIN,MIA,REG
2018,15,2018_15_NE_PIT,2018-12-16,16:25,PIT,NE,REG
2018,15,2018_15_NO_CAR,2018-12-17,20:15,CAR,NO,REG
2018,15,2018_15_OAK_CIN,2018-12-16,13:00,CIN,OAK,REG
2018,15,2018_15_PHI_LA,2018-12-16,20:20,LA,PHI,REG
2018,15,2018_15_SEA_SF,2018-12-16,16:05,SF,SEA,REG
2018,15,2018_15_TB_BAL,2018-12-16,13:00,BAL,TB,REG
2018,15,2018_15_TEN_NYG,2018-12-16,13:00,NYG,TEN,REG
2018,15,2018_15_WAS_JAX,2018-12-16,13:00,JAX,WAS,REG
2018,16,2018_16_ATL_CAR,2018-12-23,13:00,CAR,ATL,REG
2018,16,2018_16_BAL_LAC,2018-12-22,20:20,LAC,BAL,REG
2018,16,2018_16_BUF_NE,2018-12-23,13:00,NE,BUF,REG
2018,16,2018_16_CHI_SF,2018-12-23,16:05,SF,CHI,REG
2018,16,2018_16_CIN_CLE,2018-12-23,13:00,CLE,CIN,REG
2018,16,2018_16_DEN_OAK,2018-12-24,20:15,OAK,DEN,REG
2018,16,2018_16_GB_NYJ,2018-12-23,13:00,NYJ,GB,REG
2018,16,2018_16_HOU_PHI,2018-12-23,13:00,PHI,HOU,REG
2018,16,2018_16_JAX_MIA,2018-12-23,13:00,MIA,JAX,REG
2018,16,2018_16_KC_SEA,2018-12-23,20:20,SEA,KC,REG
2018,16,2018_16_LA_ARI,2018-12-23,16:05,ARI,LA,REG
2018,16,2018_16_MIN_DET,2018-12-23,13:00,DET,MIN,REG
2018,16,2018_16_NYG_IND,2018-12-23,13:00,IND,NYG,REG
2018,16,2018_16_PIT_NO,2018-12-23,16:25,NO,PIT,REG
2018,16,2018_16_TB_DAL,2018-12-23,13:00,DAL,TB,REG
2018,16,2018_16_WAS_TEN,2018-12-22,16:30,TEN,WAS,REG
2018,17,2018_17_ARI_SEA,2018-12-30,16:25,SEA,ARI,REG
2018,17,2018_17_ATL_TB,2018-12-30,13:00,TB,ATL,REG
2018,17,2018_17_CAR_NO,2018-12-30,13:00,NO,CAR,REG
2018,17,2018_17_CHI_MIN,2018-12-30,16:25,MIN,CHI,REG
2018,17,2018_17_CIN_PIT,2018-12-30,16:25,PIT,CIN,REG
2018,17,2018_17_CLE_BAL,2018-12-30,16:25,BAL,CLE,REG
2018,17,2018_17_DAL_NYG,2018-12-30,13:00,NYG,DAL,REG
2018,17,2018_17_DET_GB,2018-12-30,13:00,GB,DET,REG
2018,17,2018_17_IND_TEN,2018-12-30,20:20,TEN,IND,REG
2018,17,2018_17_JAX_HOU,2018-12-30,13:00,HOU,JAX,REG
2018,17,2018_17_LAC_DEN,2018-12-30,16:25,DEN,LAC,REG
2018,17,2018_17_MIA_BUF,2018-12-30,13:00,BUF,MIA,REG
2018,17,2018_17_NYJ_NE,2018-12-30,13:00,NE,NYJ,REG
2018,17,2018_17_OAK_KC,2018-12-30,16:25,KC,OAK,REG
2018,17,2018_17_PHI_WAS,2018-12-30,16:25,WAS,PHI,REG
2018,17,2018_17_SF_LA,2018-12-30,16:25,LA,SF,REG
2018,18,2018_18_IND_HOU,2019-01-05,16:35,HOU,IND,WC
2018,18,2018_18_LAC_BAL,2019-01-06,13:05,BAL,LAC,WC
2018,18,2018_18_PHI_CHI,2019-01-06,16:40,CHI,PHI,WC
2018,18,2018_18_SEA_DAL,2019-01-05,20:15,DAL,SEA,WC
2018,19,2018_19_DAL_LA,2019-01-12,20:15,LA,DAL,DIV
2018,19,2018_19_IND_KC,2019-01-12,16:35,KC,IND,DIV
2018,19,2018_19_LAC_NE,2019-01-13,13:05,NE,LAC,DIV
2018,19,2018_19_PHI_NO,2019-01-13,16:40,NO,PHI,DIV
2018,20,2018_20_LA_NO,2019-01-20,15:05,NO,LA,CON
2018,20,2018_20_NE_KC,2019-01-20,18:40,KC,NE,CON
2018,21,2018_21_NE_LA,2019-02-03,18:30,LA,NE,SB
2019,1,2019_01_ATL_MIN,2019-09-08,13:00,MIN,ATL,REG
2019,1,2019_01_BAL_MIA,2019-09-08,13:00,MIA,BAL,REG
2019,1,2019_01_BUF_NYJ,2019-09-08,13:00,NYJ,BUF,REG
2019,1,2019_01_CIN_SEA,2019-09-08,16:05,SEA,CIN,REG
2019,1,2019_01_DEN_OAK,2019-09-09,22:20,OAK,DEN,REG
2019,1,2019_01_DET_ARI,2019-09-08,16:25,ARI,DET,REG
2019,1,2019_01_GB_CHI,2019-09-05,20:20,CHI,GB,REG
2019,1,2019_01_HOU_NO,2019-09-09,19:10,NO,HOU,REG
2019,1,2019_01_IND_LAC,2019-09-08,16:05,LAC,IND,REG
2019,1,2019_01_KC_JAX,2019-09-08,13:00,JAX,KC,REG
2019,1,2019_01_LA_CAR,2019-09-08,13:00,CAR,LA,REG
2019,1,2019_01_NYG_DAL,2019-09-08,16:25,DAL,NYG,REG
2019,1,2019_01_PIT_NE,2019-09-08,20:20,NE,PIT,REG
2019,1,2019_01_SF_TB,2019-09-08,16:25,TB,SF,REG
2019,1,2019_01_TEN_CLE,2019-09-08,13:00,CLE,TEN,REG
2019,1,2019_01_WAS_PHI,2019-09-08,13:00,PHI,WAS,REG
2019,2,2019_02_ARI_BAL,2019-09-15,13:00,BAL,ARI,REG
2019,2,2019_02_BUF_NYG,2019-09-15,13:00,NYG,BUF,REG
2019,2,2019_02_CHI_DEN,2019-09-15,16:25,DEN,CHI,REG
2019,2,2019_02_CLE_NYJ,2019-09-16,20:15,NYJ,CLE,REG
2019,2,2019_02_DAL_WAS,2019-09-15,13:00,WAS,DAL,REG
2019,2,2019_02_IND_TEN,2019-09-15,13:00,TEN,IND,REG
2019,2,2019_02_JAX_HOU,2019-09-15,13:00,HOU,JAX,REG
2019,2,2019_02_KC_OAK,2019-09-15,16:05,OAK,KC,REG
2019,2,2019_02_LAC_DET,2019-09-15,13:00,DET,LAC,REG
2019,2,2019_02_MIN_GB,2019-09-15,13:00,GB,MIN,REG
2019,2,2019_02_NE_MIA,2019-09-15,13:00,MIA,NE,REG
2019,2,2019_02_NO_LA,2019-09-15,16:25,LA,NO,REG
2019,2,2019_02_PHI_ATL,2019-09-15,20:20,ATL,PHI,REG
2019,2,2019_02_SEA_PIT,2019-09-15,13:00,PIT,SEA,REG
2019,2,2019_02_SF_CIN,2019-09-15,13:00,CIN,SF,REG
2019,2,2019_02_TB_CAR,2019-09-12,20:20,CAR,TB,REG
2019,3,2019_03_ATL_IND,2019-09-22,13:00,IND,ATL,REG
2019,3,2019_03_BAL_KC,2019-09-22,13:00,KC,BAL,REG
2019,3,2019_03_CAR_ARI,2019-09-22,16:05,ARI,CAR,REG
2019,3,2019_03_CHI_WAS,2019-09-23,20:15,WAS,CHI,REG
2019,3,2019_03_CIN_BUF,2019-09-22,13:00,BUF,CIN,REG
2019,3,2019_03_DEN_GB,2019-09-22,13:00,GB,DEN,REG
2019,3,2019_03_DET_PHI,2019-09-22,13:00,PHI,DET,REG
2019,3,2019_03_HOU_LAC,2019-09-22,16:25,LAC,HOU,REG
2019,3,2019_03_LA_CLE,2019-09-22,20:20,CLE,LA,REG
2019,3,2019_03_MIA_DAL,2019-09-22,13:00,DAL,MIA,REG
2019,3,2019_03_NO_SEA,2019-09-22,16:25,SEA,NO,REG
2019,3,2019_03_NYG_TB,2019-09-22,16:05,TB,NYG,REG
2019,3,2019_03_NYJ_NE,2019-09-22,13:00,NE,NYJ,REG
2019,3,2019_03_OAK_MIN,2019-09-22,13:00,MIN,OAK,REG
2019,3,2019_03_PIT_SF,2019-09-22,16:25,SF,PIT,REG
2019,3,2019_03_TEN_JAX,2019-09-19,20:20,JAX,TEN,REG
2019,4,2019_04_CAR_HOU,2019-09-29,13:00,HOU,CAR,REG
2019,4,2019_04_CIN_PIT,2019-09-30,20:15,PIT,CIN,REG
2019,4,2019_04_CLE_BAL,2019-09-29,13:00,BAL,CLE,REG
2019,4,2019_04_DAL_NO,2019-09-29,20:20,NO,DAL,REG
2019,4,2019_04_JAX_DEN,2019-09-29,16:25,DEN,JAX,REG
2019,4,2019_04_KC_DET,2019-09-29,13:00,DET,KC,REG
2019,4,2019_04_LAC_MIA,2019-09-29,13:00,MIA,LAC,REG
2019,4,2019_04_MIN_CHI,2019-09-29,16:25,CHI,MIN,REG
2019,4,2019_04_NE_BUF,2019-09-29,13:00,BUF,NE,REG
2019,4,2019_04_OAK_IND,2019-09-29,13:00,IND,OAK,REG
2019,4,2019_04_PHI_GB,2019-09-26,20:20,GB,PHI,REG
2019,4,2019_04_SEA_ARI,2019-09-29,16:05,ARI,SEA,REG
2019,4,2019_04_TB_LA,2019-09-29,16:05,LA,TB,REG
2019,4,2019_04_TEN_ATL,2019-09-29,13:00,ATL,TEN,REG
2019,4,2019_04_WAS_NYG,2019-09-29,13:00,NYG,WAS,REG
2019,5,2019_05_ARI_CIN,2019-10-06,13:00,CIN,ARI,REG
2019,5,2019_05_ATL_HOU,2019-10-06,13:00,HOU,ATL,REG
2019,5,2019_05_BAL_PIT,2019-10-06,13:00,PIT,BAL,REG
2019,5,2019_05_BUF_TEN,2019-10-06,13:00,TEN,BUF,REG
2019,5,2019_05_CHI_OAK,2019-10-06,13:00,OAK,CHI,REG
2019,5,2019_05_CLE_SF,2019-10-07,20:15,SF,CLE,REG
2019,5,2019_05_DEN_LAC,2019-10-06,16:05,LAC,DEN,REG
2019,5,2019_05_GB_DAL,2019-10-06,16:25,DAL,GB,REG
2019,5,2019_05_IND_KC,2019-10-06,20:20,KC,IND,REG
2019,5,2019_05_JAX_CAR,2019-10-06,13:00,CAR,JAX,REG
2019,5,2019_05_LA_SEA,2019-10-03,20:20,SEA,LA,REG
2019,5,2019_05_MIN_NYG,2019-10-06,13:00,NYG,MIN,REG
2019,5,2019_05_NE_WAS,2019-10-06,13:00,WAS,NE,REG
2019,5,2019_05_NYJ_PHI,2019-10-06,13:00,PHI,NYJ,REG
2019,5,2019_05_TB_NO,2019-10-06,13:00,NO,TB,REG
2019,6,2019_06_ATL_ARI,2019-10-13,16:05,ARI,ATL,REG
2019,6,2019_06_CAR_TB,2019-10-13,09:30,TB,CAR,REG
2019,6,2019_06_CIN_BAL,2019-10-13,13:00,BAL,CIN,REG
2019,6,2019_06_DAL_NYJ,2019-10-13,16:25,NYJ,DAL,REG
2019,6,2019_06_DET_GB,2019-10-14,20:15,GB,DET,REG
2019,6,2019_06_HOU_KC,2019-10-13,13:00,KC,HOU,REG
2019,6,2019_06_NO_JAX,2019-10-13,13:00,JAX,NO,REG
2019,6,2019_06_NYG_NE,2019-10-10,20:20,NE,NYG,REG
2019,6,2019_06_PHI_MIN,2019-10-13,13:00,MIN,PHI,REG
2019,6,2019_06_PIT_LAC,2019-10-13,20:20,LAC,PIT,REG
2019,6,2019_06_SEA_CLE,2019-10-13,13:00,CLE,SEA,REG
2019,6,2019_06_SF_LA,2019-10-13,16:05,LA,SF,REG
2019,6,2019_06_TEN_DEN,2019-10-13,16:25,DEN,TEN,REG
2019,6,2019_06_WAS_MIA,2019-10-13,13:00,MIA,WAS,REG
2019,7,2019_07_ARI_NYG,2019-10-20,13:00,NYG,ARI,REG
2019,7,2019_07_BAL_SEA,2019-10-20,16:25,SEA,BAL,REG
2019,7,2019_07_HOU_IND,2019-10-20,13:00,IND,HOU,REG
2019,7,2019_07_JAX_CIN,2019-10-20,13:00,CIN,JAX,REG
2019,7,2019_07_KC_DEN,2019-10-17,20:20,DEN,KC,REG
2019,7,2019_07_LAC_TEN,2019-10-20,16:05,TEN,LAC,REG
2019,7,2019_07_LA_ATL,2019-10-20,13:00,ATL,LA,REG
2019,7,2019_07_MIA_BUF,2019-10-20,13:00,BUF,MIA,REG
2019,7,2019_07_MIN_DET,2019-10-20,13:00,DET,MIN,REG
2019,7,2019_07_NE_NYJ,2019-10-21,20:15,NYJ,NE,REG
2019,7,2019_07_NO_CHI,2019-10-20,16:25,CHI,NO,REG
2019,7,2019_07_OAK_GB,2019-10-20,13:00,GB,OAK,REG
2019,7,2019_07_PHI_DAL,2019-10-20,20:20,DAL,PHI,REG
2019,7,2019_07_SF_WAS,2019-10-20,13:00,WAS,SF,REG
2019,8,2019_08_ARI_NO,2019-10-27,13:00,NO,ARI,REG
2019,8,2019_08_CAR_SF,2019-10-27,16:05,SF,CAR,REG
2019,8,2019_08_CIN_LA,2019-10-27,13:00,LA,CIN,REG
2019,8,2019_08_CLE_NE,2019-10-27,16:25,NE,CLE,REG
2019,8,2019_08_DEN_IND,2019-10-27,13:00,IND,DEN,REG
2019,8,2019_08_GB_KC,2019-10-27,20:20,KC,GB,REG
2019,8,2019_08_LAC_CHI,2019-10-27,13:00,CHI,LAC,REG
2019,8,2019_08_MIA_PIT,2019-10-28,20:15,PIT,MIA,REG
2019,8,2019_08_NYG_DET,2019-10-27,13:00,DET,NYG,REG
2019,8,2019_08_NYJ_JAX,2019-10-27,13:00,JAX,NYJ,REG
2019,8,2019_08_OAK_HOU,2019-10-27,16:25,HOU,OAK,REG
2019,8,2019_08_PHI_BUF,2019-10-27,13:00,BUF,PHI,REG
2019,8,2019_08_SEA_ATL,2019-10-27,13:00,ATL,SEA,REG
2019,8,2019_08_TB_TEN,2019-10-27,13:00,TEN,TB,REG
2019,8,2019_08_WAS_MIN,2019-10-24,20:20,MIN,WAS,REG
2019,9,2019_09_CHI_PHI,2019-11-03,13:00,PHI,CHI,REG
2019,9,2019_09_CLE_DEN,2019-11-03,16:25,DEN,CLE,REG
2019,9,2019_09_DAL_NYG,2019-11-04,20:15,NYG,DAL,REG
2019,9,2019_09_DET_OAK,2019-11-03,16:05,OAK,DET,REG
2019,9,2019_09_GB_LAC,2019-11-03,16:25,LAC,GB,REG
2019,9,2019_09_HOU_JAX,2019-11-03,09:30,JAX,HOU,REG
2019,9,2019_09_IND_PIT,2019-11-03,13:00,PIT,IND,REG
2019,9,2019_09_MIN_KC,2019-11-03,13:00,KC,MIN,REG
2019,9,2019_09_NE_BAL,2019-11-03,20:20,BAL,NE,REG
2019,9,2019_09_NYJ_MIA,2019-11-03,13:00,MIA,NYJ,REG
2019,9,2019_09_SF_ARI,2019-10-31,20:20,ARI,SF,REG
2019,9,2019_09_TB_SEA,2019-11-03,16:05,SEA,TB,REG
2019,9,2019_09_TEN_CAR,2019-11-03,13:00,CAR,TEN,REG
2019,9,2019_09_WAS_BUF,2019-11-03,13:00,BUF,WAS,REG
2019,10,2019_10_ARI_TB,2019-11-10,13:00,TB,ARI,REG
2019,10,2019_10_ATL_NO,2019-11-10,13:00,NO,ATL,REG
2019,10,2019_10_BAL_CIN,2019-11-10,13:00,CIN,BAL,REG
2019,10,2019_10_BUF_CLE,2019-11-10,13:00,CLE,BUF,REG
2019,10,2019_10_CAR_GB,2019-11-10,16:25,GB,CAR,REG
2019,10,2019_10_DET_CHI,2019-11-10,13:00,CHI,DET,REG
2019,10,2019_10_KC_TEN,2019-11-10,13:00,TEN,KC,REG
2019,10,2019_10_LAC_OAK,2019-11-07,20:20,OAK,LAC,REG
2019,10,2019_10_LA_PIT,2019-11-10,16:25,PIT,LA,REG
2019,10,2019_10_MIA_IND,2019-11-10,16:05,IND,MIA,REG
2019,10,2019_10_MIN_DAL,2019-11-10,20:20,DAL,MIN,REG
2019,10,2019_10_NYG_NYJ,2019-11-10,13:00,NYJ,NYG,REG
2019,10,2019_10_SEA_SF,2019-11-11,20:15,SF,SEA,REG
2019,11,2019_11_ARI_SF,2019-11-17,16:05,SF,ARI,REG
2019,11,2019_11_ATL_CAR,2019-11-17,13:00,CAR,ATL,REG
2019,11,2019_11_BUF_MIA,2019-11-17,13:00,MIA,BUF,REG
2019,11,2019_11_CHI_LA,2019-11-17,20:20,LA,CHI,REG
2019,11,2019_11_CIN_OAK,2019-11-17,16:25,OAK,CIN,REG
2019,11,2019_11_DAL_DET,2019-11-17,13:00,DET,DAL,REG
2019,11,2019_11_DEN_MIN,2019-11-17,13:00,MIN,DEN,REG
2019,11,2019_11_HOU_BAL,2019-11-17,13:00,BAL,HOU,REG
2019,11,2019_11_JAX_IND,2019-11-17,13:00,IND,JAX,REG
2019,11,2019_11_KC_LAC,2019-11-18,20:15,LAC,KC,REG
2019,11,2019_11_NE_PHI,2019-11-17,16:25,PHI,NE,REG
2019,11,2019_11_NO_TB,2019-11-17,13:00,TB,NO,REG
2019,11,2019_11_NYJ_WAS,2019-11-17,13:00,WAS,NYJ,REG
2019,11,2019_11_PIT_CLE,2019-11-14,20:20,CLE,PIT,REG
2019,12,2019_12_BAL_LA,2019-11-25,20:15,LA,BAL,REG
2019,12,2019_12_CAR_NO,2019-11-24,13:00,NO,CAR,REG
2019,12,2019_12_DAL_NE,2019-11-24,16:25,NE,DAL,REG
2019,12,2019_12_DEN_BUF,2019-11-24,13:00,BUF,DEN,REG
2019,12,2019_12_DET_WAS,2019-11-24,13:00,WAS,DET,REG
2019,12,2019_12_GB_SF,2019-11-24,20:20,SF,GB,REG
2019,12,2019_12_IND_HOU,2019-11-21,20:20,HOU,IND,REG
2019,12,2019_12_JAX_TEN,2019-11-24,16:05,TEN,JAX,REG
2019,12,2019_12_MIA_CLE,2019-11-24,13:00,CLE,MIA,REG
2019,12,2019_12_NYG_CHI,2019-11-24,13:00,CHI,NYG,REG
2019,12,2019_12_OAK_NYJ,2019-11-24,13:00,NYJ,OAK,REG
2019,12,2019_12_PIT_CIN,2019-11-24,13:00,CIN,PIT,REG
2019,12,2019_12_SEA_PHI,2019-11-24,13:00,PHI,SEA,REG
2019,12,2019_12_TB_ATL,2019-11-24,13:00,ATL,TB,REG
2019,13,2019_13_BUF_DAL,2019-11-28,16:30,DAL,BUF,REG
2019,13,2019_13_CHI_DET,2019-11-28,12:30,DET,CHI,REG
2019,13,2019_13_CLE_PIT,2019-12-01,13:00,PIT,CLE,REG
2019,13,2019_13_GB_NYG,2019-12-01,13:00,NYG,GB,REG
2019,13,2019_13_LAC_DEN,2019-12-01,16:25,DEN,LAC,REG
2019,13,2019_13_LA_ARI,2019-12-01,16:05,ARI,LA,REG
2019,13,2019_13_MIN_SEA,2019-12-02,20:15,SEA,MIN,REG
2019,13,2019_13_NE_HOU,2019-12-01,20:20,HOU,NE,REG
2019,13,2019_13_NO_ATL,2019-11-28,20:20,ATL,NO,REG
2019,13,2019_13_NYJ_CIN,2019-12-01,13:00,CIN,NYJ,REG
2019,13,2019_13_OAK_KC,2019-12-01,16:25,KC,OAK,REG
2019,13,2019_13_PHI_MIA,2019-12-01,13:00,MIA,PHI,REG
2019,13,2019_13_SF_BAL,2019-12-01,13:00,BAL,SF,REG
2019,13,2019_13_TB_JAX,2019-12-01,13:00,JAX,TB,REG
2019,13,2019_13_TEN_IND,2019-12-01,13:00,IND,TEN,REG
2019,13,2019_13_WAS_CAR,2019-12-01,13:00,CAR,WAS,REG
2019,14,2019_14_BAL_BUF,2019-12-08,13:00,BUF,BAL,REG
2019,14,2019_14_CAR_ATL,2019-12-08,13:00,ATL,CAR,REG
2019,14,2019_14_CIN_CLE,2019-12-08,13:00,CLE,CIN,REG
2019,14,2019_14_DAL_CHI,2019-12-05,20:20,CHI,DAL,REG
2019,14,2019_14_DEN_HOU,2019-12-08,13:00,HOU,DEN,REG
2019,14,2019_14_DET_MIN,2019-12-08,13:00,MIN,DET,REG
2019,14,2019_14_IND_TB,2019-12-08,13:00,TB,IND,REG
2019,14,2019_14_KC_NE,2019-12-08,16:25,NE,KC,REG
2019,14,2019_14_LAC_JAX,2019-12-08,16:05,JAX,LAC,REG
2019,14,2019_14_MIA_NYJ,2019-12-08,13:00,NYJ,MIA,REG
2019,14,2019_14_NYG_PHI,2019-12-09,20:15,PHI,NYG,REG
2019,14,2019_14_PIT_ARI,2019-12-08,16:25,ARI,PIT,REG
2019,14,2019_14_SEA_LA,2019-12-08,20:20,LA,SEA,REG
2019,14,2019_14_SF_NO,2019-12-08,13:00,NO,SF,REG
2019,14,2019_14_TEN_OAK,2019-12-08,16:25,OAK,TEN,REG
2019,14,2019_14_WAS_GB,2019-12-08,13:00,GB,WAS,REG
2019,15,2019_15_ATL_SF,2019-12-15,16:25,SF,ATL,REG
2019,15,2019_15_BUF_PIT,2019-12-15,20:20,PIT,BUF,REG
2019,15,2019_15_CHI_GB,2019-12-15,13:00,GB,CHI,REG
2019,15,2019_15_CLE_ARI,2019-12-15,16:05,ARI,CLE,REG
2019,15,2019_15_DEN_KC,2019-12-15,13:00,KC,DEN,REG
2019,15,2019_15_HOU_TEN,2019-12-15,13:00,TEN,HOU,REG
2019,15,2019_15_IND_NO,2019-12-16,20:15,NO,IND,REG
2019,15,2019_15_JAX_OAK,2019-12-15,16:05,OAK,JAX,REG
2019,15,2019_15_LA_DAL,2019-12-15,16:25,DAL,LA,REG
2019,15,2019_15_MIA_NYG,2019-12-15,13:00,NYG,MIA,REG
2019,15,2019_15_MIN_LAC,2019-12-15,16:05,LAC,MIN,REG
2019,15,2019_15_NE_CIN,2019-12-15,13:00,CIN,NE,REG
2019,15,2019_15_NYJ_BAL,2019-12-12,20:20,BAL,NYJ,REG
2019,15,2019_15_PHI_WAS,2019-12-15,13:00,WAS,PHI,REG
2019,15,2019_15_SEA_CAR,2019-12-15,13:00,CAR,SEA,REG
2019,15,2019_15_TB_DET,2019-12-15,13:00,DET,TB,REG
2019,16,2019_16_ARI_SEA,2019-12-22,16:25,SEA,ARI,REG
2019,16,2019_16_BAL_CLE,2019-12-22,13:00,CLE,BAL,REG
2019,16,2019_16_BUF_NE,2019-12-21,16:30,NE,BUF,REG
2019,16,2019_16_CAR_IND,2019-12-22,13:00,IND,CAR,REG
2019,16,2019_16_CIN_MIA,2019-12-22,13:00,MIA,CIN,REG
2019,16,2019_16_DAL_PHI,2019-12-22,16:25,PHI,DAL,REG
2019,16,2019_16_DET_DEN,2019-12-22,16:05,DEN,DET,REG
2019,16,2019_16_GB_MIN,2019-12-23,20:15,MIN,GB,REG
2019,16,2019_16_HOU_TB,2019-12-21,13:00,TB,HOU,REG
2019,16,2019_16_JAX_ATL,2019-12-22,13:00,ATL,JAX,REG
2019,16,2019_16_KC_CHI,2019-12-22,20:20,CHI,KC,REG
2019,16,2019_16_LA_SF,2019-12-21,20:15,SF,LA,REG
2019,16,2019_16_NO_TEN,2019-12-22,13:00,TEN,NO,REG
2019,16,2019_16_NYG_WAS,2019-12-22,13:00,WAS,NYG,REG
2019,16,2019_16_OAK_LAC,2019-12-22,16:05,LAC,OAK,REG
2019,16,2019_16_PIT_NYJ,2019-12-22,13:00,NYJ,PIT,REG
2019,17,2019_17_ARI_LA,2019-12-29,16:25,LA,ARI,REG
2019,17,2019_17_ATL_TB,2019-12-29,13:00,TB,ATL,REG
2019,17,2019_17_CHI_MIN,2019-12-29,13:00,MIN,CHI,REG
2019,17,2019_17_CLE_CIN,2019-12-29,13:00,CIN,CLE,REG
2019,17,2019_17_GB_DET,2019-12-29,13:00,DET,GB,REG
2019,17,2019_17_IND_JAX,2019-12-29,16:25,JAX,IND,REG
2019,17,2019_17_LAC_KC,2019-12-29,13:00,KC,LAC,REG
2019,17,2019_17_MIA_NE,2019-12-29,13:00,NE,MIA,REG
2019,17,2019_17_NO_CAR,2019-12-29,13:00,CAR,NO,REG
2019,17,2019_17_NYJ_BUF,2019-12-29,13:00,BUF,NYJ,REG
2019,17,2019_17_OAK_DEN,2019-12-29,16:25,DEN,OAK,REG
2019,17,2019_17_PHI_NYG,2019-12-29,16:25,NYG,PHI,REG
2019,17,2019_17_PIT_BAL,2019-12-29,16:25,BAL,PIT,REG
2019,17,2019_17_SF_SEA,2019-12-29,20:20,SEA,SF,REG
2019,17,2019_17_TEN_HOU,2019-12-29,16:25,HOU,TEN,REG
2019,17,2019_17_WAS_DAL,2019-12-29,16:25,DAL,WAS,REG
2019,18,2019_18_BUF_HOU,2020-01-04,16:35,HOU,BUF,WC
2019,18,2019_18_MIN_NO,2020-01-05,13:05,NO,MIN,WC
2019,18,2019_18_SEA_PHI,2020-01-05,16:40,PHI,SEA,WC
2019,18,2019_18_TEN_NE,2020-01-04,20:15,NE,TEN,WC
2019,19,2019_19_HOU_KC,2020-01-12,15:05,KC,HOU,DIV
2019,19,2019_19_MIN_SF,2020-01-11,16:35,SF,MIN,DIV
2019,19,2019_19_SEA_GB,2020-01-12,18:40,GB,SEA,DIV
2019,19,2019_19_TEN_BAL,2020-01-11,20:15,BAL,TEN,DIV
2019,20,2019_20_GB_SF,2020-01-19,18:40,SF,GB,CON
2019,20,2019_20_TEN_KC,2020-01-19,15:05,KC,TEN,CON
2019,21,2019_21_SF_KC,2020-02-02,18:30,KC,SF,SB
2020,1,2020_01_ARI_SF,2020-09-13,16:25,SF,ARI,REG
2020,1,2020_01_CHI_DET,2020-09-13,13:00,DET,CHI,REG
2020,1,2020_01_CLE_BAL,2020-09-13,13:00,BAL,CLE,REG
2020,1,2020_01_DAL_LA,2020-09-13,20:20,LA,DAL,REG
2020,1,2020_01_GB_MIN,2020-09-13,13:00,MIN,GB,REG
2020,1,2020_01_HOU_KC,2020-09-10,20:20,KC,HOU,REG
2020,1,2020_01_IND_JAX,2020-09-13,13:00,JAX,IND,REG
2020,1,2020_01_LAC_CIN,2020-09-13,16:05,CIN,LAC,REG
2020,1,2020_01_LV_CAR,2020-09-13,13:00,CAR,LV,REG
2020,1,2020_01_MIA_NE,2020-09-13,13:00,NE,MIA,REG
2020,1,2020_01_NYJ_BUF,2020-09-13,13:00,BUF,NYJ,REG
2020,1,2020_01_PHI_WAS,2020-09-13,13:00,WAS,PHI,REG
2020,1,2020_01_PIT_NYG,2020-09-14,19:15,NYG,PIT,REG
2020,1,2020_01_SEA_ATL,2020-09-13,13:00,ATL,SEA,REG
2020,1,2020_01_TB_NO,2020-09-13,16:25,NO,TB,REG
2020,1,2020_01_TEN_DEN,2020-09-14,22:10,DEN,TEN,REG
2020,2,2020_02_ATL_DAL,2020-09-20,13:00,DAL,ATL,REG
2020,2,2020_02_BAL_HOU,2020-09-20,16:25,HOU,BAL,REG
2020,2,2020_02_BUF_MIA,2020-09-20,13:00,MIA,BUF,REG
2020,2,2020_02_CAR_TB,2020-09-20,13:00,TB,CAR,REG
2020,2,2020_02_CIN_CLE,2020-09-17,20:20,CLE,CIN,REG
2020,2,2020_02_DEN_PIT,2020-09-20,13:00,PIT,DEN,REG
2020,2,2020_02_DET_GB,2020-09-20,13:00,GB,DET,REG
2020,2,2020_02_JAX_TEN,2020-09-20,13:00,TEN,JAX,REG
2020,2,2020_02_KC_LAC,2020-09-20,16:25,LAC,KC,REG
2020,2,2020_02_LA_PHI,2020-09-20,13:00,PHI,LA,REG
2020,2,2020_02_MIN_IND,2020-09-20,13:00,IND,MIN,REG
2020,2,2020_02_NE_SEA,2020-09-20,20:20,SEA,NE,REG
2020,2,2020_02_NO_LV,2020-09-21,20:15,LV,NO,REG
2020,2,2020_02_NYG_CHI,2020-09-20,13:00,CHI,NYG,REG
2020,2,2020_02_SF_NYJ,2020-09-20,13:00,NYJ,SF,REG
2020,2,2020_02_WAS_ARI,2020-09-20,16:05,ARI,WAS,REG
2020,3,2020_03_CAR_LAC,2020-09-27,16:05,LAC,CAR,REG
2020,3,2020_03_CHI_ATL,2020-09-27,13:00,ATL,CHI,REG
2020,3,2020_03_CIN_PHI,2020-09-27,13:00,PHI,CIN,REG
2020,3,2020_03_DAL_SEA,2020-09-27,16:25,SEA,DAL,REG
2020,3,2020_03_DET_ARI,2020-09-27,16:25,ARI,DET,REG
2020,3,2020_03_GB_NO,2020-09-27,20:20,NO,GB,REG
2020,3,2020_03_HOU_PIT,2020-09-27,13:00,PIT,HOU,REG
2020,3,2020_03_KC_BAL,2020-09-28,20:15,BAL,KC,REG
2020,3,2020_03_LA_BUF,2020-09-27,13:00,BUF,LA,REG
2020,3,2020_03_LV_NE,2020-09-27,13:00,NE,LV,REG
2020,3,2020_03_MIA_JAX,2020-09-24,20:20,JAX,MIA,REG
2020,3,2020_03_NYJ_IND,2020-09-27,16:05,IND,NYJ,REG
2020,3,2020_03_SF_NYG,2020-09-27,13:00,NYG,SF,REG
2020,3,2020_03_TB_DEN,2020-09-27,16:25,DEN,TB,REG
2020,3,2020_03_TEN_MIN,2020-09-27,13:00,MIN,TEN,REG
2020,3,2020_03_WAS_CLE,2020-09-27,13:00,CLE,WAS,REG
2020,4,2020_04_ARI_CAR,2020-10-04,13:00,CAR,ARI,REG
2020,4,2020_04_ATL_GB,2020-10-05,21:00,GB,ATL,REG
2020,4,2020_04_BAL_WAS,2020-10-04,13:00,WAS,BAL,REG
2020,4,2020_04_BUF_LV,2020-10-04,16:25,LV,BUF,REG
2020,4,2020_04_CLE_DAL,2020-10-04,13:00,DAL,CLE,REG
2020,4,2020_04_DEN_NYJ,2020-10-01,20:20,NYJ,DEN,REG
2020,4,2020_04_IND_CHI,2020-10-04,16:25,CHI,IND,REG
2020,4,2020_04_JAX_CIN,2020-10-04,13:00,CIN,JAX,REG
2020,4,2020_04_LAC_TB,2020-10-04,13:00,TB,LAC,REG
2020,4,2020_04_MIN_HOU,2020-10-04,13:00,HOU,MIN,REG
2020,4,2020_04_NE_KC,2020-10-05,19:05,KC,NE,REG
2020,4,2020_04_NO_DET,2020-10-04,13:00,DET,NO,REG
2020,4,2020_04_NYG_LA,2020-10-04,16:05,LA,NYG,REG
2020,4,2020_04_PHI_SF,2020-10-04,20:20,SF,PHI,REG
2020,4,2020_04_SEA_MIA,2020-10-04,13:00,MIA,SEA,REG
2020,5,2020_05_ARI_NYJ,2020-10-11,13:00,NYJ,ARI,REG
2020,5,2020_05_BUF_TEN,2020-10-13,19:00,TEN,BUF,REG
2020,5,2020_05_CAR_ATL,2020-10-11,13:00,ATL,CAR,REG
2020,5,2020_05_CIN_BAL,2020-10-11,13:00,BAL,CIN,REG
2020,5,2020_05_IND_CLE,2020-10-11,16:25,CLE,IND,REG
2020,5,2020_05_JAX_HOU,2020-10-11,13:00,HOU,JAX,REG
2020,5,2020_05_LAC_NO,2020-10-12,20:15,NO,LAC,REG
2020,5,2020_05_LA_WAS,2020-10-11,13:00,WAS,LA,REG
2020,5,2020_05_LV_KC,2020-10-11,13:00,KC,LV,REG
2020,5,2020_05_MIA_SF,2020-10-11,16:05,SF,MIA,REG
2020,5,2020_05_MIN_SEA,2020-10-11,20:20,SEA,MIN,REG
2020,5,2020_05_NYG_DAL,2020-10-11,16:25,DAL,NYG,REG
2020,5,2020_05_PHI_PIT,2020-10-11,13:00,PIT,PHI,REG
2020,5,2020_05_TB_CHI,2020-10-08,20:20,CHI,TB,REG
2020,6,2020_06_ARI_DAL,2020-10-19,20:15,DAL,ARI,REG
2020,6,2020_06_ATL_MIN,2020-10-18,13:00,MIN,ATL,REG
2020,6,2020_06_BAL_PHI,2020-10-18,13:00,PHI,BAL,REG
2020,6,2020_06_CHI_CAR,2020-10-18,13:00,CAR,CHI,REG
2020,6,2020_06_CIN_IND,2020-10-18,13:00,IND,CIN,REG
2020,6,2020_06_CLE_PIT,2020-10-18,13:00,PIT,CLE,REG
2020,6,2020_06_DEN_NE,2020-10-18,13:00,NE,DEN,REG
2020,6,2020_06_DET_JAX,2020-10-18,13:00,JAX,DET,REG
2020,6,2020_06_GB_TB,2020-10-18,16:25,TB,GB,REG
2020,6,2020_06_HOU_TEN,2020-10-18,13:00,TEN,HOU,REG
2020,6,2020_06_KC_BUF,2020-10-19,17:00,BUF,KC,REG
2020,6,2020_06_LA_SF,2020-10-18,20:20,SF,LA,REG
2020,6,2020_06_NYJ_MIA,2020-10-18,16:05,MIA,NYJ,REG
2020,6,2020_06_WAS_NYG,2020-10-18,13:00,NYG,WAS,REG
2020,7,2020_07_BUF_NYJ,2020-10-25,13:00,NYJ,BUF,REG
2020,7,2020_07_CAR_NO,2020-10-25,13:00,NO,CAR,REG
2020,7,2020_07_CHI_LA,2020-10-26,20:15,LA,CHI,REG
2020,7,2020_07_CLE_CIN,2020-10-25,13:00,CIN,CLE,REG
2020,7,2020_07_DAL_WAS,2020-10-25,13:00,WAS,DAL,REG
2020,7,2020_07_DET_ATL,2020-10-25,13:00,ATL,DET,REG
2020,7,2020_07_GB_HOU,2020-10-25,13:00,HOU,GB,REG
2020,7,2020_07_JAX_LAC,2020-10-25,16:25,LAC,JAX,REG
2020,7,2020_07_KC_DEN,2020-10-25,16:25,DEN,KC,REG
2020,7,2020_07_NYG_PHI,2020-10-22,20:20,PHI,NYG,REG
2020,7,2020_07_PIT_TEN,2020-10-25,13:00,TEN,PIT,REG
2020,7,2020_07_SEA_ARI,2020-10-25,20:20,ARI,SEA,REG
2020,7,2020_07_SF_NE,2020-10-25,16:25,NE,SF,REG
2020,7,2020_07_TB_LV,2020-10-25,16:05,LV,TB,REG
2020,8,2020_08_ATL_CAR,2020-10-29,20:20,CAR,ATL,REG
2020,8,2020_08_DAL_PHI,2020-11-01,20:20,PHI,DAL,REG
2020,8,2020_08_IND_DET,2020-11-01,13:00,DET,IND,REG
2020,8,2020_08_LAC_DEN,2020-11-01,16:05,DEN,LAC,REG
2020,8,2020_08_LA_MIA,2020-11-01,13:00,MIA,LA,REG
2020,8,2020_08_LV_CLE,2020-11-01,13:00,CLE,LV,REG
2020,8,2020_08_MIN_GB,2020-11-01,13:00,GB,MIN,REG
2020,8,2020_08_NE_BUF,2020-11-01,13:00,BUF,NE,REG
2020,8,2020_08_NO_CHI,2020-11-01,16:25,CHI,NO,REG
2020,8,2020_08_NYJ_KC,2020-11-01,13:00,KC,NYJ,REG
2020,8,2020_08_PIT_BAL,2020-11-01,13:00,BAL,PIT,REG
2020,8,2020_08_SF_SEA,2020-11-01,16:25,SEA,SF,REG
2020,8,2020_08_TB_NYG,2020-11-02,20:15,NYG,TB,REG
2020,8,2020_08_TEN_CIN,2020-11-01,13:00,CIN,TEN,REG
2020,9,2020_09_BAL_IND,2020-11-08,13:00,IND,BAL,REG
2020,9,2020_09_CAR_KC,2020-11-08,13:00,KC,CAR,REG
2020,9,2020_09_CHI_TEN,2020-11-08,13:00,TEN,CHI,REG
2020,9,2020_09_DEN_ATL,2020-11-08,13:00,ATL,DEN,REG
2020,9,2020_09_DET_MIN,2020-11-08,13:00,MIN,DET,REG
2020,9,2020_09_GB_SF,2020-11-05,20:20,SF,GB,REG
2020,9,2020_09_HOU_JAX,2020-11-08,13:00,JAX,HOU,REG
2020,9,2020_09_LV_LAC,2020-11-08,16:05,LAC,LV,REG
2020,9,2020_09_MIA_ARI,2020-11-08,16:25,ARI,MIA,REG
2020,9,2020_09_NE_NYJ,2020-11-09,20:15,NYJ,NE,REG
2020,9,2020_09_NO_TB,2020-11-08,20:20,TB,NO,REG
2020,9,2020_09_NYG_WAS,2020-11-08,13:00,WAS,NYG,REG
2020,9,2020_09_PIT_DAL,2020-11-08,16:25,DAL,PIT,REG
2020,9,2020_09_SEA_BUF,2020-11-08,13:00,BUF,SEA,REG
2020,10,2020_10_BAL_NE,2020-11-15,20:20,NE,BAL,REG
2020,10,2020_10_BUF_ARI,2020-11-15,16:05,ARI,BUF,REG
2020,10,2020_10_CIN_PIT,2020-11-15,16:25,PIT,CIN,REG
2020,10,2020_10_DEN_LV,2020-11-15,16:05,LV,DEN,REG
2020,10,2020_10_HOU_CLE,2020-11-15,13:00,CLE,HOU,REG
2020,10,2020_10_IND_TEN,2020-11-12,20:20,TEN,IND,REG
2020,10,2020_10_JAX_GB,2020-11-15,13:00,GB,JAX,REG
2020,10,2020_10_LAC_MIA,2020-11-15,16:05,MIA,LAC,REG
2020,10,2020_10_MIN_CHI,2020-11-16,20:15,CHI,MIN,REG
2020,10,2020_10_PHI_NYG,2020-11-15,13:00,NYG,PHI,REG
2020,10,2020_10_SEA_LA,2020-11-15,16:25,LA,SEA,REG
2020,10,2020_10_SF_NO,2020-11-15,16:25,NO,SF,REG
2020,10,2020_10_TB_CAR,2020-11-15,13:00,CAR,TB,REG
2020,10,2020_10_WAS_DET,2020-11-15,13:00,DET,WAS,REG
2020,11,2020_11_ARI_SEA,2020-11-19,20:20,SEA,ARI,REG
2020,11,2020_11_ATL_NO,2020-11-22,13:00,NO,ATL,REG
2020,11,2020_11_CIN_WAS,2020-11-22,13:00,WAS,CIN,REG
2020,11,2020_11_DAL_MIN,2020-11-22,16:25,MIN,DAL,REG
2020,11,2020_11_DET_CAR,2020-11-22,13:00,CAR,DET,REG
2020,11,2020_11_GB_IND,2020-11-22,16:25,IND,GB,REG
2020,11,2020_11_KC_LV,2020-11-22,20:20,LV,KC,REG
2020,11,2020_11_LA_TB,2020-11-23,20:15,TB,LA,REG
2020,11,2020_11_MIA_DEN,2020-11-22,16:05,DEN,MIA,REG
2020,11,2020_11_NE_HOU,2020-11-22,13:00,HOU,NE,REG
2020,11,2020_11_NYJ_LAC,2020-11-22,16:05,LAC,NYJ,REG
2020,11,2020_11_PHI_CLE,2020-11-22,13:00,CLE,PHI,REG
2020,11,2020_11_PIT_JAX,2020-11-22,13:00,JAX,PIT,REG
2020,11,2020_11_TEN_BAL,2020-11-22,13:00,BAL,TEN,REG
2020,12,2020_12_ARI_NE,2020-11-29,13:00,NE,ARI,REG
2020,12,2020_12_BAL_PIT,2020-12-02,15:40,PIT,BAL,REG
2020,12,2020_12_CAR_MIN,2020-11-29,13:00,MIN,CAR,REG
2020,12,2020_12_CHI_GB,2020-11-29,20:20,GB,CHI,REG
2020,12,2020_12_CLE_JAX,2020-11-29,13:00,JAX,CLE,REG
2020,12,2020_12_HOU_DET,2020-11-26,12:30,DET,HOU,REG
2020,12,2020_12_KC_TB,2020-11-29,16:25,TB,KC,REG
2020,12,2020_12_LAC_BUF,2020-11-29,13:00,BUF,LAC,REG
2020,12,2020_12_LV_ATL,2020-11-29,13:00,ATL,LV,REG
2020,12,2020_12_MIA_NYJ,2020-11-29,13:00,NYJ,MIA,REG
2020,12,2020_12_NO_DEN,2020-11-29,16:05,DEN,NO,REG
2020,12,2020_12_NYG_CIN,2020-11-29,13:00,CIN,NYG,REG
2020,12,2020_12_SEA_PHI,2020-11-30,20:15,PHI,SEA,REG
2020,12,2020_12_SF_LA,2020-11-29,16:05,LA,SF,REG
2020,12,2020_12_TEN_IND,2020-11-29,13:00,IND,TEN,REG
2020,12,2020_12_WAS_DAL,2020-11-26,16:30,DAL,WAS,REG
2020,13,2020_13_BUF_SF,2020-12-07,20:15,SF,BUF,REG
2020,13,2020_13_CIN_MIA,2020-12-06,13:00,MIA,CIN,REG
2020,13,2020_13_CLE_TEN,2020-12-06,13:00,TEN,CLE,REG
2020,13,2020_13_DAL_BAL,2020-12-08,20:05,BAL,DAL,REG
2020,13,2020_13_DEN_KC,2020-12-06,20:20,KC,DEN,REG
2020,13,2020_13_DET_CHI,2020-12-06,13:00,CHI,DET,REG
2020,13,2020_13_IND_HOU,2020-12-06,13:00,HOU,IND,REG
2020,13,2020_13_JAX_MIN,2020-12-06,13:00,MIN,JAX,REG
2020,13,2020_13_LA_ARI,2020-12-06,16:05,ARI,LA,REG
2020,13,2020_13_LV_NYJ,2020-12-06,13:00,NYJ,LV,REG
2020,13,2020_13_NE_LAC,2020-12-06,16:25,LAC,NE,REG
2020,13,2020_13_NO_ATL,2020-12-06,13:00,ATL,NO,REG
2020,13,2020_13_NYG_SEA,2020-12-06,16:05,SEA,NYG,REG
2020,13,2020_13_PHI_GB,2020-12-06,16:25,GB,PHI,REG
2020,13,2020_13_WAS_PIT,2020-12-07,17:00,PIT,WAS,REG
2020,14,2020_14_ARI_NYG,2020-12-13,13:00,NYG,ARI,REG
2020,14,2020_14_ATL_LAC,2020-12-13,16:25,LAC,ATL,REG
2020,14,2020_14_BAL_CLE,2020-12-14,20:15,CLE,BAL,REG
2020,14,2020_14_DAL_CIN,2020-12-13,13:00,CIN,DAL,REG
2020,14,2020_14_DEN_CAR,2020-12-13,13:00,CAR,DEN,REG
2020,14,2020_14_GB_DET,2020-12-13,16:25,DET,GB,REG
2020,14,2020_14_HOU_CHI,2020-12-13,13:00,CHI,HOU,REG
2020,14,2020_14_IND_LV,2020-12-13,16:05,LV,IND,REG
2020,14,2020_14_KC_MIA,2020-12-13,13:00,MIA,KC,REG
2020,14,2020_14_MIN_TB,2020-12-13,13:00,TB,MIN,REG
2020,14,2020_14_NE_LA,2020-12-10,20:20,LA,NE,REG
2020,14,2020_14_NO_PHI,2020-12-13,16:25,PHI,NO,REG
2020,14,2020_14_NYJ_SEA,2020-12-13,16:05,SEA,NYJ,REG
2020,14,2020_14_PIT_BUF,2020-12-13,20:20,BUF,PIT,REG
2020,14,2020_14_TEN_JAX,2020-12-13,13:00,JAX,TEN,REG
2020,14,2020_14_WAS_SF,2020-12-13,16:25,SF,WAS,REG
2020,15,2020_15_BUF_DEN,2020-12-19,16:30,DEN,BUF,REG
2020,15,2020_15_CAR_GB,2020-12-19,20:15,GB,CAR,REG
2020,15,2020_15_CHI_MIN,2020-12-20,13:00,MIN,CHI,REG
2020,15,2020_15_CLE_NYG,2020-12-20,20:20,NYG,CLE,REG
2020,15,2020_15_DET_TEN,2020-12-20,13:00,TEN,DET,REG
2020,15,2020_15_HOU_IND,2020-12-20,13:00,IND,HOU,REG
2020,15,2020_15_JAX_BAL,2020-12-20,13:00,BAL,JAX,REG
2020,15,2020_15_KC_NO,2020-12-20,16:25,NO,KC,REG
2020,15,2020_15_LAC_LV,2020-12-17,20:20,LV,LAC,REG
2020,15,2020_15_NE_MIA,2020-12-20,13:00,MIA,NE,REG
2020,15,2020_15_NYJ_LA,2020-12-20,16:05,LA,NYJ,REG
2020,15,2020_15_PHI_ARI,2020-12-20,16:05,ARI,PHI,REG
2020,15,2020_15_PIT_CIN,2020-12-21,20:15,CIN,PIT,REG
2020,15,2020_15_SEA_WAS,2020-12-20,13:00,WAS,SEA,REG
2020,15,2020_15_SF_DAL,2020-12-20,13:00,DAL,SF,REG
2020,15,2020_15_TB_ATL,2020-12-20,13:00,ATL,TB,REG
2020,16,2020_16_ATL_KC,2020-12-27,13:00,KC,ATL,REG
2020,16,2020_16_BUF_NE,2020-12-28,20:15,NE,BUF,REG
2020,16,2020_16_CAR_WAS,2020-12-27,16:05,WAS,CAR,REG
2020,16,2020_16_CHI_JAX,2020-12-27,13:00,JAX,CHI,REG
2020,16,2020_16_CIN_HOU,2020-12-27,13:00,HOU,CIN,REG
2020,16,2020_16_CLE_NYJ,2020-12-27,13:00,NYJ,CLE,REG
2020,16,2020_16_DEN_LAC,2020-12-27,16:05,LAC,DEN,REG
2020,16,2020_16_IND_PIT,2020-12-27,13:00,PIT,IND,REG
2020,16,2020_16_LA_SEA,2020-12-27,16:25,SEA,LA,REG
2020,16,2020_16_MIA_LV,2020-12-26,20:15,LV,MIA,REG
2020,16,2020_16_MIN_NO,2020-12-25,16:30,NO,MIN,REG
2020,16,2020_16_NYG_BAL,2020-12-27,13:00,BAL,NYG,REG
2020,16,2020_16_PHI_DAL,2020-12-27,16:25,DAL,PHI,REG
2020,16,2020_16_SF_ARI,2020-12-26,16:30,ARI,SF,REG
2020,16,2020_16_TB_DET,2020-12-26,13:00,DET,TB,REG
2020,16,2020_16_TEN_GB,2020-12-27,20:20,GB,TEN,REG
2020,17,2020_17_ARI_LA,2021-01-03,16:25,LA,ARI,REG
2020,17,2020_17_ATL_TB,2021-01-03,13:00,TB,ATL,REG
2020,17,2020_17_BAL_CIN,2021-01-03,13:00,CIN,BAL,REG
2020,17,2020_17_DAL_NYG,2021-01-03,13:00,NYG,DAL,REG
2020,17,2020_17_GB_CHI,2021-01-03,16:25,CHI,GB,REG
2020,17,2020_17_JAX_IND,2021-01-03,16:25,IND,JAX,REG
2020,17,2020_17_LAC_KC,2021-01-03,16:25,KC,LAC,REG
2020,17,2020_17_LV_DEN,2021-01-03,16:25,DEN,LV,REG
2020,17,2020_17_MIA_BUF,2021-01-03,13:00,BUF,MIA,REG
2020,17,2020_17_MIN_DET,2021-01-03,13:00,DET,MIN,REG
2020,17,2020_17_NO_CAR,2021-01-03,16:25,CAR,NO,REG
2020,17,2020_17_NYJ_NE,2021-01-03,13:00,NE,NYJ,REG
2020,17,2020_17_PIT_CLE,2021-01-03,13:00,CLE,PIT,REG
2020,17,2020_17_SEA_SF,2021-01-03,16:25,SF,SEA,REG
2020,17,2020_17_TEN_HOU,2021-01-03,16:25,HOU,TEN,REG
2020,17,2020_17_WAS_PHI,2021-01-03,20:20,PHI,WAS,REG
2020,18,2020_18_BAL_TEN,2021-01-10,13:05,TEN,BAL,WC
2020,18,2020_18_CHI_NO,2021-01-10,16:40,NO,CHI,WC
2020,18,2020_18_CLE_PIT,2021-01-10,20:15,PIT,CLE,WC
2020,18,2020_18_IND_BUF,2021-01-09,13:05,BUF,IND,WC
2020,18,2020_18_LA_SEA,2021-01-09,16:40,SEA,LA,WC
2020,18,2020_18_TB_WAS,2021-01-09,20:15,WAS,TB,WC
2020,19,2020_19_BAL_BUF,2021-01-16,20:15,BUF,BAL,DIV
2020,19,2020_19_CLE_KC,2021-01-17,15:05,KC,CLE,DIV
2020,19,2020_19_LA_GB,2021-01-16,16:35,GB,LA,DIV
2020,19,2020_19_TB_NO,2021-01-17,18:40,NO,TB,DIV
2020,20,2020_20_BUF_KC,2021-01-24,18:40,KC,BUF,CON
2020,20,2020_20_TB_GB,2021-01-24,15:05,GB,TB,CON
2020,21,2020_21_KC_TB,2021-02-07,18:30,TB,KC,SB
2021,1,2021_01_ARI_TEN,2021-09-12,13:00,TEN,ARI,REG
2021,1,2021_01_BAL_LV,2021-09-13,20:15,LV,BAL,REG
2021,1,2021_01_CHI_LA,2021-09-12,20:20,LA,CHI,REG
2021,1,2021_01_CLE_KC,2021-09-12,16:25,KC,CLE,REG
2021,1,2021_01_DAL_TB,2021-09-09,20:20,TB,DAL,REG
2021,1,2021_01_DEN_NYG,2021-09-12,16:25,NYG,DEN,REG
2021,1,2021_01_GB_NO,2021-09-12,16:25,NO,GB,REG
2021,1,2021_01_JAX_HOU,2021-09-12,13:00,HOU,JAX,REG
2021,1,2021_01_LAC_WAS,2021-09-12,13:00,WAS,LAC,REG
2021,1,2021_01_MIA_NE,2021-09-12,16:25,NE,MIA,REG
2021,1,2021_01_MIN_CIN,2021-09-12,13:00,CIN,MIN,REG
2021,1,2021_01_NYJ_CAR,2021-09-12,13:00,CAR,NYJ,REG
2021,1,2021_01_PHI_ATL,2021-09-12,13:00,ATL,PHI,REG
2021,1,2021_01_PIT_BUF,2021-09-12,13:00,BUF,PIT,REG
2021,1,2021_01_SEA_IND,2021-09-12,13:00,IND,SEA,REG
2021,1,2021_01_SF_DET,2021-09-12,13:00,DET,SF,REG
2021,2,2021_02_ATL_TB,2021-09-19,16:05,TB,ATL,REG
2021,2,2021_02_BUF_MIA,2021-09-19,13:00,MIA,BUF,REG
2021,2,2021_02_CIN_CHI,2021-09-19,13:00,CHI,CIN,REG
2021,2,2021_02_DAL_LAC,2021-09-19,16:25,LAC,DAL,REG
2021,2,2021_02_DEN_JAX,2021-09-19,13:00,JAX,DEN,REG
2021,2,2021_02_DET_GB,2021-09-20,20:15,GB,DET,REG
2021,2,2021_02_HOU_CLE,2021-09-19,13:00,CLE,HOU,REG
2021,2,2021_02_KC_BAL,2021-09-19,20:20,BAL,KC,REG
2021,2,2021_02_LA_IND,2021-09-19,13:00,IND,LA,REG
2021,2,2021_02_LV_PIT,2021-09-19,13:00,PIT,LV,REG
2021,2,2021_02_MIN_ARI,2021-09-19,16:05,ARI,MIN,REG
2021,2,2021_02_NE_NYJ,2021-09-19,13:00,NYJ,NE,REG
2021,2,2021_02_NO_CAR,2021-09-19,13:00,CAR,NO,REG
2021,2,2021_02_NYG_WAS,2021-09-16,20:20,WAS,NYG,REG
2021,2,2021_02_SF_PHI,2021-09-19,13:00,PHI,SF,REG
2021,2,2021_02_TEN_SEA,2021-09-19,16:25,SEA,TEN,REG
2021,3,2021_03_ARI_JAX,2021-09-26,13:00,JAX,ARI,REG
2021,3,2021_03_ATL_NYG,2021-09-26,13:00,NYG,ATL,REG
2021,3,2021_03_BAL_DET,2021-09-26,13:00,DET,BAL,REG
2021,3,2021_03_CAR_HOU,2021-09-23,20:20,HOU,CAR,REG
2021,3,2021_03_CHI_CLE,2021-09-26,13:00,CLE,CHI,REG
2021,3,2021_03_CIN_PIT,2021-09-26,13:00,PIT,CIN,REG
2021,3,2021_03_GB_SF,2021-09-26,20:20,SF,GB,REG
2021,3,2021_03_IND_TEN,2021-09-26,13:00,TEN,IND,REG
2021,3,2021_03_LAC_KC,2021-09-26,13:00,KC,LAC,REG
2021,3,2021_03_MIA_LV,2021-09-26,16:05,LV,MIA,REG
2021,3,2021_03_NO_NE,2021-09-26,13:00,NE,NO,REG
2021,3,2021_03_NYJ_DEN,2021-09-26,16:05,DEN,NYJ,REG
2021,3,2021_03_PHI_DAL,2021-09-27,20:15,DAL,PHI,REG
2021,3,2021_03_SEA_MIN,2021-09-26,16:25,MIN,SEA,REG
2021,3,2021_03_TB_LA,2021-09-26,16:25,LA,TB,REG
2021,3,2021_03_WAS_BUF,2021-09-26,13:00,BUF,WAS,REG
2021,4,2021_04_ARI_LA,2021-10-03,16:05,LA,ARI,REG
2021,4,2021_04_BAL_DEN,2021-10-03,16:25,DEN,BAL,REG
2021,4,2021_04_CAR_DAL,2021-10-03,13:00,DAL,CAR,REG
2021,4,2021_04_CLE_MIN,2021-10-03,13:00,MIN,CLE,REG
2021,4,2021_04_DET_CHI,2021-10-03,13:00,CHI,DET,REG
2021,4,2021_04_HOU_BUF,2021-10-03,13:00,BUF,HOU,REG
2021,4,2021_04_IND_MIA,2021-10-03,13:00,MIA,IND,REG
2021,4,2021_04_JAX_CIN,2021-09-30,20:20,CIN,JAX,REG
2021,4,2021_04_KC_PHI,2021-10-03,13:00,PHI,KC,REG
2021,4,2021_04_LV_LAC,2021-10-04,20:15,LAC,LV,REG
2021,4,2021_04_NYG_NO,2021-10-03,13:00,NO,NYG,REG
2021,4,2021_04_PIT_GB,2021-10-03,16:25,GB,PIT,REG
2021,4,2021_04_SEA_SF,2021-10-03,16:05,SF,SEA,REG
2021,4,2021_04_TB_NE,2021-10-03,20:20,NE,TB,REG
2021,4,2021_04_TEN_NYJ,2021-10-03,13:00,NYJ,TEN,REG
2021,4,2021_04_WAS_ATL,2021-10-03,13:00,ATL,WAS,REG
2021,5,2021_05_BUF_KC,2021-10-10,20:20,KC,BUF,REG
2021,5,2021_05_CHI_LV,2021-10-10,16:05,LV,CHI,REG
2021,5,2021_05_CLE_LAC,2021-10-10,16:05,LAC,CLE,REG
2021,5,2021_05_DEN_PIT,2021-10-10,13:00,PIT,DEN,REG
2021,5,2021_05_DET_MIN,2021-10-10,13:00,MIN,DET,REG
2021,5,2021_05_GB_CIN,2021-10-10,13:00,CIN,GB,REG
2021,5,2021_05_IND_BAL,2021-10-11,20:15,BAL,IND,REG
2021,5,2021_05_LA_SEA,2021-10-07,20:20,SEA,LA,REG
2021,5,2021_05_MIA_TB,2021-10-10,13:00,TB,MIA,REG
2021,5,2021_05_NE_HOU,2021-10-10,13:00,HOU,NE,REG
2021,5,2021_05_NO_WAS,2021-10-10,13:00,WAS,NO,REG
2021,5,2021_05_NYG_DAL,2021-10-10,16:25,DAL,NYG,REG
2021,5,2021_05_NYJ_ATL,2021-10-10,09:30,ATL,NYJ,REG
2021,5,2021_05_PHI_CAR,2021-10-10,13:00,CAR,PHI,REG
2021,5,2021_05_SF_ARI,2021-10-10,16:25,ARI,SF,REG
2021,5,2021_05_TEN_JAX,2021-10-10,13:00,JAX,TEN,REG
2021,6,2021_06_ARI_CLE,2021-10-17,16:05,CLE,ARI,REG
2021,6,2021_06_BUF_TEN,2021-10-18,20:15,TEN,BUF,REG
2021,6,2021_06_CIN_DET,2021-10-17,13:00,DET,CIN,REG
2021,6,2021_06_DAL_NE,2021-10-17,16:25,NE,DAL,REG
2021,6,2021_06_GB_CHI,2021-10-17,13:00,CHI,GB,REG
2021,6,2021_06_HOU_IND,2021-10-17,13:00,IND,HOU,REG
2021,6,2021_06_KC_WAS,2021-10-17,13:00,WAS,KC,REG
2021,6,2021_06_LAC_BAL,2021-10-17,13:00,BAL,LAC,REG
2021,6,2021_06_LA_NYG,2021-10-17,13:00,NYG,LA,REG
2021,6,2021_06_LV_DEN,2021-10-17,16:25,DEN,LV,REG
2021,6,2021_06_MIA_JAX,2021-10-17,09:30,JAX,MIA,REG
2021,6,2021_06_MIN_CAR,2021-10-17,13:00,CAR,MIN,REG
2021,6,2021_06_SEA_PIT,2021-10-17,20:20,PIT,SEA,REG
2021,6,2021_06_TB_PHI,2021-10-14,20:20,PHI,TB,REG
2021,7,2021_07_ATL_MIA,2021-10-24,13:00,MIA,ATL,REG
2021,7,2021_07_CAR_NYG,2021-10-24,13:00,NYG,CAR,REG
2021,7,2021_07_CHI_TB,2021-10-24,16:25,TB,CHI,REG
2021,7,2021_07_CIN_BAL,2021-10-24,13:00,BAL,CIN,REG
2021,7,2021_07_DEN_CLE,2021-10-21,20:20,CLE,DEN,REG
2021,7,2021_07_DET_LA,2021-10-24,16:05,LA,DET,REG
2021,7,2021_07_HOU_ARI,2021-10-24,16:25,ARI,HOU,REG
2021,7,2021_07_IND_SF,2021-10-24,20:20,SF,IND,REG
2021,7,2021_07_KC_TEN,2021-10-24,13:00,TEN,KC,REG
2021,7,2021_07_NO_SEA,2021-10-25,20:15,SEA,NO,REG
2021,7,2021_07_NYJ_NE,2021-10-24,13:00,NE,NYJ,REG
2021,7,2021_07_PHI_LV,2021-10-24,16:05,LV,PHI,REG
2021,7,2021_07_WAS_GB,2021-10-24,13:00,GB,WAS,REG
2021,8,2021_08_CAR_ATL,2021-10-31,13:00,ATL,CAR,REG
2021,8,2021_08_CIN_NYJ,2021-10-31,13:00,NYJ,CIN,REG
2021,8,2021_08_DAL_MIN,2021-10-31,20:20,MIN,DAL,REG
2021,8,2021_08_GB_ARI,2021-10-28,20:20,ARI,GB,REG
2021,8,2021_08_JAX_SEA,2021-10-31,16:05,SEA,JAX,REG
2021,8,2021_08_LA_HOU,2021-10-31,13:00,HOU,LA,REG
2021,8,2021_08_MIA_BUF,2021-10-31,13:00,BUF,MIA,REG
2021,8,2021_08_NE_LAC,2021-10-31,16:05,LAC,NE,REG
2021,8,2021_08_NYG_KC,2021-11-01,20:15,KC,NYG,REG
2021,8,2021_08_PHI_DET,2021-10-31,13:00,DET,PHI,REG
2021,8,2021_08_PIT_CLE,2021-10-31,13:00,CLE,PIT,REG
2021,8,2021_08_SF_CHI,2021-10-31,13:00,CHI,SF,REG
2021,8,2021_08_TB_NO,2021-10-31,16:25,NO,TB,REG
2021,8,2021_08_TEN_IND,2021-10-31,13:00,IND,TEN,REG
2021,8,2021_08_WAS_DEN,2021-10-31,16:25,DEN,WAS,REG
2021,9,2021_09_ARI_SF,2021-11-07,16:25,SF,ARI,REG
2021,9,2021_09_ATL_NO,2021-11-07,13:00,NO,ATL,REG
2021,9,2021_09_BUF_JAX,2021-11-07,13:00,JAX,BUF,REG
2021,9,2021_09_CHI_PIT,2021-11-08,20:15,PIT,CHI,REG
2021,9,2021_09_CLE_CIN,2021-11-07,13:00,CIN,CLE,REG
2021,9,2021_09_DEN_DAL,2021-11-07,13:00,DAL,DEN,REG
2021,9,2021_09_GB_KC,2021-11-07,16:25,KC,GB,REG
2021,9,2021_09_HOU_MIA,2021-11-07,13:00,MIA,HOU,REG
2021,9,2021_09_LAC_PHI,2021-11-07,16:05,PHI,LAC,REG
2021,9,2021_09_LV_NYG,2021-11-07,13:00,NYG,LV,REG
2021,9,2021_09_MIN_BAL,2021-11-07,13:00,BAL,MIN,REG
2021,9,2021_09_NE_CAR,2021-11-07,13:00,CAR,NE,REG
2021,9,2021_09_NYJ_IND,2021-11-04,20:20,IND,NYJ,REG
2021,9,2021_09_TEN_LA,2021-11-07,20:20,LA,TEN,REG
2021,10,2021_10_ATL_DAL,2021-11-14,13:00,DAL,ATL,REG
2021,10,2021_10_BAL_MIA,2021-11-11,20:20,MIA,BAL,REG
2021,10,2021_10_BUF_NYJ,2021-11-14,13:00,NYJ,BUF,REG
2021,10,2021_10_CAR_ARI,2021-11-14,16:05,ARI,CAR,REG
2021,10,2021_10_CLE_NE,2021-11-14,13:00,NE,CLE,REG
2021,10,2021_10_DET_PIT,2021-11-14,13:00,PIT,DET,REG
2021,10,2021_10_JAX_IND,2021-11-14,13:00,IND,JAX,REG
2021,10,2021_10_KC_LV,2021-11-14,20:20,LV,KC,REG
2021,10,2021_10_LA_SF,2021-11-15,20:15,SF,LA,REG
2021,10,2021_10_MIN_LAC,2021-11-14,16:05,LAC,MIN,REG
2021,10,2021_10_NO_TEN,2021-11-14,13:00,TEN,NO,REG
2021,10,2021_10_PHI_DEN,2021-11-14,16:25,DEN,PHI,REG
2021,10,2021_10_SEA_GB,2021-11-14,16:25,GB,SEA,REG
2021,10,2021_10_TB_WAS,2021-11-14,13:00,WAS,TB,REG
2021,11,2021_11_ARI_SEA,2021-11-21,16:25,SEA,ARI,REG
2021,11,2021_11_BAL_CHI,2021-11-21,13:00,CHI,BAL,REG
2021,11,2021_11_CIN_LV,2021-11-21,16:05,LV,CIN,REG
2021,11,2021_11_DAL_KC,2021-11-21,16:25,KC,DAL,REG
2021,11,2021_11_DET_CLE,2021-11-21,13:00,CLE,DET,REG
2021,11,2021_11_GB_MIN,2021-11-21,13:00,MIN,GB,REG
2021,11,2021_11_HOU_TEN,2021-11-21,13:00,TEN,HOU,REG
2021,11,2021_11_IND_BUF,2021-11-21,13:00,BUF,IND,REG
2021,11,2021_11_MIA_NYJ,2021-11-21,13:00,NYJ,MIA,REG
2021,11,2021_11_NE_ATL,2021-11-18,20:20,ATL,NE,REG
2021,11,2021_11_NO_PHI,2021-11-21,13:00,PHI,NO,REG
2021,11,2021_11_NYG_TB,2021-11-22,20:15,TB,NYG,REG
2021,11,2021_11_PIT_LAC,2021-11-21,20:20,LAC,PIT,REG
2021,11,2021_11_SF_JAX,2021-11-21,13:00,JAX,SF,REG
2021,11,2021_11_WAS_CAR,2021-11-21,13:00,CAR,WAS,REG
2021,12,2021_12_ATL_JAX,2021-11-28,13:00,JAX,ATL,REG
2021,12,2021_12_BUF_NO,2021-11-25,20:20,NO,BUF,REG
2021,12,2021_12_CAR_MIA,2021-11-28,13:00,MIA,CAR,REG
2021,12,2021_12_CHI_DET,2021-11-25,12:30,DET,CHI,REG
2021,12,2021_12_CLE_BAL,2021-11-28,20:20,BAL,CLE,REG
2021,12,2021_12_LAC_DEN,2021-11-28,16:05,DEN,LAC,REG
2021,12,2021_12_LA_GB,2021-11-28,16:25,GB,LA,REG
2021,12,2021_12_LV_DAL,2021-11-25,16:30,DAL,LV,REG
2021,12,2021_12_MIN_SF,2021-11-28,16:25,SF,MIN,REG
2021,12,2021_12_NYJ_HOU,2021-11-28,13:00,HOU,NYJ,REG
2021,12,2021_12_PHI_NYG,2021-11-28,13:00,NYG,PHI,REG
2021,12,2021_12_PIT_CIN,2021-11-28,13:00,CIN,PIT,REG
2021,12,2021_12_SEA_WAS,2021-11-29,20:15,WAS,SEA,REG
2021,12,2021_12_TB_IND,2021-11-28,13:00,IND,TB,REG
2021,12,2021_12_TEN_NE,2021-11-28,13:00,NE,TEN,REG
2021,13,2021_13_ARI_CHI,2021-12-05,13:00,CHI,ARI,REG
2021,13,2021_13_BAL_PIT,2021-12-05,16:25,PIT,BAL,REG
2021,13,2021_13_DAL_NO,2021-12-02,20:20,NO,DAL,REG
2021,13,2021_13_DEN_KC,2021-12-05,20:20,KC,DEN,REG
2021,13,2021_13_IND_HOU,2021-12-05,13:00,HOU,IND,REG
2021,13,2021_13_JAX_LA,2021-12-05,16:05,LA,JAX,REG
2021,13,2021_13_LAC_CIN,2021-12-05,13:00,CIN,LAC,REG
2021,13,2021_13_MIN_DET,2021-12-05,13:00,DET,MIN,REG
2021,13,2021_13_NE_BUF,2021-12-06,20:15,BUF,NE,REG
2021,13,2021_13_NYG_MIA,2021-12-05,13:00,MIA,NYG,REG
2021,13,2021_13_PHI_NYJ,2021-12-05,13:00,NYJ,PHI,REG
2021,13,2021_13_SF_SEA,2021-12-05,16:25,SEA,SF,REG
2021,13,2021_13_TB_ATL,2021-12-05,13:00,ATL,TB,REG
2021,13,2021_13_WAS_LV,2021-12-05,16:05,LV,WAS,REG
2021,14,2021_14_ATL_CAR,2021-12-12,13:00,CAR,ATL,REG
2021,14,2021_14_BAL_CLE,2021-12-12,13:00,CLE,BAL,REG
2021,14,2021_14_BUF_TB,2021-12-12,16:25,TB,BUF,REG
2021,14,2021_14_CHI_GB,2021-12-12,20:20,GB,CHI,REG
2021,14,2021_14_DAL_WAS,2021-12-12,13:00,WAS,DAL,REG
2021,14,2021_14_DET_DEN,2021-12-12,16:05,DEN,DET,REG
2021,14,2021_14_JAX_TEN,2021-12-12,13:00,TEN,JAX,REG
2021,14,2021_14_LA_ARI,2021-12-13,20:15,ARI,LA,REG
2021,14,2021_14_LV_KC,2021-12-12,13:00,KC,LV,REG
2021,14,2021_14_NO_NYJ,2021-12-12,13:00,NYJ,NO,REG
2021,14,2021_14_NYG_LAC,2021-12-12,16:05,LAC,NYG,REG
2021,14,2021_14_PIT_MIN,2021-12-09,20:20,MIN,PIT,REG
2021,14,2021_14_SEA_HOU,2021-12-12,13:00,HOU,SEA,REG
2021,14,2021_14_SF_CIN,2021-12-12,16:25,CIN,SF,REG
2021,15,2021_15_ARI_DET,2021-12-19,13:00,DET,ARI,REG
2021,15,2021_15_ATL_SF,2021-12-19,16:05,SF,ATL,REG
2021,15,2021_15_CAR_BUF,2021-12-19,13:00,BUF,CAR,REG
2021,15,2021_15_CIN_DEN,2021-12-19,16:05,DEN,CIN,REG
2021,15,2021_15_DAL_NYG,2021-12-19,13:00,NYG,DAL,REG
2021,15,2021_15_GB_BAL,2021-12-19,16:25,BAL,GB,REG
2021,15,2021_15_HOU_JAX,2021-12-19,13:00,JAX,HOU,REG
2021,15,2021_15_KC_LAC,2021-12-16,20:20,LAC,KC,REG
2021,15,2021_15_LV_CLE,2021-12-20,17:00,CLE,LV,REG
2021,15,2021_15_MIN_CHI,2021-12-20,20:15,CHI,MIN,REG
2021,15,2021_15_NE_IND,2021-12-18,20:20,IND,NE,REG
2021,15,2021_15_NO_TB,2021-12-19,20:20,TB,NO,REG
2021,15,2021_15_NYJ_MIA,2021-12-19,13:00,MIA,NYJ,REG
2021,15,2021_15_SEA_LA,2021-12-21,19:00,LA,SEA,REG
2021,15,2021_15_TEN_PIT,2021-12-19,13:00,PIT,TEN,REG
2021,15,2021_15_WAS_PHI,2021-12-21,19:00,PHI,WAS,REG
2021,16,2021_16_BAL_CIN,2021-12-26,13:00,CIN,BAL,REG
2021,16,2021_16_BUF_NE,2021-12-26,13:00,NE,BUF,REG
2021,16,2021_16_CHI_SEA,2021-12-26,16:05,SEA,CHI,REG
2021,16,2021_16_CLE_GB,2021-12-25,16:30,GB,CLE,REG
2021,16,2021_16_DEN_LV,2021-12-26,16:25,LV,DEN,REG
2021,16,2021_16_DET_ATL,2021-12-26,13:00,ATL,DET,REG
2021,16,2021_16_IND_ARI,2021-12-25,20:15,ARI,IND,REG
2021,16,2021_16_JAX_NYJ,2021-12-26,13:00,NYJ,JAX,REG
2021,16,2021_16_LAC_HOU,2021-12-26,13:00,HOU,LAC,REG
2021,16,2021_16_LA_MIN,2021-12-26,13:00,MIN,LA,REG
2021,16,2021_16_MIA_NO,2021-12-27,20:15,NO,MIA,REG
2021,16,2021_16_NYG_PHI,2021-12-26,13:00,PHI,NYG,REG
2021,16,2021_16_PIT_KC,2021-12-26,16:25,KC,PIT,REG
2021,16,2021_16_SF_TEN,2021-12-23,20:20,TEN,SF,REG
2021,16,2021_16_TB_CAR,2021-12-26,13:00,CAR,TB,REG
2021,16,2021_16_WAS_DAL,2021-12-26,20:20,DAL,WAS,REG
2021,17,2021_17_ARI_DAL,2022-01-02,16:25,DAL,ARI,REG
2021,17,2021_17_ATL_BUF,2022-01-02,13:00,BUF,ATL,REG
2021,17,2021_17_CAR_NO,2022-01-02,16:25,NO,CAR,REG
2021,17,2021_17_CLE_PIT,2022-01-03,20:15,PIT,CLE,REG
2021,17,2021_17_DEN_LAC,2022-01-02,16:05,LAC,DEN,REG
2021,17,2021_17_DET_SEA,2022-01-02,16:25,SEA,DET,REG
2021,17,2021_17_HOU_SF,2022-01-02,16:05,SF,HOU,REG
2021,17,2021_17_JAX_NE,2022-01-02,13:00,NE,JAX,REG
2021,17,2021_17_KC_CIN,2022-01-02,13:00,CIN,KC,REG
2021,17,2021_17_LA_BAL,2022-01-02,13:00,BAL,LA,REG
2021,17,2021_17_LV_IND,2022-01-02,13:00,IND,LV,REG
2021,17,2021_17_MIA_TEN,2022-01-02,13:00,TEN,MIA,REG
2021,17,2021_17_MIN_GB,2022-01-02,20:20,GB,MIN,REG
2021,17,2021_17_NYG_CHI,2022-01-02,13:00,CHI,NYG,REG
2021,17,2021_17_PHI_WAS,2022-01-02,13:00,WAS,PHI,REG
2021,17,2021_17_TB_NYJ,2022-01-02,13:00,NYJ,TB,REG
2021,18,2021_18_CAR_TB,2022-01-09,16:25,TB,CAR,REG
2021,18,2021_18_CHI_MIN,2022-01-09,13:00,MIN,CHI,REG
2021,18,2021_18_CIN_CLE,2022-01-09,13:00,CLE,CIN,REG
2021,18,2021_18_DAL_PHI,2022-01-08,20:15,PHI,DAL,REG
2021,18,2021_18_GB_DET,2022-01-09,13:00,DET,GB,REG
2021,18,2021_18_IND_JAX,2022-01-09,13:00,JAX,IND,REG
2021,18,2021_18_KC_DEN,2022-01-08,16:30,DEN,KC,REG
2021,18,2021_18_LAC_LV,2022-01-09,20:20,LV,LAC,REG
2021,18,2021_18_NE_MIA,2022-01-09,16:25,MIA,NE,REG
2021,18,2021_18_NO_ATL,2022-01-09,16:25,ATL,NO,REG
2021,18,2021_18_NYJ_BUF,2022-01-09,16:25,BUF,NYJ,REG
2021,18,2021_18_PIT_BAL,2022-01-09,13:00,BAL,PIT,REG
2021,18,2021_18_SEA_ARI,2022-01-09,16:25,ARI,SEA,REG
2021,18,2021_18_SF_LA,2022-01-09,16:25,LA,SF,REG
2021,18,2021_18_TEN_HOU,2022-01-09,13:00,HOU,TEN,REG
2021,18,2021_18_WAS_NYG,2022-01-09,13:00,NYG,WAS,REG
2021,19,2021_19_ARI_LA,2022-01-17,20:15,LA,ARI,WC
2021,19,2021_19_LV_CIN,2022-01-15,16:30,CIN,LV,WC
2021,19,2021_19_NE_BUF,2022-01-15,20:15,BUF,NE,WC
2021,19,2021_19_PHI_TB,2022-01-16,13:00,TB,PHI,WC
2021,19,2021_19_PIT_KC,2022-01-16,20:15,KC,PIT,WC
2021,19,2021_19_SF_DAL,2022-01-16,16:30,DAL,SF,WC
2021,20,2021_20_BUF_KC,2022-01-23,18:30,KC,BUF,DIV
2021,20,2021_20_CIN_TEN,2022-01-22,16:30,TEN,CIN,DIV
2021,20,2021_20_LA_TB,2022-01-23,15:00,TB,LA,DIV
2021,20,2021_20_SF_GB,2022-01-22,20:15,GB,SF,DIV
2021,21,2021_21_CIN_KC,2022-01-30,15:00,KC,CIN,CON
2021,21,2021_21_SF_LA,2022-01-30,18:30,LA,SF,CON
2021,22,2021_22_LA_CIN,2022-02-13,18:30,CIN,LA,SB
2022,1,2022_01_BAL_NYJ,2022-09-11,13:00,NYJ,BAL,REG
2022,1,2022_01_BUF_LA,2022-09-08,20:20,LA,BUF,REG
2022,1,2022_01_CLE_CAR,2022-09-11,13:00,CAR,CLE,REG
2022,1,2022_01_DEN_SEA,2022-09-12,20:15,SEA,DEN,REG
2022,1,2022_01_GB_MIN,2022-09-11,16:25,MIN,GB,REG
2022,1,2022_01_IND_HOU,2022-09-11,13:00,HOU,IND,REG
2022,1,2022_01_JAX_WAS,2022-09-11,13:00,WAS,JAX,REG
2022,1,2022_01_KC_ARI,2022-09-11,16:25,ARI,KC,REG
2022,1,2022_01_LV_LAC,2022-09-11,16:25,LAC,LV,REG
2022,1,2022_01_NE_MIA,2022-09-11,13:00,MIA,NE,REG
2022,1,2022_01_NO_ATL,2022-09-11,13:00,ATL,NO,REG
2022,1,2022_01_NYG_TEN,2022-09-11,16:25,TEN,NYG,REG
2022,1,2022_01_PHI_DET,2022-09-11,13:00,DET,PHI,REG
2022,1,2022_01_PIT_CIN,2022-09-11,13:00,CIN,PIT,REG
2022,1,2022_01_SF_CHI,2022-09-11,13:00,CHI,SF,REG
2022,1,2022_01_TB_DAL,2022-09-11,20:20,DAL,TB,REG
2022,2,2022_02_ARI_LV,2022-09-18,16:25,LV,ARI,REG
2022,2,2022_02_ATL_LA,2022-09-18,16:05,LA,ATL,REG
2022,2,2022_02_CAR_NYG,2022-09-18,13:00,NYG,CAR,REG
2022,2,2022_02_CHI_GB,2022-09-18,20:20,GB,CHI,REG
2022,2,2022_02_CIN_DAL,2022-09-18,16:25,DAL,CIN,REG
2022,2,2022_02_HOU_DEN,2022-09-18,16:25,DEN,HOU,REG
2022,2,2022_02_IND_JAX,2022-09-18,13:00,JAX,IND,REG
2022,2,2022_02_LAC_KC,2022-09-15,20:15,KC,LAC,REG
2022,2,2022_02_MIA_BAL,2022-09-18,13:00,BAL,MIA,REG
2022,2,2022_02_MIN_PHI,2022-09-19,20:30,PHI,MIN,REG
2022,2,2022_02_NE_PIT,2022-09-18,13:00,PIT,NE,REG
2022,2,2022_02_NYJ_CLE,2022-09-18,13:00,CLE,NYJ,REG
2022,2,2022_02_SEA_SF,2022-09-18,16:05,SF,SEA,REG
2022,2,2022_02_TB_NO,2022-09-18,13:00,NO,TB,REG
2022,2,2022_02_TEN_BUF,2022-09-19,19:15,BUF,TEN,REG
2022,2,2022_02_WAS_DET,2022-09-18,13:00,DET,WAS,REG
2022,3,2022_03_ATL_SEA,2022-09-25,16:25,SEA,ATL,REG
2022,3,2022_03_BAL_NE,2022-09-25,13:00,NE,BAL,REG
2022,3,2022_03_BUF_MIA,2022-09-25,13:00,MIA,BUF,REG
2022,3,2022_03_CIN_NYJ,2022-09-25,13:00,NYJ,CIN,REG
2022,3,2022_03_DAL_NYG,2022-09-26,20:15,NYG,DAL,REG
2022,3,2022_03_DET_MIN,2022-09-25,13:00,MIN,DET,REG
2022,3,2022_03_GB_TB,2022-09-25,16:25,TB,GB,REG
2022,3,2022_03_HOU_CHI,2022-09-25,13:00,CHI,HOU,REG
2022,3,2022_03_JAX_LAC,2022-09-25,16:05,LAC,JAX,REG
2022,3,2022_03_KC_IND,2022-09-25,13:00,IND,KC,REG
2022,3,2022_03_LA_ARI,2022-09-25,16:25,ARI,LA,REG
2022,3,2022_03_LV_TEN,2022-09-25,13:00,TEN,LV,REG
2022,3,2022_03_NO_CAR,2022-09-25,13:00,CAR,NO,REG
2022,3,2022_03_PHI_WAS,2022-09-25,13:00,WAS,PHI,REG
2022,3,2022_03_PIT_CLE,2022-09-22,20:15,CLE,PIT,REG
2022,3,2022_03_SF_DEN,2022-09-25,20:20,DEN,SF,REG
2022,4,2022_04_ARI_CAR,2022-10-02,16:05,CAR,ARI,REG
2022,4,2022_04_BUF_BAL,2022-10-02,13:00,BAL,BUF,REG
2022,4,2022_04_CHI_NYG,2022-10-02,13:00,NYG,CHI,REG
2022,4,2022_04_CLE_ATL,2022-10-02,13:00,ATL,CLE,REG
2022,4,2022_04_DEN_LV,2022-10-02,16:25,LV,DEN,REG
2022,4,2022_04_JAX_PHI,2022-10-02,13:00,PHI,JAX,REG
2022,4,2022_04_KC_TB,2022-10-02,20:20,TB,KC,REG
2022,4,2022_04_LAC_HOU,2022-10-02,13:00,HOU,LAC,REG
2022,4,2022_04_LA_SF,2022-10-03,20:15,SF,LA,REG
2022,4,2022_04_MIA_CIN,2022-09-29,20:15,CIN,MIA,REG
2022,4,2022_04_MIN_NO,2022-10-02,09:30,NO,MIN,REG
2022,4,2022_04_NE_GB,2022-10-02,16:25,GB,NE,REG
2022,4,2022_04_NYJ_PIT,2022-10-02,13:00,PIT,NYJ,REG
2022,4,2022_04_SEA_DET,2022-10-02,13:00,DET,SEA,REG
2022,4,2022_04_TEN_IND,2022-10-02,13:00,IND,TEN,REG
2022,4,2022_04_WAS_DAL,2022-10-02,13:00,DAL,WAS,REG
2022,5,2022_05_ATL_TB,2022-10-09,13:00,TB,ATL,REG
2022,5,2022_05_CHI_MIN,2022-10-09,13:00,MIN,CHI,REG
2022,5,2022_05_CIN_BAL,2022-10-09,20:20,BAL,CIN,REG
2022,5,2022_05_DAL_LA,2022-10-09,16:25,LA,DAL,REG
2022,5,2022_05_DET_NE,2022-10-09,13:00,NE,DET,REG
2022,5,2022_05_HOU_JAX,2022-10-09,13:00,JAX,HOU,REG
2022,5,2022_05_IND_DEN,2022-10-06,20:15,DEN,IND,REG
2022,5,2022_05_LAC_CLE,2022-10-09,13:00,CLE,LAC,REG
2022,5,2022_05_LV_KC,2022-10-10,20:15,KC,LV,REG
2022,5,2022_05_MIA_NYJ,2022-10-09,13:00,NYJ,MIA,REG
2022,5,2022_05_NYG_GB,2022-10-09,09:30,GB,NYG,REG
2022,5,2022_05_PHI_ARI,2022-10-09,16:25,ARI,PHI,REG
2022,5,2022_05_PIT_BUF,2022-10-09,13:00,BUF,PIT,REG
2022,5,2022_05_SEA_NO,2022-10-09,13:00,NO,SEA,REG
2022,5,2022_05_SF_CAR,2022-10-09,16:05,CAR,SF,REG
2022,5,2022_05_TEN_WAS,2022-10-09,13:00,WAS,TEN,REG
2022,6,2022_06_ARI_SEA,2022-10-16,16:05,SEA,ARI,REG
2022,6,2022_06_BAL_NYG,2022-10-16,13:00,NYG,BAL,REG
2022,6,2022_06_BUF_KC,2022-10-16,16:25,KC,BUF,REG
2022,6,2022_06_CAR_LA,2022-10-16,16:05,LA,CAR,REG
2022,6,2022_06_CIN_NO,2022-10-16,13:00,NO,CIN,REG
2022,6,2022_06_DAL_PHI,2022-10-16,20:20,PHI,DAL,REG
2022,6,2022_06_DEN_LAC,2022-10-17,20:15,LAC,DEN,REG
2022,6,2022_06_JAX_IND,2022-10-16,13:00,IND,JAX,REG
2022,6,2022_06_MIN_MIA,2022-10-16,13:00,MIA,MIN,REG
2022,6,2022_06_NE_CLE,2022-10-16,13:00,CLE,NE,REG
2022,6,2022_06_NYJ_GB,2022-10-16,13:00,GB,NYJ,REG
2022,6,2022_06_SF_ATL,2022-10-16,13:00,ATL,SF,REG
2022,6,2022_06_TB_PIT,2022-10-16,13:00,PIT,TB,REG
2022,6,2022_06_WAS_CHI,2022-10-13,20:15,CHI,WAS,REG
2022,7,2022_07_ATL_CIN,2022-10-23,13:00,CIN,ATL,REG
2022,7,2022_07_CHI_NE,2022-10-24,20:15,NE,CHI,REG
2022,7,2022_07_CLE_BAL,2022-10-23,13:00,BAL,CLE,REG
2022,7,2022_07_DET_DAL,2022-10-23,13:00,DAL,DET,REG
2022,7,2022_07_GB_WAS,2022-10-23,13:00,WAS,GB,REG
2022,7,2022_07_HOU_LV,2022-10-23,16:05,LV,HOU,REG
2022,7,2022_07_IND_TEN,2022-10-23,13:00,TEN,IND,REG
2022,7,2022_07_KC_SF,2022-10-23,16:25,SF,KC,REG
2022,7,2022_07_NO_ARI,2022-10-20,20:15,ARI,NO,REG
2022,7,2022_07_NYG_JAX,2022-10-23,13:00,JAX,NYG,REG
2022,7,2022_07_NYJ_DEN,2022-10-23,16:05,DEN,NYJ,REG
2022,7,2022_07_PIT_MIA,2022-10-23,20:20,MIA,PIT,REG
2022,7,2022_07_SEA_LAC,2022-10-23,16:25,LAC,SEA,REG
2022,7,2022_07_TB_CAR,2022-10-23,13:00,CAR,TB,REG
2022,8,2022_08_ARI_MIN,2022-10-30,13:00,MIN,ARI,REG
2022,8,2022_08_BAL_TB,2022-10-27,20:15,TB,BAL,REG
2022,8,2022_08_CAR_ATL,2022-10-30,13:00,ATL,CAR,REG
2022,8,2022_08_CHI_DAL,2022-10-30,13:00,DAL,CHI,REG
2022,8,2022_08_CIN_CLE,2022-10-31,20:15,CLE,CIN,REG
2022,8,2022_08_DEN_JAX,2022-10-30,09:30,JAX,DEN,REG
2022,8,2022_08_GB_BUF,2022-10-30,20:20,BUF,GB,REG
2022,8,2022_08_LV_NO,2022-10-30,13:00,NO,LV,REG
2022,8,2022_08_MIA_DET,2022-10-30,13:00,DET,MIA,REG
2022,8,2022_08_NE_NYJ,2022-10-30,13:00,NYJ,NE,REG
2022,8,2022_08_NYG_SEA,2022-10-30,16:25,SEA,NYG,REG
2022,8,2022_08_PIT_PHI,2022-10-30,13:00,PHI,PIT,REG
2022,8,2022_08_SF_LA,2022-10-30,16:25,LA,SF,REG
2022,8,2022_08_TEN_HOU,2022-10-30,16:05,HOU,TEN,REG
2022,8,2022_08_WAS_IND,2022-10-30,16:25,IND,WAS,REG
2022,9,2022_09_BAL_NO,2022-11-07,20:15,NO,BAL,REG
2022,9,2022_09_BUF_NYJ,2022-11-06,13:00,NYJ,BUF,REG
2022,9,2022_09_CAR_CIN,2022-11-06,13:00,CIN,CAR,REG
2022,9,2022_09_GB_DET,2022-11-06,13:00,DET,GB,REG
2022,9,2022_09_IND_NE,2022-11-06,13:00,NE,IND,REG
2022,9,2022_09_LAC_ATL,2022-11-06,13:00,ATL,LAC,REG
2022,9,2022_09_LA_TB,2022-11-06,16:25,TB,LA,REG
2022,9,2022_09_LV_JAX,2022-11-06,13:00,JAX,LV,REG
2022,9,2022_09_MIA_CHI,2022-11-06,13:00,CHI,MIA,REG
2022,9,2022_09_MIN_WAS,2022-11-06,13:00,WAS,MIN,REG
2022,9,2022_09_PHI_HOU,2022-11-03,20:15,HOU,PHI,REG
2022,9,2022_09_SEA_ARI,2022-11-06,16:05,ARI,SEA,REG
2022,9,2022_09_TEN_KC,2022-11-06,20:20,KC,TEN,REG
2022,10,2022_10_ARI_LA,2022-11-13,16:25,LA,ARI,REG
2022,10,2022_10_ATL_CAR,2022-11-10,20:15,CAR,ATL,REG
2022,10,2022_10_CLE_MIA,2022-11-13,13:00,MIA,CLE,REG
2022,10,2022_10_DAL_GB,2022-11-13,16:25,GB,DAL,REG
2022,10,2022_10_DEN_TEN,2022-11-13,13:00,TEN,DEN,REG
2022,10,2022_10_DET_CHI,2022-11-13,13:00,CHI,DET,REG
2022,10,2022_10_HOU_NYG,2022-11-13,13:00,NYG,HOU,REG
2022,10,2022_10_IND_LV,2022-11-13,16:05,LV,IND,REG
2022,10,2022_10_JAX_KC,2022-11-13,13:00,KC,JAX,REG
2022,10,2022_10_LAC_SF,2022-11-13,20:20,SF,LAC,REG
2022,10,2022_10_MIN_BUF,2022-11-13,13:00,BUF,MIN,REG
2022,10,2022_10_NO_PIT,2022-11-13,13:00,PIT,NO,REG
2022,10,2022_10_SEA_TB,2022-11-13,09:30,TB,SEA,REG
2022,10,2022_10_WAS_PHI,2022-11-14,20:15,PHI,WAS,REG
2022,11,2022_11_CAR_BAL,2022-11-20,13:00,BAL,CAR,REG
2022,11,2022_11_CHI_ATL,2022-11-20,13:00,ATL,CHI,REG
2022,11,2022_11_CIN_PIT,2022-11-20,16:25,PIT,CIN,REG
2022,11,2022_11_CLE_BUF,2022-11-20,13:00,BUF,CLE,REG
2022,11,2022_11_DAL_MIN,2022-11-20,16:25,MIN,DAL,REG
2022,11,2022_11_DET_NYG,2022-11-20,13:00,NYG,DET,REG
2022,11,2022_11_KC_LAC,2022-11-20,20:20,LAC,KC,REG
2022,11,2022_11_LA_NO,2022-11-20,13:00,NO,LA,REG
2022,11,2022_11_LV_DEN,2022-11-20,16:05,DEN,LV,REG
2022,11,2022_11_NYJ_NE,2022-11-20,13:00,NE,NYJ,REG
2022,11,2022_11_PHI_IND,2022-11-20,13:00,IND,PHI,REG
2022,11,2022_11_SF_ARI,2022-11-21,20:15,ARI,SF,REG
2022,11,2022_11_TEN_GB,2022-11-17,20:15,GB,TEN,REG
2022,11,2022_11_WAS_HOU,2022-11-20,13:00,HOU,WAS,REG
2022,12,2022_12_ATL_WAS,2022-11-27,13:00,WAS,ATL,REG
2022,12,2022_12_BAL_JAX,2022-11-27,13:00,JAX,BAL,REG
2022,12,2022_12_BUF_DET,2022-11-24,12:30,DET,BUF,REG
2022,12,2022_12_CHI_NYJ,2022-11-27,13:00,NYJ,CHI,REG
2022,12,2022_12_CIN_TEN,2022-11-27,13:00,TEN,CIN,REG
2022,12,2022_12_DEN_CAR,2022-11-27,13:00,CAR,DEN,REG
2022,12,2022_12_GB_PHI,2022-11-27,20:20,PHI,GB,REG
2022,12,2022_12_HOU_MIA,2022-11-27,13:00,MIA,HOU,REG
2022,12,2022_12_LAC_ARI,2022-11-27,16:05,ARI,LAC,REG
2022,12,2022_12_LA_KC,2022-11-27,16:25,KC,LA,REG
2022,12,2022_12_LV_SEA,2022-11-27,16:05,SEA,LV,REG
2022,12,2022_12_NE_MIN,2022-11-24,20:20,MIN,NE,REG
2022,12,2022_12_NO_SF,2022-11-27,16:25,SF,NO,REG
2022,12,2022_12_NYG_DAL,2022-11-24,16:30,DAL,NYG,REG
2022,12,2022_12_PIT_IND,2022-11-28,20:15,IND,PIT,REG
2022,12,2022_12_TB_CLE,2022-11-27,13:00,CLE,TB,REG
2022,13,2022_13_BUF_NE,2022-12-01,20:15,NE,BUF,REG
2022,13,2022_13_CLE_HOU,2022-12-04,13:00,HOU,CLE,REG
2022,13,2022_13_DEN_BAL,2022-12-04,13:00,BAL,DEN,REG
2022,13,2022_13_GB_CHI,2022-12-04,13:00,CHI,GB,REG
2022,13,2022_13_IND_DAL,2022-12-04,20:20,DAL,IND,REG
2022,13,2022_13_JAX_DET,2022-12-04,13:00,DET,JAX,REG
2022,13,2022_13_KC_CIN,2022-12-04,16:25,CIN,KC,REG
2022,13,2022_13_LAC_LV,2022-12-04,16:25,LV,LAC,REG
2022,13,2022_13_MIA_SF,2022-12-04,16:05,SF,MIA,REG
2022,13,2022_13_NO_TB,2022-12-05,20:15,TB,NO,REG
2022,13,2022_13_NYJ_MIN,2022-12-04,13:00,MIN,NYJ,REG
2022,13,2022_13_PIT_ATL,2022-12-04,13:00,ATL,PIT,REG
2022,13,2022_13_SEA_LA,2022-12-04,16:05,LA,SEA,REG
2022,13,2022_13_TEN_PHI,2022-12-04,13:00,PHI,TEN,REG
2022,13,2022_13_WAS_NYG,2022-12-04,13:00,NYG,WAS,REG
2022,14,2022_14_BAL_PIT,2022-12-11,13:00,PIT,BAL,REG
2022,14,2022_14_CAR_SEA,2022-12-11,16:25,SEA,CAR,REG
2022,14,2022_14_CLE_CIN,2022-12-11,13:00,CIN,CLE,REG
2022,14,2022_14_HOU_DAL,2022-12-11,13:00,DAL,HOU,REG
2022,14,2022_14_JAX_TEN,2022-12-11,13:00,TEN,JAX,REG
2022,14,2022_14_KC_DEN,2022-12-11,16:05,DEN,KC,REG
2022,14,2022_14_LV_LA,2022-12-08,20:15,LA,LV,REG
2022,14,2022_14_MIA_LAC,2022-12-11,20:20,LAC,MIA,REG
2022,14,2022_14_MIN_DET,2022-12-11,13:00,DET,MIN,REG
2022,14,2022_14_NE_ARI,2022-12-12,20:15,ARI,NE,REG
2022,14,2022_14_NYJ_BUF,2022-12-11,13:00,BUF,NYJ,REG
2022,14,2022_14_PHI_NYG,2022-12-11,13:00,NYG,PHI,REG
2022,14,2022_14_TB_SF,2022-12-11,16:25,SF,TB,REG
2022,15,2022_15_ARI_DEN,2022-12-18,16:05,DEN,ARI,REG
2022,15,2022_15_ATL_NO,2022-12-18,13:00,NO,ATL,REG
2022,15,2022_15_BAL_CLE,2022-12-17,16:30,CLE,BAL,REG
2022,15,2022_15_CIN_TB,2022-12-18,16:25,TB,CIN,REG
2022,15,2022_15_DAL_JAX,2022-12-18,13:00,JAX,DAL,REG
2022,15,2022_15_DET_NYJ,2022-12-18,13:00,NYJ,DET,REG
2022,15,2022_15_IND_MIN,2022-12-17,13:00,MIN,IND,REG
2022,15,2022_15_KC_HOU,2022-12-18,13:00,HOU,KC,REG
2022,15,2022_15_LA_GB,2022-12-19,20:15,GB,LA,REG
2022,15,2022_15_MIA_BUF,2022-12-17,20:15,BUF,MIA,REG
2022,15,2022_15_NE_LV,2022-12-18,16:05,LV,NE,REG
2022,15,2022_15_NYG_WAS,2022-12-18,20:20,WAS,NYG,REG
2022,15,2022_15_PHI_CHI,2022-12-18,13:00,CHI,PHI,REG
2022,15,2022_15_PIT_CAR,2022-12-18,13:00,CAR,PIT,REG
2022,15,2022_15_SF_SEA,2022-12-15,20:15,SEA,SF,REG
2022,15,2022_15_TEN_LAC,2022-12-18,16:25,LAC,TEN,REG
2022,16,2022_16_ATL_BAL,2022-12-24,13:00,BAL,ATL,REG
2022,16,2022_16_BUF_CHI,2022-12-24,13:00,CHI,BUF,REG
2022,16,2022_16_CIN_NE,2022-12-24,13:00,NE,CIN,REG
2022,16,2022_16_DEN_LA,2022-12-25,16:30,LA,DEN,REG
2022,16,2022_16_DET_CAR,2022-12-24,13:00,CAR,DET,REG
2022,16,2022_16_GB_MIA,2022-12-25,13:00,MIA,GB,REG
2022,16,2022_16_HOU_TEN,2022-12-24,14:00,TEN,HOU,REG
2022,16,2022_16_JAX_NYJ,2022-12-22,20:15,NYJ,JAX,REG
2022,16,2022_16_LAC_IND,2022-12-26,20:15,IND,LAC,REG
2022,16,2022_16_LV_PIT,2022-12-24,20:15,PIT,LV,REG
2022,16,2022_16_NO_CLE,2022-12-24,13:00,CLE,NO,REG
2022,16,2022_16_NYG_MIN,2022-12-24,13:00,MIN,NYG,REG
2022,16,2022_16_PHI_DAL,2022-12-24,16:25,DAL,PHI,REG
2022,16,2022_16_SEA_KC,2022-12-24,13:00,KC,SEA,REG
2022,16,2022_16_TB_ARI,2022-12-25,20:20,ARI,TB,REG
2022,16,2022_16_WAS_SF,2022-12-24,16:05,SF,WAS,REG
2022,17,2022_17_ARI_ATL,2023-01-01,13:00,ATL,ARI,REG
2022,17,2022_17_CAR_TB,2023-01-01,13:00,TB,CAR,REG
2022,17,2022_17_CHI_DET,2023-01-01,13:00,DET,CHI,REG
2022,17,2022_17_CLE_WAS,2023-01-01,13:00,WAS,CLE,REG
2022,17,2022_17_DAL_TEN,2022-12-29,20:15,TEN,DAL,REG
2022,17,2022_17_DEN_KC,2023-01-01,13:00,KC,DEN,REG
2022,17,2022_17_IND_NYG,2023-01-01,13:00,NYG,IND,REG
2022,17,2022_17_JAX_HOU,2023-01-01,13:00,HOU,JAX,REG
2022,17,2022_17_LA_LAC,2023-01-01,16:25,LAC,LA,REG
2022,17,2022_17_MIA_NE,2023-01-01,13:00,NE,MIA,REG
2022,17,2022_17_MIN_GB,2023-01-01,16:25,GB,MIN,REG
2022,17,2022_17_NO_PHI,2023-01-01,13:00,PHI,NO,REG
2022,17,2022_17_NYJ_SEA,2023-01-01,16:05,SEA,NYJ,REG
2022,17,2022_17_PIT_BAL,2023-01-01,20:20,BAL,PIT,REG
2022,17,2022_17_SF_LV,2023-01-01,16:05,LV,SF,REG
2022,18,2022_18_ARI_SF,2023-01-08,16:25,SF,ARI,REG
2022,18,2022_18_BAL_CIN,2023-01-08,13:00,CIN,BAL,REG
2022,18,2022_18_CAR_NO,2023-01-08,13:00,NO,CAR,REG
2022,18,2022_18_CLE_PIT,2023-01-08,13:00,PIT,CLE,REG
2022,18,2022_18_DAL_WAS,2023-01-08,16:25,WAS,DAL,REG
2022,18,2022_18_DET_GB,2023-01-08,20:20,GB,DET,REG
2022,18,2022_18_HOU_IND,2023-01-08,13:00,IND,HOU,REG
2022,18,2022_18_KC_LV,2023-01-07,16:30,LV,KC,REG
2022,18,2022_18_LAC_DEN,2023-01-08,16:25,DEN,LAC,REG
2022,18,2022_18_LA_SEA,2023-01-08,16:25,SEA,LA,REG
2022,18,2022_18_MIN_CHI,2023-01-08,13:00,CHI,MIN,REG
2022,18,2022_18_NE_BUF,2023-01-08,13:00,BUF,NE,REG
2022,18,2022_18_NYG_PHI,2023-01-08,16:25,PHI,NYG,REG
2022,18,2022_18_NYJ_MIA,2023-01-08,13:00,MIA,NYJ,REG
2022,18,2022_18_TB_ATL,2023-01-08,13:00,ATL,TB,REG
2022,18,2022_18_TEN_JAX,2023-01-07,20:15,JAX,TEN,REG
2022,19,2022_19_BAL_CIN,2023-01-15,20:15,CIN,BAL,WC
2022,19,2022_19_DAL_TB,2023-01-16,20:15,TB,DAL,WC
2022,19,2022_19_LAC_JAX,2023-01-14,20:15,JAX,LAC,WC
2022,19,2022_19_MIA_BUF,2023-01-15,13:00,BUF,MIA,WC
2022,19,2022_19_NYG_MIN,2023-01-15,16:50,MIN,NYG,WC
2022,19,2022_19_SEA_SF,2023-01-14,16:30,SF,SEA,WC
2022,20,2022_20_CIN_BUF,2023-01-22,15:00,BUF,CIN,DIV
2022,20,2022_20_DAL_SF,2023-01-22,18:30,SF,DAL,DIV
2022,20,2022_20_JAX_KC,2023-01-21,16:30,KC,JAX,DIV
2022,20,2022_20_NYG_PHI,2023-01-21,20:15,PHI,NYG,DIV
2022,21,2022_21_CIN_KC,2023-01-29,18:30,KC,CIN,CON
2022,21,2022_21_SF_PHI,2023-01-29,15:00,PHI,SF,CON
2022,22,2022_22_KC_PHI,2023-02-12,18:30,PHI,KC,SB
2023,1,2023_01_ARI_WAS,2023-09-10,13:00,WAS,ARI,REG
2023,1,2023_01_BUF_NYJ,2023-09-11,20:15,NYJ,BUF,REG
2023,1,2023_01_CAR_ATL,2023-09-10,13:00,ATL,CAR,REG
2023,1,2023_01_CIN_CLE,2023-09-10,13:00,CLE,CIN,REG
2023,1,2023_01_DAL_NYG,2023-09-10,20:20,NYG,DAL,REG
2023,1,2023_01_DET_KC,2023-09-07,20:20,KC,DET,REG
2023,1,2023_01_GB_CHI,2023-09-10,16:25,CHI,GB,REG
2023,1,2023_01_HOU_BAL,2023-09-10,13:00,BAL,HOU,REG
2023,1,2023_01_JAX_IND,2023-09-10,13:00,IND,JAX,REG
2023,1,2023_01_LA_SEA,2023-09-10,16:25,SEA,LA,REG
2023,1,2023_01_LV_DEN,2023-09-10,16:25,DEN,LV,REG
2023,1,2023_01_MIA_LAC,2023-09-10,16:25,LAC,MIA,REG
2023,1,2023_01_PHI_NE,2023-09-10,16:25,NE,PHI,REG
2023,1,2023_01_SF_PIT,2023-09-10,13:00,PIT,SF,REG
2023,1,2023_01_TB_MIN,2023-09-10,13:00,MIN,TB,REG
2023,1,2023_01_TEN_NO,2023-09-10,13:00,NO,TEN,REG
2023,2,2023_02_BAL_CIN,2023-09-17,13:00,CIN,BAL,REG
2023,2,2023_02_CHI_TB,2023-09-17,13:00,TB,CHI,REG
2023,2,2023_02_CLE_PIT,2023-09-18,20:15,PIT,CLE,REG
2023,2,2023_02_GB_ATL,2023-09-17,13:00,ATL,GB,REG
2023,2,2023_02_IND_HOU,2023-09-17,13:00,HOU,IND,REG
2023,2,2023_02_KC_JAX,2023-09-17,13:00,JAX,KC,REG
2023,2,2023_02_LAC_TEN,2023-09-17,13:00,TEN,LAC,REG
2023,2,2023_02_LV_BUF,2023-09-17,13:00,BUF,LV,REG
2023,2,2023_02_MIA_NE,2023-09-17,20:20,NE,MIA,REG
2023,2,2023_02_MIN_PHI,2023-09-14,20:15,PHI,MIN,REG
2023,2,2023_02_NO_CAR,2023-09-18,19:15,CAR,NO,REG
2023,2,2023_02_NYG_ARI,2023-09-17,16:05,ARI,NYG,REG
2023,2,2023_02_NYJ_DAL,2023-09-17,16:25,DAL,NYJ,REG
2023,2,2023_02_SEA_DET,2023-09-17,13:00,DET,SEA,REG
2023,2,2023_02_SF_LA,2023-09-17,16:05,LA,SF,REG
2023,2,2023_02_WAS_DEN,2023-09-17,16:25,DEN,WAS,REG
2023,3,2023_03_ATL_DET,2023-09-24,13:00,DET,ATL,REG
2023,3,2023_03_BUF_WAS,2023-09-24,13:00,WAS,BUF,REG
2023,3,2023_03_CAR_SEA,2023-09-24,16:05,SEA,CAR,REG
2023,3,2023_03_CHI_KC,2023-09-24,16:25,KC,CHI,REG
2023,3,2023_03_DAL_ARI,2023-09-24,16:25,ARI,DAL,REG
2023,3,2023_03_DEN_MIA,2023-09-24,13:00,MIA,DEN,REG
2023,3,2023_03_HOU_JAX,2023-09-24,13:00,JAX,HOU,REG
2023,3,2023_03_IND_BAL,2023-09-24,13:00,BAL,IND,REG
2023,3,2023_03_LAC_MIN,2023-09-24,13:00,MIN,LAC,REG
2023,3,2023_03_LA_CIN,2023-09-25,20:15,CIN,LA,REG
2023,3,2023_03_NE_NYJ,2023-09-24,13:00,NYJ,NE,REG
2023,3,2023_03_NO_GB,2023-09-24,13:00,GB,NO,REG
2023,3,2023_03_NYG_SF,2023-09-21,20:15,SF,NYG,REG
2023,3,2023_03_PHI_TB,2023-09-25,19:15,TB,PHI,REG
2023,3,2023_03_PIT_LV,2023-09-24,20:20,LV,PIT,REG
2023,3,2023_03_TEN_CLE,2023-09-24,13:00,CLE,TEN,REG
2023,4,2023_04_ARI_SF,2023-10-01,16:25,SF,ARI,REG
2023,4,2023_04_ATL_JAX,2023-10-01,09:30,JAX,ATL,REG
2023,4,2023_04_BAL_CLE,2023-10-01,13:00,CLE,BAL,REG
2023,4,2023_04_CIN_TEN,2023-10-01,13:00,TEN,CIN,REG
2023,4,2023_04_DEN_CHI,2023-10-01,13:00,CHI,DEN,REG
2023,4,2023_04_DET_GB,2023-09-28,20:15,GB,DET,REG
2023,4,2023_04_KC_NYJ,2023-10-01,20:20,NYJ,KC,REG
2023,4,2023_04_LA_IND,2023-10-01,13:00,IND,LA,REG
2023,4,2023_04_LV_LAC,2023-10-01,16:05,LAC,LV,REG
2023,4,2023_04_MIA_BUF,2023-10-01,13:00,BUF,MIA,REG
2023,4,2023_04_MIN_CAR,2023-10-01,13:00,CAR,MIN,REG
2023,4,2023_04_NE_DAL,2023-10-01,16:25,DAL,NE,REG
2023,4,2023_04_PIT_HOU,2023-10-01,13:00,HOU,PIT,REG
2023,4,2023_04_SEA_NYG,2023-10-02,20:15,NYG,SEA,REG
2023,4,2023_04_TB_NO,2023-10-01,13:00,NO,TB,REG
2023,4,2023_04_WAS_PHI,2023-10-01,13:00,PHI,WAS,REG
2023,5,2023_05_BAL_PIT,2023-10-08,13:00,PIT,BAL,REG
2023,5,2023_05_CAR_DET,2023-10-08,13:00,DET,CAR,REG
2023,5,2023_05_CHI_WAS,2023-10-05,20:15,WAS,CHI,REG
2023,5,2023_05_CIN_ARI,2023-10-08,16:05,ARI,CIN,REG
2023,5,2023_05_DAL_SF,2023-10-08,20:20,SF,DAL,REG
2023,5,2023_05_GB_LV,2023-10-09,20:15,LV,GB,REG
2023,5,2023_05_HOU_ATL,2023-10-08,13:00,ATL,HOU,REG
2023,5,2023_05_JAX_BUF,2023-10-08,09:30,BUF,JAX,REG
2023,5,2023_05_KC_MIN,2023-10-08,16:25,MIN,KC,REG
2023,5,2023_05_NO_NE,2023-10-08,13:00,NE,NO,REG
2023,5,2023_05_NYG_MIA,2023-10-08,13:00,MIA,NYG,REG
2023,5,2023_05_NYJ_DEN,2023-10-08,16:25,DEN,NYJ,REG
2023,5,2023_05_PHI_LA,2023-10-08,16:05,LA,PHI,REG
2023,5,2023_05_TEN_IND,2023-10-08,13:00,IND,TEN,REG
2023,6,2023_06_ARI_LA,2023-10-15,16:25,LA,ARI,REG
2023,6,2023_06_BAL_TEN,2023-10-15,09:30,TEN,BAL,REG
2023,6,2023_06_CAR_MIA,2023-10-15,13:00,MIA,CAR,REG
2023,6,2023_06_DAL_LAC,2023-10-16,20:15,LAC,DAL,REG
2023,6,2023_06_DEN_KC,2023-10-12,20:15,KC,DEN,REG
2023,6,2023_06_DET_TB,2023-10-15,16:25,TB,DET,REG
2023,6,2023_06_IND_JAX,2023-10-15,13:00,JAX,IND,REG
2023,6,2023_06_MIN_CHI,2023-10-15,13:00,CHI,MIN,REG
2023,6,2023_06_NE_LV,2023-10-15,16:05,LV,NE,REG
2023,6,2023_06_NO_HOU,2023-10-15,13:00,HOU,NO,REG
2023,6,2023_06_NYG_BUF,2023-10-15,20:20,BUF,NYG,REG
2023,6,2023_06_PHI_NYJ,2023-10-15,16:25,NYJ,PHI,REG
2023,6,2023_06_SEA_CIN,2023-10-15,13:00,CIN,SEA,REG
2023,6,2023_06_SF_CLE,2023-10-15,13:00,CLE,SF,REG
2023,6,2023_06_WAS_ATL,2023-10-15,13:00,ATL,WAS,REG
2023,7,2023_07_ARI_SEA,2023-10-22,16:05,SEA,ARI,REG
2023,7,2023_07_ATL_TB,2023-10-22,13:00,TB,ATL,REG
2023,7,2023_07_BUF_NE,2023-10-22,13:00,NE,BUF,REG
2023,7,2023_07_CLE_IND,2023-10-22,13:00,IND,CLE,REG
2023,7,2023_07_DET_BAL,2023-10-22,13:00,BAL,DET,REG
2023,7,2023_07_GB_DEN,2023-10-22,16:25,DEN,GB,REG
2023,7,2023_07_JAX_NO,2023-10-19,20:15,NO,JAX,REG
2023,7,2023_07_LAC_KC,2023-10-22,16:25,KC,LAC,REG
2023,7,2023_07_LV_CHI,2023-10-22,13:00,CHI,LV,REG
2023,7,2023_07_MIA_PHI,2023-10-22,20:20,PHI,MIA,REG
2023,7,2023_07_PIT_LA,2023-10-22,16:05,LA,PIT,REG
2023,7,2023_07_SF_MIN,2023-10-23,20:15,MIN,SF,REG
2023,7,2023_07_WAS_NYG,2023-10-22,13:00,NYG,WAS,REG
2023,8,2023_08_ATL_TEN,2023-10-29,13:00,TEN,ATL,REG
2023,8,2023_08_BAL_ARI,2023-10-29,16:25,ARI,BAL,REG
2023,8,2023_08_CHI_LAC,2023-10-29,20:20,LAC,CHI,REG
2023,8,2023_08_CIN_SF,2023-10-29,16:25,SF,CIN,REG
2023,8,2023_08_CLE_SEA,2023-10-29,16:05,SEA,CLE,REG
2023,8,2023_08_HOU_CAR,2023-10-29,13:00,CAR,HOU,REG
2023,8,2023_08_JAX_PIT,2023-10-29,13:00,PIT,JAX,REG
2023,8,2023_08_KC_DEN,2023-10-29,16:25,DEN,KC,REG
2023,8,2023_08_LA_DAL,2023-10-29,13:00,DAL,LA,REG
2023,8,2023_08_LV_DET,2023-10-30,20:15,DET,LV,REG
2023,8,2023_08_MIN_GB,2023-10-29,13:00,GB,MIN,REG
2023,8,2023_08_NE_MIA,2023-10-29,13:00,MIA,NE,REG
2023,8,2023_08_NO_IND,2023-10-29,13:00,IND,NO,REG
2023,8,2023_08_NYJ_NYG,2023-10-29,13:00,NYG,NYJ,REG
2023,8,2023_08_PHI_WAS,2023-10-29,13:00,WAS,PHI,REG
2023,8,2023_08_TB_BUF,2023-10-26,20:15,BUF,TB,REG
2023,9,2023_09_ARI_CLE,2023-11-05,13:00,CLE,ARI,REG
2023,9,2023_09_BUF_CIN,2023-11-05,20:20,CIN,BUF,REG
2023,9,2023_09_CHI_NO,2023-11-05,13:00,NO,CHI,REG
2023,9,2023_09_DAL_PHI,2023-11-05,16:25,PHI,DAL,REG
2023,9,2023_09_IND_CAR,2023-11-05,16:05,CAR,IND,REG
2023,9,2023_09_LAC_NYJ,2023-11-06,20:15,NYJ,LAC,REG
2023,9,2023_09_LA_GB,2023-11-05,13:00,GB,LA,REG
2023,9,2023_09_MIA_KC,2023-11-05,09:30,KC,MIA,REG
2023,9,2023_09_MIN_ATL,2023-11-05,13:00,ATL,MIN,REG
2023,9,2023_09_NYG_LV,2023-11-05,16:25,LV,NYG,REG
2023,9,2023_09_SEA_BAL,2023-11-05,13:00,BAL,SEA,REG
2023,9,2023_09_TB_HOU,2023-11-05,13:00,HOU,TB,REG
2023,9,2023_09_TEN_PIT,2023-11-02,20:15,PIT,TEN,REG
2023,9,2023_09_WAS_NE,2023-11-05,13:00,NE,WAS,REG
2023,10,2023_10_ATL_ARI,2023-11-12,16:05,ARI,ATL,REG
2023,10,2023_10_CAR_CHI,2023-11-09,20:15,CHI,CAR,REG
2023,10,2023_10_CLE_BAL,2023-11-12,13:00,BAL,CLE,REG
2023,10,2023_10_DEN_BUF,2023-11-13,20:15,BUF,DEN,REG
2023,10,2023_10_DET_LAC,2023-11-12,16:05,LAC,DET,REG
2023,10,2023_10_GB_PIT,2023-11-12,13:00,PIT,GB,REG
2023,10,2023_10_HOU_CIN,2023-11-12,13:00,CIN,HOU,REG
2023,10,2023_10_IND_NE,2023-11-12,09:30,NE,IND,REG
2023,10,2023_10_NO_MIN,2023-11-12,13:00,MIN,NO,REG
2023,10,2023_10_NYG_DAL,2023-11-12,16:25,DAL,NYG,REG
2023,10,2023_10_NYJ_LV,2023-11-12,20:20,LV,NYJ,REG
2023,10,2023_10_SF_JAX,2023-11-12,13:00,JAX,SF,REG
2023,10,2023_10_TEN_TB,2023-11-12,13:00,TB,TEN,REG
2023,10,2023_10_WAS_SEA,2023-11-12,16:25,SEA,WAS,REG
2023,11,2023_11_ARI_HOU,2023-11-19,13:00,HOU,ARI,REG
2023,11,2023_11_CHI_DET,2023-11-19,13:00,DET,CHI,REG
2023,11,2023_11_CIN_BAL,2023-11-16,20:15,BAL,CIN,REG
2023,11,2023_11_DAL_CAR,2023-11-19,13:00,CAR,DAL,REG
2023,11,2023_11_LAC_GB,2023-11-19,13:00,GB,LAC,REG
2023,11,2023_11_LV_MIA,2023-11-19,13:00,MIA,LV,REG
2023,11,2023_11_MIN_DEN,2023-11-19,20:20,DEN,MIN,REG
2023,11,2023_11_NYG_WAS,2023-11-19,13:00,WAS,NYG,REG
2023,11,2023_11_NYJ_BUF,2023-11-19,16:25,BUF,NYJ,REG
2023,11,2023_11_PHI_KC,2023-11-20,20:15,KC,PHI,REG
2023,11,2023_11_PIT_CLE,2023-11-19,13:00,CLE,PIT,REG
2023,11,2023_11_SEA_LA,2023-11-19,16:25,LA,SEA,REG
2023,11,2023_11_TB_SF,2023-11-19,16:05,SF,TB,REG
2023,11,2023_11_TEN_JAX,2023-11-19,13:00,JAX,TEN,REG
2023,12,2023_12_BAL_LAC,2023-11-26,20:20,LAC,BAL,REG
2023,12,2023_12_BUF_PHI,2023-11-26,16:25,PHI,BUF,REG
2023,12,2023_12_CAR_TEN,2023-11-26,13:00,TEN,CAR,REG
2023,12,2023_12_CHI_MIN,2023-11-27,20:15,MIN,CHI,REG
2023,12,2023_12_CLE_DEN,2023-11-26,16:05,DEN,CLE,REG
2023,12,2023_12_GB_DET,2023-11-23,12:30,DET,GB,REG
2023,12,2023_12_JAX_HOU,2023-11-26,13:00,HOU,JAX,REG
2023,12,2023_12_KC_LV,2023-11-26,16:25,LV,KC,REG
2023,12,2023_12_LA_ARI,2023-11-26,16:05,ARI,LA,REG
2023,12,2023_12_MIA_NYJ,2023-11-24,15:00,NYJ,MIA,REG
2023,12,2023_12_NE_NYG,2023-11-26,13:00,NYG,NE,REG
2023,12,2023_12_NO_ATL,2023-11-26,13:00,ATL,NO,REG
2023,12,2023_12_PIT_CIN,2023-11-26,13:00,CIN,PIT,REG
2023,12,2023_12_SF_SEA,2023-11-23,20:20,SEA,SF,REG
2023,12,2023_12_TB_IND,2023-11-26,13:00,IND,TB,REG
2023,12,2023_12_WAS_DAL,2023-11-23,16:30,DAL,WAS,REG
2023,13,2023_13_ARI_PIT,2023-12-03,13:00,PIT,ARI,REG
2023,13,2023_13_ATL_NYJ,2023-12-03,13:00,NYJ,ATL,REG
2023,13,2023_13_CAR_TB,2023-12-03,16:05,TB,CAR,REG
2023,13,2023_13_CIN_JAX,2023-12-04,20:15,JAX,CIN,REG
2023,13,2023_13_CLE_LA,2023-12-03,16:25,LA,CLE,REG
2023,13,2023_13_DEN_HOU,2023-12-03,13:00,HOU,DEN,REG
2023,13,2023_13_DET_NO,2023-12-03,13:00,NO,DET,REG
2023,13,2023_13_IND_TEN,2023-12-03,13:00,TEN,IND,REG
2023,13,2023_13_KC_GB,2023-12-03,20:20,GB,KC,REG
2023,13,2023_13_LAC_NE,2023-12-03,13:00,NE,LAC,REG
2023,13,2023_13_MIA_WAS,2023-12-03,13:00,WAS,MIA,REG
2023,13,2023_13_SEA_DAL,2023-11-30,20:15,DAL,SEA,REG
2023,13,2023_13_SF_PHI,2023-12-03,16:25,PHI,SF,REG
2023,14,2023_14_BUF_KC,2023-12-10,16:25,KC,BUF,REG
2023,14,2023_14_CAR_NO,2023-12-10,13:00,NO,CAR,REG
2023,14,2023_14_DEN_LAC,2023-12-10,16:25,LAC,DEN,REG
2023,14,2023_14_DET_CHI,2023-12-10,13:00,CHI,DET,REG
2023,14,2023_14_GB_NYG,2023-12-11,20:15,NYG,GB,REG
2023,14,2023_14_HOU_NYJ,2023-12-10,13:00,NYJ,HOU,REG
2023,14,2023_14_IND_CIN,2023-12-10,13:00,CIN,IND,REG
2023,14,2023_14_JAX_CLE,2023-12-10,13:00,CLE,JAX,REG
2023,14,2023_14_LA_BAL,2023-12-10,13:00,BAL,LA,REG
2023,14,2023_14_MIN_LV,2023-12-10,16:05,LV,MIN,REG
2023,14,2023_14_NE_PIT,2023-12-07,20:15,PIT,NE,REG
2023,14,2023_14_PHI_DAL,2023-12-10,20:20,DAL,PHI,REG
2023,14,2023_14_SEA_SF,2023-12-10,16:05,SF,SEA,REG
2023,14,2023_14_TB_ATL,2023-12-10,13:00,ATL,TB,REG
2023,14,2023_14_TEN_MIA,2023-12-11,20:15,MIA,TEN,REG
2023,15,2023_15_ATL_CAR,2023-12-17,13:00,CAR,ATL,REG
2023,15,2023_15_BAL_JAX,2023-12-17,20:20,JAX,BAL,REG
2023,15,2023_15_CHI_CLE,2023-12-17,13:00,CLE,CHI,REG
2023,15,2023_15_DAL_BUF,2023-12-17,16:25,BUF,DAL,REG
2023,15,2023_15_DEN_DET,2023-12-16,20:15,DET,DEN,REG
2023,15,2023_15_HOU_TEN,2023-12-17,13:00,TEN,HOU,REG
2023,15,2023_15_KC_NE,2023-12-17,13:00,NE,KC,REG
2023,15,2023_15_LAC_LV,2023-12-14,20:15,LV,LAC,REG
2023,15,2023_15_MIN_CIN,2023-12-16,13:00,CIN,MIN,REG
2023,15,2023_15_NYG_NO,2023-12-17,13:00,NO,NYG,REG
2023,15,2023_15_NYJ_MIA,2023-12-17,13:00,MIA,NYJ,REG
2023,15,2023_15_PHI_SEA,2023-12-18,20:15,SEA,PHI,REG
2023,15,2023_15_PIT_IND,2023-12-16,16:30,IND,PIT,REG
2023,15,2023_15_SF_ARI,2023-12-17,16:05,ARI,SF,REG
2023,15,2023_15_TB_GB,2023-12-17,13:00,GB,TB,REG
2023,15,2023_15_WAS_LA,2023-12-17,16:05,LA,WAS,REG
2023,16,2023_16_ARI_CHI,2023-12-24,16:25,CHI,ARI,REG
2023,16,2023_16_BAL_SF,2023-12-25,20:15,SF,BAL,REG
2023,16,2023_16_BUF_LAC,2023-12-23,20:00,LAC,BUF,REG
2023,16,2023_16_CIN_PIT,2023-12-23,16:30,PIT,CIN,REG
2023,16,2023_16_CLE_HOU,2023-12-24,13:00,HOU,CLE,REG
2023,16,2023_16_DAL_MIA,2023-12-24,16:25,MIA,DAL,REG
2023,16,2023_16_DET_MIN,2023-12-24,13:00,MIN,DET,REG
2023,16,2023_16_GB_CAR,2023-12-24,13:00,CAR,GB,REG
2023,16,2023_16_IND_ATL,2023-12-24,13:00,ATL,IND,REG
2023,16,2023_16_JAX_TB,2023-12-24,16:05,TB,JAX,REG
2023,16,2023_16_LV_KC,2023-12-25,13:00,KC,LV,REG
2023,16,2023_16_NE_DEN,2023-12-24,20:15,DEN,NE,REG
2023,16,2023_16_NO_LA,2023-12-21,20:15,LA,NO,REG
2023,16,2023_16_NYG_PHI,2023-12-25,16:30,PHI,NYG,REG
2023,16,2023_16_SEA_TEN,2023-12-24,13:00,TEN,SEA,REG
2023,16,2023_16_WAS_NYJ,2023-12-24,13:00,NYJ,WAS,REG
2023,17,2023_17_ARI_PHI,2023-12-31,13:00,PHI,ARI,REG
2023,17,2023_17_ATL_CHI,2023-12-31,13:00,CHI,ATL,REG
2023,17,2023_17_CAR_JAX,2023-12-31,13:00,JAX,CAR,REG
2023,17,2023_17_CIN_KC,2023-12-31,16:25,KC,CIN,REG
2023,17,2023_17_DET_DAL,2023-12-30,20:15,DAL,DET,REG
2023,17,2023_17_GB_MIN,2023-12-31,20:20,MIN,GB,REG
2023,17,2023_17_LAC_DEN,2023-12-31,16:25,DEN,LAC,REG
2023,17,2023_17_LA_NYG,2023-12-31,13:00,NYG,LA,REG
2023,17,2023_17_LV_IND,2023-12-31,13:00,IND,LV,REG
2023,17,2023_17_MIA_BAL,2023-12-31,13:00,BAL,MIA,REG
2023,17,2023_17_NE_BUF,2023-12-31,13:00,BUF,NE,REG
2023,17,2023_17_NO_TB,2023-12-31,13:00,TB,NO,REG
2023,17,2023_17_NYJ_CLE,2023-12-28,20:15,CLE,NYJ,REG
2023,17,2023_17_PIT_SEA,2023-12-31,16:05,SEA,PIT,REG
2023,17,2023_17_SF_WAS,2023-12-31,13:00,WAS,SF,REG
2023,17,2023_17_TEN_HOU,2023-12-31,13:00,HOU,TEN,REG
2023,18,2023_18_ATL_NO,2024-01-07,13:00,NO,ATL,REG
2023,18,2023_18_BUF_MIA,2024-01-07,20:20,MIA,BUF,REG
2023,18,2023_18_CHI_GB,2024-01-07,16:25,GB,CHI,REG
2023,18,2023_18_CLE_CIN,2024-01-07,13:00,CIN,CLE,REG
2023,18,2023_18_DAL_WAS,2024-01-07,16:25,WAS,DAL,REG
2023,18,2023_18_DEN_LV,2024-01-07,16:25,LV,DEN,REG
2023,18,2023_18_HOU_IND,2024-01-06,20:15,IND,HOU,REG
2023,18,2023_18_JAX_TEN,2024-01-07,13:00,TEN,JAX,REG
2023,18,2023_18_KC_LAC,2024-01-07,16:25,LAC,KC,REG
2023,18,2023_18_LA_SF,2024-01-07,16:25,SF,LA,REG
2023,18,2023_18_MIN_DET,2024-01-07,13:00,DET,MIN,REG
2023,18,2023_18_NYJ_NE,2024-01-07,13:00,NE,NYJ,REG
2023,18,2023_18_PHI_NYG,2024-01-07,16:25,NYG,PHI,REG
2023,18,2023_18_PIT_BAL,2024-01-06,16:30,BAL,PIT,REG
2023,18,2023_18_SEA_ARI,2024-01-07,16:25,ARI,SEA,REG
2023,18,2023_18_TB_CAR,2024-01-07,13:00,CAR,TB,REG
2023,19,2023_19_CLE_HOU,2024-01-13,16:30,HOU,CLE,WC
2023,19,2023_19_GB_DAL,2024-01-14,16:30,DAL,GB,WC
2023,19,2023_19_LA_DET,2024-01-14,20:00,DET,LA,WC
2023,19,2023_19_MIA_KC,2024-01-13,20:00,KC,MIA,WC
2023,19,2023_19_PHI_TB,2024-01-15,20:00,TB,PHI,WC
2023,19,2023_19_PIT_BUF,2024-01-15,16:30,BUF,PIT,WC
2023,20,2023_20_GB_SF,2024-01-20,20:15,SF,GB,DIV
2023,20,2023_20_HOU_BAL,2024-01-20,16:30,BAL,HOU,DIV
2023,20,2023_20_KC_BUF,2024-01-21,18:30,BUF,KC,DIV
2023,20,2023_20_TB_DET,2024-01-21,15:00,DET,TB,DIV
2023,21,2023_21_DET_SF,2024-01-28,18:30,SF,DET,CON
2023,21,2023_21_KC_BAL,2024-01-28,15:00,BAL,KC,CON
2023,22,2023_22_SF_KC,2024-02-11,18:30,KC,SF,SB
2024,1,2024_01_ARI_BUF,2024-09-08,13:00,BUF,ARI,REG
2024,1,2024_01_BAL_KC,2024-09-05,20:20,KC,BAL,REG
2024,1,2024_01_CAR_NO,2024-09-08,13:00,NO,CAR,REG
2024,1,2024_01_DAL_CLE,2024-09-08,16:25,CLE,DAL,REG
2024,1,2024_01_DEN_SEA,2024-09-08,16:05,SEA,DEN,REG
2024,1,2024_01_GB_PHI,2024-09-06,20:15,PHI,GB,REG
2024,1,2024_01_HOU_IND,2024-09-08,13:00,IND,HOU,REG
2024,1,2024_01_JAX_MIA,2024-09-08,13:00,MIA,JAX,REG
2024,1,2024_01_LA_DET,2024-09-08,20:20,DET,LA,REG
2024,1,2024_01_LV_LAC,2024-09-08,16:05,LAC,LV,REG
2024,1,2024_01_MIN_NYG,2024-09-08,13:00,NYG,MIN,REG
2024,1,2024_01_NE_CIN,2024-09-08,13:00,CIN,NE,REG
2024,1,2024_01_NYJ_SF,2024-09-09,20:15,SF,NYJ,REG
2024,1,2024_01_PIT_ATL,2024-09-08,13:00,ATL,PIT,REG
2024,1,2024_01_TEN_CHI,2024-09-08,13:00,CHI,TEN,REG
2024,1,2024_01_WAS_TB,2024-09-08,16:25,TB,WAS,REG
2024,2,2024_02_ATL_PHI,2024-09-16,20:15,PHI,ATL,REG
2024,2,2024_02_BUF_MIA,2024-09-12,20:15,MIA,BUF,REG
2024,2,2024_02_CHI_HOU,2024-09-15,20:20,HOU,CHI,REG
2024,2,2024_02_CIN_KC,2024-09-15,16:25,KC,CIN,REG
2024,2,2024_02_CLE_JAX,2024-09-15,13:00,JAX,CLE,REG
2024,2,2024_02_IND_GB,2024-09-15,13:00,GB,IND,REG
2024,2,2024_02_LAC_CAR,2024-09-15,13:00,CAR,LAC,REG
2024,2,2024_02_LA_ARI,2024-09-15,16:05,ARI,LA,REG
2024,2,2024_02_LV_BAL,2024-09-15,13:00,BAL,LV,REG
2024,2,2024_02_NO_DAL,2024-09-15,13:00,DAL,NO,REG
2024,2,2024_02_NYG_WAS,2024-09-15,13:00,WAS,NYG,REG
2024,2,2024_02_NYJ_TEN,2024-09-15,13:00,TEN,NYJ,REG
2024,2,2024_02_PIT_DEN,2024-09-15,16:25,DEN,PIT,REG
2024,2,2024_02_SEA_NE,2024-09-15,13:00,NE,SEA,REG
2024,2,2024_02_SF_MIN,2024-09-15,13:00,MIN,SF,REG
2024,2,2024_02_TB_DET,2024-09-15,13:00,DET,TB,REG
2024,3,2024_03_BAL_DAL,2024-09-22,16:25,DAL,BAL,REG
2024,3,2024_03_CAR_LV,2024-09-22,16:05,LV,CAR,REG
2024,3,2024_03_CHI_IND,2024-09-22,13:00,IND,CHI,REG
2024,3,2024_03_DEN_TB,2024-09-22,13:00,TB,DEN,REG
2024,3,2024_03_DET_ARI,2024-09-22,16:25,ARI,DET,REG
2024,3,2024_03_GB_TEN,2024-09-22,13:00,TEN,GB,REG
2024,3,2024_03_HOU_MIN,2024-09-22,13:00,MIN,HOU,REG
2024,3,2024_03_JAX_BUF,2024-09-23,19:30,BUF,JAX,REG
2024,3,2024_03_KC_ATL,2024-09-22,20:20,ATL,KC,REG
2024,3,2024_03_LAC_PIT,2024-09-22,13:00,PIT,LAC,REG
2024,3,2024_03_MIA_SEA,2024-09-22,16:05,SEA,MIA,REG
2024,3,2024_03_NE_NYJ,2024-09-19,20:15,NYJ,NE,REG
2024,3,2024_03_NYG_CLE,2024-09-22,13:00,CLE,NYG,REG
2024,3,2024_03_PHI_NO,2024-09-22,13:00,NO,PHI,REG
2024,3,2024_03_SF_LA,2024-09-22,16:25,LA,SF,REG
2024,3,2024_03_WAS_CIN,2024-09-23,20:15,CIN,WAS,REG
2024,4,2024_04_BUF_BAL,2024-09-29,20:20,BAL,BUF,REG
2024,4,2024_04_CIN_CAR,2024-09-29,13:00,CAR,CIN,REG
2024,4,2024_04_CLE_LV,2024-09-29,16:25,LV,CLE,REG
2024,4,2024_04_DAL_NYG,2024-09-26,20:15,NYG,DAL,REG
2024,4,2024_04_DEN_NYJ,2024-09-29,13:00,NYJ,DEN,REG
2024,4,2024_04_JAX_HOU,2024-09-29,13:00,HOU,JAX,REG
2024,4,2024_04_KC_LAC,2024-09-29,16:25,LAC,KC,REG
2024,4,2024_04_LA_CHI,2024-09-29,13:00,CHI,LA,REG
2024,4,2024_04_MIN_GB,2024-09-29,13:00,GB,MIN,REG
2024,4,2024_04_NE_SF,2024-09-29,16:05,SF,NE,REG
2024,4,2024_04_NO_ATL,2024-09-29,13:00,ATL,NO,REG
2024,4,2024_04_PHI_TB,2024-09-29,13:00,TB,PHI,REG
2024,4,2024_04_PIT_IND,2024-09-29,13:00,IND,PIT,REG
2024,4,2024_04_SEA_DET,2024-09-30,20:15,DET,SEA,REG
2024,4,2024_04_TEN_MIA,2024-09-30,19:30,MIA,TEN,REG
2024,4,2024_04_WAS_ARI,2024-09-29,16:05,ARI,WAS,REG
2024,5,2024_05_ARI_SF,2024-10-06,16:05,SF,ARI,REG
2024,5,2024_05_BAL_CIN,2024-10-06,13:00,CIN,BAL,REG
2024,5,2024_05_BUF_HOU,2024-10-06,13:00,HOU,BUF,REG
2024,5,2024_05_CAR_CHI,2024-10-06,13:00,CHI,CAR,REG
2024,5,2024_05_CLE_WAS,2024-10-06,13:00,WAS,CLE,REG
2024,5,2024_05_DAL_PIT,2024-10-06,20:20,PIT,DAL,REG
2024,5,2024_05_GB_LA,2024-10-06,16:25,LA,GB,REG
2024,5,2024_05_IND_JAX,2024-10-06,13:00,JAX,IND,REG
2024,5,2024_05_LV_DEN,2024-10-06,16:05,DEN,LV,REG
2024,5,2024_05_MIA_NE,2024-10-06,13:00,NE,MIA,REG
2024,5,2024_05_NO_KC,2024-10-07,20:15,KC,NO,REG
2024,5,2024_05_NYG_SEA,2024-10-06,16:25,SEA,NYG,REG
2024,5,2024_05_NYJ_MIN,2024-10-06,09:30,MIN,NYJ,REG
2024,5,2024_05_TB_ATL,2024-10-03,20:15,ATL,TB,REG
2024,6,2024_06_ARI_GB,2024-10-13,13:00,GB,ARI,REG
2024,6,2024_06_ATL_CAR,2024-10-13,16:25,CAR,ATL,REG
2024,6,2024_06_BUF_NYJ,2024-10-14,20:15,NYJ,BUF,REG
2024,6,2024_06_CIN_NYG,2024-10-13,20:20,NYG,CIN,REG
2024,6,2024_06_CLE_PHI,2024-10-13,13:00,PHI,CLE,REG
2024,6,2024_06_DET_DAL,2024-10-13,16:25,DAL,DET,REG
2024,6,2024_06_HOU_NE,2024-10-13,13:00,NE,HOU,REG
2024,6,2024_06_IND_TEN,2024-10-13,13:00,TEN,IND,REG
2024,6,2024_06_JAX_CHI,2024-10-13,09:30,CHI,JAX,REG
2024,6,2024_06_LAC_DEN,2024-10-13,16:05,DEN,LAC,REG
2024,6,2024_06_PIT_LV,2024-10-13,16:05,LV,PIT,REG
2024,6,2024_06_SF_SEA,2024-10-10,20:15,SEA,SF,REG
2024,6,2024_06_TB_NO,2024-10-13,13:00,NO,TB,REG
2024,6,2024_06_WAS_BAL,2024-10-13,13:00,BAL,WAS,REG
2024,7,2024_07_BAL_TB,2024-10-21,20:15,TB,BAL,REG
2024,7,2024_07_CAR_WAS,2024-10-20,16:05,WAS,CAR,REG
2024,7,2024_07_CIN_CLE,2024-10-20,13:00,CLE,CIN,REG
2024,7,2024_07_DEN_NO,2024-10-17,20:15,NO,DEN,REG
2024,7,2024_07_DET_MIN,2024-10-20,13:00,MIN,DET,REG
2024,7,2024_07_HOU_GB,2024-10-20,13:00,GB,HOU,REG
2024,7,2024_07_KC_SF,2024-10-20,16:25,SF,KC,REG
2024,7,2024_07_LAC_ARI,2024-10-21,21:00,ARI,LAC,REG
2024,7,2024_07_LV_LA,2024-10-20,16:05,LA,LV,REG
2024,7,2024_07_MIA_IND,2024-10-20,13:00,IND,MIA,REG
2024,7,2024_07_NE_JAX,2024-10-20,09:30,JAX,NE,REG
2024,7,2024_07_NYJ_PIT,2024-10-20,20:20,PIT,NYJ,REG
2024,7,2024_07_PHI_NYG,2024-10-20,13:00,NYG,PHI,REG
2024,7,2024_07_SEA_ATL,2024-10-20,13:00,ATL,SEA,REG
2024,7,2024_07_TEN_BUF,2024-10-20,13:00,BUF,TEN,REG
2024,8,2024_08_ARI_MIA,2024-10-27,13:00,MIA,ARI,REG
2024,8,2024_08_ATL_TB,2024-10-27,13:00,TB,ATL,REG
2024,8,2024_08_BAL_CLE,2024-10-27,13:00,CLE,BAL,REG
2024,8,2024_08_BUF_SEA,2024-10-27,16:05,SEA,BUF,REG
2024,8,2024_08_CAR_DEN,2024-10-27,16:25,DEN,CAR,REG
2024,8,2024_08_CHI_WAS,2024-10-27,16:25,WAS,CHI,REG
2024,8,2024_08_DAL_SF,2024-10-27,20:20,SF,DAL,REG
2024,8,2024_08_GB_JAX,2024-10-27,13:00,JAX,GB,REG
2024,8,2024_08_IND_HOU,2024-10-27,13:00,HOU,IND,REG
2024,8,2024_08_KC_LV,2024-10-27,16:25,LV,KC,REG
2024,8,2024_08_MIN_LA,2024-10-24,20:15,LA,MIN,REG
2024,8,2024_08_NO_LAC,2024-10-27,16:05,LAC,NO,REG
2024,8,2024_08_NYG_PIT,2024-10-28,20:15,PIT,NYG,REG
2024,8,2024_08_NYJ_NE,2024-10-27,13:00,NE,NYJ,REG
2024,8,2024_08_PHI_CIN,2024-10-27,13:00,CIN,PHI,REG
2024,8,2024_08_TEN_DET,2024-10-27,13:00,DET,TEN,REG
2024,9,2024_09_CHI_ARI,2024-11-03,16:05,ARI,CHI,REG
2024,9,2024_09_DAL_ATL,2024-11-03,13:00,ATL,DAL,REG
2024,9,2024_09_DEN_BAL,2024-11-03,13:00,BAL,DEN,REG
2024,9,2024_09_DET_GB,2024-11-03,16:25,GB,DET,REG
2024,9,2024_09_HOU_NYJ,2024-10-31,20:15,NYJ,HOU,REG
2024,9,2024_09_IND_MIN,2024-11-03,20:20,MIN,IND,REG
2024,9,2024_09_JAX_PHI,2024-11-03,16:05,PHI,JAX,REG
2024,9,2024_09_LAC_CLE,2024-11-03,13:00,CLE,LAC,REG
2024,9,2024_09_LA_SEA,2024-11-03,16:25,SEA,LA,REG
2024,9,2024_09_LV_CIN,2024-11-03,13:00,CIN,LV,REG
2024,9,2024_09_MIA_BUF,2024-11-03,13:00,BUF,MIA,REG
2024,9,2024_09_NE_TEN,2024-11-03,13:00,TEN,NE,REG
2024,9,2024_09_NO_CAR,2024-11-03,13:00,CAR,NO,REG
2024,9,2024_09_TB_KC,2024-11-04,20:15,KC,TB,REG
2024,9,2024_09_WAS_NYG,2024-11-03,13:00,NYG,WAS,REG
2024,10,2024_10_ATL_NO,2024-11-10,13:00,NO,ATL,REG
2024,10,2024_10_BUF_IND,2024-11-10,13:00,IND,BUF,REG
2024,10,2024_10_CIN_BAL,2024-11-07,20:15,BAL,CIN,REG
2024,10,2024_10_DEN_KC,2024-11-10,13:00,KC,DEN,REG
2024,10,2024_10_DET_HOU,2024-11-10,20:20,HOU,DET,REG
2024,10,2024_10_MIA_LA,2024-11-11,20:15,LA,MIA,REG
2024,10,2024_10_MIN_JAX,2024-11-10,13:00,JAX,MIN,REG
2024,10,2024_10_NE_CHI,2024-11-10,13:00,CHI,NE,REG
2024,10,2024_10_NYG_CAR,2024-11-10,09:30,CAR,NYG,REG
2024,10,2024_10_NYJ_ARI,2024-11-10,16:25,ARI,NYJ,REG
2024,10,2024_10_PHI_DAL,2024-11-10,16:25,DAL,PHI,REG
2024,10,2024_10_PIT_WAS,2024-11-10,13:00,WAS,PIT,REG
2024,10,2024_10_SF_TB,2024-11-10,13:00,TB,SF,REG
2024,10,2024_10_TEN_LAC,2024-11-10,16:05,LAC,TEN,REG
2024,11,2024_11_ATL_DEN,2024-11-17,16:05,DEN,ATL,REG
2024,11,2024_11_BAL_PIT,2024-11-17,13:00,PIT,BAL,REG
2024,11,2024_11_CIN_LAC,2024-11-17,20:20,LAC,CIN,REG
2024,11,2024_11_CLE_NO,2024-11-17,13:00,NO,CLE,REG
2024,11,2024_11_GB_CHI,2024-11-17,13:00,CHI,GB,REG
2024,11,2024_11_HOU_DAL,2024-11-18,20:15,DAL,HOU,REG
2024,11,2024_11_IND_NYJ,2024-11-17,13:00,NYJ,IND,REG
2024,11,2024_11_JAX_DET,2024-11-17,13:00,DET,JAX,REG
2024,11,2024_11_KC_BUF,2024-11-17,16:25,BUF,KC,REG
2024,11,2024_11_LA_NE,2024-11-17,13:00,NE,LA,REG
2024,11,2024_11_LV_MIA,2024-11-17,13:00,MIA,LV,REG
2024,11,2024_11_MIN_TEN,2024-11-17,13:00,TEN,MIN,REG
2024,11,2024_11_SEA_SF,2024-11-17,16:05,SF,SEA,REG
2024,11,2024_11_WAS_PHI,2024-11-14,20:15,PHI,WAS,REG
2024,12,2024_12_ARI_SEA,2024-11-24,16:25,SEA,ARI,REG
2024,12,2024_12_BAL_LAC,2024-11-25,20:15,LAC,BAL,REG
2024,12,2024_12_DAL_WAS,2024-11-24,13:00,WAS,DAL,REG
2024,12,2024_12_DEN_LV,2024-11-24,16:05,LV,DEN,REG
2024,12,2024_12_DET_IND,2024-11-24,13:00,IND,DET,REG
2024,12,2024_12_KC_CAR,2024-11-24,13:00,CAR,KC,REG
2024,12,2024_12_MIN_CHI,2024-11-24,13:00,CHI,MIN,REG
2024,12,2024_12_NE_MIA,2024-11-24,13:00,MIA,NE,REG
2024,12,2024_12_PHI_LA,2024-11-24,20:20,LA,PHI,REG
2024,12,2024_12_PIT_CLE,2024-11-21,20:15,CLE,PIT,REG
2024,12,2024_12_SF_GB,2024-11-24,16:25,GB,SF,REG
2024,12,2024_12_TB_NYG,2024-11-24,13:00,NYG,TB,REG
2024,12,2024_12_TEN_HOU,2024-11-24,13:00,HOU,TEN,REG
2024,13,2024_13_ARI_MIN,2024-12-01,13:00,MIN,ARI,REG
2024,13,2024_13_CHI_DET,2024-11-28,12:30,DET,CHI,REG
2024,13,2024_13_CLE_DEN,2024-12-02,20:15,DEN,CLE,REG
2024,13,2024_13_HOU_JAX,2024-12-01,13:00,JAX,HOU,REG
2024,13,2024_13_IND_NE,2024-12-01,13:00,NE,IND,REG
2024,13,2024_13_LAC_ATL,2024-12-01,13:00,ATL,LAC,REG
2024,13,2024_13_LA_NO,2024-12-01,16:05,NO,LA,REG
2024,13,2024_13_LV_KC,2024-11-29,15:00,KC,LV,REG
2024,13,2024_13_MIA_GB,2024-11-28,20:20,GB,MIA,REG
2024,13,2024_13_NYG_DAL,2024-11-28,16:30,DAL,NYG,REG
2024,13,2024_13_PHI_BAL,2024-12-01,16:25,BAL,PHI,REG
2024,13,2024_13_PIT_CIN,2024-12-01,13:00,CIN,PIT,REG
2024,13,2024_13_SEA_NYJ,2024-12-01,13:00,NYJ,SEA,REG
2024,13,2024_13_SF_BUF,2024-12-01,20:20,BUF,SF,REG
2024,13,2024_13_TB_CAR,2024-12-01,16:05,CAR,TB,REG
2024,13,2024_13_TEN_WAS,2024-12-01,13:00,WAS,TEN,REG
2024,14,2024_14_ATL_MIN,2024-12-08,13:00,MIN,ATL,REG
2024,14,2024_14_BUF_LA,2024-12-08,16:25,LA,BUF,REG
2024,14,2024_14_CAR_PHI,2024-12-08,13:00,PHI,CAR,REG
2024,14,2024_14_CHI_SF,2024-12-08,16:25,SF,CHI,REG
2024,14,2024_14_CIN_DAL,2024-12-09,20:15,DAL,CIN,REG
2024,14,2024_14_CLE_PIT,2024-12-08,13:00,PIT,CLE,REG
2024,14,2024_14_GB_DET,2024-12-05,20:15,DET,GB,REG
2024,14,2024_14_JAX_TEN,2024-12-08,13:00,TEN,JAX,REG
2024,14,2024_14_LAC_KC,2024-12-08,20:20,KC,LAC,REG
2024,14,2024_14_LV_TB,2024-12-08,13:00,TB,LV,REG
2024,14,2024_14_NO_NYG,2024-12-08,13:00,NYG,NO,REG
2024,14,2024_14_NYJ_MIA,2024-12-08,13:00,MIA,NYJ,REG
2024,14,2024_14_SEA_ARI,2024-12-08,16:05,ARI,SEA,REG
2024,15,2024_15_ATL_LV,2024-12-16,20:30,LV,ATL,REG
2024,15,2024_15_BAL_NYG,2024-12-15,13:00,NYG,BAL,REG
2024,15,2024_15_BUF_DET,2024-12-15,16:25,DET,BUF,REG
2024,15,2024_15_CHI_MIN,2024-12-16,20:00,MIN,CHI,REG
2024,15,2024_15_CIN_TEN,2024-12-15,13:00,TEN,CIN,REG
2024,15,2024_15_DAL_CAR,2024-12-15,13:00,CAR,DAL,REG
2024,15,2024_15_GB_SEA,2024-12-15,20:20,SEA,GB,REG
2024,15,2024_15_IND_DEN,2024-12-15,16:25,DEN,IND,REG
2024,15,2024_15_KC_CLE,2024-12-15,13:00,CLE,KC,REG
2024,15,2024_15_LA_SF,2024-12-12,20:15,SF,LA,REG
2024,15,2024_15_MIA_HOU,2024-12-15,13:00,HOU,MIA,REG
2024,15,2024_15_NE_ARI,2024-12-15,16:25,ARI,NE,REG
2024,15,2024_15_NYJ_JAX,2024-12-15,13:00,JAX,NYJ,REG
2024,15,2024_15_PIT_PHI,2024-12-15,16:25,PHI,PIT,REG
2024,15,2024_15_TB_LAC,2024-12-15,16:25,LAC,TB,REG
2024,15,2024_15_WAS_NO,2024-12-15,13:00,NO,WAS,REG
2024,16,2024_16_ARI_CAR,2024-12-22,13:00,CAR,ARI,REG
2024,16,2024_16_CLE_CIN,2024-12-22,13:00,CIN,CLE,REG
2024,16,2024_16_DEN_LAC,2024-12-19,20:15,LAC,DEN,REG
2024,16,2024_16_DET_CHI,2024-12-22,13:00,CHI,DET,REG
2024,16,2024_16_HOU_KC,2024-12-21,13:00,KC,HOU,REG
2024,16,2024_16_JAX_LV,2024-12-22,16:25,LV,JAX,REG
2024,16,2024_16_LA_NYJ,2024-12-22,13:00,NYJ,LA,REG
2024,16,2024_16_MIN_SEA,2024-12-22,16:05,SEA,MIN,REG
2024,16,2024_16_NE_BUF,2024-12-22,16:25,BUF,NE,REG
2024,16,2024_16_NO_GB,2024-12-23,20:15,GB,NO,REG
2024,16,2024_16_NYG_ATL,2024-12-22,13:00,ATL,NYG,REG
2024,16,2024_16_PHI_WAS,2024-12-22,13:00,WAS,PHI,REG
2024,16,2024_16_PIT_BAL,2024-12-21,16:30,BAL,PIT,REG
2024,16,2024_16_SF_MIA,2024-12-22,16:25,MIA,SF,REG
2024,16,2024_16_TB_DAL,2024-12-22,20:20,DAL,TB,REG
2024,16,2024_16_TEN_IND,2024-12-22,13:00,IND,TEN,REG
2024,17,2024_17_ARI_LA,2024-12-28,20:15,LA,ARI,REG
2024,17,2024_17_ATL_WAS,2024-12-29,20:20,WAS,ATL,REG
2024,17,2024_17_BAL_HOU,2024-12-25,16:30,HOU,BAL,REG
2024,17,2024_17_CAR_TB,2024-12-29,13:00,TB,CAR,REG
2024,17,2024_17_DAL_PHI,2024-12-29,13:00,PHI,DAL,REG
2024,17,2024_17_DEN_CIN,2024-12-28,16:30,CIN,DEN,REG
2024,17,2024_17_DET_SF,2024-12-30,20:15,SF,DET,REG
2024,17,2024_17_GB_MIN,2024-12-29,16:25,MIN,GB,REG
2024,17,2024_17_IND_NYG,2024-12-29,13:00,NYG,IND,REG
2024,17,2024_17_KC_PIT,2024-12-25,13:00,PIT,KC,REG
2024,17,2024_17_LAC_NE,2024-12-28,13:00,NE,LAC,REG
2024,17,2024_17_LV_NO,2024-12-29,13:00,NO,LV,REG
2024,17,2024_17_MIA_CLE,2024-12-29,16:05,CLE,MIA,REG
2024,17,2024_17_NYJ_BUF,2024-12-29,13:00,BUF,NYJ,REG
2024,17,2024_17_SEA_CHI,2024-12-26,20:15,CHI,SEA,REG
2024,17,2024_17_TEN_JAX,2024-12-29,13:00,JAX,TEN,REG
2024,18,2024_18_BUF_NE,2025-01-05,13:00,NE,BUF,REG
2024,18,2024_18_CAR_ATL,2025-01-05,13:00,ATL,CAR,REG
2024,18,2024_18_CHI_GB,2025-01-05,13:00,GB,CHI,REG
2024,18,2024_18_CIN_PIT,2025-01-04,20:00,PIT,CIN,REG
2024,18,2024_18_CLE_BAL,2025-01-04,16:30,BAL,CLE,REG
2024,18,2024_18_HOU_TEN,2025-01-05,13:00,TEN,HOU,REG
2024,18,2024_18_JAX_IND,2025-01-05,13:00,IND,JAX,REG
2024,18,2024_18_KC_DEN,2025-01-05,16:25,DEN,KC,REG
2024,18,2024_18_LAC_LV,2025-01-05,16:25,LV,LAC,REG
2024,18,2024_18_MIA_NYJ,2025-01-05,16:25,NYJ,MIA,REG
2024,18,2024_18_MIN_DET,2025-01-05,20:20,DET,MIN,REG
2024,18,2024_18_NO_TB,2025-01-05,13:00,TB,NO,REG
2024,18,2024_18_NYG_PHI,2025-01-05,13:00,PHI,NYG,REG
2024,18,2024_18_SEA_LA,2025-01-05,16:25,LA,SEA,REG
2024,18,2024_18_SF_ARI,2025-01-05,16:25,ARI,SF,REG
2024,18,2024_18_WAS_DAL,2025-01-05,13:00,DAL,WAS,REG
2024,19,2024_19_DEN_BUF,2025-01-12,13:00,BUF,DEN,WC
2024,19,2024_19_GB_PHI,2025-01-12,16:30,PHI,GB,WC
2024,19,2024_19_LAC_HOU,2025-01-11,16:30,HOU,LAC,WC
2024,19,2024_19_MIN_LA,2025-01-13,20:00,LA,MIN,WC
2024,19,2024_19_PIT_BAL,2025-01-11,20:00,BAL,PIT,WC
2024,19,2024_19_WAS_TB,2025-01-12,20:00,TB,WAS,WC
2024,20,2024_20_BAL_BUF,2025-01-19,18:30,BUF,BAL,DIV
2024,20,2024_20_HOU_KC,2025-01-18,16:30,KC,HOU,DIV
2024,20,2024_20_LA_PHI,2025-01-19,15:00,PHI,LA,DIV
2024,20,2024_20_WAS_DET,2025-01-18,20:00,DET,WAS,DIV
2024,21,2024_21_BUF_KC,2025-01-26,18:30,KC,BUF,CON
2024,21,2024_21_WAS_PHI,2025-01-26,15:00,PHI,WAS,CON
2024,22,2024_22_KC_PHI,2025-02-09,18:30,PHI,KC,SB
2025,1,2025_01_ARI_NO,2025-09-07,13:00,NO,ARI,REG
2025,1,2025_01_BAL_BUF,2025-09-07,20:20,BUF,BAL,REG
2025,1,2025_01_CAR_JAX,2025-09-07,13:00,JAX,CAR,REG
2025,1,2025_01_CIN_CLE,2025-09-07,13:00,CLE,CIN,REG
2025,1,2025_01_DAL_PHI,2025-09-04,20:20,PHI,DAL,REG
2025,1,2025_01_DET_GB,2025-09-07,16:25,GB,DET,REG
2025,1,2025_01_HOU_LA,2025-09-07,16:25,LA,HOU,REG
2025,1,2025_01_KC_LAC,2025-09-05,20:00,LAC,KC,REG
2025,1,2025_01_LV_NE,2025-09-07,13:00,NE,LV,REG
2025,1,2025_01_MIA_IND,2025-09-07,13:00,IND,MIA,REG
2025,1,2025_01_MIN_CHI,2025-09-08,20:15,CHI,MIN,REG
2025,1,2025_01_NYG_WAS,2025-09-07,13:00,WAS,NYG,REG
2025,1,2025_01_PIT_NYJ,2025-09-07,13:00,NYJ,PIT,REG
2025,1,2025_01_SF_SEA,2025-09-07,16:05,SEA,SF,REG
2025,1,2025_01_TB_ATL,2025-09-07,13:00,ATL,TB,REG
2025,1,2025_01_TEN_DEN,2025-09-07,16:05,DEN,TEN,REG
2025,2,2025_02_ATL_MIN,2025-09-14,20:20,MIN,ATL,REG
2025,2,2025_02_BUF_NYJ,2025-09-14,13:00,NYJ,BUF,REG
2025,2,2025_02_CAR_ARI,2025-09-14,16:05,ARI,CAR,REG
2025,2,2025_02_CHI_DET,2025-09-14,13:00,DET,CHI,REG
2025,2,2025_02_CLE_BAL,2025-09-14,13:00,BAL,CLE,REG
2025,2,2025_02_DEN_IND,2025-09-14,16:05,IND,DEN,REG
2025,2,2025_02_JAX_CIN,2025-09-14,13:00,CIN,JAX,REG
2025,2,2025_02_LAC_LV,2025-09-15,22:00,LV,LAC,REG
2025,2,2025_02_LA_TEN,2025-09-14,13:00,TEN,LA,REG
2025,2,2025_02_NE_MIA,2025-09-14,13:00,MIA,NE,REG
2025,2,2025_02_NYG_DAL,2025-09-14,13:00,DAL,NYG,REG
2025,2,2025_02_PHI_KC,2025-09-14,16:25,KC,PHI,REG
2025,2,2025_02_SEA_PIT,2025-09-14,13:00,PIT,SEA,REG
2025,2,2025_02_SF_NO,2025-09-14,13:00,NO,SF,REG
2025,2,2025_02_TB_HOU,2025-09-15,19:00,HOU,TB,REG
2025,2,2025_02_WAS_GB,2025-09-11,20:15,GB,WAS,REG
2025,3,2025_03_ARI_SF,2025-09-21,16:25,SF,ARI,REG
2025,3,2025_03_ATL_CAR,2025-09-21,13:00,CAR,ATL,REG
2025,3,2025_03_CIN_MIN,2025-09-21,13:00,MIN,CIN,REG
2025,3,2025_03_DAL_CHI,2025-09-21,16:25,CHI,DAL,REG
2025,3,2025_03_DEN_LAC,2025-09-21,16:05,LAC,DEN,REG
2025,3,2025_03_DET_BAL,2025-09-22,20:15,BAL,DET,REG
2025,3,2025_03_GB_CLE,2025-09-21,13:00,CLE,GB,REG
2025,3,2025_03_HOU_JAX,2025-09-21,13:00,JAX,HOU,REG
2025,3,2025_03_IND_TEN,2025-09-21,13:00,TEN,IND,REG
2025,3,2025_03_KC_NYG,2025-09-21,20:20,NYG,KC,REG
2025,3,2025_03_LA_PHI,2025-09-21,13:00,PHI,LA,REG
2025,3,2025_03_LV_WAS,2025-09-21,13:00,WAS,LV,REG
2025,3,2025_03_MIA_BUF,2025-09-18,20:15,BUF,MIA,REG
2025,3,2025_03_NO_SEA,2025-09-21,16:05,SEA,NO,REG
2025,3,2025_03_NYJ_TB,2025-09-21,13:00,TB,NYJ,REG
2025,3,2025_03_PIT_NE,2025-09-21,13:00,NE,PIT,REG
2025,4,2025_04_BAL_KC,2025-09-28,16:25,KC,BAL,REG
2025,4,2025_04_CAR_NE,2025-09-28,13:00,NE,CAR,REG
2025,4,2025_04_CHI_LV,2025-09-28,16:25,LV,CHI,REG
2025,4,2025_04_CIN_DEN,2025-09-29,20:15,DEN,CIN,REG
2025,4,2025_04_CLE_DET,2025-09-28,13:00,DET,CLE,REG
2025,4,2025_04_GB_DAL,2025-09-28,20:20,DAL,GB,REG
2025,4,2025_04_IND_LA,2025-09-28,16:05,LA,IND,REG
2025,4,2025_04_JAX_SF,2025-09-28,16:05,SF,JAX,REG
2025,4,2025_04_LAC_NYG,2025-09-28,13:00,NYG,LAC,REG
2025,4,2025_04_MIN_PIT,2025-09-28,09:30,PIT,MIN,REG
2025,4,2025_04_NO_BUF,2025-09-28,13:00,BUF,NO,REG
2025,4,2025_04_NYJ_MIA,2025-09-29,19:15,MIA,NYJ,REG
2025,4,2025_04_PHI_TB,2025-09-28,13:00,TB,PHI,REG
2025,4,2025_04_SEA_ARI,2025-09-25,20:15,ARI,SEA,REG
2025,4,2025_04_TEN_HOU,2025-09-28,13:00,HOU,TEN,REG
2025,4,2025_04_WAS_ATL,2025-09-28,13:00,ATL,WAS,REG
2025,5,2025_05_DAL_NYJ,2025-10-05,13:00,NYJ,DAL,REG
2025,5,2025_05_DEN_PHI,2025-10-05,13:00,PHI,DEN,REG
2025,5,2025_05_DET_CIN,2025-10-05,16:25,CIN,DET,REG
2025,5,2025_05_HOU_BAL,2025-10-05,13:00,BAL,HOU,REG
2025,5,2025_05_KC_JAX,2025-10-06,20:15,JAX,KC,REG
2025,5,2025_05_LV_IND,2025-10-05,13:00,IND,LV,REG
2025,5,2025_05_MIA_CAR,2025-10-05,13:00,CAR,MIA,REG
2025,5,2025_05_MIN_CLE,2025-10-05,09:30,CLE,MIN,REG
2025,5,2025_05_NE_BUF,2025-10-05,20:20,BUF,NE,REG
2025,5,2025_05_NYG_NO,2025-10-05,13:00,NO,NYG,REG
2025,5,2025_05_SF_LA,2025-10-02,20:15,LA,SF,REG
2025,5,2025_05_TB_SEA,2025-10-05,16:05,SEA,TB,REG
2025,5,2025_05_TEN_ARI,2025-10-05,16:05,ARI,TEN,REG
2025,5,2025_05_WAS_LAC,2025-10-05,16:25,LAC,WAS,REG
2025,6,2025_06_ARI_IND,2025-10-12,13:00,IND,ARI,REG
2025,6,2025_06_BUF_ATL,2025-10-13,19:15,ATL,BUF,REG
2025,6,2025_06_CHI_WAS,2025-10-13,20:15,WAS,CHI,REG
2025,6,2025_06_CIN_GB,2025-10-12,16:25,GB,CIN,REG
2025,6,2025_06_CLE_PIT,2025-10-12,13:00,PIT,CLE,REG
2025,6,2025_06_DAL_CAR,2025-10-12,13:00,CAR,DAL,REG
2025,6,2025_06_DEN_NYJ,2025-10-12,09:30,NYJ,DEN,REG
2025,6,2025_06_DET_KC,2025-10-12,20:20,KC,DET,REG
2025,6,2025_06_LAC_MIA,2025-10-12,13:00,MIA,LAC,REG
2025,6,2025_06_LA_BAL,2025-10-12,13:00,BAL,LA,REG
2025,6,2025_06_NE_NO,2025-10-12,13:00,NO,NE,REG
2025,6,2025_06_PHI_NYG,2025-10-09,20:15,NYG,PHI,REG
2025,6,2025_06_SEA_JAX,2025-10-12,13:00,JAX,SEA,REG
2025,6,2025_06_SF_TB,2025-10-12,16:25,TB,SF,REG
2025,6,2025_06_TEN_LV,2025-10-12,16:05,LV,TEN,REG
2025,7,2025_07_ATL_SF,2025-10-19,20:20,SF,ATL,REG
2025,7,2025_07_CAR_NYJ,2025-10-19,13:00,NYJ,CAR,REG
2025,7,2025_07_GB_ARI,2025-10-19,16:25,ARI,GB,REG
2025,7,2025_07_HOU_SEA,2025-10-20,22:00,SEA,HOU,REG
2025,7,2025_07_IND_LAC,2025-10-19,16:05,LAC,IND,REG
2025,7,2025_07_LA_JAX,2025-10-19,09:30,JAX,LA,REG
2025,7,2025_07_LV_KC,2025-10-19,13:00,KC,LV,REG
2025,7,2025_07_MIA_CLE,2025-10-19,13:00,CLE,MIA,REG
2025,7,2025_07_NE_TEN,2025-10-19,13:00,TEN,NE,REG
2025,7,2025_07_NO_CHI,2025-10-19,13:00,CHI,NO,REG
2025,7,2025_07_NYG_DEN,2025-10-19,16:05,DEN,NYG,REG
2025,7,2025_07_PHI_MIN,2025-10-19,13:00,MIN,PHI,REG
2025,7,2025_07_PIT_CIN,2025-10-16,20:15,CIN,PIT,REG
2025,7,2025_07_TB_DET,2025-10-20,19:00,DET,TB,REG
2025,7,2025_07_WAS_DAL,2025-10-19,16:25,DAL,WAS,REG
2025,8,2025_08_BUF_CAR,2025-10-26,13:00,CAR,BUF,REG
2025,8,2025_08_CHI_BAL,2025-10-26,13:00,BAL,CHI,REG
2025,8,2025_08_CLE_NE,2025-10-26,13:00,NE,CLE,REG
2025,8,2025_08_DAL_DEN,2025-10-26,16:25,DEN,DAL,REG
2025,8,2025_08_GB_PIT,2025-10-26,20:20,PIT,GB,REG
2025,8,2025_08_MIA_ATL,2025-10-26,13:00,ATL,MIA,REG
2025,8,2025_08_MIN_LAC,2025-10-23,20:15,LAC,MIN,REG
2025,8,2025_08_NYG_PHI,2025-10-26,13:00,PHI,NYG,REG
2025,8,2025_08_NYJ_CIN,2025-10-26,13:00,CIN,NYJ,REG
2025,8,2025_08_SF_HOU,2025-10-26,13:00,HOU,SF,REG
2025,8,2025_08_TB_NO,2025-10-26,16:05,NO,TB,REG
2025,8,2025_08_TEN_IND,2025-10-26,16:25,IND,TEN,REG
2025,8,2025_08_WAS_KC,2025-10-27,20:15,KC,WAS,REG
2025,9,2025_09_ARI_DAL,2025-11-03,20:15,DAL,ARI,REG
2025,9,2025_09_ATL_NE,2025-11-02,13:00,NE,ATL,REG
2025,9,2025_09_BAL_MIA,2025-10-30,20:15,MIA,BAL,REG
2025,9,2025_09_CAR_GB,2025-11-02,13:00,GB,CAR,REG
2025,9,2025_09_CHI_CIN,2025-11-02,13:00,CIN,CHI,REG
2025,9,2025_09_DEN_HOU,2025-11-02,13:00,HOU,DEN,REG
2025,9,2025_09_IND_PIT,2025-11-02,13:00,PIT,IND,REG
2025,9,2025_09_JAX_LV,2025-11-02,16:05,LV,JAX,REG
2025,9,2025_09_KC_BUF,2025-11-02,16:25,BUF,KC,REG
2025,9,2025_09_LAC_TEN,2025-11-02,13:00,TEN,LAC,REG
2025,9,2025_09_MIN_DET,2025-11-02,13:00,DET,MIN,REG
2025,9,2025_09_NO_LA,2025-11-02,16:05,LA,NO,REG
2025,9,2025_09_SEA_WAS,2025-11-02,20:20,WAS,SEA,REG
2025,9,2025_09_SF_NYG,2025-11-02,13:00,NYG,SF,REG
2025,10,2025_10_ARI_SEA,2025-11-09,16:05,SEA,ARI,REG
2025,10,2025_10_ATL_IND,2025-11-09,09:30,IND,ATL,REG
2025,10,2025_10_BAL_MIN,2025-11-09,13:00,MIN,BAL,REG
2025,10,2025_10_BUF_MIA,2025-11-09,13:00,MIA,BUF,REG
2025,10,2025_10_CLE_NYJ,2025-11-09,13:00,NYJ,CLE,REG
2025,10,2025_10_DET_WAS,2025-11-09,16:25,WAS,DET,REG
2025,10,2025_10_JAX_HOU,2025-11-09,13:00,HOU,JAX,REG
2025,10,2025_10_LA_SF,2025-11-09,16:25,SF,LA,REG
2025,10,2025_10_LV_DEN,2025-11-06,20:15,DEN,LV,REG
2025,10,2025_10_NE_TB,2025-11-09,13:00,TB,NE,REG
2025,10,2025_10_NO_CAR,2025-11-09,13:00,CAR,NO,REG
2025,10,2025_10_NYG_CHI,2025-11-09,13:00,CHI,NYG,REG
2025,10,2025_10_PHI_GB,2025-11-10,20:15,GB,PHI,REG
2025,10,2025_10_PIT_LAC,2025-11-09,20:20,LAC,PIT,REG
2025,11,2025_11_BAL_CLE,2025-11-16,16:25,CLE,BAL,REG
2025,11,2025_11_CAR_ATL,2025-11-16,13:00,ATL,CAR,REG
2025,11,2025_11_CHI_MIN,2025-11-16,13:00,MIN,CHI,REG
2025,11,2025_11_CIN_PIT,2025-11-16,13:00,PIT,CIN,REG
2025,11,2025_11_DAL_LV,2025-11-17,20:15,LV,DAL,REG
2025,11,2025_11_DET_PHI,2025-11-16,20:20,PHI,DET,REG
2025,11,2025_11_GB_NYG,2025-11-16,13:00,NYG,GB,REG
2025,11,2025_11_HOU_TEN,2025-11-16,13:00,TEN,HOU,REG
2025,11,2025_11_KC_DEN,2025-11-16,16:25,DEN,KC,REG
2025,11,2025_11_LAC_JAX,2025-11-16,13:00,JAX,LAC,REG
2025,11,2025_11_NYJ_NE,2025-11-13,20:15,NE,NYJ,REG
2025,11,2025_11_SEA_LA,2025-11-16,16:05,LA,SEA,REG
2025,11,2025_11_SF_ARI,2025-11-16,16:05,ARI,SF,REG
2025,11,2025_11_TB_BUF,2025-11-16,13:00,BUF,TB,REG
2025,11,2025_11_WAS_MIA,2025-11-16,09:30,MIA,WAS,REG
2025,12,2025_12_ATL_NO,2025-11-23,16:25,NO,ATL,REG
2025,12,2025_12_BUF_HOU,2025-11-20,20:15,HOU,BUF,REG
2025,12,2025_12_CAR_SF,2025-11-24,20:15,SF,CAR,REG
2025,12,2025_12_CLE_LV,2025-11-23,16:05,LV,CLE,REG
2025,12,2025_12_IND_KC,2025-11-23,13:00,KC,IND,REG
2025,12,2025_12_JAX_ARI,2025-11-23,16:05,ARI,JAX,REG
2025,12,2025_12_MIN_GB,2025-11-23,13:00,GB,MIN,REG
2025,12,2025_12_NE_CIN,2025-11-23,13:00,CIN,NE,REG
2025,12,2025_12_NYG_DET,2025-11-23,13:00,DET,NYG,REG
2025,12,2025_12_NYJ_BAL,2025-11-23,13:00,BAL,NYJ,REG
2025,12,2025_12_PHI_DAL,2025-11-23,16:25,DAL,PHI,REG
2025,12,2025_12_PIT_CHI,2025-11-23,13:00,CHI,PIT,REG
2025,12,2025_12_SEA_TEN,2025-11-23,13:00,TEN,SEA,REG
2025,12,2025_12_TB_LA,2025-11-23,20:20,LA,TB,REG
2025,13,2025_13_ARI_TB,2025-11-30,13:00,TB,ARI,REG
2025,13,2025_13_ATL_NYJ,2025-11-30,13:00,NYJ,ATL,REG
2025,13,2025_13_BUF_PIT,2025-11-30,16:25,PIT,BUF,REG
2025,13,2025_13_CHI_PHI,2025-11-28,15:00,PHI,CHI,REG
2025,13,2025_13_CIN_BAL,2025-11-27,20:20,BAL,CIN,REG
2025,13,2025_13_DEN_WAS,2025-11-30,20:20,WAS,DEN,REG
2025,13,2025_13_GB_DET,2025-11-27,13:00,DET,GB,REG
2025,13,2025_13_HOU_IND,2025-11-30,13:00,IND,HOU,REG
2025,13,2025_13_JAX_TEN,2025-11-30,13:00,TEN,JAX,REG
2025,13,2025_13_KC_DAL,2025-11-27,16:30,DAL,KC,REG
2025,13,2025_13_LA_CAR,2025-11-30,13:00,CAR,LA,REG
2025,13,2025_13_LV_LAC,2025-11-30,16:25,LAC,LV,REG
2025,13,2025_13_MIN_SEA,2025-11-30,16:05,SEA,MIN,REG
2025,13,2025_13_NO_MIA,2025-11-30,13:00,MIA,NO,REG
2025,13,2025_13_NYG_NE,2025-12-01,20:15,NE,NYG,REG
2025,13,2025_13_SF_CLE,2025-11-30,13:00,CLE,SF,REG
2025,14,2025_14_CHI_GB,2025-12-07,16:25,GB,CHI,REG
2025,14,2025_14_CIN_BUF,2025-12-07,13:00,BUF,CIN,REG
2025,14,2025_14_DAL_DET,2025-12-04,20:15,DET,DAL,REG
2025,14,2025_14_DEN_LV,2025-12-07,16:05,LV,DEN,REG
2025,14,2025_14_HOU_KC,2025-12-07,20:20,KC,HOU,REG
2025,14,2025_14_IND_JAX,2025-12-07,13:00,JAX,IND,REG
2025,14,2025_14_LA_ARI,2025-12-07,16:25,ARI,LA,REG
2025,14,2025_14_MIA_NYJ,2025-12-07,13:00,NYJ,MIA,REG
2025,14,2025_14_NO_TB,2025-12-07,13:00,TB,NO,REG
2025,14,2025_14_PHI_LAC,2025-12-08,20:15,LAC,PHI,REG
2025,14,2025_14_PIT_BAL,2025-12-07,13:00,BAL,PIT,REG
2025,14,2025_14_SEA_ATL,2025-12-07,13:00,ATL,SEA,REG
2025,14,2025_14_TEN_CLE,2025-12-07,13:00,CLE,TEN,REG
2025,14,2025_14_WAS_MIN,2025-12-07,13:00,MIN,WAS,REG
2025,15,2025_15_ARI_HOU,2025-12-14,13:00,HOU,ARI,REG
2025,15,2025_15_ATL_TB,2025-12-11,20:15,TB,ATL,REG
2025,15,2025_15_BAL_CIN,2025-12-14,13:00,CIN,BAL,REG
2025,15,2025_15_BUF_NE,2025-12-14,13:00,NE,BUF,REG
2025,15,2025_15_CAR_NO,2025-12-14,16:25,NO,CAR,REG
2025,15,2025_15_CLE_CHI,2025-12-14,13:00,CHI,CLE,REG
2025,15,2025_15_DET_LA,2025-12-14,16:25,LA,DET,REG
2025,15,2025_15_GB_DEN,2025-12-14,16:25,DEN,GB,REG
2025,15,2025_15_IND_SEA,2025-12-14,16:25,SEA,IND,REG
2025,15,2025_15_LAC_KC,2025-12-14,13:00,KC,LAC,REG
2025,15,2025_15_LV_PHI,2025-12-14,13:00,PHI,LV,REG
2025,15,2025_15_MIA_PIT,2025-12-15,20:15,PIT,MIA,REG
2025,15,2025_15_MIN_DAL,2025-12-14,20:20,DAL,MIN,REG
2025,15,2025_15_NYJ_JAX,2025-12-14,13:00,JAX,NYJ,REG
2025,15,2025_15_TEN_SF,2025-12-14,16:25,SF,TEN,REG
2025,15,2025_15_WAS_NYG,2025-12-14,13:00,NYG,WAS,REG
2025,16,2025_16_ATL_ARI,2025-12-21,16:05,ARI,ATL,REG
2025,16,2025_16_BUF_CLE,2025-12-21,13:00,CLE,BUF,REG
2025,16,2025_16_CIN_MIA,2025-12-21,13:00,MIA,CIN,REG
2025,16,2025_16_GB_CHI,2025-12-20,20:20,CHI,GB,REG
2025,16,2025_16_JAX_DEN,2025-12-21,16:05,DEN,JAX,REG
2025,16,2025_16_KC_TEN,2025-12-21,13:00,TEN,KC,REG
2025,16,2025_16_LAC_DAL,2025-12-21,13:00,DAL,LAC,REG
2025,16,2025_16_LA_SEA,2025-12-18,20:15,SEA,LA,REG
2025,16,2025_16_LV_HOU,2025-12-21,16:25,HOU,LV,REG
2025,16,2025_16_MIN_NYG,2025-12-21,13:00,NYG,MIN,REG
2025,16,2025_16_NE_BAL,2025-12-21,20:20,BAL,NE,REG
2025,16,2025_16_NYJ_NO,2025-12-21,13:00,NO,NYJ,REG
2025,16,2025_16_PHI_WAS,2025-12-20,17:00,WAS,PHI,REG
2025,16,2025_16_PIT_DET,2025-12-21,16:25,DET,PIT,REG
2025,16,2025_16_SF_IND,2025-12-22,20:15,IND,SF,REG
2025,16,2025_16_TB_CAR,2025-12-21,13:00,CAR,TB,REG
2025,17,2025_17_ARI_CIN,2025-12-28,13:00,CIN,ARI,REG
2025,17,2025_17_BAL_GB,2025-12-27,20:00,GB,BAL,REG
2025,17,2025_17_CHI_SF,2025-12-28,20:20,SF,CHI,REG
2025,17,2025_17_DAL_WAS,2025-12-25,13:00,WAS,DAL,REG
2025,17,2025_17_DEN_KC,2025-12-25,20:15,KC,DEN,REG
2025,17,2025_17_DET_MIN,2025-12-25,16:30,MIN,DET,REG
2025,17,2025_17_HOU_LAC,2025-12-27,16:30,LAC,HOU,REG
2025,17,2025_17_JAX_IND,2025-12-28,13:00,IND,JAX,REG
2025,17,2025_17_LA_ATL,2025-12-29,20:15,ATL,LA,REG
2025,17,2025_17_NE_NYJ,2025-12-28,13:00,NYJ,NE,REG
2025,17,2025_17_NO_TEN,2025-12-28,13:00,TEN,NO,REG
2025,17,2025_17_NYG_LV,2025-12-28,16:05,LV,NYG,REG
2025,17,2025_17_PHI_BUF,2025-12-28,16:25,BUF,PHI,REG
2025,17,2025_17_PIT_CLE,2025-12-28,13:00,CLE,PIT,REG
2025,17,2025_17_SEA_CAR,2025-12-28,13:00,CAR,SEA,REG
2025,17,2025_17_TB_MIA,2025-12-28,13:00,MIA,TB,REG
2025,18,2025_18_ARI_LA,2026-01-04,16:25,LA,ARI,REG
2025,18,2025_18_BAL_PIT,2026-01-04,20:20,PIT,BAL,REG
2025,18,2025_18_CAR_TB,2026-01-03,16:30,TB,CAR,REG
2025,18,2025_18_CLE_CIN,2026-01-04,13:00,CIN,CLE,REG
2025,18,2025_18_DAL_NYG,2026-01-04,13:00,NYG,DAL,REG
2025,18,2025_18_DET_CHI,2026-01-04,16:25,CHI,DET,REG
2025,18,2025_18_GB_MIN,2026-01-04,13:00,MIN,GB,REG
2025,18,2025_18_IND_HOU,2026-01-04,13:00,HOU,IND,REG
2025,18,2025_18_KC_LV,2026-01-04,16:25,LV,KC,REG
2025,18,2025_18_LAC_DEN,2026-01-04,16:25,DEN,LAC,REG
2025,18,2025_18_MIA_NE,2026-01-04,16:25,NE,MIA,REG
2025,18,2025_18_NO_ATL,2026-01-04,13:00,ATL,NO,REG
2025,18,2025_18_NYJ_BUF,2026-01-04,16:25,BUF,NYJ,REG
2025,18,2025_18_SEA_SF,2026-01-03,20:00,SF,SEA,REG
2025,18,2025_18_TEN_JAX,2026-01-04,13:00,JAX,TEN,REG
2025,18,2025_18_WAS_PHI,2026-01-04,16:25,PHI,WAS,REG
2025,19,2025_19_BUF_JAX,2026-01-11,13:00,JAX,BUF,WC
2025,19,2025_19_GB_CHI,2026-01-10,20:00,CHI,GB,WC
2025,19,2025_19_HOU_PIT,2026-01-12,20:00,PIT,HOU,WC
2025,19,2025_19_LAC_NE,2026-01-11,20:00,NE,LAC,WC
2025,19,2025_19_LA_CAR,2026-01-10,16:30,CAR,LA,WC
2025,19,2025_19_SF_PHI,2026-01-11,16:30,PHI,SF,WC
2025,20,2025_20_BUF_DEN,2026-01-17,16:30,DEN,BUF,DIV
2025,20,2025_20_HOU_NE,2026-01-18,15:00,NE,HOU,DIV
2025,20,2025_20_LA_CHI,2026-01-18,18:30,CHI,LA,DIV
2025,20,2025_20_SF_SEA,2026-01-17,20:00,SEA,SF,DIV
2025,21,2025_21_LA_SEA,2026-01-25,18:30,SEA,LA,CON
2025,21,2025_21_NE_DEN,2026-01-25,15:00,DEN,NE,CON
2025,22,2025_22_SEA_NE,2026-02-08,18:30,NE,SEA,SB
2026,1,2026_01_ARI_LAC,2026-09-13,16:25,LAC,ARI,REG
2026,1,2026_01_ATL_PIT,2026-09-13,13:00,PIT,ATL,REG
2026,1,2026_01_BAL_IND,2026-09-13,13:00,IND,BAL,REG
2026,1,2026_01_BUF_HOU,2026-09-13,13:00,HOU,BUF,REG
2026,1,2026_01_CHI_CAR,2026-09-13,13:00,CAR,CHI,REG
2026,1,2026_01_CLE_JAX,2026-09-13,13:00,JAX,CLE,REG
2026,1,2026_01_DAL_NYG,2026-09-13,20:20,NYG,DAL,REG
2026,1,2026_01_DEN_KC,2026-09-14,20:15,KC,DEN,REG
2026,1,2026_01_GB_MIN,2026-09-13,16:25,MIN,GB,REG
2026,1,2026_01_MIA_LV,2026-09-13,16:25,LV,MIA,REG
2026,1,2026_01_NE_SEA,2026-09-09,20:20,SEA,NE,REG
2026,1,2026_01_NO_DET,2026-09-13,13:00,DET,NO,REG
2026,1,2026_01_NYJ_TEN,2026-09-13,13:00,TEN,NYJ,REG
2026,1,2026_01_SF_LA,2026-09-10,20:35,LA,SF,REG
2026,1,2026_01_TB_CIN,2026-09-13,13:00,CIN,TB,REG
2026,1,2026_01_WAS_PHI,2026-09-13,16:25,PHI,WAS,REG
2026,2,2026_02_CAR_ATL,2026-09-20,13:00,ATL,CAR,REG
2026,2,2026_02_CIN_HOU,2026-09-20,13:00,HOU,CIN,REG
2026,2,2026_02_CLE_TB,2026-09-20,13:00,TB,CLE,REG
2026,2,2026_02_DET_BUF,2026-09-17,20:15,BUF,DET,REG
2026,2,2026_02_GB_NYJ,2026-09-20,13:00,NYJ,GB,REG
2026,2,2026_02_IND_KC,2026-09-20,20:20,KC,IND,REG
2026,2,2026_02_JAX_DEN,2026-09-20,16:05,DEN,JAX,REG
2026,2,2026_02_LV_LAC,2026-09-20,16:05,LAC,LV,REG
2026,2,2026_02_MIA_SF,2026-09-20,16:25,SF,MIA,REG
2026,2,2026_02_MIN_CHI,2026-09-20,13:00,CHI,MIN,REG
2026,2,2026_02_NO_BAL,2026-09-20,13:00,BAL,NO,REG
2026,2,2026_02_NYG_LA,2026-09-21,20:15,LA,NYG,REG
2026,2,2026_02_PHI_TEN,2026-09-20,13:00,TEN,PHI,REG
2026,2,2026_02_PIT_NE,2026-09-20,13:00,NE,PIT,REG
2026,2,2026_02_SEA_ARI,2026-09-20,16:25,ARI,SEA,REG
2026,2,2026_02_WAS_DAL,2026-09-20,16:25,DAL,WAS,REG
2026,3,2026_03_ARI_SF,2026-09-27,16:05,SF,ARI,REG
2026,3,2026_03_ATL_GB,2026-09-24,20:15,GB,ATL,REG
2026,3,2026_03_BAL_DAL,2026-09-27,16:25,DAL,BAL,REG
2026,3,2026_03_CAR_CLE,2026-09-27,13:00,CLE,CAR,REG
2026,3,2026_03_CIN_PIT,2026-09-27,13:00,PIT,CIN,REG
2026,3,2026_03_HOU_IND,2026-09-27,13:00,IND,HOU,REG
2026,3,2026_03_KC_MIA,2026-09-27,13:00,MIA,KC,REG
2026,3,2026_03_LAC_BUF,2026-09-27,13:00,BUF,LAC,REG
2026,3,2026_03_LA_DEN,2026-09-27,20:20,DEN,LA,REG
2026,3,2026_03_LV_NO,2026-09-27,16:25,NO,LV,REG
2026,3,2026_03_MIN_TB,2026-09-27,16:05,TB,MIN,REG
2026,3,2026_03_NE_JAX,2026-09-27,13:00,JAX,NE,REG
2026,3,2026_03_NYJ_DET,2026-09-27,13:00,DET,NYJ,REG
2026,3,2026_03_PHI_CHI,2026-09-28,20:15,CHI,PHI,REG
2026,3,2026_03_SEA_WAS,2026-09-27,13:00,WAS,SEA,REG
2026,3,2026_03_TEN_NYG,2026-09-27,13:00,NYG,TEN,REG
2026,4,2026_04_ARI_NYG,2026-10-04,13:00,NYG,ARI,REG
2026,4,2026_04_ATL_NO,2026-10-05,20:15,NO,ATL,REG
2026,4,2026_04_DAL_HOU,2026-10-04,13:00,HOU,DAL,REG
2026,4,2026_04_DEN_SF,2026-10-04,16:25,SF,DEN,REG
2026,4,2026_04_DET_CAR,2026-10-04,20:20,CAR,DET,REG
2026,4,2026_04_GB_TB,2026-10-04,13:00,TB,GB,REG
2026,4,2026_04_IND_WAS,2026-10-04,09:30,WAS,IND,REG
2026,4,2026_04_JAX_CIN,2026-10-04,13:00,CIN,JAX,REG
2026,4,2026_04_KC_LV,2026-10-04,16:25,LV,KC,REG
2026,4,2026_04_LAC_SEA,2026-10-04,16:25,SEA,LAC,REG
2026,4,2026_04_LA_PHI,2026-10-04,13:00,PHI,LA,REG
2026,4,2026_04_MIA_MIN,2026-10-04,16:05,MIN,MIA,REG
2026,4,2026_04_NE_BUF,2026-10-04,13:00,BUF,NE,REG
2026,4,2026_04_NYJ_CHI,2026-10-04,13:00,CHI,NYJ,REG
2026,4,2026_04_PIT_CLE,2026-10-01,20:15,CLE,PIT,REG
2026,4,2026_04_TEN_BAL,2026-10-04,13:00,BAL,TEN,REG
2026,5,2026_05_BAL_ATL,2026-10-11,20:20,ATL,BAL,REG
2026,5,2026_05_BUF_LA,2026-10-12,20:15,LA,BUF,REG
2026,5,2026_05_CHI_GB,2026-10-11,16:25,GB,CHI,REG
2026,5,2026_05_CIN_MIA,2026-10-11,13:00,MIA,CIN,REG
2026,5,2026_05_CLE_NYJ,2026-10-11,13:00,NYJ,CLE,REG
2026,5,2026_05_DEN_LAC,2026-10-11,16:05,LAC,DEN,REG
2026,5,2026_05_DET_ARI,2026-10-11,16:25,ARI,DET,REG
2026,5,2026_05_HOU_TEN,2026-10-11,13:00,TEN,HOU,REG
2026,5,2026_05_IND_PIT,2026-10-11,13:00,PIT,IND,REG
2026,5,2026_05_LV_NE,2026-10-11,13:00,NE,LV,REG
2026,5,2026_05_MIN_NO,2026-10-11,13:00,NO,MIN,REG
2026,5,2026_05_NYG_WAS,2026-10-11,13:00,WAS,NYG,REG
2026,5,2026_05_PHI_JAX,2026-10-11,09:30,JAX,PHI,REG
2026,5,2026_05_SF_SEA,2026-10-11,16:25,SEA,SF,REG
2026,5,2026_05_TB_DAL,2026-10-08,20:15,DAL,TB,REG
2026,6,2026_06_ARI_LA,2026-10-18,16:05,LA,ARI,REG
2026,6,2026_06_BAL_CLE,2026-10-18,13:00,CLE,BAL,REG
2026,6,2026_06_BUF_LV,2026-10-18,16:25,LV,BUF,REG
2026,6,2026_06_CAR_PHI,2026-10-18,13:00,PHI,CAR,REG
2026,6,2026_06_CHI_ATL,2026-10-18,13:00,ATL,CHI,REG
2026,6,2026_06_DAL_GB,2026-10-18,20:20,GB,DAL,REG
2026,6,2026_06_HOU_JAX,2026-10-18,09:30,JAX,HOU,REG
2026,6,2026_06_LAC_KC,2026-10-18,16:25,KC,LAC,REG
2026,6,2026_06_NO_NYG,2026-10-18,13:00,NYG,NO,REG
2026,6,2026_06_NYJ_NE,2026-10-18,13:00,NE,NYJ,REG
2026,6,2026_06_PIT_TB,2026-10-18,13:00,TB,PIT,REG
2026,6,2026_06_SEA_DEN,2026-10-15,20:15,DEN,SEA,REG
2026,6,2026_06_TEN_IND,2026-10-18,13:00,IND,TEN,REG
2026,6,2026_06_WAS_SF,2026-10-19,20:15,SF,WAS,REG
2026,7,2026_07_CIN_BAL,2026-10-25,13:00,BAL,CIN,REG
2026,7,2026_07_CLE_TEN,2026-10-25,13:00,TEN,CLE,REG
2026,7,2026_07_DAL_PHI,2026-10-26,20:15,PHI,DAL,REG
2026,7,2026_07_DEN_ARI,2026-10-25,16:05,ARI,DEN,REG
2026,7,2026_07_GB_DET,2026-10-25,16:25,DET,GB,REG
2026,7,2026_07_IND_MIN,2026-10-25,13:00,MIN,IND,REG
2026,7,2026_07_KC_SEA,2026-10-25,20:20,SEA,KC,REG
2026,7,2026_07_LA_LV,2026-10-25,16:25,LV,LA,REG
2026,7,2026_07_MIA_NYJ,2026-10-25,13:00,NYJ,MIA,REG
2026,7,2026_07_NE_CHI,2026-10-22,20:15,CHI,NE,REG
2026,7,2026_07_NYG_HOU,2026-10-25,13:00,HOU,NYG,REG
2026,7,2026_07_PIT_NO,2026-10-25,09:30,NO,PIT,REG
2026,7,2026_07_SF_ATL,2026-10-25,13:00,ATL,SF,REG
2026,7,2026_07_TB_CAR,2026-10-25,13:00,CAR,TB,REG
2026,8,2026_08_ARI_DAL,2026-11-01,13:00,DAL,ARI,REG
2026,8,2026_08_ATL_TB,2026-11-01,13:00,TB,ATL,REG
2026,8,2026_08_BAL_BUF,2026-11-01,13:00,BUF,BAL,REG
2026,8,2026_08_CAR_GB,2026-10-29,20:15,GB,CAR,REG
2026,8,2026_08_CHI_SEA,2026-11-02,20:15,SEA,CHI,REG
2026,8,2026_08_CLE_PIT,2026-11-01,13:00,PIT,CLE,REG
2026,8,2026_08_IND_JAX,2026-11-01,13:00,JAX,IND,REG
2026,8,2026_08_KC_DEN,2026-11-01,16:25,DEN,KC,REG
2026,8,2026_08_LAC_LA,2026-11-01,16:05,LA,LAC,REG
2026,8,2026_08_LV_NYJ,2026-11-01,13:00,NYJ,LV,REG
2026,8,2026_08_MIN_DET,2026-11-01,13:00,DET,MIN,REG
2026,8,2026_08_NE_MIA,2026-11-01,16:25,MIA,NE,REG
2026,8,2026_08_PHI_WAS,2026-11-01,20:20,WAS,PHI,REG
2026,8,2026_08_TEN_CIN,2026-11-01,13:00,CIN,TEN,REG
2026,9,2026_09_ARI_SEA,2026-11-08,16:25,SEA,ARI,REG
2026,9,2026_09_BUF_MIN,2026-11-09,20:15,MIN,BUF,REG
2026,9,2026_09_CIN_ATL,2026-11-08,09:30,ATL,CIN,REG
2026,9,2026_09_CLE_NO,2026-11-08,13:00,NO,CLE,REG
2026,9,2026_09_DAL_IND,2026-11-08,13:00,IND,DAL,REG
2026,9,2026_09_DEN_CAR,2026-11-08,13:00,CAR,DEN,REG
2026,9,2026_09_DET_MIA,2026-11-08,13:00,MIA,DET,REG
2026,9,2026_09_GB_NE,2026-11-08,16:25,NE,GB,REG
2026,9,2026_09_HOU_LAC,2026-11-08,16:05,LAC,HOU,REG
2026,9,2026_09_JAX_BAL,2026-11-05,20:15,BAL,JAX,REG
2026,9,2026_09_LA_WAS,2026-11-08,13:00,WAS,LA,REG
2026,9,2026_09_LV_SF,2026-11-08,16:05,SF,LV,REG
2026,9,2026_09_NYG_PHI,2026-11-08,13:00,PHI,NYG,REG
2026,9,2026_09_NYJ_KC,2026-11-08,13:00,KC,NYJ,REG
2026,9,2026_09_TB_CHI,2026-11-08,20:20,CHI,TB,REG
2026,10,2026_10_BUF_NYJ,2026-11-15,13:00,NYJ,BUF,REG
2026,10,2026_10_CAR_NO,2026-11-15,13:00,NO,CAR,REG
2026,10,2026_10_HOU_CLE,2026-11-15,13:00,CLE,HOU,REG
2026,10,2026_10_JAX_TEN,2026-11-15,13:00,TEN,JAX,REG
2026,10,2026_10_KC_ATL,2026-11-15,13:00,ATL,KC,REG
2026,10,2026_10_LAC_BAL,2026-11-16,20:15,BAL,LAC,REG
2026,10,2026_10_LA_ARI,2026-11-15,16:05,ARI,LA,REG
2026,10,2026_10_MIA_IND,2026-11-15,13:00,IND,MIA,REG
2026,10,2026_10_MIN_GB,2026-11-15,13:00,GB,MIN,REG
2026,10,2026_10_NE_DET,2026-11-15,09:30,DET,NE,REG
2026,10,2026_10_PIT_CIN,2026-11-15,20:20,CIN,PIT,REG
2026,10,2026_10_SEA_LV,2026-11-15,16:05,LV,SEA,REG
2026,10,2026_10_SF_DAL,2026-11-15,16:25,DAL,SF,REG
2026,10,2026_10_WAS_NYG,2026-11-12,20:15,NYG,WAS,REG
2026,11,2026_11_ARI_KC,2026-11-22,13:00,KC,ARI,REG
2026,11,2026_11_BAL_CAR,2026-11-22,13:00,CAR,BAL,REG
2026,11,2026_11_CIN_WAS,2026-11-23,20:15,WAS,CIN,REG
2026,11,2026_11_IND_HOU,2026-11-19,20:15,HOU,IND,REG
2026,11,2026_11_JAX_NYG,2026-11-22,13:00,NYG,JAX,REG
2026,11,2026_11_LV_DEN,2026-11-22,16:25,DEN,LV,REG
2026,11,2026_11_MIA_BUF,2026-11-22,13:00,BUF,MIA,REG
2026,11,2026_11_MIN_SF,2026-11-22,20:20,SF,MIN,REG
2026,11,2026_11_NO_CHI,2026-11-22,13:00,CHI,NO,REG
2026,11,2026_11_NYJ_LAC,2026-11-22,16:05,LAC,NYJ,REG
2026,11,2026_11_PIT_PHI,2026-11-22,16:25,PHI,PIT,REG
2026,11,2026_11_TB_DET,2026-11-22,13:00,DET,TB,REG
2026,11,2026_11_TEN_DAL,2026-11-22,13:00,DAL,TEN,REG
2026,12,2026_12_ATL_MIN,2026-11-29,13:00,MIN,ATL,REG
2026,12,2026_12_BAL_HOU,2026-11-29,13:00,HOU,BAL,REG
2026,12,2026_12_CAR_TB,2026-11-30,20:15,TB,CAR,REG
2026,12,2026_12_CHI_DET,2026-11-26,13:00,DET,CHI,REG
2026,12,2026_12_DEN_PIT,2026-11-27,15:00,PIT,DEN,REG
2026,12,2026_12_GB_LA,2026-11-25,20:00,LA,GB,REG
2026,12,2026_12_KC_BUF,2026-11-26,20:20,BUF,KC,REG
2026,12,2026_12_LV_CLE,2026-11-29,13:00,CLE,LV,REG
2026,12,2026_12_NE_LAC,2026-11-29,20:20,LAC,NE,REG
2026,12,2026_12_NO_CIN,2026-11-29,13:00,CIN,NO,REG
2026,12,2026_12_NYG_IND,2026-11-29,13:00,IND,NYG,REG
2026,12,2026_12_NYJ_MIA,2026-11-29,13:00,MIA,NYJ,REG
2026,12,2026_12_PHI_DAL,2026-11-26,16:30,DAL,PHI,REG
2026,12,2026_12_SEA_SF,2026-11-29,16:25,SF,SEA,REG
2026,12,2026_12_TEN_JAX,2026-11-29,16:05,JAX,TEN,REG
2026,12,2026_12_WAS_ARI,2026-11-29,16:25,ARI,WAS,REG
2026,13,2026_13_BUF_NE,2026-12-06,16:25,NE,BUF,REG
2026,13,2026_13_CAR_MIN,2026-12-06,16:25,MIN,CAR,REG
2026,13,2026_13_CIN_CLE,2026-12-06,13:00,CLE,CIN,REG
2026,13,2026_13_DAL_SEA,2026-12-07,20:15,SEA,DAL,REG
2026,13,2026_13_DET_ATL,2026-12-06,13:00,ATL,DET,REG
2026,13,2026_13_GB_NO,2026-12-06,13:00,NO,GB,REG
2026,13,2026_13_HOU_PIT,2026-12-06,20:20,PIT,HOU,REG
2026,13,2026_13_JAX_CHI,2026-12-06,13:00,CHI,JAX,REG
2026,13,2026_13_KC_LA,2026-12-03,20:15,LA,KC,REG
2026,13,2026_13_LAC_TB,2026-12-06,13:00,TB,LAC,REG
2026,13,2026_13_MIA_DEN,2026-12-06,16:05,DEN,MIA,REG
2026,13,2026_13_PHI_ARI,2026-12-06,16:05,ARI,PHI,REG
2026,13,2026_13_SF_NYG,2026-12-06,13:00,NYG,SF,REG
2026,13,2026_13_WAS_TEN,2026-12-06,13:00,TEN,WAS,REG
2026,14,2026_14_ATL_CLE,2026-12-13,13:00,CLE,ATL,REG
2026,14,2026_14_BUF_GB,2026-12-13,20:20,GB,BUF,REG
2026,14,2026_14_CHI_MIA,2026-12-13,13:00,MIA,CHI,REG
2026,14,2026_14_DEN_NYJ,2026-12-13,13:00,NYJ,DEN,REG
2026,14,2026_14_HOU_WAS,2026-12-13,13:00,WAS,HOU,REG
2026,14,2026_14_IND_PHI,2026-12-13,13:00,PHI,IND,REG
2026,14,2026_14_KC_CIN,2026-12-13,16:25,CIN,KC,REG
2026,14,2026_14_LAC_LV,2026-12-13,16:05,LV,LAC,REG
2026,14,2026_14_LA_SF,2026-12-13,16:25,SF,LA,REG
2026,14,2026_14_MIN_NE,2026-12-10,20:15,NE,MIN,REG
2026,14,2026_14_NO_CAR,2026-12-13,13:00,CAR,NO,REG
2026,14,2026_14_NYG_SEA,2026-12-13,16:25,SEA,NYG,REG
2026,14,2026_14_PIT_JAX,2026-12-14,20:15,JAX,PIT,REG
2026,14,2026_14_TB_BAL,2026-12-13,13:00,BAL,TB,REG
2026,14,2026_14_TEN_DET,2026-12-13,13:00,DET,TEN,REG
2026,15,2026_15_ATL_WAS,2026-12-20,13:00,WAS,ATL,REG
2026,15,2026_15_BAL_PIT,2026-12-20,13:00,PIT,BAL,REG
2026,15,2026_15_CHI_BUF,2026-12-19,20:20,BUF,CHI,REG
2026,15,2026_15_CIN_CAR,2026-12-20,13:00,CAR,CIN,REG
2026,15,2026_15_CLE_NYG,2026-12-20,13:00,NYG,CLE,REG
2026,15,2026_15_DAL_LA,2026-12-20,16:25,LA,DAL,REG
2026,15,2026_15_DEN_LV,2026-12-20,16:25,LV,DEN,REG
2026,15,2026_15_DET_MIN,2026-12-20,20:20,MIN,DET,REG
2026,15,2026_15_IND_TEN,2026-12-20,13:00,TEN,IND,REG
2026,15,2026_15_JAX_HOU,2026-12-20,13:00,HOU,JAX,REG
2026,15,2026_15_MIA_GB,2026-12-20,13:00,GB,MIA,REG
2026,15,2026_15_NE_KC,2026-12-21,20:15,KC,NE,REG
2026,15,2026_15_NO_TB,2026-12-20,13:00,TB,NO,REG
2026,15,2026_15_NYJ_ARI,2026-12-20,16:05,ARI,NYJ,REG
2026,15,2026_15_SEA_PHI,2026-12-19,17:00,PHI,SEA,REG
2026,15,2026_15_SF_LAC,2026-12-17,20:15,LAC,SF,REG
2026,16,2026_16_ARI_NO,2026-12-27,13:00,NO,ARI,REG
2026,16,2026_16_BUF_DEN,2026-12-25,16:30,DEN,BUF,REG
2026,16,2026_16_CAR_PIT,2026-12-27,13:00,PIT,CAR,REG
2026,16,2026_16_CIN_IND,2026-12-27,13:00,IND,CIN,REG
2026,16,2026_16_CLE_BAL,2026-12-27,13:00,BAL,CLE,REG
2026,16,2026_16_GB_CHI,2026-12-25,13:00,CHI,GB,REG
2026,16,2026_16_HOU_PHI,2026-12-24,20:15,PHI,HOU,REG
2026,16,2026_16_JAX_DAL,2026-12-27,20:20,DAL,JAX,REG
2026,16,2026_16_LAC_MIA,2026-12-27,13:00,MIA,LAC,REG
2026,16,2026_16_LA_SEA,2026-12-25,20:15,SEA,LA,REG
2026,16,2026_16_NE_NYJ,2026-12-27,13:00,NYJ,NE,REG
2026,16,2026_16_NYG_DET,2026-12-28,20:15,DET,NYG,REG
2026,16,2026_16_SF_KC,2026-12-27,16:25,KC,SF,REG
2026,16,2026_16_TB_ATL,2026-12-27,13:00,ATL,TB,REG
2026,16,2026_16_TEN_LV,2026-12-27,16:05,LV,TEN,REG
2026,16,2026_16_WAS_MIN,2026-12-27,13:00,MIN,WAS,REG
2026,17,2026_17_BAL_CIN,2026-12-31,20:15,CIN,BAL,REG
2026,17,2026_17_BUF_MIA,2027-01-03,13:00,MIA,BUF,REG
2026,17,2026_17_DEN_NE,2027-01-03,13:00,NE,DEN,REG
2026,17,2026_17_DET_CHI,2027-01-03,16:25,CHI,DET,REG
2026,17,2026_17_HOU_GB,2027-01-04,20:15,GB,HOU,REG
2026,17,2026_17_IND_CLE,2027-01-03,13:00,CLE,IND,REG
2026,17,2026_17_KC_LAC,2027-01-03,13:00,LAC,KC,REG
2026,17,2026_17_LA_TB,2027-01-03,13:00,TB,LA,REG
2026,17,2026_17_LV_ARI,2027-01-03,16:05,ARI,LV,REG
2026,17,2026_17_MIN_NYJ,2027-01-03,13:00,NYJ,MIN,REG
2026,17,2026_17_NO_ATL,2027-01-03,13:00,ATL,NO,REG
2026,17,2026_17_NYG_DAL,2027-01-03,13:00,DAL,NYG,REG
2026,17,2026_17_PHI_SF,2027-01-03,20:20,SF,PHI,REG
2026,17,2026_17_PIT_TEN,2027-01-03,13:00,TEN,PIT,REG
2026,17,2026_17_SEA_CAR,2027-01-03,13:00,CAR,SEA,REG
2026,17,2026_17_WAS_JAX,2027-01-03,13:00,JAX,WAS,REG
2026,18,2026_18_ATL_CAR,2027-01-10,13:00,CAR,ATL,REG
2026,18,2026_18_CHI_MIN,2027-01-10,13:00,MIN,CHI,REG
2026,18,2026_18_CLE_CIN,2027-01-10,13:00,CIN,CLE,REG
2026,18,2026_18_DAL_WAS,2027-01-10,13:00,WAS,DAL,REG
2026,18,2026_18_DET_GB,2027-01-10,13:00,GB,DET,REG
2026,18,2026_18_JAX_IND,2027-01-10,13:00,IND,JAX,REG
2026,18,2026_18_LAC_DEN,2027-01-10,13:00,DEN,LAC,REG
2026,18,2026_18_LV_KC,2027-01-10,13:00,KC,LV,REG
2026,18,2026_18_MIA_NE,2027-01-10,13:00,NE,MIA,REG
2026,18,2026_18_NYJ_BUF,2027-01-10,13:00,BUF,NYJ,REG
2026,18,2026_18_PHI_NYG,2027-01-10,13:00,NYG,PHI,REG
2026,18,2026_18_PIT_BAL,2027-01-10,13:00,BAL,PIT,REG
2026,18,2026_18_SEA_LA,2027-01-10,13:00,LA,SEA,REG
2026,18,2026_18_SF_ARI,2027-01-10,13:00,ARI,SF,REG
2026,18,2026_18_TB_NO,2027-01-10,13:00,NO,TB,REG
2026,18,2026_18_TEN_HOU,2027-01-10,13:00,HOU,TEN,REG
