contest_id,slate_date,section,platform_player_id,display_name,team_key,card_boost,drafts,real_score,ingested_at
572,2025-05-16,highestBoostedValuePlayers,172,O. Sims,DAL,0.0,91.0,2.8976657249800843,2026-06-05 05:19:18.264647+00:00
572,2025-05-16,highestBoostedValuePlayers,596,K. Plum,LAS,0.0,1700.0,7.582602589528858,2026-06-05 05:19:18.264647+00:00
572,2025-05-16,highestBoostedValuePlayers,605,A. Gray,ATL,0.0,301.0,5.859012081573502,2026-06-05 05:19:18.264647+00:00
572,2025-05-16,highestBoostedValuePlayers,616,R. Howard,ATL,0.0,231.0,2.2762235526798724,2026-06-05 05:19:18.264647+00:00
572,2025-05-16,highestBoostedValuePlayers,628,T. Fágbénlé,TOR,0.0,72.0,4.391279369598646,2026-06-05 05:19:18.264647+00:00
572,2025-05-16,popularPlayers,629,N. Smith,LVA,0.0,1200.0,1.135073237855607,2026-06-05 05:19:18.264647+00:00
572,2025-05-16,popularPlayers,641,K. Thornton,GSV,0.0,788.0,1.3569318169276816,2026-06-05 05:19:18.264647+00:00
572,2025-05-16,highestBoostedValuePlayers,650,N. Collier,MIN,0.0,4000.0,5.376724449543853,2026-06-05 05:19:18.264647+00:00
572,2025-05-16,highestBoostedValuePlayers,653,J. Shepard,DAL,0.0,2.0,2.9319895293042353,2026-06-05 05:19:18.264647+00:00
572,2025-05-16,highestBoostedValuePlayers,654,C. Williams,MIN,0.0,248.0,5.221501265495679,2026-06-05 05:19:18.264647+00:00
572,2025-05-16,popularPlayers,658,A. Smith,DAL,0.0,1500.0,0.0,2026-06-05 05:19:18.264647+00:00
572,2025-05-16,popularPlayers,660,K. McBride,MIN,0.0,1700.0,0.0,2026-06-05 05:19:18.264647+00:00
572,2025-05-16,popularPlayers,663,B. Carleton,POR,0.0,1300.0,1.4657602704178427,2026-06-05 05:19:18.264647+00:00
572,2025-05-16,highestBoostedValuePlayers,664,B. Griner,CON,0.0,702.0,3.065873066765994,2026-06-05 05:19:18.264647+00:00
572,2025-05-16,highestBoostedValuePlayers,679,B. Sykes,TOR,0.0,18.0,4.075292863884314,2026-06-05 05:19:18.264647+00:00
572,2025-05-16,popularPlayers,685,S. Dolson,SEA,0.0,1300.0,2.2390164335173095,2026-06-05 05:19:18.264647+00:00
572,2025-05-16,popularPlayers,689,M. Hines-Allen,IND,0.0,931.0,1.4872917459789448,2026-06-05 05:19:18.264647+00:00
572,2025-05-16,highestBoostedValuePlayers,711,A. Stevens,CHI,0.0,92.0,3.1391286276763823,2026-06-05 05:19:18.264647+00:00
572,2025-05-16,highestBoostedValuePlayers,718,D. Hamby,LAS,0.0,460.0,3.19139190837042,2026-06-05 05:19:18.264647+00:00
572,2025-05-16,popularPlayers,723,R. Jackson,CHI,0.0,2900.0,2.1452565821682743,2026-06-05 05:19:18.264647+00:00
572,2025-05-16,highestBoostedValuePlayers,729,J. Melbourne,SEA,0.0,1.0,2.5630339423726096,2026-06-05 05:19:18.264647+00:00
572,2025-05-16,highestBoostedValuePlayers,753,D. Carrington,CHI,0.0,305.0,2.257893752538186,2026-06-05 05:19:18.264647+00:00
572,2025-05-16,highestBoostedValuePlayers,754,B. Jones,ATL,0.0,166.0,3.69073775543494,2026-06-05 05:19:18.264647+00:00
572,2025-05-16,popularPlayers,767,A. Ogunbowale,DAL,0.0,5300.0,2.143440040944191,2026-06-05 05:19:18.264647+00:00
572,2025-05-16,highestBoostedValuePlayers,366584,T. Hayes,GSV,0.0,49.0,2.630822188635792,2026-06-05 05:19:18.264647+00:00
572,2025-05-16,popularPlayers,4322740,P. Bueckers,DAL,0.0,1700.0,1.91242993699773,2026-06-05 05:19:18.264647+00:00
572,2025-05-16,highestBoostedValuePlayers,4322741,S. Citron,WAS,0.0,8.0,2.9899572771410385,2026-06-05 05:19:18.264647+00:00
572,2025-05-16,highestBoostedValuePlayers,4322743,K. Iriafen,WAS,0.0,1.0,2.503606437725277,2026-06-05 05:19:18.264647+00:00
572,2025-05-16,highestBoostedValuePlayers,4322755,T. Paopao,ATL,0.0,4.0,2.2743112948529167,2026-06-05 05:19:18.264647+00:00
577,2025-05-17,popularPlayers,184,G. Williams,GSV,0.0,1700.0,1.7015172317973475,2026-06-05 05:19:18.264647+00:00
577,2025-05-17,highestBoostedValuePlayers,373,K. Westbeld,PHO,0.0,175.0,2.155247362627214,2026-06-05 05:19:18.264647+00:00
577,2025-05-17,highestBoostedValuePlayers,456,L. Held,TOR,0.0,182.0,2.0211689480990294,2026-06-05 05:19:18.264647+00:00
577,2025-05-17,highestBoostedValuePlayers,597,J. Young,LVA,0.0,94.0,2.580880955945052,2026-06-05 05:19:18.264647+00:00
577,2025-05-17,highestBoostedValuePlayers,598,A. Wilson,LVA,0.0,4000.0,5.235108940595709,2026-06-05 05:19:18.264647+00:00
577,2025-05-17,popularPlayers,600,A. Clark,DAL,0.0,1200.0,-0.036986200000000045,2026-06-05 05:19:18.264647+00:00
577,2025-05-17,highestBoostedValuePlayers,602,C. Gray,LVA,0.0,101.0,2.103127347757202,2026-06-05 05:19:18.264647+00:00
577,2025-05-17,popularPlayers,622,E. Wheeler,LAS,0.0,906.0,0.9543472841887106,2026-06-05 05:19:18.264647+00:00
577,2025-05-17,highestBoostedValuePlayers,624,C. Clark,IND,0.0,3800.0,5.615519562399315,2026-06-05 05:19:18.264647+00:00
577,2025-05-17,highestBoostedValuePlayers,626,K. Mitchell,IND,0.0,65.0,2.695694333806094,2026-06-05 05:19:18.264647+00:00
577,2025-05-17,highestBoostedValuePlayers,627,A. Boston,IND,0.0,88.0,5.054988360224069,2026-06-05 05:19:18.264647+00:00
577,2025-05-17,highestBoostedValuePlayers,631,L. Hull,IND,0.0,59.0,2.1213156480864104,2026-06-05 05:19:18.264647+00:00
577,2025-05-17,highestBoostedValuePlayers,635,K. Burke,CON,0.0,1.0,2.236654823024616,2026-06-05 05:19:18.264647+00:00
577,2025-05-17,highestBoostedValuePlayers,637,S. Ionescu,NYL,0.0,473.0,2.2221742879762942,2026-06-05 05:19:18.264647+00:00
577,2025-05-17,highestBoostedValuePlayers,639,B. Stewart,NYL,0.0,330.0,5.0723522741790195,2026-06-05 05:19:18.264647+00:00
577,2025-05-17,highestBoostedValuePlayers,643,J. Jones,NYL,0.0,11.0,3.997707300301059,2026-06-05 05:19:18.264647+00:00
577,2025-05-17,popularPlayers,670,K. Copper,PHO,0.0,917.0,0.0,2026-06-05 05:19:18.264647+00:00
577,2025-05-17,highestBoostedValuePlayers,677,N. Cloud,CHI,0.0,14.0,5.2986215653524,2026-06-05 05:19:18.264647+00:00
577,2025-05-17,highestBoostedValuePlayers,682,A. Atkins,LAS,0.0,9.0,2.2045484569633955,2026-06-05 05:19:18.264647+00:00
577,2025-05-17,popularPlayers,701,A. Reese,ATL,0.0,5400.0,1.9124587805067172,2026-06-05 05:19:18.264647+00:00
577,2025-05-17,highestBoostedValuePlayers,734,S. Diggins,CHI,0.0,206.0,3.2503585523641263,2026-06-05 05:19:18.264647+00:00
577,2025-05-17,highestBoostedValuePlayers,738,N. Ogwumike,LAS,0.0,232.0,2.064172580801908,2026-06-05 05:19:18.264647+00:00
577,2025-05-17,highestBoostedValuePlayers,745,A. Thomas,PHO,0.0,414.0,4.220014820059692,2026-06-05 05:19:18.264647+00:00
577,2025-05-17,highestBoostedValuePlayers,758,S. Sabally,NYL,0.0,49.0,4.936640491714121,2026-06-05 05:19:18.264647+00:00
577,2025-05-17,highestBoostedValuePlayers,760,N. Howard,MIN,0.0,5.0,2.689249406279757,2026-06-05 05:19:18.264647+00:00
582,2025-05-18,popularPlayers,172,O. Sims,DAL,0.6,2100.0,1.0367543103624526,2026-06-05 05:19:18.264647+00:00
582,2025-05-18,popularPlayers,593,E. Cannon,LAS,0.0,759.0,0.0,2026-06-05 05:19:18.264647+00:00
582,2025-05-18,highestBoostedValuePlayers,596,K. Plum,LAS,0.0,3200.0,3.0362579789364177,2026-06-05 05:19:18.264647+00:00
582,2025-05-18,highestBoostedValuePlayers,650,N. Collier,MIN,0.0,4300.0,4.5491589060202555,2026-06-05 05:19:18.264647+00:00
582,2025-05-18,highestBoostedValuePlayers,652,N. Hiedeman,SEA,3.0,131.0,1.853313245774583,2026-06-05 05:19:18.264647+00:00
582,2025-05-18,highestBoostedValuePlayers,653,J. Shepard,DAL,0.6,208.0,2.9515603580412897,2026-06-05 05:19:18.264647+00:00
582,2025-05-18,highestBoostedValuePlayers,654,C. Williams,MIN,0.0,488.0,4.477451547702399,2026-06-05 05:19:18.264647+00:00
582,2025-05-18,highestBoostedValuePlayers,658,A. Smith,DAL,0.0,137.0,3.894519877148454,2026-06-05 05:19:18.264647+00:00
582,2025-05-18,popularPlayers,661,D. Miller,CON,1.0,1700.0,0.23170272666666666,2026-06-05 05:19:18.264647+00:00
582,2025-05-18,highestBoostedValuePlayers,663,B. Carleton,POR,2.4,183.0,2.795615122817097,2026-06-05 05:19:18.264647+00:00
582,2025-05-18,highestBoostedValuePlayers,679,B. Sykes,TOR,0.1,252.0,4.719554428031576,2026-06-05 05:19:18.264647+00:00
582,2025-05-18,popularPlayers,685,S. Dolson,SEA,1.2,798.0,0.39341928207796656,2026-06-05 05:19:18.264647+00:00
582,2025-05-18,highestBoostedValuePlayers,686,K. Samuelson,POR,2.6,176.0,1.1628129719396327,2026-06-05 05:19:18.264647+00:00
582,2025-05-18,highestBoostedValuePlayers,687,E. Engstler,POR,2.6,71.0,0.9216412310199129,2026-06-05 05:19:18.264647+00:00
582,2025-05-18,highestBoostedValuePlayers,711,A. Stevens,CHI,0.5,248.0,4.7834173000568265,2026-06-05 05:19:18.264647+00:00
582,2025-05-18,highestBoostedValuePlayers,718,D. Hamby,LAS,0.5,486.0,4.164476816301959,2026-06-05 05:19:18.264647+00:00
582,2025-05-18,popularPlayers,723,R. Jackson,CHI,1.3,4200.0,0.9092226400047024,2026-06-05 05:19:18.264647+00:00
582,2025-05-18,highestBoostedValuePlayers,729,J. Melbourne,SEA,0.9,81.0,3.064442872632252,2026-06-05 05:19:18.264647+00:00
582,2025-05-18,highestBoostedValuePlayers,749,O. Nelson-Ododa,CON,0.0,2.0,3.132083069996216,2026-06-05 05:19:18.264647+00:00
582,2025-05-18,highestBoostedValuePlayers,4322741,S. Citron,WAS,0.6,165.0,2.7321820908029597,2026-06-05 05:19:18.264647+00:00
582,2025-05-18,highestBoostedValuePlayers,4322743,K. Iriafen,WAS,0.9,96.0,2.9645318674007757,2026-06-05 05:19:18.264647+00:00
582,2025-05-18,highestBoostedValuePlayers,4322748,S. Barker,POR,3.0,58.0,1.1584105971519254,2026-06-05 05:19:18.264647+00:00
582,2025-05-18,mostCommon3xPlayers,4322761,L. Olsen,WAS,3.0,56.0,-0.33038999999999996,2026-06-05 05:19:18.264647+00:00
586,2025-05-19,highestBoostedValuePlayers,184,G. Williams,GSV,1.9,181.0,4.604191649535237,2026-06-05 05:19:18.264647+00:00
586,2025-05-19,highestBoostedValuePlayers,336,L. Geiselsöder,POR,0.0,,0.0,2026-06-05 05:19:18.264647+00:00
586,2025-05-19,highestBoostedValuePlayers,399,K. Charles,GSV,1.8,169.0,0.46300725306524537,2026-06-05 05:19:18.264647+00:00
586,2025-05-19,highestBoostedValuePlayers,600,A. Clark,DAL,0.0,113.0,1.285736415967489,2026-06-05 05:19:18.264647+00:00
586,2025-05-19,highestBoostedValuePlayers,622,E. Wheeler,LAS,3.0,109.0,0.644885,2026-06-05 05:19:18.264647+00:00
586,2025-05-19,highestBoostedValuePlayers,629,N. Smith,LVA,3.0,117.0,1.5547341275347308,2026-06-05 05:19:18.264647+00:00
586,2025-05-19,highestBoostedValuePlayers,689,M. Hines-Allen,IND,2.4,123.0,2.507288929300557,2026-06-05 05:19:18.264647+00:00
586,2025-05-19,popularPlayers,709,Z. Cooke,SEA,3.0,686.0,0.0,2026-06-05 05:19:18.264647+00:00
586,2025-05-19,highestBoostedValuePlayers,710,L. Brown,SEA,3.0,,0.0,2026-06-05 05:19:18.264647+00:00
586,2025-05-19,highestBoostedValuePlayers,724,L. Yueru,DAL,1.8,183.0,0.5897514698161966,2026-06-05 05:19:18.264647+00:00
586,2025-05-19,highestBoostedValuePlayers,734,S. Diggins,CHI,0.4,3100.0,4.522415155843862,2026-06-05 05:19:18.264647+00:00
586,2025-05-19,highestBoostedValuePlayers,735,E. Magbegor,SEA,2.6,158.0,2.7959395221476346,2026-06-05 05:19:18.264647+00:00
586,2025-05-19,highestBoostedValuePlayers,738,N. Ogwumike,LAS,1.4,573.0,4.640249663256884,2026-06-05 05:19:18.264647+00:00
586,2025-05-19,highestBoostedValuePlayers,747,T. Harris,IND,2.6,111.0,0.5041775694093301,2026-06-05 05:19:18.264647+00:00
586,2025-05-19,highestBoostedValuePlayers,753,D. Carrington,CHI,1.1,738.0,0.6298614876659993,2026-06-05 05:19:18.264647+00:00
586,2025-05-19,highestBoostedValuePlayers,765,M. Siegrist,DAL,1.8,152.0,1.7929587939782248,2026-06-05 05:19:18.264647+00:00
586,2025-05-19,highestBoostedValuePlayers,767,A. Ogunbowale,DAL,1.3,2400.0,1.0905105156462227,2026-06-05 05:19:18.264647+00:00
586,2025-05-19,highestBoostedValuePlayers,4322740,P. Bueckers,DAL,1.6,1800.0,3.948087379888696,2026-06-05 05:19:18.264647+00:00
586,2025-05-19,highestBoostedValuePlayers,4322742,D. Malonga,SEA,3.0,90.0,0.1173254887131987,2026-06-05 05:19:18.264647+00:00
586,2025-05-19,popularPlayers,4322750,A. James,DAL,3.0,676.0,0.0,2026-06-05 05:19:18.264647+00:00
586,2025-05-19,highestBoostedValuePlayers,4322766,J. Quinerly,DAL,3.0,119.0,0.2218986,2026-06-05 05:19:18.264647+00:00
589,2025-05-20,highestBoostedValuePlayers,563,M. Caldwell,MIN,3.0,2.0,0.8115630140207022,2026-06-05 05:19:18.264647+00:00
589,2025-05-20,highestBoostedValuePlayers,594,K. Bell,LVA,3.0,3.0,1.2018614862365202,2026-06-05 05:19:18.264647+00:00
589,2025-05-20,highestBoostedValuePlayers,597,J. Young,LVA,0.9,149.0,1.8914489860621488,2026-06-05 05:19:18.264647+00:00
589,2025-05-20,highestBoostedValuePlayers,598,A. Wilson,LVA,0.0,4800.0,5.048509179220818,2026-06-05 05:19:18.264647+00:00
589,2025-05-20,highestBoostedValuePlayers,602,C. Gray,LVA,1.3,142.0,2.502907201730799,2026-06-05 05:19:18.264647+00:00
589,2025-05-20,highestBoostedValuePlayers,603,K. Stokes,GSV,3.0,2.0,1.1714062716472258,2026-06-05 05:19:18.264647+00:00
589,2025-05-20,highestBoostedValuePlayers,605,A. Gray,ATL,0.0,244.0,3.458030454243789,2026-06-05 05:19:18.264647+00:00
589,2025-05-20,highestBoostedValuePlayers,609,N. Coffey,MIN,2.9,2.0,1.299503534093846,2026-06-05 05:19:18.264647+00:00
589,2025-05-20,highestBoostedValuePlayers,616,R. Howard,ATL,1.1,111.0,4.779284458102913,2026-06-05 05:19:18.264647+00:00
589,2025-05-20,highestBoostedValuePlayers,624,C. Clark,IND,0.0,4100.0,5.316033261336242,2026-06-05 05:19:18.264647+00:00
589,2025-05-20,highestBoostedValuePlayers,626,K. Mitchell,IND,0.8,138.0,3.3464018875558605,2026-06-05 05:19:18.264647+00:00
589,2025-05-20,highestBoostedValuePlayers,627,A. Boston,IND,0.0,240.0,4.672587416775486,2026-06-05 05:19:18.264647+00:00
589,2025-05-20,popularPlayers,631,L. Hull,IND,1.3,1700.0,1.1293897538353947,2026-06-05 05:19:18.264647+00:00
589,2025-05-20,highestBoostedValuePlayers,664,B. Griner,CON,0.5,186.0,3.8126274148059904,2026-06-05 05:19:18.264647+00:00
589,2025-05-20,popularPlayers,697,M. Mabrey,TOR,1.9,1700.0,0.584863105806566,2026-06-05 05:19:18.264647+00:00
589,2025-05-20,popularPlayers,698,D. Evans,LVA,1.1,690.0,1.1110949831424455,2026-06-05 05:19:18.264647+00:00
589,2025-05-20,mostCommon3xPlayers,699,B. Turner,LVA,3.0,41.0,0.10959119999999999,2026-06-05 05:19:18.264647+00:00
589,2025-05-20,highestBoostedValuePlayers,726,J. Loyd,LVA,3.0,118.0,3.319709185841554,2026-06-05 05:19:18.264647+00:00
589,2025-05-20,popularPlayers,749,O. Nelson-Ododa,CON,0.5,1200.0,1.2053580164530378,2026-06-05 05:19:18.264647+00:00
589,2025-05-20,popularPlayers,750,D. Bonner,PHO,1.5,1800.0,0.4125562755697017,2026-06-05 05:19:18.264647+00:00
589,2025-05-20,highestBoostedValuePlayers,754,B. Jones,ATL,0.2,130.0,4.091197589599276,2026-06-05 05:19:18.264647+00:00
589,2025-05-20,popularPlayers,760,N. Howard,MIN,0.8,1400.0,0.4740683708956915,2026-06-05 05:19:18.264647+00:00
589,2025-05-20,mostCommon3xPlayers,4322751,A. Nye,ATL,3.0,24.0,0.15564141231619996,2026-06-05 05:19:18.264647+00:00
589,2025-05-20,popularPlayers,4322755,T. Paopao,ATL,1.1,775.0,0.2630190313998727,2026-06-05 05:19:18.264647+00:00
595,2025-05-21,popularPlayers,172,O. Sims,DAL,1.5,1300.0,1.5360684787642436,2026-06-05 05:19:18.264647+00:00
595,2025-05-21,highestBoostedValuePlayers,596,K. Plum,LAS,0.0,2500.0,3.974907908795644,2026-06-05 05:19:18.264647+00:00
595,2025-05-21,popularPlayers,628,T. Fágbénlé,TOR,0.0,1700.0,2.284341581970374,2026-06-05 05:19:18.264647+00:00
595,2025-05-21,highestBoostedValuePlayers,629,N. Smith,LVA,2.7,3.0,2.082578635460858,2026-06-05 05:19:18.264647+00:00
595,2025-05-21,highestBoostedValuePlayers,641,K. Thornton,GSV,2.7,16.0,3.1817008835512426,2026-06-05 05:19:18.264647+00:00
595,2025-05-21,highestBoostedValuePlayers,650,N. Collier,MIN,0.0,4500.0,4.846859585647933,2026-06-05 05:19:18.264647+00:00
595,2025-05-21,highestBoostedValuePlayers,652,N. Hiedeman,SEA,2.7,2.0,2.487801479721134,2026-06-05 05:19:18.264647+00:00
595,2025-05-21,popularPlayers,653,J. Shepard,DAL,0.6,1100.0,1.6162008508706962,2026-06-05 05:19:18.264647+00:00
595,2025-05-21,popularPlayers,654,C. Williams,MIN,0.0,3900.0,2.2266173058770904,2026-06-05 05:19:18.264647+00:00
595,2025-05-21,popularPlayers,658,A. Smith,DAL,0.2,1400.0,2.780181880079818,2026-06-05 05:19:18.264647+00:00
595,2025-05-21,highestBoostedValuePlayers,663,B. Carleton,POR,1.3,145.0,2.468351138739927,2026-06-05 05:19:18.264647+00:00
595,2025-05-21,highestBoostedValuePlayers,679,B. Sykes,TOR,0.0,671.0,4.914052569229068,2026-06-05 05:19:18.264647+00:00
595,2025-05-21,highestBoostedValuePlayers,685,S. Dolson,SEA,2.8,51.0,1.5719341948781171,2026-06-05 05:19:18.264647+00:00
595,2025-05-21,highestBoostedValuePlayers,686,K. Samuelson,POR,3.0,6.0,1.3344351185784251,2026-06-05 05:19:18.264647+00:00
595,2025-05-21,mostCommon3xPlayers,687,E. Engstler,POR,3.0,284.0,0.9373691050168623,2026-06-05 05:19:18.264647+00:00
595,2025-05-21,highestBoostedValuePlayers,689,M. Hines-Allen,IND,1.5,117.0,2.0783041629444474,2026-06-05 05:19:18.264647+00:00
595,2025-05-21,mostCommon3xPlayers,691,S. Austin,WAS,3.0,124.0,-0.19332085388470066,2026-06-05 05:19:18.264647+00:00
595,2025-05-21,highestBoostedValuePlayers,711,A. Stevens,CHI,0.1,275.0,5.116204212215483,2026-06-05 05:19:18.264647+00:00
595,2025-05-21,highestBoostedValuePlayers,712,M. Billings,IND,3.0,8.0,1.5757378106044269,2026-06-05 05:19:18.264647+00:00
595,2025-05-21,popularPlayers,718,D. Hamby,LAS,0.2,2900.0,2.8844987848516377,2026-06-05 05:19:18.264647+00:00
595,2025-05-21,popularPlayers,723,R. Jackson,CHI,2.3,1100.0,0.0,2026-06-05 05:19:18.264647+00:00
595,2025-05-21,popularPlayers,729,J. Melbourne,SEA,0.7,1400.0,1.9773804933654247,2026-06-05 05:19:18.264647+00:00
595,2025-05-21,highestBoostedValuePlayers,736,S. Whitcomb,PHO,3.0,3.0,1.7684132375537716,2026-06-05 05:19:18.264647+00:00
595,2025-05-21,highestBoostedValuePlayers,745,A. Thomas,PHO,0.1,520.0,4.216737287821,2026-06-05 05:19:18.264647+00:00
595,2025-05-21,highestBoostedValuePlayers,753,D. Carrington,CHI,2.5,15.0,1.6010878859204964,2026-06-05 05:19:18.264647+00:00
595,2025-05-21,highestBoostedValuePlayers,758,S. Sabally,NYL,0.0,477.0,4.419626305678207,2026-06-05 05:19:18.264647+00:00
595,2025-05-21,highestBoostedValuePlayers,759,V. Burton,GSV,2.4,1.0,4.321741583767688,2026-06-05 05:19:18.264647+00:00
595,2025-05-21,highestBoostedValuePlayers,767,A. Ogunbowale,DAL,2.1,205.0,3.4127707289920353,2026-06-05 05:19:18.264647+00:00
595,2025-05-21,highestBoostedValuePlayers,4322738,M. Akoa Makani,PHO,3.0,2.0,2.0317460967919856,2026-06-05 05:19:18.264647+00:00
595,2025-05-21,highestBoostedValuePlayers,4322740,P. Bueckers,DAL,0.6,1000.0,3.5919264594183824,2026-06-05 05:19:18.264647+00:00
595,2025-05-21,popularPlayers,4322741,S. Citron,WAS,0.7,2200.0,2.2896868972397484,2026-06-05 05:19:18.264647+00:00
595,2025-05-21,popularPlayers,4322743,K. Iriafen,WAS,0.7,2100.0,2.419923752520569,2026-06-05 05:19:18.264647+00:00
596,2025-05-22,highestBoostedValuePlayers,449,R. Gardner,NYL,3.0,7.0,1.5940695949482084,2026-06-05 05:19:18.264647+00:00
596,2025-05-22,popularPlayers,605,A. Gray,ATL,0.0,2800.0,2.1834019734766876,2026-06-05 05:19:18.264647+00:00
596,2025-05-22,highestBoostedValuePlayers,609,N. Coffey,MIN,2.9,72.0,1.4742676644194634,2026-06-05 05:19:18.264647+00:00
596,2025-05-22,highestBoostedValuePlayers,616,R. Howard,ATL,0.3,152.0,3.9542910091426022,2026-06-05 05:19:18.264647+00:00
596,2025-05-22,popularPlayers,624,C. Clark,IND,0.0,9800.0,2.098663821090991,2026-06-05 05:19:18.264647+00:00
596,2025-05-22,highestBoostedValuePlayers,626,K. Mitchell,IND,0.6,109.0,1.9315085733458597,2026-06-05 05:19:18.264647+00:00
596,2025-05-22,popularPlayers,627,A. Boston,IND,0.0,3600.0,1.6520094968090115,2026-06-05 05:19:18.264647+00:00
596,2025-05-22,highestBoostedValuePlayers,631,L. Hull,IND,2.1,91.0,2.592467554179599,2026-06-05 05:19:18.264647+00:00
596,2025-05-22,highestBoostedValuePlayers,632,D. Dantas,IND,3.0,1.0,1.2639419795718825,2026-06-05 05:19:18.264647+00:00
596,2025-05-22,highestBoostedValuePlayers,635,K. Burke,CON,1.2,99.0,3.9367886094465385,2026-06-05 05:19:18.264647+00:00
596,2025-05-22,highestBoostedValuePlayers,636,N. Sabally,TOR,2.0,14.0,1.516346794783321,2026-06-05 05:19:18.264647+00:00
596,2025-05-22,highestBoostedValuePlayers,637,S. Ionescu,NYL,1.2,690.0,3.127486763630782,2026-06-05 05:19:18.264647+00:00
596,2025-05-22,popularPlayers,639,B. Stewart,NYL,0.0,7500.0,2.04608884353866,2026-06-05 05:19:18.264647+00:00
596,2025-05-22,highestBoostedValuePlayers,643,J. Jones,NYL,0.1,177.0,2.4095379594644664,2026-06-05 05:19:18.264647+00:00
596,2025-05-22,highestBoostedValuePlayers,645,C. Vandersloot,CHI,2.5,13.0,2.3493896353211077,2026-06-05 05:19:18.264647+00:00
596,2025-05-22,highestBoostedValuePlayers,647,L. Fiebich,NYL,2.8,14.0,1.1583469905426862,2026-06-05 05:19:18.264647+00:00
596,2025-05-22,popularPlayers,664,B. Griner,CON,0.3,3400.0,0.7451772372843001,2026-06-05 05:19:18.264647+00:00
596,2025-05-22,highestBoostedValuePlayers,673,R. Allen,NYL,3.0,10.0,1.1170656683234106,2026-06-05 05:19:18.264647+00:00
596,2025-05-22,highestBoostedValuePlayers,677,N. Cloud,CHI,0.0,302.0,4.436930647499465,2026-06-05 05:19:18.264647+00:00
596,2025-05-22,popularPlayers,682,A. Atkins,LAS,1.2,986.0,0.9781368483377544,2026-06-05 05:19:18.264647+00:00
596,2025-05-22,popularPlayers,701,A. Reese,ATL,1.6,5400.0,1.056620837178357,2026-06-05 05:19:18.264647+00:00
596,2025-05-22,popularPlayers,705,K. Cardoso,CHI,1.5,1300.0,0.5990589762568629,2026-06-05 05:19:18.264647+00:00
596,2025-05-22,highestBoostedValuePlayers,708,E. Williams,CHI,3.0,10.0,2.122450991403619,2026-06-05 05:19:18.264647+00:00
596,2025-05-22,popularPlayers,725,K. Nurse,TOR,3.0,1000.0,0.3476764163939361,2026-06-05 05:19:18.264647+00:00
596,2025-05-22,highestBoostedValuePlayers,741,R. Banham,CHI,3.0,10.0,2.0828661257532466,2026-06-05 05:19:18.264647+00:00
596,2025-05-22,popularPlayers,750,D. Bonner,PHO,3.0,1000.0,0.6554746774102461,2026-06-05 05:19:18.264647+00:00
596,2025-05-22,highestBoostedValuePlayers,754,B. Jones,ATL,0.2,127.0,3.751861289971551,2026-06-05 05:19:18.264647+00:00
596,2025-05-22,highestBoostedValuePlayers,760,N. Howard,MIN,2.2,126.0,4.697911968695129,2026-06-05 05:19:18.264647+00:00
596,2025-05-22,highestBoostedValuePlayers,4322749,H. Van Lith,CON,3.0,54.0,1.3572274359369956,2026-06-05 05:19:18.264647+00:00
596,2025-05-22,highestBoostedValuePlayers,4322755,T. Paopao,ATL,3.0,85.0,1.763059637475877,2026-06-05 05:19:18.264647+00:00
602,2025-05-23,popularPlayers,596,K. Plum,LAS,0.0,5900.0,2.7082440226362694,2026-06-05 05:19:18.264647+00:00
602,2025-05-23,highestBoostedValuePlayers,597,J. Young,LVA,1.2,279.0,4.295258369605833,2026-06-05 05:19:18.264647+00:00
602,2025-05-23,highestBoostedValuePlayers,598,A. Wilson,LVA,0.0,5700.0,4.557111924946834,2026-06-05 05:19:18.264647+00:00
602,2025-05-23,popularPlayers,602,C. Gray,LVA,1.1,1900.0,2.17233729936832,2026-06-05 05:19:18.264647+00:00
602,2025-05-23,highestBoostedValuePlayers,641,K. Thornton,GSV,1.1,3.0,2.8211855223188147,2026-06-05 05:19:18.264647+00:00
602,2025-05-23,highestBoostedValuePlayers,650,N. Collier,MIN,0.0,1800.0,5.956564323747475,2026-06-05 05:19:18.264647+00:00
602,2025-05-23,highestBoostedValuePlayers,652,N. Hiedeman,SEA,1.9,5.0,2.0077602542708033,2026-06-05 05:19:18.264647+00:00
602,2025-05-23,popularPlayers,654,C. Williams,MIN,0.1,1600.0,1.0194045857562215,2026-06-05 05:19:18.264647+00:00
602,2025-05-23,popularPlayers,663,B. Carleton,POR,1.2,1500.0,0.8839916529901918,2026-06-05 05:19:18.264647+00:00
602,2025-05-23,popularPlayers,679,B. Sykes,TOR,0.0,3800.0,0.0,2026-06-05 05:19:18.264647+00:00
602,2025-05-23,highestBoostedValuePlayers,685,S. Dolson,SEA,2.6,9.0,2.8140440093967642,2026-06-05 05:19:18.264647+00:00
602,2025-05-23,highestBoostedValuePlayers,697,M. Mabrey,TOR,3.0,76.0,4.059048757109329,2026-06-05 05:19:18.264647+00:00
602,2025-05-23,popularPlayers,711,A. Stevens,CHI,0.0,2000.0,2.122236997489909,2026-06-05 05:19:18.264647+00:00
602,2025-05-23,highestBoostedValuePlayers,718,D. Hamby,LAS,0.4,224.0,4.387225251092901,2026-06-05 05:19:18.264647+00:00
602,2025-05-23,highestBoostedValuePlayers,726,J. Loyd,LVA,1.1,69.0,2.8019455897095593,2026-06-05 05:19:18.264647+00:00
602,2025-05-23,popularPlayers,729,J. Melbourne,SEA,0.9,1100.0,1.8537687483706278,2026-06-05 05:19:18.264647+00:00
602,2025-05-23,highestBoostedValuePlayers,734,S. Diggins,CHI,0.2,251.0,5.8726079086324505,2026-06-05 05:19:18.264647+00:00
602,2025-05-23,highestBoostedValuePlayers,738,N. Ogwumike,LAS,0.4,255.0,4.981885462879252,2026-06-05 05:19:18.264647+00:00
602,2025-05-23,popularPlayers,745,A. Thomas,PHO,0.1,2400.0,3.61187229532918,2026-06-05 05:19:18.264647+00:00
602,2025-05-23,highestBoostedValuePlayers,749,O. Nelson-Ododa,CON,1.2,7.0,2.4942175035878305,2026-06-05 05:19:18.264647+00:00
602,2025-05-23,popularPlayers,758,S. Sabally,NYL,0.0,3100.0,2.686369389791152,2026-06-05 05:19:18.264647+00:00
602,2025-05-23,highestBoostedValuePlayers,762,C. Leite,POR,1.3,1.0,3.3952816530865633,2026-06-05 05:19:18.264647+00:00
602,2025-05-23,highestBoostedValuePlayers,4322738,M. Akoa Makani,PHO,2.8,1.0,2.7655301096838927,2026-06-05 05:19:18.264647+00:00
602,2025-05-23,highestBoostedValuePlayers,4322741,S. Citron,WAS,0.8,198.0,3.371220775124426,2026-06-05 05:19:18.264647+00:00
602,2025-05-23,highestBoostedValuePlayers,4322743,K. Iriafen,WAS,0.8,195.0,3.766114550161011,2026-06-05 05:19:18.264647+00:00
602,2025-05-23,highestBoostedValuePlayers,4322746,S. Rivers,CON,1.9,1.0,3.7407069061470937,2026-06-05 05:19:18.264647+00:00
602,2025-05-23,highestBoostedValuePlayers,4322748,S. Barker,POR,3.0,8.0,2.047960951915143,2026-06-05 05:19:18.264647+00:00
602,2025-05-23,highestBoostedValuePlayers,4322797,J. Salaün,GSV,3.0,4.0,3.489390623155023,2026-06-05 05:19:18.264647+00:00
605,2025-05-24,highestBoostedValuePlayers,399,K. Charles,GSV,3.0,29.0,1.596221420759265,2026-06-05 05:19:18.264647+00:00
605,2025-05-24,highestBoostedValuePlayers,563,M. Caldwell,MIN,3.0,40.0,1.4764468578520895,2026-06-05 05:19:18.264647+00:00
605,2025-05-24,highestBoostedValuePlayers,605,A. Gray,ATL,0.2,497.0,6.108217090128029,2026-06-05 05:19:18.264647+00:00
605,2025-05-24,highestBoostedValuePlayers,609,N. Coffey,MIN,2.7,49.0,1.882990577116904,2026-06-05 05:19:18.264647+00:00
605,2025-05-24,highestBoostedValuePlayers,616,R. Howard,ATL,0.2,440.0,3.3200637549622996,2026-06-05 05:19:18.264647+00:00
605,2025-05-24,mostCommon3xPlayers,617,N. Hillmon,ATL,3.0,218.0,0.28736726343833086,2026-06-05 05:19:18.264647+00:00
605,2025-05-24,popularPlayers,624,C. Clark,IND,0.0,6400.0,2.4815545581757705,2026-06-05 05:19:18.264647+00:00
605,2025-05-24,highestBoostedValuePlayers,626,K. Mitchell,IND,0.8,79.0,3.171043102312176,2026-06-05 05:19:18.264647+00:00
605,2025-05-24,highestBoostedValuePlayers,627,A. Boston,IND,0.2,167.0,6.358033846683763,2026-06-05 05:19:18.264647+00:00
605,2025-05-24,highestBoostedValuePlayers,629,N. Smith,LVA,2.1,139.0,2.0646239270401905,2026-06-05 05:19:18.264647+00:00
605,2025-05-24,highestBoostedValuePlayers,631,L. Hull,IND,1.5,92.0,2.4593153619801056,2026-06-05 05:19:18.264647+00:00
605,2025-05-24,highestBoostedValuePlayers,637,S. Ionescu,NYL,0.8,348.0,5.147605138656538,2026-06-05 05:19:18.264647+00:00
605,2025-05-24,highestBoostedValuePlayers,639,B. Stewart,NYL,0.3,541.0,3.535681685025051,2026-06-05 05:19:18.264647+00:00
605,2025-05-24,highestBoostedValuePlayers,643,J. Jones,NYL,0.5,92.0,5.57684333919954,2026-06-05 05:19:18.264647+00:00
605,2025-05-24,mostCommon3xPlayers,647,L. Fiebich,NYL,3.0,339.0,0.0,2026-06-05 05:19:18.264647+00:00
605,2025-05-24,highestBoostedValuePlayers,664,B. Griner,CON,0.9,290.0,2.187127367962149,2026-06-05 05:19:18.264647+00:00
605,2025-05-24,highestBoostedValuePlayers,677,N. Cloud,CHI,0.0,359.0,4.879730667602562,2026-06-05 05:19:18.264647+00:00
605,2025-05-24,popularPlayers,689,M. Hines-Allen,IND,1.4,1600.0,0.5987549424661625,2026-06-05 05:19:18.264647+00:00
605,2025-05-24,highestBoostedValuePlayers,747,T. Harris,IND,3.0,33.0,1.9761700546081924,2026-06-05 05:19:18.264647+00:00
605,2025-05-24,highestBoostedValuePlayers,750,D. Bonner,PHO,3.0,6.0,1.8157239757685637,2026-06-05 05:19:18.264647+00:00
605,2025-05-24,popularPlayers,753,D. Carrington,CHI,2.3,2200.0,1.310058518290017,2026-06-05 05:19:18.264647+00:00
605,2025-05-24,highestBoostedValuePlayers,754,B. Jones,ATL,0.2,450.0,3.584204843151996,2026-06-05 05:19:18.264647+00:00
605,2025-05-24,popularPlayers,760,N. Howard,MIN,0.8,809.0,1.6793586970921617,2026-06-05 05:19:18.264647+00:00
605,2025-05-24,highestBoostedValuePlayers,765,M. Siegrist,DAL,2.2,100.0,2.2391971291903245,2026-06-05 05:19:18.264647+00:00
605,2025-05-24,popularPlayers,767,A. Ogunbowale,DAL,1.2,4300.0,1.3516930381878642,2026-06-05 05:19:18.264647+00:00
605,2025-05-24,highestBoostedValuePlayers,4322740,P. Bueckers,DAL,0.5,986.0,2.662449764703407,2026-06-05 05:19:18.264647+00:00
611,2025-05-25,highestBoostedValuePlayers,172,O. Sims,DAL,1.7,26.0,3.348875969725208,2026-06-05 05:19:18.264647+00:00
611,2025-05-25,highestBoostedValuePlayers,373,K. Westbeld,PHO,1.9,7.0,2.3992966952081574,2026-06-05 05:19:18.264647+00:00
611,2025-05-25,highestBoostedValuePlayers,563,M. Caldwell,MIN,3.0,2.0,3.15868194252836,2026-06-05 05:19:18.264647+00:00
611,2025-05-25,highestBoostedValuePlayers,596,K. Plum,LAS,0.0,1000.0,5.990392628015316,2026-06-05 05:19:18.264647+00:00
611,2025-05-25,popularPlayers,597,J. Young,LVA,0.6,2000.0,1.8649787532959357,2026-06-05 05:19:18.264647+00:00
611,2025-05-25,popularPlayers,598,A. Wilson,LVA,0.0,8500.0,2.9886299216413246,2026-06-05 05:19:18.264647+00:00
611,2025-05-25,highestBoostedValuePlayers,600,A. Clark,DAL,3.0,2.0,1.9268094912265665,2026-06-05 05:19:18.264647+00:00
611,2025-05-25,popularPlayers,602,C. Gray,LVA,1.1,2000.0,1.5410030887669595,2026-06-05 05:19:18.264647+00:00
611,2025-05-25,highestBoostedValuePlayers,605,A. Gray,ATL,0.0,448.0,4.01040253755425,2026-06-05 05:19:18.264647+00:00
611,2025-05-25,highestBoostedValuePlayers,609,N. Coffey,MIN,2.4,8.0,3.7147470742153983,2026-06-05 05:19:18.264647+00:00
611,2025-05-25,popularPlayers,616,R. Howard,ATL,0.3,1300.0,2.2982390547197897,2026-06-05 05:19:18.264647+00:00
611,2025-05-25,highestBoostedValuePlayers,617,N. Hillmon,ATL,3.0,1.0,2.588058612055988,2026-06-05 05:19:18.264647+00:00
611,2025-05-25,highestBoostedValuePlayers,622,E. Wheeler,LAS,3.0,5.0,5.39265050805094,2026-06-05 05:19:18.264647+00:00
611,2025-05-25,popularPlayers,664,B. Griner,CON,1.0,1900.0,0.0,2026-06-05 05:19:18.264647+00:00
611,2025-05-25,popularPlayers,679,B. Sykes,TOR,0.0,2800.0,2.146599122478973,2026-06-05 05:19:18.264647+00:00
611,2025-05-25,highestBoostedValuePlayers,697,M. Mabrey,TOR,1.3,35.0,2.61245291662498,2026-06-05 05:19:18.264647+00:00
611,2025-05-25,highestBoostedValuePlayers,701,A. Reese,ATL,2.4,625.0,2.8843066036141924,2026-06-05 05:19:18.264647+00:00
611,2025-05-25,highestBoostedValuePlayers,705,K. Cardoso,CHI,2.9,7.0,2.3501272720697273,2026-06-05 05:19:18.264647+00:00
611,2025-05-25,highestBoostedValuePlayers,708,E. Williams,CHI,2.4,3.0,1.9754221581237683,2026-06-05 05:19:18.264647+00:00
611,2025-05-25,highestBoostedValuePlayers,711,A. Stevens,CHI,0.2,176.0,5.576158567942032,2026-06-05 05:19:18.264647+00:00
611,2025-05-25,highestBoostedValuePlayers,718,D. Hamby,LAS,0.2,205.0,4.6030001211268665,2026-06-05 05:19:18.264647+00:00
611,2025-05-25,highestBoostedValuePlayers,726,J. Loyd,LVA,1.0,62.0,3.1532114575523598,2026-06-05 05:19:18.264647+00:00
611,2025-05-25,popularPlayers,734,S. Diggins,CHI,0.0,4000.0,2.6328085605515503,2026-06-05 05:19:18.264647+00:00
611,2025-05-25,highestBoostedValuePlayers,736,S. Whitcomb,PHO,2.4,1.0,1.825254955461029,2026-06-05 05:19:18.264647+00:00
611,2025-05-25,highestBoostedValuePlayers,738,N. Ogwumike,LAS,0.2,238.0,5.745209459219114,2026-06-05 05:19:18.264647+00:00
611,2025-05-25,popularPlayers,745,A. Thomas,PHO,0.1,2300.0,2.463146778412432,2026-06-05 05:19:18.264647+00:00
611,2025-05-25,popularPlayers,754,B. Jones,ATL,0.2,1200.0,1.0527951362302856,2026-06-05 05:19:18.264647+00:00
611,2025-05-25,mostCommon3xPlayers,757,J. Sheldon,CHI,3.0,71.0,1.0049255513889057,2026-06-05 05:19:18.264647+00:00
611,2025-05-25,popularPlayers,758,S. Sabally,NYL,0.1,2400.0,2.3718540959847103,2026-06-05 05:19:18.264647+00:00
611,2025-05-25,highestBoostedValuePlayers,4322738,M. Akoa Makani,PHO,1.7,2.0,2.764654330044811,2026-06-05 05:19:18.264647+00:00
611,2025-05-25,popularPlayers,4322741,S. Citron,WAS,0.7,1600.0,1.6776748292878996,2026-06-05 05:19:18.264647+00:00
611,2025-05-25,popularPlayers,4322743,K. Iriafen,WAS,0.6,1600.0,1.2409697273991773,2026-06-05 05:19:18.264647+00:00
611,2025-05-25,popularPlayers,4322748,S. Barker,POR,3.0,921.0,1.1448743873651128,2026-06-05 05:19:18.264647+00:00
611,2025-05-25,mostCommon3xPlayers,4322749,H. Van Lith,CON,3.0,194.0,0.0,2026-06-05 05:19:18.264647+00:00
611,2025-05-25,mostCommon3xPlayers,4322755,T. Paopao,ATL,3.0,216.0,0.0,2026-06-05 05:19:18.264647+00:00
617,2025-05-27,highestBoostedValuePlayers,184,G. Williams,GSV,0.7,185.0,4.126450233541936,2026-06-05 05:19:18.264647+00:00
617,2025-05-27,highestBoostedValuePlayers,373,K. Westbeld,PHO,1.6,20.0,2.951068105493226,2026-06-05 05:19:18.264647+00:00
617,2025-05-27,mostCommon3xPlayers,563,M. Caldwell,MIN,3.0,549.0,0.6520150940348368,2026-06-05 05:19:18.264647+00:00
617,2025-05-27,popularPlayers,596,K. Plum,LAS,0.0,6600.0,4.66551845398863,2026-06-05 05:19:18.264647+00:00
617,2025-05-27,popularPlayers,605,A. Gray,ATL,0.0,3400.0,5.133160651125539,2026-06-05 05:19:18.264647+00:00
617,2025-05-27,highestBoostedValuePlayers,616,R. Howard,ATL,0.4,280.0,5.028749659989792,2026-06-05 05:19:18.264647+00:00
617,2025-05-27,highestBoostedValuePlayers,617,N. Hillmon,ATL,3.0,6.0,2.719053625387103,2026-06-05 05:19:18.264647+00:00
617,2025-05-27,popularPlayers,637,S. Ionescu,NYL,0.3,4300.0,2.026474621867112,2026-06-05 05:19:18.264647+00:00
617,2025-05-27,highestBoostedValuePlayers,639,B. Stewart,NYL,0.3,639.0,4.686196957158968,2026-06-05 05:19:18.264647+00:00
617,2025-05-27,popularPlayers,643,J. Jones,NYL,0.1,1400.0,3.635981746976424,2026-06-05 05:19:18.264647+00:00
617,2025-05-27,highestBoostedValuePlayers,645,C. Vandersloot,CHI,1.5,35.0,3.9649653126611692,2026-06-05 05:19:18.264647+00:00
617,2025-05-27,mostCommon3xPlayers,647,L. Fiebich,NYL,3.0,479.0,1.8088660863562196,2026-06-05 05:19:18.264647+00:00
617,2025-05-27,popularPlayers,650,N. Collier,MIN,0.0,7600.0,4.666194651019058,2026-06-05 05:19:18.264647+00:00
617,2025-05-27,popularPlayers,654,C. Williams,MIN,0.4,1500.0,4.236990056277068,2026-06-05 05:19:18.264647+00:00
617,2025-05-27,popularPlayers,677,N. Cloud,CHI,0.0,2900.0,2.452037776599763,2026-06-05 05:19:18.264647+00:00
617,2025-05-27,highestBoostedValuePlayers,682,A. Atkins,LAS,1.9,3.0,3.5089549795038564,2026-06-05 05:19:18.264647+00:00
617,2025-05-27,highestBoostedValuePlayers,701,A. Reese,ATL,1.5,684.0,4.183377078963313,2026-06-05 05:19:18.264647+00:00
617,2025-05-27,highestBoostedValuePlayers,705,K. Cardoso,CHI,2.0,10.0,3.5772247785219555,2026-06-05 05:19:18.264647+00:00
617,2025-05-27,popularPlayers,711,A. Stevens,CHI,0.1,1800.0,2.7338978309370168,2026-06-05 05:19:18.264647+00:00
617,2025-05-27,highestBoostedValuePlayers,718,D. Hamby,LAS,0.2,272.0,5.808846736111914,2026-06-05 05:19:18.264647+00:00
617,2025-05-27,highestBoostedValuePlayers,725,K. Nurse,TOR,3.0,1.0,2.526209428783447,2026-06-05 05:19:18.264647+00:00
617,2025-05-27,popularPlayers,734,S. Diggins,CHI,0.1,2200.0,1.7470711562243404,2026-06-05 05:19:18.264647+00:00
617,2025-05-27,popularPlayers,738,N. Ogwumike,LAS,0.0,3700.0,2.075384628803706,2026-06-05 05:19:18.264647+00:00
617,2025-05-27,highestBoostedValuePlayers,745,A. Thomas,PHO,0.3,372.0,6.1124780556165605,2026-06-05 05:19:18.264647+00:00
617,2025-05-27,highestBoostedValuePlayers,753,D. Carrington,CHI,2.5,17.0,2.675216658905856,2026-06-05 05:19:18.264647+00:00
617,2025-05-27,popularPlayers,754,B. Jones,ATL,0.4,1600.0,1.6140040893446546,2026-06-05 05:19:18.264647+00:00
617,2025-05-27,highestBoostedValuePlayers,757,J. Sheldon,CHI,3.0,1.0,2.8604546777222533,2026-06-05 05:19:18.264647+00:00
617,2025-05-27,popularPlayers,758,S. Sabally,NYL,0.3,2300.0,3.390874985472316,2026-06-05 05:19:18.264647+00:00
617,2025-05-27,highestBoostedValuePlayers,767,A. Ogunbowale,DAL,1.5,75.0,4.300079715485171,2026-06-05 05:19:18.264647+00:00
617,2025-05-27,highestBoostedValuePlayers,4322740,P. Bueckers,DAL,0.5,774.0,5.069035856496396,2026-06-05 05:19:18.264647+00:00
617,2025-05-27,mostCommon3xPlayers,4322748,S. Barker,POR,3.0,143.0,0.3098589066666667,2026-06-05 05:19:18.264647+00:00
617,2025-05-27,mostCommon3xPlayers,4322755,T. Paopao,ATL,3.0,144.0,0.533127827296212,2026-06-05 05:19:18.264647+00:00
623,2025-05-28,highestBoostedValuePlayers,626,K. Mitchell,IND,0.7,935.0,2.6205791261975304,2026-06-05 05:19:18.264647+00:00
623,2025-05-28,highestBoostedValuePlayers,627,A. Boston,IND,0.0,5300.0,3.229068628187743,2026-06-05 05:19:18.264647+00:00
623,2025-05-28,highestBoostedValuePlayers,631,L. Hull,IND,1.4,391.0,1.578527178410147,2026-06-05 05:19:18.264647+00:00
623,2025-05-28,highestBoostedValuePlayers,632,D. Dantas,IND,3.0,108.0,1.3232549440999106,2026-06-05 05:19:18.264647+00:00
623,2025-05-28,highestBoostedValuePlayers,649,S. Koné,ATL,3.0,,0.0,2026-06-05 05:19:18.264647+00:00
623,2025-05-28,highestBoostedValuePlayers,671,S. Cunningham,IND,3.0,418.0,0.3689791817400487,2026-06-05 05:19:18.264647+00:00
623,2025-05-28,highestBoostedValuePlayers,679,B. Sykes,TOR,0.1,1600.0,2.9753145624682116,2026-06-05 05:19:18.264647+00:00
623,2025-05-28,highestBoostedValuePlayers,683,A. Edwards,CON,2.8,13.0,0.39771598955737236,2026-06-05 05:19:18.264647+00:00
623,2025-05-28,highestBoostedValuePlayers,685,S. Dolson,SEA,2.3,157.0,0.3495644234948952,2026-06-05 05:19:18.264647+00:00
623,2025-05-28,highestBoostedValuePlayers,687,E. Engstler,POR,3.0,86.0,1.6101337284780524,2026-06-05 05:19:18.264647+00:00
623,2025-05-28,highestBoostedValuePlayers,691,S. Austin,WAS,3.0,9.0,2.517503639044101,2026-06-05 05:19:18.264647+00:00
623,2025-05-28,highestBoostedValuePlayers,699,B. Turner,LVA,3.0,,0.0,2026-06-05 05:19:18.264647+00:00
623,2025-05-28,highestBoostedValuePlayers,729,J. Melbourne,SEA,1.5,160.0,1.4387816285092663,2026-06-05 05:19:18.264647+00:00
623,2025-05-28,highestBoostedValuePlayers,750,D. Bonner,PHO,3.0,207.0,3.656949122609519,2026-06-05 05:19:18.264647+00:00
623,2025-05-28,highestBoostedValuePlayers,760,N. Howard,MIN,1.0,342.0,0.6380286895554564,2026-06-05 05:19:18.264647+00:00
623,2025-05-28,highestBoostedValuePlayers,4322741,S. Citron,WAS,0.8,412.0,2.313946824414499,2026-06-05 05:19:18.264647+00:00
623,2025-05-28,highestBoostedValuePlayers,4322743,K. Iriafen,WAS,0.9,481.0,3.071127828741881,2026-06-05 05:19:18.264647+00:00
623,2025-05-28,highestBoostedValuePlayers,4322761,L. Olsen,WAS,3.0,107.0,1.072897562399747,2026-06-05 05:19:18.264647+00:00
627,2025-05-29,mostCommon3xPlayers,449,R. Gardner,NYL,3.0,224.0,0.7216264154552311,2026-06-05 05:19:18.264647+00:00
627,2025-05-29,popularPlayers,628,T. Fágbénlé,TOR,0.7,1200.0,0.8272569646933295,2026-06-05 05:19:18.264647+00:00
627,2025-05-29,popularPlayers,629,N. Smith,LVA,2.1,959.0,0.6136342684571069,2026-06-05 05:19:18.264647+00:00
627,2025-05-29,highestBoostedValuePlayers,635,K. Burke,CON,1.3,81.0,2.5127396775611452,2026-06-05 05:19:18.264647+00:00
627,2025-05-29,highestBoostedValuePlayers,637,S. Ionescu,NYL,0.5,870.0,4.511646209057643,2026-06-05 05:19:18.264647+00:00
627,2025-05-29,highestBoostedValuePlayers,639,B. Stewart,NYL,0.2,2800.0,5.451067858210808,2026-06-05 05:19:18.264647+00:00
627,2025-05-29,popularPlayers,641,K. Thornton,GSV,1.0,1100.0,1.5339677943496977,2026-06-05 05:19:18.264647+00:00
627,2025-05-29,popularPlayers,643,J. Jones,NYL,0.2,2700.0,0.0,2026-06-05 05:19:18.264647+00:00
627,2025-05-29,highestBoostedValuePlayers,645,C. Vandersloot,CHI,1.0,139.0,3.461115915955484,2026-06-05 05:19:18.264647+00:00
627,2025-05-29,highestBoostedValuePlayers,673,R. Allen,NYL,3.0,18.0,2.4420437756749247,2026-06-05 05:19:18.264647+00:00
627,2025-05-29,popularPlayers,677,N. Cloud,CHI,0.0,3300.0,2.9226865083200058,2026-06-05 05:19:18.264647+00:00
627,2025-05-29,highestBoostedValuePlayers,682,A. Atkins,LAS,1.3,131.0,3.341117172402223,2026-06-05 05:19:18.264647+00:00
627,2025-05-29,highestBoostedValuePlayers,689,M. Hines-Allen,IND,1.8,129.0,2.5087195078587796,2026-06-05 05:19:18.264647+00:00
627,2025-05-29,highestBoostedValuePlayers,700,M. Onyenwere,WAS,3.0,1.0,2.034783295123932,2026-06-05 05:19:18.264647+00:00
627,2025-05-29,highestBoostedValuePlayers,701,A. Reese,ATL,0.9,630.0,2.271154847017629,2026-06-05 05:19:18.264647+00:00
627,2025-05-29,highestBoostedValuePlayers,705,K. Cardoso,CHI,1.3,182.0,4.775592705604311,2026-06-05 05:19:18.264647+00:00
627,2025-05-29,popularPlayers,708,E. Williams,CHI,2.1,648.0,1.0801412068833407,2026-06-05 05:19:18.264647+00:00
627,2025-05-29,highestBoostedValuePlayers,712,M. Billings,IND,2.5,2.0,2.6590095665968123,2026-06-05 05:19:18.264647+00:00
627,2025-05-29,highestBoostedValuePlayers,719,S. Talbot,LVA,3.0,1.0,1.2698465830282883,2026-06-05 05:19:18.264647+00:00
627,2025-05-29,highestBoostedValuePlayers,725,K. Nurse,TOR,3.0,23.0,1.2037260573960955,2026-06-05 05:19:18.264647+00:00
627,2025-05-29,mostCommon3xPlayers,747,T. Harris,IND,3.0,401.0,0.0,2026-06-05 05:19:18.264647+00:00
627,2025-05-29,highestBoostedValuePlayers,753,D. Carrington,CHI,1.9,189.0,2.2328025083195384,2026-06-05 05:19:18.264647+00:00
627,2025-05-29,highestBoostedValuePlayers,759,V. Burton,GSV,0.7,159.0,2.313002099803006,2026-06-05 05:19:18.264647+00:00
627,2025-05-29,popularPlayers,765,M. Siegrist,DAL,1.9,887.0,1.3699168809011084,2026-06-05 05:19:18.264647+00:00
627,2025-05-29,highestBoostedValuePlayers,767,A. Ogunbowale,DAL,1.0,482.0,6.797445800339845,2026-06-05 05:19:18.264647+00:00
627,2025-05-29,highestBoostedValuePlayers,4322740,P. Bueckers,DAL,0.3,3100.0,4.5949354228212185,2026-06-05 05:19:18.264647+00:00
627,2025-05-29,mostCommon3xPlayers,4322749,H. Van Lith,CON,3.0,496.0,0.5363854167221281,2026-06-05 05:19:18.264647+00:00
627,2025-05-29,highestBoostedValuePlayers,4322797,J. Salaün,GSV,1.7,4.0,3.474086917435094,2026-06-05 05:19:18.264647+00:00
628,2025-05-30,mostCommon3xPlayers,563,M. Caldwell,MIN,3.0,41.0,0.5869385734167336,2026-06-05 05:19:18.264647+00:00
628,2025-05-30,popularPlayers,596,K. Plum,LAS,0.0,5400.0,1.4188429912717422,2026-06-05 05:19:18.264647+00:00
628,2025-05-30,highestBoostedValuePlayers,597,J. Young,LVA,0.8,201.0,4.579800123441085,2026-06-05 05:19:18.264647+00:00
628,2025-05-30,highestBoostedValuePlayers,598,A. Wilson,LVA,0.0,3700.0,8.771909410579237,2026-06-05 05:19:18.264647+00:00
628,2025-05-30,highestBoostedValuePlayers,602,C. Gray,LVA,1.3,205.0,3.80738981938481,2026-06-05 05:19:18.264647+00:00
628,2025-05-30,highestBoostedValuePlayers,603,K. Stokes,GSV,3.0,4.0,2.059725983902927,2026-06-05 05:19:18.264647+00:00
628,2025-05-30,popularPlayers,605,A. Gray,ATL,0.0,2600.0,3.763169457864996,2026-06-05 05:19:18.264647+00:00
628,2025-05-30,highestBoostedValuePlayers,616,R. Howard,ATL,0.3,208.0,5.895573315549607,2026-06-05 05:19:18.264647+00:00
628,2025-05-30,highestBoostedValuePlayers,617,N. Hillmon,ATL,2.8,4.0,2.915892481721415,2026-06-05 05:19:18.264647+00:00
628,2025-05-30,highestBoostedValuePlayers,622,E. Wheeler,LAS,1.4,2.0,2.9205097038962475,2026-06-05 05:19:18.264647+00:00
628,2025-05-30,highestBoostedValuePlayers,627,A. Boston,IND,0.1,326.0,5.11923037427127,2026-06-05 05:19:18.264647+00:00
628,2025-05-30,highestBoostedValuePlayers,637,S. Ionescu,NYL,0.4,538.0,5.2431961661381425,2026-06-05 05:19:18.264647+00:00
628,2025-05-30,popularPlayers,639,B. Stewart,NYL,0.1,3100.0,2.8253906450666837,2026-06-05 05:19:18.264647+00:00
628,2025-05-30,highestBoostedValuePlayers,643,J. Jones,NYL,0.2,11.0,4.904249307982305,2026-06-05 05:19:18.264647+00:00
628,2025-05-30,highestBoostedValuePlayers,647,L. Fiebich,NYL,2.7,7.0,3.0016294022290277,2026-06-05 05:19:18.264647+00:00
628,2025-05-30,popularPlayers,650,N. Collier,MIN,0.0,5800.0,0.0,2026-06-05 05:19:18.264647+00:00
628,2025-05-30,highestBoostedValuePlayers,652,N. Hiedeman,SEA,2.3,2.0,2.8346745415338703,2026-06-05 05:19:18.264647+00:00
628,2025-05-30,highestBoostedValuePlayers,658,A. Smith,DAL,0.6,42.0,4.128538807077514,2026-06-05 05:19:18.264647+00:00
628,2025-05-30,highestBoostedValuePlayers,660,K. McBride,MIN,1.1,9.0,2.7956469046933257,2026-06-05 05:19:18.264647+00:00
628,2025-05-30,mostCommon3xPlayers,671,S. Cunningham,IND,3.0,264.0,1.4583710999928134,2026-06-05 05:19:18.264647+00:00
628,2025-05-30,popularPlayers,677,N. Cloud,CHI,0.1,1200.0,0.477966240904693,2026-06-05 05:19:18.264647+00:00
628,2025-05-30,popularPlayers,679,B. Sykes,TOR,0.2,1400.0,2.970531086654488,2026-06-05 05:19:18.264647+00:00
628,2025-05-30,mostCommon3xPlayers,683,A. Edwards,CON,3.0,63.0,0.7413891618250578,2026-06-05 05:19:18.264647+00:00
628,2025-05-30,highestBoostedValuePlayers,697,M. Mabrey,TOR,1.3,19.0,5.6878946627565385,2026-06-05 05:19:18.264647+00:00
628,2025-05-30,popularPlayers,711,A. Stevens,CHI,0.2,1100.0,2.397768655605867,2026-06-05 05:19:18.264647+00:00
628,2025-05-30,popularPlayers,718,D. Hamby,LAS,0.1,1800.0,3.6081603878092845,2026-06-05 05:19:18.264647+00:00
628,2025-05-30,popularPlayers,734,S. Diggins,CHI,0.3,1900.0,3.331641603788038,2026-06-05 05:19:18.264647+00:00
628,2025-05-30,highestBoostedValuePlayers,736,S. Whitcomb,PHO,2.8,5.0,3.57442437515848,2026-06-05 05:19:18.264647+00:00
628,2025-05-30,popularPlayers,738,N. Ogwumike,LAS,0.2,2000.0,3.082729504953672,2026-06-05 05:19:18.264647+00:00
628,2025-05-30,popularPlayers,745,A. Thomas,PHO,0.1,1700.0,0.0,2026-06-05 05:19:18.264647+00:00
628,2025-05-30,popularPlayers,750,D. Bonner,PHO,1.9,1200.0,1.9451597100797122,2026-06-05 05:19:18.264647+00:00
628,2025-05-30,highestBoostedValuePlayers,758,S. Sabally,NYL,0.3,206.0,5.174086440447493,2026-06-05 05:19:18.264647+00:00
628,2025-05-30,popularPlayers,4322743,K. Iriafen,WAS,0.8,959.0,2.3672261813480375,2026-06-05 05:19:18.264647+00:00
628,2025-05-30,highestBoostedValuePlayers,4322746,S. Rivers,CON,1.9,1.0,2.972560879413432,2026-06-05 05:19:18.264647+00:00
632,2025-05-31,highestBoostedValuePlayers,336,L. Geiselsöder,POR,3.0,2.0,0.18,2026-06-05 05:19:18.264647+00:00
632,2025-05-31,highestBoostedValuePlayers,399,K. Charles,GSV,3.0,75.0,1.5107626617664016,2026-06-05 05:19:18.264647+00:00
632,2025-05-31,highestBoostedValuePlayers,629,N. Smith,LVA,2.4,128.0,3.7613544164436066,2026-06-05 05:19:18.264647+00:00
632,2025-05-31,highestBoostedValuePlayers,645,C. Vandersloot,CHI,0.8,576.0,3.276135113297825,2026-06-05 05:19:18.264647+00:00
632,2025-05-31,highestBoostedValuePlayers,673,R. Allen,NYL,2.9,92.0,1.1789993248628086,2026-06-05 05:19:18.264647+00:00
632,2025-05-31,highestBoostedValuePlayers,682,A. Atkins,LAS,1.0,301.0,5.057029685133114,2026-06-05 05:19:18.264647+00:00
632,2025-05-31,highestBoostedValuePlayers,689,M. Hines-Allen,IND,1.6,146.0,0.47361578255746917,2026-06-05 05:19:18.264647+00:00
632,2025-05-31,highestBoostedValuePlayers,700,M. Onyenwere,WAS,3.0,97.0,0.7969636451044134,2026-06-05 05:19:18.264647+00:00
632,2025-05-31,highestBoostedValuePlayers,701,A. Reese,ATL,1.0,1000.0,2.6968846540520484,2026-06-05 05:19:18.264647+00:00
632,2025-05-31,highestBoostedValuePlayers,705,K. Cardoso,CHI,0.8,650.0,1.1978675099350922,2026-06-05 05:19:18.264647+00:00
632,2025-05-31,highestBoostedValuePlayers,708,E. Williams,CHI,2.3,91.0,1.522716172556324,2026-06-05 05:19:18.264647+00:00
632,2025-05-31,highestBoostedValuePlayers,725,K. Nurse,TOR,3.0,110.0,1.8638434125691816,2026-06-05 05:19:18.264647+00:00
632,2025-05-31,highestBoostedValuePlayers,741,R. Banham,CHI,3.0,76.0,0.5057418517959668,2026-06-05 05:19:18.264647+00:00
632,2025-05-31,popularPlayers,747,T. Harris,IND,3.0,729.0,0.0,2026-06-05 05:19:18.264647+00:00
632,2025-05-31,highestBoostedValuePlayers,753,D. Carrington,CHI,1.8,373.0,3.6982059739136792,2026-06-05 05:19:18.264647+00:00
632,2025-05-31,highestBoostedValuePlayers,765,M. Siegrist,DAL,2.0,138.0,2.859199233267883,2026-06-05 05:19:18.264647+00:00
632,2025-05-31,highestBoostedValuePlayers,767,A. Ogunbowale,DAL,0.5,5500.0,1.78291592847939,2026-06-05 05:19:18.264647+00:00
632,2025-05-31,popularPlayers,4322740,P. Bueckers,DAL,0.3,273.0,0.0,2026-06-05 05:19:18.264647+00:00
632,2025-05-31,highestBoostedValuePlayers,4322749,H. Van Lith,CON,3.0,370.0,0.6888082048270088,2026-06-05 05:19:18.264647+00:00
632,2025-05-31,highestBoostedValuePlayers,4322750,A. James,DAL,3.0,75.0,1.093097699527751,2026-06-05 05:19:18.264647+00:00
632,2025-05-31,highestBoostedValuePlayers,4322766,J. Quinerly,DAL,3.0,4.0,0.6445577297485304,2026-06-05 05:19:18.264647+00:00
635,2025-06-01,highestBoostedValuePlayers,172,O. Sims,DAL,1.6,39.0,6.633027820787436,2026-06-05 05:19:18.264647+00:00
635,2025-06-01,highestBoostedValuePlayers,184,G. Williams,GSV,0.7,178.0,3.5419260169300686,2026-06-05 05:19:18.264647+00:00
635,2025-06-01,highestBoostedValuePlayers,303,M. Johannes,NYL,2.7,4.0,2.798106808059243,2026-06-05 05:19:18.264647+00:00
635,2025-06-01,highestBoostedValuePlayers,373,K. Westbeld,PHO,1.6,1.0,2.760036926948747,2026-06-05 05:19:18.264647+00:00
635,2025-06-01,popularPlayers,596,K. Plum,LAS,0.1,4000.0,2.7973143904922897,2026-06-05 05:19:18.264647+00:00
635,2025-06-01,popularPlayers,597,J. Young,LVA,0.5,1900.0,1.9517714695906418,2026-06-05 05:19:18.264647+00:00
635,2025-06-01,highestBoostedValuePlayers,598,A. Wilson,LVA,0.0,4800.0,4.940208088912269,2026-06-05 05:19:18.264647+00:00
635,2025-06-01,popularPlayers,602,C. Gray,LVA,1.0,1800.0,1.33176733181055,2026-06-05 05:19:18.264647+00:00
635,2025-06-01,highestBoostedValuePlayers,604,K. Martin,LAS,3.0,19.0,2.346051252697746,2026-06-05 05:19:18.264647+00:00
635,2025-06-01,popularPlayers,637,S. Ionescu,NYL,0.2,3500.0,3.6651600420170354,2026-06-05 05:19:18.264647+00:00
635,2025-06-01,popularPlayers,639,B. Stewart,NYL,0.1,2900.0,3.456990393022477,2026-06-05 05:19:18.264647+00:00
635,2025-06-01,highestBoostedValuePlayers,641,K. Thornton,GSV,1.2,35.0,2.7466851507276777,2026-06-05 05:19:18.264647+00:00
635,2025-06-01,popularPlayers,643,J. Jones,NYL,0.1,1100.0,2.3339692110793746,2026-06-05 05:19:18.264647+00:00
635,2025-06-01,highestBoostedValuePlayers,650,N. Collier,MIN,0.0,2000.0,4.810069157607616,2026-06-05 05:19:18.264647+00:00
635,2025-06-01,highestBoostedValuePlayers,654,C. Williams,MIN,0.4,281.0,4.102630106024037,2026-06-05 05:19:18.264647+00:00
635,2025-06-01,popularPlayers,658,A. Smith,DAL,0.5,1800.0,1.297185922425814,2026-06-05 05:19:18.264647+00:00
635,2025-06-01,highestBoostedValuePlayers,660,K. McBride,MIN,0.9,58.0,3.416077625240913,2026-06-05 05:19:18.264647+00:00
635,2025-06-01,highestBoostedValuePlayers,663,B. Carleton,POR,1.8,27.0,2.556777429140153,2026-06-05 05:19:18.264647+00:00
635,2025-06-01,popularPlayers,677,N. Cloud,CHI,0.4,1200.0,3.04684403712235,2026-06-05 05:19:18.264647+00:00
635,2025-06-01,mostCommon3xPlayers,686,K. Samuelson,POR,3.0,197.0,0.7085670164016153,2026-06-05 05:19:18.264647+00:00
635,2025-06-01,popularPlayers,697,M. Mabrey,TOR,0.7,1600.0,1.0405893731214182,2026-06-05 05:19:18.264647+00:00
635,2025-06-01,highestBoostedValuePlayers,698,D. Evans,LVA,3.0,3.0,2.6291946046016235,2026-06-05 05:19:18.264647+00:00
635,2025-06-01,popularPlayers,711,A. Stevens,CHI,0.2,1100.0,1.7830938580404192,2026-06-05 05:19:18.264647+00:00
635,2025-06-01,popularPlayers,718,D. Hamby,LAS,0.1,1800.0,2.484036429585791,2026-06-05 05:19:18.264647+00:00
635,2025-06-01,highestBoostedValuePlayers,726,J. Loyd,LVA,1.0,20.0,3.4144796124353163,2026-06-05 05:19:18.264647+00:00
635,2025-06-01,popularPlayers,734,S. Diggins,CHI,0.3,1700.0,1.6242767381930874,2026-06-05 05:19:18.264647+00:00
635,2025-06-01,highestBoostedValuePlayers,736,S. Whitcomb,PHO,1.9,5.0,2.260666024285624,2026-06-05 05:19:18.264647+00:00
635,2025-06-01,popularPlayers,738,N. Ogwumike,LAS,0.2,1900.0,1.8413782824835732,2026-06-05 05:19:18.264647+00:00
635,2025-06-01,popularPlayers,745,A. Thomas,PHO,0.1,1600.0,0.0,2026-06-05 05:19:18.264647+00:00
635,2025-06-01,highestBoostedValuePlayers,757,J. Sheldon,CHI,2.7,4.0,1.8528354928394706,2026-06-05 05:19:18.264647+00:00
635,2025-06-01,popularPlayers,758,S. Sabally,NYL,0.2,2500.0,3.834634562224435,2026-06-05 05:19:18.264647+00:00
635,2025-06-01,highestBoostedValuePlayers,366584,T. Hayes,GSV,2.2,23.0,2.0729680412114275,2026-06-05 05:19:18.264647+00:00
635,2025-06-01,highestBoostedValuePlayers,4322738,M. Akoa Makani,PHO,1.6,4.0,2.568541938032902,2026-06-05 05:19:18.264647+00:00
635,2025-06-01,mostCommon3xPlayers,4322745,A. Morrow,CON,3.0,144.0,1.1273268042155076,2026-06-05 05:19:18.264647+00:00
635,2025-06-01,highestBoostedValuePlayers,4322748,S. Barker,POR,3.0,1.0,2.1703779768640783,2026-06-05 05:19:18.264647+00:00
637,2025-06-03,highestBoostedValuePlayers,184,G. Williams,GSV,0.6,343.0,3.565785393979548,2026-06-05 05:19:18.264647+00:00
637,2025-06-03,highestBoostedValuePlayers,336,L. Geiselsöder,POR,3.0,1.0,1.5870599729979504,2026-06-05 05:19:18.264647+00:00
637,2025-06-03,mostCommon3xPlayers,399,K. Charles,GSV,3.0,122.0,1.3392147019631782,2026-06-05 05:19:18.264647+00:00
637,2025-06-03,highestBoostedValuePlayers,456,L. Held,TOR,2.6,7.0,2.902426205428094,2026-06-05 05:19:18.264647+00:00
637,2025-06-03,mostCommon3xPlayers,600,A. Clark,DAL,3.0,161.0,0.5439738748973221,2026-06-05 05:19:18.264647+00:00
637,2025-06-03,highestBoostedValuePlayers,622,E. Wheeler,LAS,1.4,180.0,3.4266060411211225,2026-06-05 05:19:18.264647+00:00
637,2025-06-03,highestBoostedValuePlayers,626,K. Mitchell,IND,0.8,263.0,4.3838902581501005,2026-06-05 05:19:18.264647+00:00
637,2025-06-03,popularPlayers,627,A. Boston,IND,0.0,5000.0,2.481532090176161,2026-06-05 05:19:18.264647+00:00
637,2025-06-03,highestBoostedValuePlayers,631,L. Hull,IND,1.4,34.0,3.287230396261637,2026-06-05 05:19:18.264647+00:00
637,2025-06-03,highestBoostedValuePlayers,632,D. Dantas,IND,3.0,1.0,1.4097305753201381,2026-06-05 05:19:18.264647+00:00
637,2025-06-03,highestBoostedValuePlayers,650,N. Collier,MIN,0.0,5800.0,3.6498444880469982,2026-06-05 05:19:18.264647+00:00
637,2025-06-03,highestBoostedValuePlayers,652,N. Hiedeman,SEA,1.8,5.0,2.2348657620922054,2026-06-05 05:19:18.264647+00:00
637,2025-06-03,popularPlayers,654,C. Williams,MIN,0.4,2700.0,1.33402638623604,2026-06-05 05:19:18.264647+00:00
637,2025-06-03,highestBoostedValuePlayers,658,A. Smith,DAL,0.6,243.0,3.734733018394967,2026-06-05 05:19:18.264647+00:00
637,2025-06-03,highestBoostedValuePlayers,660,K. McBride,MIN,0.7,20.0,3.6669203609801495,2026-06-05 05:19:18.264647+00:00
637,2025-06-03,mostCommon3xPlayers,671,S. Cunningham,IND,3.0,381.0,0.0,2026-06-05 05:19:18.264647+00:00
637,2025-06-03,highestBoostedValuePlayers,679,B. Sykes,TOR,0.3,362.0,3.0396946960492084,2026-06-05 05:19:18.264647+00:00
637,2025-06-03,highestBoostedValuePlayers,687,E. Engstler,POR,3.0,1.0,1.6591445535652485,2026-06-05 05:19:18.264647+00:00
637,2025-06-03,highestBoostedValuePlayers,689,M. Hines-Allen,IND,1.9,33.0,3.9109023183409692,2026-06-05 05:19:18.264647+00:00
637,2025-06-03,highestBoostedValuePlayers,691,S. Austin,WAS,3.0,6.0,1.9288104522130296,2026-06-05 05:19:18.264647+00:00
637,2025-06-03,popularPlayers,734,S. Diggins,CHI,0.4,3200.0,1.4816304330324832,2026-06-05 05:19:18.264647+00:00
637,2025-06-03,highestBoostedValuePlayers,735,E. Magbegor,SEA,1.3,204.0,3.3641982956203793,2026-06-05 05:19:18.264647+00:00
637,2025-06-03,popularPlayers,738,N. Ogwumike,LAS,0.3,3400.0,1.8187089598637436,2026-06-05 05:19:18.264647+00:00
637,2025-06-03,popularPlayers,745,A. Thomas,PHO,0.1,2700.0,0.0,2026-06-05 05:19:18.264647+00:00
637,2025-06-03,popularPlayers,750,D. Bonner,PHO,1.9,1300.0,0.6621245099116668,2026-06-05 05:19:18.264647+00:00
637,2025-06-03,highestBoostedValuePlayers,753,D. Carrington,CHI,1.4,354.0,3.574313802101511,2026-06-05 05:19:18.264647+00:00
637,2025-06-03,popularPlayers,758,S. Sabally,NYL,0.2,4100.0,2.146180079790874,2026-06-05 05:19:18.264647+00:00
637,2025-06-03,highestBoostedValuePlayers,765,M. Siegrist,DAL,1.7,38.0,2.6055738962522743,2026-06-05 05:19:18.264647+00:00
637,2025-06-03,popularPlayers,767,A. Ogunbowale,DAL,0.6,4600.0,1.7562759494277818,2026-06-05 05:19:18.264647+00:00
637,2025-06-03,popularPlayers,4322738,M. Akoa Makani,PHO,1.4,1100.0,0.9947991677540031,2026-06-05 05:19:18.264647+00:00
637,2025-06-03,popularPlayers,4322741,S. Citron,WAS,1.0,1700.0,1.8533094368186338,2026-06-05 05:19:18.264647+00:00
637,2025-06-03,mostCommon3xPlayers,4322742,D. Malonga,SEA,3.0,141.0,0.5421911709761731,2026-06-05 05:19:18.264647+00:00
637,2025-06-03,highestBoostedValuePlayers,4322743,K. Iriafen,WAS,0.8,218.0,3.0682841635138884,2026-06-05 05:19:18.264647+00:00
642,2025-06-05,highestBoostedValuePlayers,373,K. Westbeld,PHO,1.6,189.0,2.1278932593967346,2026-06-05 05:19:18.264647+00:00
642,2025-06-05,highestBoostedValuePlayers,449,R. Gardner,NYL,3.0,4.0,1.32236184868076,2026-06-05 05:19:18.264647+00:00
642,2025-06-05,highestBoostedValuePlayers,456,L. Held,TOR,2.1,177.0,3.22239659047757,2026-06-05 05:19:18.264647+00:00
642,2025-06-05,highestBoostedValuePlayers,604,K. Martin,LAS,3.0,66.0,1.4088480433973711,2026-06-05 05:19:18.264647+00:00
642,2025-06-05,highestBoostedValuePlayers,628,T. Fágbénlé,TOR,1.1,186.0,3.568040656844434,2026-06-05 05:19:18.264647+00:00
642,2025-06-05,highestBoostedValuePlayers,635,K. Burke,CON,1.8,107.0,2.5513689128178156,2026-06-05 05:19:18.264647+00:00
642,2025-06-05,highestBoostedValuePlayers,637,S. Ionescu,NYL,0.2,2800.0,3.375314545215341,2026-06-05 05:19:18.264647+00:00
642,2025-06-05,highestBoostedValuePlayers,639,B. Stewart,NYL,0.2,3100.0,4.34235186428136,2026-06-05 05:19:18.264647+00:00
642,2025-06-05,popularPlayers,641,K. Thornton,GSV,1.1,2600.0,1.0121073455137841,2026-06-05 05:19:18.264647+00:00
642,2025-06-05,popularPlayers,643,J. Jones,NYL,0.2,3100.0,0.7670857322998301,2026-06-05 05:19:18.264647+00:00
642,2025-06-05,popularPlayers,647,L. Fiebich,NYL,1.7,2500.0,1.098581317640562,2026-06-05 05:19:18.264647+00:00
642,2025-06-05,highestBoostedValuePlayers,657,C. Zandalasini,GSV,3.0,30.0,2.81157682649085,2026-06-05 05:19:18.264647+00:00
642,2025-06-05,popularPlayers,677,N. Cloud,CHI,0.4,3000.0,1.4464020279537972,2026-06-05 05:19:18.264647+00:00
642,2025-06-05,popularPlayers,679,B. Sykes,TOR,0.3,3700.0,0.8077696728829323,2026-06-05 05:19:18.264647+00:00
642,2025-06-05,highestBoostedValuePlayers,691,S. Austin,WAS,2.6,5.0,2.622200065692982,2026-06-05 05:19:18.264647+00:00
642,2025-06-05,highestBoostedValuePlayers,696,I. Harrison,TOR,2.3,1.0,1.8576352170409622,2026-06-05 05:19:18.264647+00:00
642,2025-06-05,mostCommon3xPlayers,719,S. Talbot,LVA,3.0,177.0,0.33607548357640366,2026-06-05 05:19:18.264647+00:00
642,2025-06-05,highestBoostedValuePlayers,729,J. Melbourne,SEA,2.3,132.0,2.7271754681695697,2026-06-05 05:19:18.264647+00:00
642,2025-06-05,popularPlayers,736,S. Whitcomb,PHO,2.0,1900.0,1.0418951055176255,2026-06-05 05:19:18.264647+00:00
642,2025-06-05,popularPlayers,745,A. Thomas,PHO,0.1,3600.0,0.0,2026-06-05 05:19:18.264647+00:00
642,2025-06-05,highestBoostedValuePlayers,758,S. Sabally,NYL,0.3,1400.0,3.7005348868872026,2026-06-05 05:19:18.264647+00:00
642,2025-06-05,highestBoostedValuePlayers,759,V. Burton,GSV,0.7,293.0,2.2573377653788143,2026-06-05 05:19:18.264647+00:00
642,2025-06-05,popularPlayers,4322738,M. Akoa Makani,PHO,1.6,1400.0,0.4198472806953246,2026-06-05 05:19:18.264647+00:00
642,2025-06-05,highestBoostedValuePlayers,4322741,S. Citron,WAS,1.1,222.0,2.1512426620404477,2026-06-05 05:19:18.264647+00:00
642,2025-06-05,highestBoostedValuePlayers,4322743,K. Iriafen,WAS,0.8,349.0,3.1312819953783184,2026-06-05 05:19:18.264647+00:00
642,2025-06-05,popularPlayers,4322797,J. Salaün,GSV,1.3,1600.0,1.0257137137926076,2026-06-05 05:19:18.264647+00:00
645,2025-06-06,highestBoostedValuePlayers,172,O. Sims,DAL,0.9,251.0,3.210884514228657,2026-06-05 05:19:18.264647+00:00
645,2025-06-06,highestBoostedValuePlayers,336,L. Geiselsöder,POR,3.0,3.0,3.9455439889464596,2026-06-05 05:19:18.264647+00:00
645,2025-06-06,highestBoostedValuePlayers,399,K. Charles,GSV,3.0,41.0,1.946196438485435,2026-06-05 05:19:18.264647+00:00
645,2025-06-06,highestBoostedValuePlayers,596,K. Plum,LAS,0.1,2700.0,4.1053732479416825,2026-06-05 05:19:18.264647+00:00
645,2025-06-06,highestBoostedValuePlayers,605,A. Gray,ATL,0.0,3400.0,2.7890649611925564,2026-06-05 05:19:18.264647+00:00
645,2025-06-06,popularPlayers,609,N. Coffey,MIN,2.0,850.0,0.3496594560094551,2026-06-05 05:19:18.264647+00:00
645,2025-06-06,highestBoostedValuePlayers,616,R. Howard,ATL,0.1,686.0,3.4591439332312084,2026-06-05 05:19:18.264647+00:00
645,2025-06-06,highestBoostedValuePlayers,617,N. Hillmon,ATL,2.2,40.0,2.2069939780033607,2026-06-05 05:19:18.264647+00:00
645,2025-06-06,popularPlayers,629,N. Smith,LVA,1.9,1400.0,0.36,2026-06-05 05:19:18.264647+00:00
645,2025-06-06,highestBoostedValuePlayers,664,B. Griner,CON,1.3,210.0,3.2423698166363093,2026-06-05 05:19:18.264647+00:00
645,2025-06-06,popularPlayers,689,M. Hines-Allen,IND,1.5,2200.0,0.5206300970425444,2026-06-05 05:19:18.264647+00:00
645,2025-06-06,highestBoostedValuePlayers,697,M. Mabrey,TOR,0.9,248.0,5.781836842832347,2026-06-05 05:19:18.264647+00:00
645,2025-06-06,highestBoostedValuePlayers,711,A. Stevens,CHI,0.3,305.0,5.689800981103754,2026-06-05 05:19:18.264647+00:00
645,2025-06-06,mostCommon3xPlayers,713,J. Allemand,TOR,3.0,254.0,0.6631436126072751,2026-06-05 05:19:18.264647+00:00
645,2025-06-06,highestBoostedValuePlayers,718,D. Hamby,LAS,0.2,614.0,3.8585311223251635,2026-06-05 05:19:18.264647+00:00
645,2025-06-06,highestBoostedValuePlayers,723,R. Jackson,CHI,2.3,12.0,1.5401860851435005,2026-06-05 05:19:18.264647+00:00
645,2025-06-06,popularPlayers,749,O. Nelson-Ododa,CON,1.5,855.0,0.7197492999999998,2026-06-05 05:19:18.264647+00:00
645,2025-06-06,highestBoostedValuePlayers,753,D. Carrington,CHI,1.2,542.0,1.5920023940431856,2026-06-05 05:19:18.264647+00:00
645,2025-06-06,popularPlayers,754,B. Jones,ATL,0.6,1900.0,1.375189661599137,2026-06-05 05:19:18.264647+00:00
645,2025-06-06,popularPlayers,765,M. Siegrist,DAL,1.5,2400.0,0.7535309506170638,2026-06-05 05:19:18.264647+00:00
645,2025-06-06,popularPlayers,767,A. Ogunbowale,DAL,0.7,4900.0,1.3284952264619188,2026-06-05 05:19:18.264647+00:00
645,2025-06-06,highestBoostedValuePlayers,4322746,S. Rivers,CON,1.9,5.0,2.9389234333621457,2026-06-05 05:19:18.264647+00:00
645,2025-06-06,highestBoostedValuePlayers,4322748,S. Barker,POR,3.0,48.0,1.240716871092313,2026-06-05 05:19:18.264647+00:00
645,2025-06-06,mostCommon3xPlayers,4322750,A. James,DAL,3.0,221.0,0.7265079110879228,2026-06-05 05:19:18.264647+00:00
645,2025-06-06,highestBoostedValuePlayers,4322766,J. Quinerly,DAL,3.0,2.0,2.547891076959115,2026-06-05 05:19:18.264647+00:00
648,2025-06-07,highestBoostedValuePlayers,184,G. Williams,GSV,0.6,311.0,5.495135766750181,2026-06-05 05:19:18.264647+00:00
648,2025-06-07,popularPlayers,373,K. Westbeld,PHO,1.6,1200.0,1.1890747935270607,2026-06-05 05:19:18.264647+00:00
648,2025-06-07,highestBoostedValuePlayers,456,L. Held,TOR,1.8,227.0,2.4655417081174233,2026-06-05 05:19:18.264647+00:00
648,2025-06-07,popularPlayers,597,J. Young,LVA,0.7,1400.0,1.187436218018916,2026-06-05 05:19:18.264647+00:00
648,2025-06-07,popularPlayers,598,A. Wilson,LVA,0.0,5800.0,1.8686995792753358,2026-06-05 05:19:18.264647+00:00
648,2025-06-07,mostCommon3xPlayers,600,A. Clark,DAL,3.0,133.0,0.34770157267662205,2026-06-05 05:19:18.264647+00:00
648,2025-06-07,popularPlayers,602,C. Gray,LVA,1.2,1500.0,1.9983069833984666,2026-06-05 05:19:18.264647+00:00
648,2025-06-07,highestBoostedValuePlayers,604,K. Martin,LAS,3.0,5.0,1.9458015336122068,2026-06-05 05:19:18.264647+00:00
648,2025-06-07,popularPlayers,622,E. Wheeler,LAS,1.2,1700.0,1.766348298460909,2026-06-05 05:19:18.264647+00:00
648,2025-06-07,highestBoostedValuePlayers,626,K. Mitchell,IND,0.6,361.0,2.6758809997464734,2026-06-05 05:19:18.264647+00:00
648,2025-06-07,popularPlayers,627,A. Boston,IND,0.1,3700.0,2.336957229858774,2026-06-05 05:19:18.264647+00:00
648,2025-06-07,highestBoostedValuePlayers,631,L. Hull,IND,1.2,152.0,2.4435353631187264,2026-06-05 05:19:18.264647+00:00
648,2025-06-07,highestBoostedValuePlayers,641,K. Thornton,GSV,1.3,5.0,4.876381181357696,2026-06-05 05:19:18.264647+00:00
648,2025-06-07,popularPlayers,645,C. Vandersloot,CHI,0.7,1500.0,0.24228652576940207,2026-06-05 05:19:18.264647+00:00
648,2025-06-07,highestBoostedValuePlayers,657,C. Zandalasini,GSV,2.1,9.0,2.712962046858098,2026-06-05 05:19:18.264647+00:00
648,2025-06-07,mostCommon3xPlayers,671,S. Cunningham,IND,3.0,133.0,0.0,2026-06-05 05:19:18.264647+00:00
648,2025-06-07,popularPlayers,682,A. Atkins,LAS,0.7,2400.0,1.22213944473295,2026-06-05 05:19:18.264647+00:00
648,2025-06-07,popularPlayers,701,A. Reese,ATL,0.9,3300.0,1.3541033480066034,2026-06-05 05:19:18.264647+00:00
648,2025-06-07,popularPlayers,705,K. Cardoso,CHI,1.0,1300.0,1.081306684689206,2026-06-05 05:19:18.264647+00:00
648,2025-06-07,highestBoostedValuePlayers,708,E. Williams,CHI,2.3,1.0,1.6061355020438541,2026-06-05 05:19:18.264647+00:00
648,2025-06-07,highestBoostedValuePlayers,712,M. Billings,IND,2.5,1.0,3.802864319819701,2026-06-05 05:19:18.264647+00:00
648,2025-06-07,popularPlayers,725,K. Nurse,TOR,3.0,1200.0,0.1535040523389249,2026-06-05 05:19:18.264647+00:00
648,2025-06-07,highestBoostedValuePlayers,734,S. Diggins,CHI,0.5,337.0,4.485035258039947,2026-06-05 05:19:18.264647+00:00
648,2025-06-07,highestBoostedValuePlayers,735,E. Magbegor,SEA,1.1,153.0,2.119988497623474,2026-06-05 05:19:18.264647+00:00
648,2025-06-07,highestBoostedValuePlayers,738,N. Ogwumike,LAS,0.4,449.0,3.6037585500344127,2026-06-05 05:19:18.264647+00:00
648,2025-06-07,popularPlayers,745,A. Thomas,PHO,0.1,2600.0,0.0,2026-06-05 05:19:18.264647+00:00
648,2025-06-07,highestBoostedValuePlayers,750,D. Bonner,PHO,2.1,11.0,1.773399665111903,2026-06-05 05:19:18.264647+00:00
648,2025-06-07,highestBoostedValuePlayers,758,S. Sabally,NYL,0.3,846.0,3.816307416865424,2026-06-05 05:19:18.264647+00:00
648,2025-06-07,highestBoostedValuePlayers,759,V. Burton,GSV,0.7,109.0,4.991376735769977,2026-06-05 05:19:18.264647+00:00
648,2025-06-07,highestBoostedValuePlayers,760,N. Howard,MIN,1.6,51.0,2.832182762084216,2026-06-05 05:19:18.264647+00:00
648,2025-06-07,highestBoostedValuePlayers,4322751,A. Nye,ATL,3.0,1.0,1.9109356608892667,2026-06-05 05:19:18.264647+00:00
651,2025-06-08,highestBoostedValuePlayers,336,L. Geiselsöder,POR,2.3,25.0,1.7137657289837327,2026-06-05 05:19:18.264647+00:00
651,2025-06-08,mostCommon3xPlayers,399,K. Charles,GSV,3.0,162.0,0.16177859999999997,2026-06-05 05:19:18.264647+00:00
651,2025-06-08,popularPlayers,629,N. Smith,LVA,2.2,801.0,0.39856909436382726,2026-06-05 05:19:18.264647+00:00
651,2025-06-08,highestBoostedValuePlayers,650,N. Collier,MIN,0.0,5000.0,6.763216147563769,2026-06-05 05:19:18.264647+00:00
651,2025-06-08,highestBoostedValuePlayers,652,N. Hiedeman,SEA,1.7,105.0,1.8364308319879012,2026-06-05 05:19:18.264647+00:00
651,2025-06-08,highestBoostedValuePlayers,654,C. Williams,MIN,0.5,293.0,3.0104994491728188,2026-06-05 05:19:18.264647+00:00
651,2025-06-08,highestBoostedValuePlayers,658,A. Smith,DAL,0.6,202.0,3.252084079668851,2026-06-05 05:19:18.264647+00:00
651,2025-06-08,highestBoostedValuePlayers,660,K. McBride,MIN,0.5,112.0,4.483586066928175,2026-06-05 05:19:18.264647+00:00
651,2025-06-08,highestBoostedValuePlayers,663,B. Carleton,POR,1.8,108.0,1.854613424236417,2026-06-05 05:19:18.264647+00:00
651,2025-06-08,highestBoostedValuePlayers,679,B. Sykes,TOR,0.5,277.0,4.458940705408537,2026-06-05 05:19:18.264647+00:00
651,2025-06-08,highestBoostedValuePlayers,683,A. Edwards,CON,3.0,3.0,2.913424891896151,2026-06-05 05:19:18.264647+00:00
651,2025-06-08,mostCommon3xPlayers,686,K. Samuelson,POR,3.0,145.0,0.0,2026-06-05 05:19:18.264647+00:00
651,2025-06-08,highestBoostedValuePlayers,687,E. Engstler,POR,3.0,1.0,1.4711020410952929,2026-06-05 05:19:18.264647+00:00
651,2025-06-08,popularPlayers,689,M. Hines-Allen,IND,1.7,883.0,0.5811282408705719,2026-06-05 05:19:18.264647+00:00
651,2025-06-08,highestBoostedValuePlayers,691,S. Austin,WAS,2.0,9.0,1.7107987973609355,2026-06-05 05:19:18.264647+00:00
651,2025-06-08,highestBoostedValuePlayers,697,M. Mabrey,TOR,0.6,342.0,3.580891154184462,2026-06-05 05:19:18.264647+00:00
651,2025-06-08,popularPlayers,753,D. Carrington,CHI,1.2,2700.0,0.8750613831130084,2026-06-05 05:19:18.264647+00:00
651,2025-06-08,highestBoostedValuePlayers,757,J. Sheldon,CHI,2.8,2.0,2.7895036341997685,2026-06-05 05:19:18.264647+00:00
651,2025-06-08,highestBoostedValuePlayers,765,M. Siegrist,DAL,1.7,84.0,3.388076910092838,2026-06-05 05:19:18.264647+00:00
651,2025-06-08,highestBoostedValuePlayers,767,A. Ogunbowale,DAL,0.8,284.0,4.031659471666762,2026-06-05 05:19:18.264647+00:00
651,2025-06-08,popularPlayers,4322740,P. Bueckers,DAL,0.3,3800.0,0.0,2026-06-05 05:19:18.264647+00:00
651,2025-06-08,highestBoostedValuePlayers,4322741,S. Citron,WAS,1.1,126.0,2.4906725554447884,2026-06-05 05:19:18.264647+00:00
651,2025-06-08,highestBoostedValuePlayers,4322743,K. Iriafen,WAS,0.7,257.0,2.512762790331103,2026-06-05 05:19:18.264647+00:00
651,2025-06-08,mostCommon3xPlayers,4322745,A. Morrow,CON,3.0,401.0,0.3147154406630625,2026-06-05 05:19:18.264647+00:00
651,2025-06-08,popularPlayers,4322746,S. Rivers,CON,1.6,894.0,0.4911982678388032,2026-06-05 05:19:18.264647+00:00
651,2025-06-08,mostCommon3xPlayers,4322750,A. James,DAL,3.0,119.0,0.6459815055416216,2026-06-05 05:19:18.264647+00:00
651,2025-06-08,highestBoostedValuePlayers,4322761,L. Olsen,WAS,3.0,1.0,1.365260814799266,2026-06-05 05:19:18.264647+00:00
651,2025-06-08,mostCommon3xPlayers,4322766,J. Quinerly,DAL,3.0,360.0,1.075672039405033,2026-06-05 05:19:18.264647+00:00
653,2025-06-09,highestBoostedValuePlayers,172,O. Sims,DAL,0.9,321.0,1.1743824472417816,2026-06-05 05:19:18.264647+00:00
653,2025-06-09,highestBoostedValuePlayers,593,E. Cannon,LAS,3.0,85.0,0.7553224223927918,2026-06-05 05:19:18.264647+00:00
653,2025-06-09,highestBoostedValuePlayers,596,K. Plum,LAS,0.1,5400.0,3.960470980214238,2026-06-05 05:19:18.264647+00:00
653,2025-06-09,highestBoostedValuePlayers,604,K. Martin,LAS,3.0,283.0,0.0934,2026-06-05 05:19:18.264647+00:00
653,2025-06-09,highestBoostedValuePlayers,615,L. Amihere,GSV,0.0,,0.0,2026-06-05 05:19:18.264647+00:00
653,2025-06-09,highestBoostedValuePlayers,628,T. Fágbénlé,TOR,1.1,194.0,4.084721902037944,2026-06-05 05:19:18.264647+00:00
653,2025-06-09,highestBoostedValuePlayers,641,K. Thornton,GSV,0.9,371.0,3.5795150766625254,2026-06-05 05:19:18.264647+00:00
653,2025-06-09,highestBoostedValuePlayers,657,C. Zandalasini,GSV,1.6,,0.0,2026-06-05 05:19:18.264647+00:00
653,2025-06-09,highestBoostedValuePlayers,711,A. Stevens,CHI,0.2,584.0,3.3377651325252056,2026-06-05 05:19:18.264647+00:00
653,2025-06-09,highestBoostedValuePlayers,712,M. Billings,IND,1.7,142.0,1.9397403250679457,2026-06-05 05:19:18.264647+00:00
653,2025-06-09,highestBoostedValuePlayers,713,J. Allemand,TOR,3.0,107.0,1.8997065656310135,2026-06-05 05:19:18.264647+00:00
653,2025-06-09,highestBoostedValuePlayers,718,D. Hamby,LAS,0.2,1000.0,3.9297824644876314,2026-06-05 05:19:18.264647+00:00
653,2025-06-09,highestBoostedValuePlayers,723,R. Jackson,CHI,2.3,213.0,0.47493799822438876,2026-06-05 05:19:18.264647+00:00
653,2025-06-09,highestBoostedValuePlayers,759,V. Burton,GSV,0.6,818.0,1.8275599622563088,2026-06-05 05:19:18.264647+00:00
653,2025-06-09,highestBoostedValuePlayers,762,C. Leite,POR,2.7,105.0,2.7867213516120786,2026-06-05 05:19:18.264647+00:00
653,2025-06-09,highestBoostedValuePlayers,366584,T. Hayes,GSV,1.9,,0.0,2026-06-05 05:19:18.264647+00:00
653,2025-06-09,highestBoostedValuePlayers,4322748,S. Barker,POR,3.0,106.0,1.2461301048355458,2026-06-05 05:19:18.264647+00:00
653,2025-06-09,highestBoostedValuePlayers,4322797,J. Salaün,GSV,1.8,122.0,3.5853419227310983,2026-06-05 05:19:18.264647+00:00
657,2025-06-10,highestBoostedValuePlayers,449,R. Gardner,NYL,3.0,14.0,1.0055413394230317,2026-06-05 05:19:18.264647+00:00
657,2025-06-10,highestBoostedValuePlayers,605,A. Gray,ATL,0.1,1100.0,4.667180020213564,2026-06-05 05:19:18.264647+00:00
657,2025-06-10,highestBoostedValuePlayers,606,J. Canada,ATL,3.0,13.0,1.7705184072724272,2026-06-05 05:19:18.264647+00:00
657,2025-06-10,highestBoostedValuePlayers,609,N. Coffey,MIN,2.4,4.0,1.5597552716498082,2026-06-05 05:19:18.264647+00:00
657,2025-06-10,popularPlayers,616,R. Howard,ATL,0.2,4000.0,1.7342779813254525,2026-06-05 05:19:18.264647+00:00
657,2025-06-10,highestBoostedValuePlayers,617,N. Hillmon,ATL,2.0,8.0,1.4204059802582547,2026-06-05 05:19:18.264647+00:00
657,2025-06-10,popularPlayers,626,K. Mitchell,IND,0.7,2800.0,1.6485034655336497,2026-06-05 05:19:18.264647+00:00
657,2025-06-10,highestBoostedValuePlayers,627,A. Boston,IND,0.2,564.0,2.0527580294668737,2026-06-05 05:19:18.264647+00:00
657,2025-06-10,popularPlayers,631,L. Hull,IND,1.2,2900.0,0.5501340824384294,2026-06-05 05:19:18.264647+00:00
657,2025-06-10,highestBoostedValuePlayers,635,K. Burke,CON,1.6,112.0,2.567156636426296,2026-06-05 05:19:18.264647+00:00
657,2025-06-10,highestBoostedValuePlayers,636,N. Sabally,TOR,2.1,14.0,2.0409422982855765,2026-06-05 05:19:18.264647+00:00
657,2025-06-10,highestBoostedValuePlayers,637,S. Ionescu,NYL,0.2,1800.0,5.897167275679003,2026-06-05 05:19:18.264647+00:00
657,2025-06-10,highestBoostedValuePlayers,639,B. Stewart,NYL,0.1,3900.0,4.085313079036761,2026-06-05 05:19:18.264647+00:00
657,2025-06-10,popularPlayers,643,J. Jones,NYL,0.4,2000.0,0.0,2026-06-05 05:19:18.264647+00:00
657,2025-06-10,popularPlayers,647,L. Fiebich,NYL,1.9,1100.0,0.9022075556251714,2026-06-05 05:19:18.264647+00:00
657,2025-06-10,highestBoostedValuePlayers,664,B. Griner,CON,1.1,205.0,1.6855532358472731,2026-06-05 05:19:18.264647+00:00
657,2025-06-10,mostCommon3xPlayers,673,R. Allen,NYL,3.0,628.0,0.36532488931152296,2026-06-05 05:19:18.264647+00:00
657,2025-06-10,popularPlayers,677,N. Cloud,CHI,0.5,2300.0,1.5780658880893346,2026-06-05 05:19:18.264647+00:00
657,2025-06-10,popularPlayers,682,A. Atkins,LAS,0.8,2100.0,1.135806441937819,2026-06-05 05:19:18.264647+00:00
657,2025-06-10,highestBoostedValuePlayers,700,M. Onyenwere,WAS,3.0,8.0,0.9560717610561857,2026-06-05 05:19:18.264647+00:00
657,2025-06-10,highestBoostedValuePlayers,701,A. Reese,ATL,1.1,331.0,3.5134692456264633,2026-06-05 05:19:18.264647+00:00
657,2025-06-10,highestBoostedValuePlayers,705,K. Cardoso,CHI,1.2,164.0,1.6054687816158257,2026-06-05 05:19:18.264647+00:00
657,2025-06-10,highestBoostedValuePlayers,708,E. Williams,CHI,2.3,20.0,1.1743941824144832,2026-06-05 05:19:18.264647+00:00
657,2025-06-10,highestBoostedValuePlayers,725,K. Nurse,TOR,3.0,7.0,1.18497509615528,2026-06-05 05:19:18.264647+00:00
657,2025-06-10,highestBoostedValuePlayers,741,R. Banham,CHI,3.0,7.0,1.3036876004884126,2026-06-05 05:19:18.264647+00:00
657,2025-06-10,highestBoostedValuePlayers,750,D. Bonner,PHO,2.1,140.0,1.5391743972404754,2026-06-05 05:19:18.264647+00:00
657,2025-06-10,highestBoostedValuePlayers,754,B. Jones,ATL,0.7,178.0,3.210117228894436,2026-06-05 05:19:18.264647+00:00
657,2025-06-10,highestBoostedValuePlayers,760,N. Howard,MIN,1.5,151.0,3.1391921623598686,2026-06-05 05:19:18.264647+00:00
657,2025-06-10,popularPlayers,4322749,H. Van Lith,CON,3.0,1100.0,0.7619818689480695,2026-06-05 05:19:18.264647+00:00
659,2025-06-11,highestBoostedValuePlayers,184,G. Williams,GSV,0.4,211.0,3.91065358224466,2026-06-05 05:19:18.264647+00:00
659,2025-06-11,popularPlayers,336,L. Geiselsöder,POR,2.2,1100.0,1.6384388145322297,2026-06-05 05:19:18.264647+00:00
659,2025-06-11,highestBoostedValuePlayers,373,K. Westbeld,PHO,1.7,22.0,2.830711410954057,2026-06-05 05:19:18.264647+00:00
659,2025-06-11,popularPlayers,456,L. Held,TOR,1.7,1800.0,0.7563170331623027,2026-06-05 05:19:18.264647+00:00
659,2025-06-11,popularPlayers,596,K. Plum,LAS,0.1,4000.0,3.4065286270795774,2026-06-05 05:19:18.264647+00:00
659,2025-06-11,highestBoostedValuePlayers,597,J. Young,LVA,0.8,171.0,6.621302339547209,2026-06-05 05:19:18.264647+00:00
659,2025-06-11,highestBoostedValuePlayers,598,A. Wilson,LVA,0.0,3300.0,4.520246660577574,2026-06-05 05:19:18.264647+00:00
659,2025-06-11,highestBoostedValuePlayers,602,C. Gray,LVA,1.2,174.0,3.180705313753839,2026-06-05 05:19:18.264647+00:00
659,2025-06-11,mostCommon3xPlayers,603,K. Stokes,GSV,3.0,45.0,1.41428812702416,2026-06-05 05:19:18.264647+00:00
659,2025-06-11,highestBoostedValuePlayers,622,E. Wheeler,LAS,1.3,2.0,4.332279090589267,2026-06-05 05:19:18.264647+00:00
659,2025-06-11,highestBoostedValuePlayers,650,N. Collier,MIN,0.0,3100.0,5.501781554371191,2026-06-05 05:19:18.264647+00:00
659,2025-06-11,popularPlayers,654,C. Williams,MIN,0.5,1300.0,1.2920477056682733,2026-06-05 05:19:18.264647+00:00
659,2025-06-11,popularPlayers,658,A. Smith,DAL,0.5,1200.0,2.5412910382900806,2026-06-05 05:19:18.264647+00:00
659,2025-06-11,highestBoostedValuePlayers,660,K. McBride,MIN,0.4,24.0,3.3529709270469095,2026-06-05 05:19:18.264647+00:00
659,2025-06-11,highestBoostedValuePlayers,711,A. Stevens,CHI,0.2,162.0,3.8222906764016953,2026-06-05 05:19:18.264647+00:00
659,2025-06-11,mostCommon3xPlayers,713,J. Allemand,TOR,3.0,30.0,0.0,2026-06-05 05:19:18.264647+00:00
659,2025-06-11,highestBoostedValuePlayers,718,D. Hamby,LAS,0.2,212.0,5.3408052088106786,2026-06-05 05:19:18.264647+00:00
659,2025-06-11,highestBoostedValuePlayers,723,R. Jackson,CHI,3.0,2.0,5.401255216672492,2026-06-05 05:19:18.264647+00:00
659,2025-06-11,highestBoostedValuePlayers,734,S. Diggins,CHI,0.4,179.0,3.4003228188778793,2026-06-05 05:19:18.264647+00:00
659,2025-06-11,highestBoostedValuePlayers,735,E. Magbegor,SEA,1.1,94.0,3.534279910331783,2026-06-05 05:19:18.264647+00:00
659,2025-06-11,highestBoostedValuePlayers,736,S. Whitcomb,PHO,2.1,2.0,2.2897403225046595,2026-06-05 05:19:18.264647+00:00
659,2025-06-11,highestBoostedValuePlayers,738,N. Ogwumike,LAS,0.4,173.0,4.85674561965105,2026-06-05 05:19:18.264647+00:00
659,2025-06-11,highestBoostedValuePlayers,745,A. Thomas,PHO,0.1,238.0,3.982412610135567,2026-06-05 05:19:18.264647+00:00
659,2025-06-11,highestBoostedValuePlayers,753,D. Carrington,CHI,1.4,158.0,3.084737138029395,2026-06-05 05:19:18.264647+00:00
659,2025-06-11,popularPlayers,758,S. Sabally,NYL,0.3,3100.0,3.3795032752515914,2026-06-05 05:19:18.264647+00:00
659,2025-06-11,popularPlayers,767,A. Ogunbowale,DAL,0.7,2300.0,1.1368513817554065,2026-06-05 05:19:18.264647+00:00
659,2025-06-11,highestBoostedValuePlayers,4322738,M. Akoa Makani,PHO,2.0,3.0,2.1184233660380536,2026-06-05 05:19:18.264647+00:00
659,2025-06-11,highestBoostedValuePlayers,4322740,P. Bueckers,DAL,0.3,527.0,7.997658511227292,2026-06-05 05:19:18.264647+00:00
659,2025-06-11,mostCommon3xPlayers,4322748,S. Barker,POR,3.0,84.0,0.39747052803323923,2026-06-05 05:19:18.264647+00:00
665,2025-06-13,highestBoostedValuePlayers,336,L. Geiselsöder,POR,2.2,26.0,3.021039186123369,2026-06-05 05:19:18.264647+00:00
665,2025-06-13,mostCommon3xPlayers,399,K. Charles,GSV,3.0,167.0,0.0,2026-06-05 05:19:18.264647+00:00
665,2025-06-13,highestBoostedValuePlayers,563,M. Caldwell,MIN,3.0,2.0,1.5131050976754354,2026-06-05 05:19:18.264647+00:00
665,2025-06-13,highestBoostedValuePlayers,597,J. Young,LVA,0.5,846.0,4.364266077499617,2026-06-05 05:19:18.264647+00:00
665,2025-06-13,popularPlayers,598,A. Wilson,LVA,0.0,6600.0,0.0,2026-06-05 05:19:18.264647+00:00
665,2025-06-13,highestBoostedValuePlayers,602,C. Gray,LVA,1.1,295.0,3.364893579827873,2026-06-05 05:19:18.264647+00:00
665,2025-06-13,highestBoostedValuePlayers,603,K. Stokes,GSV,3.0,25.0,2.3835171343754737,2026-06-05 05:19:18.264647+00:00
665,2025-06-13,highestBoostedValuePlayers,605,A. Gray,ATL,0.1,820.0,2.964155429544474,2026-06-05 05:19:18.264647+00:00
665,2025-06-13,highestBoostedValuePlayers,606,J. Canada,ATL,3.0,6.0,3.298390543844451,2026-06-05 05:19:18.264647+00:00
665,2025-06-13,popularPlayers,609,N. Coffey,MIN,2.4,765.0,0.5874665365524511,2026-06-05 05:19:18.264647+00:00
665,2025-06-13,highestBoostedValuePlayers,616,R. Howard,ATL,0.3,284.0,6.35381638551388,2026-06-05 05:19:18.264647+00:00
665,2025-06-13,popularPlayers,617,N. Hillmon,ATL,2.0,868.0,0.28043758414391257,2026-06-05 05:19:18.264647+00:00
665,2025-06-13,popularPlayers,629,N. Smith,LVA,2.4,1000.0,0.9654866946760399,2026-06-05 05:19:18.264647+00:00
665,2025-06-13,popularPlayers,664,B. Griner,CON,1.2,1900.0,1.4587301235617143,2026-06-05 05:19:18.264647+00:00
665,2025-06-13,highestBoostedValuePlayers,673,R. Allen,NYL,3.0,5.0,1.9319174457816706,2026-06-05 05:19:18.264647+00:00
665,2025-06-13,highestBoostedValuePlayers,682,A. Atkins,LAS,1.0,140.0,2.912106190808784,2026-06-05 05:19:18.264647+00:00
665,2025-06-13,highestBoostedValuePlayers,689,M. Hines-Allen,IND,2.1,120.0,1.9334480165806083,2026-06-05 05:19:18.264647+00:00
665,2025-06-13,highestBoostedValuePlayers,701,A. Reese,ATL,0.9,394.0,2.3606484776892396,2026-06-05 05:19:18.264647+00:00
665,2025-06-13,highestBoostedValuePlayers,705,K. Cardoso,CHI,1.3,142.0,3.6018273693348517,2026-06-05 05:19:18.264647+00:00
665,2025-06-13,highestBoostedValuePlayers,708,E. Williams,CHI,2.4,1.0,1.7541271756425068,2026-06-05 05:19:18.264647+00:00
665,2025-06-13,highestBoostedValuePlayers,726,J. Loyd,LVA,1.1,181.0,3.76079298862849,2026-06-05 05:19:18.264647+00:00
665,2025-06-13,highestBoostedValuePlayers,741,R. Banham,CHI,3.0,3.0,2.0291371662124407,2026-06-05 05:19:18.264647+00:00
665,2025-06-13,highestBoostedValuePlayers,753,D. Carrington,CHI,1.3,228.0,2.5805443102615016,2026-06-05 05:19:18.264647+00:00
665,2025-06-13,highestBoostedValuePlayers,754,B. Jones,ATL,0.7,175.0,2.867511439599274,2026-06-05 05:19:18.264647+00:00
665,2025-06-13,popularPlayers,765,M. Siegrist,DAL,1.7,1100.0,0.0,2026-06-05 05:19:18.264647+00:00
665,2025-06-13,highestBoostedValuePlayers,767,A. Ogunbowale,DAL,0.8,275.0,4.867392373756695,2026-06-05 05:19:18.264647+00:00
665,2025-06-13,popularPlayers,4322740,P. Bueckers,DAL,0.0,8500.0,2.9642965996922612,2026-06-05 05:19:18.264647+00:00
665,2025-06-13,mostCommon3xPlayers,4322749,H. Van Lith,CON,3.0,314.0,0.5914036818105392,2026-06-05 05:19:18.264647+00:00
665,2025-06-13,mostCommon3xPlayers,4322751,A. Nye,ATL,3.0,364.0,0.9151095034271718,2026-06-05 05:19:18.264647+00:00
667,2025-06-14,popularPlayers,184,G. Williams,GSV,0.4,2500.0,2.4182742599331752,2026-06-05 05:19:18.264647+00:00
667,2025-06-14,highestBoostedValuePlayers,593,E. Cannon,LAS,3.0,1.0,1.5869556043353146,2026-06-05 05:19:18.264647+00:00
667,2025-06-14,popularPlayers,596,K. Plum,LAS,0.1,2000.0,2.237488719528949,2026-06-05 05:19:18.264647+00:00
667,2025-06-14,highestBoostedValuePlayers,600,A. Clark,DAL,3.0,48.0,2.0929887801096876,2026-06-05 05:19:18.264647+00:00
667,2025-06-14,popularPlayers,604,K. Martin,LAS,3.0,1100.0,0.8844941956517568,2026-06-05 05:19:18.264647+00:00
667,2025-06-14,popularPlayers,622,E. Wheeler,LAS,1.0,2000.0,1.5723285049708076,2026-06-05 05:19:18.264647+00:00
667,2025-06-14,highestBoostedValuePlayers,624,C. Clark,IND,0.2,2200.0,7.773417868645671,2026-06-05 05:19:18.264647+00:00
667,2025-06-14,highestBoostedValuePlayers,626,K. Mitchell,IND,0.7,129.0,2.9007695031465155,2026-06-05 05:19:18.264647+00:00
667,2025-06-14,highestBoostedValuePlayers,627,A. Boston,IND,0.2,234.0,4.105228757594456,2026-06-05 05:19:18.264647+00:00
667,2025-06-14,highestBoostedValuePlayers,628,T. Fágbénlé,TOR,0.9,129.0,2.9188540052732623,2026-06-05 05:19:18.264647+00:00
667,2025-06-14,highestBoostedValuePlayers,631,L. Hull,IND,1.4,63.0,2.9668939275058785,2026-06-05 05:19:18.264647+00:00
667,2025-06-14,highestBoostedValuePlayers,632,D. Dantas,IND,3.0,2.0,1.7197383137555262,2026-06-05 05:19:18.264647+00:00
667,2025-06-14,highestBoostedValuePlayers,636,N. Sabally,TOR,1.9,2.0,3.2882310182955323,2026-06-05 05:19:18.264647+00:00
667,2025-06-14,highestBoostedValuePlayers,637,S. Ionescu,NYL,0.2,863.0,5.331083033290273,2026-06-05 05:19:18.264647+00:00
667,2025-06-14,popularPlayers,639,B. Stewart,NYL,0.1,3700.0,3.541833744290773,2026-06-05 05:19:18.264647+00:00
667,2025-06-14,highestBoostedValuePlayers,641,K. Thornton,GSV,0.8,173.0,3.7949115865108465,2026-06-05 05:19:18.264647+00:00
667,2025-06-14,highestBoostedValuePlayers,650,N. Collier,MIN,0.0,2700.0,9.636611188130985,2026-06-05 05:19:18.264647+00:00
667,2025-06-14,highestBoostedValuePlayers,652,N. Hiedeman,SEA,1.7,3.0,3.4248282807647166,2026-06-05 05:19:18.264647+00:00
667,2025-06-14,highestBoostedValuePlayers,654,C. Williams,MIN,0.6,70.0,2.8823538422605566,2026-06-05 05:19:18.264647+00:00
667,2025-06-14,popularPlayers,658,A. Smith,DAL,0.6,1000.0,1.666658784249535,2026-06-05 05:19:18.264647+00:00
667,2025-06-14,highestBoostedValuePlayers,663,B. Carleton,POR,1.8,2.0,2.3682429044557027,2026-06-05 05:19:18.264647+00:00
667,2025-06-14,popularPlayers,677,N. Cloud,CHI,0.6,1300.0,1.8342840296292213,2026-06-05 05:19:18.264647+00:00
667,2025-06-14,mostCommon3xPlayers,709,Z. Cooke,SEA,3.0,232.0,0.2174069889136382,2026-06-05 05:19:18.264647+00:00
667,2025-06-14,popularPlayers,718,D. Hamby,LAS,0.1,1200.0,2.5694699591391292,2026-06-05 05:19:18.264647+00:00
667,2025-06-14,highestBoostedValuePlayers,723,R. Jackson,CHI,1.3,9.0,2.5508447177625966,2026-06-05 05:19:18.264647+00:00
667,2025-06-14,highestBoostedValuePlayers,734,S. Diggins,CHI,0.4,444.0,3.108453916906746,2026-06-05 05:19:18.264647+00:00
667,2025-06-14,highestBoostedValuePlayers,735,E. Magbegor,SEA,1.0,184.0,3.018833750995235,2026-06-05 05:19:18.264647+00:00
667,2025-06-14,popularPlayers,738,N. Ogwumike,LAS,0.3,2800.0,0.9056775294313901,2026-06-05 05:19:18.264647+00:00
667,2025-06-14,highestBoostedValuePlayers,759,V. Burton,GSV,0.6,263.0,2.890609586900413,2026-06-05 05:19:18.264647+00:00
667,2025-06-14,popularPlayers,762,C. Leite,POR,2.1,837.0,1.3492827521370978,2026-06-05 05:19:18.264647+00:00
667,2025-06-14,mostCommon3xPlayers,4322742,D. Malonga,SEA,3.0,261.0,0.2178324843507984,2026-06-05 05:19:18.264647+00:00
670,2025-06-15,popularPlayers,373,K. Westbeld,PHO,1.5,983.0,0.44269,2026-06-05 05:19:18.264647+00:00
670,2025-06-15,popularPlayers,456,L. Held,TOR,1.8,1200.0,1.2863920582278454,2026-06-05 05:19:18.264647+00:00
670,2025-06-15,highestBoostedValuePlayers,597,J. Young,LVA,0.4,779.0,3.220427139619719,2026-06-05 05:19:18.264647+00:00
670,2025-06-15,popularPlayers,598,A. Wilson,LVA,0.0,4400.0,0.0,2026-06-05 05:19:18.264647+00:00
670,2025-06-15,highestBoostedValuePlayers,602,C. Gray,LVA,1.0,298.0,3.913259047203349,2026-06-05 05:19:18.264647+00:00
670,2025-06-15,highestBoostedValuePlayers,603,K. Stokes,GSV,3.0,47.0,1.711775551217759,2026-06-05 05:19:18.264647+00:00
670,2025-06-15,highestBoostedValuePlayers,605,A. Gray,ATL,0.1,1100.0,7.694588037189473,2026-06-05 05:19:18.264647+00:00
670,2025-06-15,highestBoostedValuePlayers,606,J. Canada,ATL,1.6,15.0,2.572440455735752,2026-06-05 05:19:18.264647+00:00
670,2025-06-15,popularPlayers,616,R. Howard,ATL,0.2,3500.0,2.6530507200705857,2026-06-05 05:19:18.264647+00:00
670,2025-06-15,highestBoostedValuePlayers,617,N. Hillmon,ATL,2.4,1.0,3.7754738868042454,2026-06-05 05:19:18.264647+00:00
670,2025-06-15,popularPlayers,664,B. Griner,CON,1.3,872.0,1.525108402239925,2026-06-05 05:19:18.264647+00:00
670,2025-06-15,highestBoostedValuePlayers,668,N. Mack,PHO,3.0,15.0,1.4162029385830668,2026-06-05 05:19:18.264647+00:00
670,2025-06-15,mostCommon3xPlayers,673,R. Allen,NYL,3.0,207.0,1.0668709001990304,2026-06-05 05:19:18.264647+00:00
670,2025-06-15,popularPlayers,679,B. Sykes,TOR,0.4,2500.0,1.0234737503389075,2026-06-05 05:19:18.264647+00:00
670,2025-06-15,highestBoostedValuePlayers,691,S. Austin,WAS,2.0,1.0,1.9063051146536705,2026-06-05 05:19:18.264647+00:00
670,2025-06-15,highestBoostedValuePlayers,697,M. Mabrey,TOR,0.6,382.0,2.8514223773996217,2026-06-05 05:19:18.264647+00:00
670,2025-06-15,mostCommon3xPlayers,698,D. Evans,LVA,3.0,191.0,0.9076922349264733,2026-06-05 05:19:18.264647+00:00
670,2025-06-15,highestBoostedValuePlayers,701,A. Reese,ATL,0.9,216.0,5.2310192203063695,2026-06-05 05:19:18.264647+00:00
670,2025-06-15,popularPlayers,705,K. Cardoso,CHI,1.1,840.0,1.4524809667121867,2026-06-05 05:19:18.264647+00:00
670,2025-06-15,highestBoostedValuePlayers,725,K. Nurse,TOR,3.0,1.0,1.8240945791882244,2026-06-05 05:19:18.264647+00:00
670,2025-06-15,highestBoostedValuePlayers,726,J. Loyd,LVA,1.0,233.0,3.481796479133126,2026-06-05 05:19:18.264647+00:00
670,2025-06-15,highestBoostedValuePlayers,736,S. Whitcomb,PHO,2.0,62.0,2.848063350748897,2026-06-05 05:19:18.264647+00:00
670,2025-06-15,highestBoostedValuePlayers,745,A. Thomas,PHO,0.1,926.0,4.056175953488755,2026-06-05 05:19:18.264647+00:00
670,2025-06-15,popularPlayers,754,B. Jones,ATL,0.7,1500.0,1.2747462296050966,2026-06-05 05:19:18.264647+00:00
670,2025-06-15,highestBoostedValuePlayers,757,J. Sheldon,CHI,2.3,1.0,3.2935201981524114,2026-06-05 05:19:18.264647+00:00
670,2025-06-15,highestBoostedValuePlayers,758,S. Sabally,NYL,0.3,765.0,4.505614471759096,2026-06-05 05:19:18.264647+00:00
670,2025-06-15,popularPlayers,4322738,M. Akoa Makani,PHO,1.9,791.0,0.9528071760893364,2026-06-05 05:19:18.264647+00:00
670,2025-06-15,popularPlayers,4322741,S. Citron,WAS,1.1,1300.0,1.4332137347230607,2026-06-05 05:19:18.264647+00:00
670,2025-06-15,popularPlayers,4322743,K. Iriafen,WAS,0.8,1900.0,1.8023319131335112,2026-06-05 05:19:18.264647+00:00
670,2025-06-15,highestBoostedValuePlayers,4322749,H. Van Lith,CON,3.0,9.0,3.0791462430126004,2026-06-05 05:19:18.264647+00:00
670,2025-06-15,highestBoostedValuePlayers,4322755,T. Paopao,ATL,3.0,2.0,4.082061347732966,2026-06-05 05:19:18.264647+00:00
675,2025-06-17,highestBoostedValuePlayers,184,G. Williams,GSV,0.4,197.0,4.932936742103943,2026-06-05 05:19:18.264647+00:00
675,2025-06-17,mostCommon3xPlayers,593,E. Cannon,LAS,3.0,269.0,1.0477353455143992,2026-06-05 05:19:18.264647+00:00
675,2025-06-17,popularPlayers,596,K. Plum,LAS,0.2,2500.0,0.0,2026-06-05 05:19:18.264647+00:00
675,2025-06-17,popularPlayers,597,J. Young,LVA,0.4,1200.0,1.7852880654858847,2026-06-05 05:19:18.264647+00:00
675,2025-06-17,popularPlayers,598,A. Wilson,LVA,0.0,3000.0,0.0,2026-06-05 05:19:18.264647+00:00
675,2025-06-17,highestBoostedValuePlayers,600,A. Clark,DAL,3.0,16.0,2.923726989708698,2026-06-05 05:19:18.264647+00:00
675,2025-06-17,popularPlayers,602,C. Gray,LVA,0.8,1600.0,1.9393667623100832,2026-06-05 05:19:18.264647+00:00
675,2025-06-17,highestBoostedValuePlayers,603,K. Stokes,GSV,3.0,4.0,1.9061080606481802,2026-06-05 05:19:18.264647+00:00
675,2025-06-17,popularPlayers,605,A. Gray,ATL,0.0,2600.0,3.0049657955484483,2026-06-05 05:19:18.264647+00:00
675,2025-06-17,highestBoostedValuePlayers,615,L. Amihere,GSV,3.0,1.0,3.3344144221714203,2026-06-05 05:19:18.264647+00:00
675,2025-06-17,highestBoostedValuePlayers,616,R. Howard,ATL,0.2,120.0,4.250354624253555,2026-06-05 05:19:18.264647+00:00
675,2025-06-17,popularPlayers,624,C. Clark,IND,0.0,8600.0,3.1035792953902264,2026-06-05 05:19:18.264647+00:00
675,2025-06-17,popularPlayers,627,A. Boston,IND,0.2,1300.0,3.3039730349261593,2026-06-05 05:19:18.264647+00:00
675,2025-06-17,highestBoostedValuePlayers,637,S. Ionescu,NYL,0.1,407.0,7.736731217687039,2026-06-05 05:19:18.264647+00:00
675,2025-06-17,popularPlayers,639,B. Stewart,NYL,0.2,2500.0,4.203649650077289,2026-06-05 05:19:18.264647+00:00
675,2025-06-17,popularPlayers,641,K. Thornton,GSV,0.7,957.0,1.8502056377888312,2026-06-05 05:19:18.264647+00:00
675,2025-06-17,popularPlayers,650,N. Collier,MIN,0.0,7700.0,1.0156435250670752,2026-06-05 05:19:18.264647+00:00
675,2025-06-17,highestBoostedValuePlayers,654,C. Williams,MIN,0.6,24.0,4.343843274383659,2026-06-05 05:19:18.264647+00:00
675,2025-06-17,highestBoostedValuePlayers,679,B. Sykes,TOR,0.5,21.0,5.948507961141834,2026-06-05 05:19:18.264647+00:00
675,2025-06-17,highestBoostedValuePlayers,682,A. Atkins,LAS,1.0,4.0,3.617890563377006,2026-06-05 05:19:18.264647+00:00
675,2025-06-17,highestBoostedValuePlayers,689,M. Hines-Allen,IND,2.1,9.0,2.3409090111279296,2026-06-05 05:19:18.264647+00:00
675,2025-06-17,highestBoostedValuePlayers,691,S. Austin,WAS,1.9,1.0,2.7409177302047536,2026-06-05 05:19:18.264647+00:00
675,2025-06-17,popularPlayers,701,A. Reese,ATL,0.7,3100.0,3.2991669313882483,2026-06-05 05:19:18.264647+00:00
675,2025-06-17,highestBoostedValuePlayers,705,K. Cardoso,CHI,1.2,6.0,4.015896201325901,2026-06-05 05:19:18.264647+00:00
675,2025-06-17,popularPlayers,711,A. Stevens,CHI,0.4,1100.0,3.116968270601554,2026-06-05 05:19:18.264647+00:00
675,2025-06-17,highestBoostedValuePlayers,712,M. Billings,IND,1.7,1.0,3.4362221847781327,2026-06-05 05:19:18.264647+00:00
675,2025-06-17,popularPlayers,718,D. Hamby,LAS,0.2,1800.0,1.0086259830867768,2026-06-05 05:19:18.264647+00:00
675,2025-06-17,popularPlayers,734,S. Diggins,CHI,0.4,1600.0,3.8245475636745465,2026-06-05 05:19:18.264647+00:00
675,2025-06-17,highestBoostedValuePlayers,738,N. Ogwumike,LAS,0.4,193.0,5.793747519517179,2026-06-05 05:19:18.264647+00:00
675,2025-06-17,highestBoostedValuePlayers,760,N. Howard,MIN,1.5,3.0,3.4268956275511004,2026-06-05 05:19:18.264647+00:00
675,2025-06-17,highestBoostedValuePlayers,767,A. Ogunbowale,DAL,0.7,146.0,4.2458657214759805,2026-06-05 05:19:18.264647+00:00
675,2025-06-17,popularPlayers,4322740,P. Bueckers,DAL,0.1,5000.0,3.932954049733247,2026-06-05 05:19:18.264647+00:00
675,2025-06-17,highestBoostedValuePlayers,4322741,S. Citron,WAS,1.2,7.0,3.171173162565037,2026-06-05 05:19:18.264647+00:00
675,2025-06-17,mostCommon3xPlayers,4322748,S. Barker,POR,3.0,153.0,1.780129345860589,2026-06-05 05:19:18.264647+00:00
675,2025-06-17,mostCommon3xPlayers,4322749,H. Van Lith,CON,3.0,581.0,-0.26530906383225944,2026-06-05 05:19:18.264647+00:00
675,2025-06-17,highestBoostedValuePlayers,4322755,T. Paopao,ATL,2.9,3.0,3.361173375468242,2026-06-05 05:19:18.264647+00:00
676,2025-06-18,highestBoostedValuePlayers,373,K. Westbeld,PHO,1.7,152.0,1.6119820153524238,2026-06-05 05:19:18.264647+00:00
676,2025-06-18,highestBoostedValuePlayers,456,L. Held,TOR,1.9,211.0,2.4354042929449853,2026-06-05 05:19:18.264647+00:00
676,2025-06-18,highestBoostedValuePlayers,668,N. Mack,PHO,2.8,65.0,1.4304243480804064,2026-06-05 05:19:18.264647+00:00
676,2025-06-18,highestBoostedValuePlayers,670,K. Copper,PHO,2.1,124.0,2.209147308698143,2026-06-05 05:19:18.264647+00:00
676,2025-06-18,highestBoostedValuePlayers,697,M. Mabrey,TOR,0.7,588.0,2.130030890726575,2026-06-05 05:19:18.264647+00:00
676,2025-06-18,popularPlayers,736,S. Whitcomb,PHO,1.8,2000.0,0.0,2026-06-05 05:19:18.264647+00:00
676,2025-06-18,highestBoostedValuePlayers,745,A. Thomas,PHO,0.1,3400.0,3.7955603493891186,2026-06-05 05:19:18.264647+00:00
676,2025-06-18,highestBoostedValuePlayers,749,O. Nelson-Ododa,CON,1.6,149.0,3.1550118500435196,2026-06-05 05:19:18.264647+00:00
676,2025-06-18,highestBoostedValuePlayers,757,J. Sheldon,CHI,1.9,152.0,1.2822577893461486,2026-06-05 05:19:18.264647+00:00
676,2025-06-18,highestBoostedValuePlayers,758,S. Sabally,NYL,0.2,3400.0,3.00371686488401,2026-06-05 05:19:18.264647+00:00
676,2025-06-18,highestBoostedValuePlayers,4322738,M. Akoa Makani,PHO,2.0,112.0,0.9584382641444928,2026-06-05 05:19:18.264647+00:00
676,2025-06-18,highestBoostedValuePlayers,4322745,A. Morrow,CON,3.0,88.0,3.134225392965473,2026-06-05 05:19:18.264647+00:00
676,2025-06-18,highestBoostedValuePlayers,4322746,S. Rivers,CON,1.8,95.0,1.4343379139383636,2026-06-05 05:19:18.264647+00:00
680,2025-06-19,highestBoostedValuePlayers,303,M. Johannes,NYL,2.8,2.0,1.3050870644579127,2026-06-05 05:19:18.264647+00:00
680,2025-06-19,popularPlayers,456,L. Held,TOR,1.8,1100.0,0.19367382783094783,2026-06-05 05:19:18.264647+00:00
680,2025-06-19,highestBoostedValuePlayers,604,K. Martin,LAS,3.0,42.0,1.5792788180814121,2026-06-05 05:19:18.264647+00:00
680,2025-06-19,highestBoostedValuePlayers,615,L. Amihere,GSV,0.4,16.0,3.038794725592867,2026-06-05 05:19:18.264647+00:00
680,2025-06-19,popularPlayers,624,C. Clark,IND,0.0,9600.0,2.3190068105273167,2026-06-05 05:19:18.264647+00:00
680,2025-06-19,popularPlayers,626,K. Mitchell,IND,0.7,2500.0,1.614344318972323,2026-06-05 05:19:18.264647+00:00
680,2025-06-19,highestBoostedValuePlayers,627,A. Boston,IND,0.2,304.0,3.8387748860405058,2026-06-05 05:19:18.264647+00:00
680,2025-06-19,popularPlayers,628,T. Fágbénlé,TOR,0.9,1400.0,0.0,2026-06-05 05:19:18.264647+00:00
680,2025-06-19,popularPlayers,631,L. Hull,IND,1.3,2200.0,1.0863333599666392,2026-06-05 05:19:18.264647+00:00
680,2025-06-19,mostCommon3xPlayers,632,D. Dantas,IND,3.0,179.0,0.32902215756491304,2026-06-05 05:19:18.264647+00:00
680,2025-06-19,highestBoostedValuePlayers,637,S. Ionescu,NYL,0.0,2200.0,3.5088511948908256,2026-06-05 05:19:18.264647+00:00
680,2025-06-19,highestBoostedValuePlayers,639,B. Stewart,NYL,0.1,417.0,5.719671367414487,2026-06-05 05:19:18.264647+00:00
680,2025-06-19,highestBoostedValuePlayers,641,K. Thornton,GSV,0.8,203.0,2.6069083867533087,2026-06-05 05:19:18.264647+00:00
680,2025-06-19,popularPlayers,643,J. Jones,NYL,0.4,1400.0,0.38422570587789173,2026-06-05 05:19:18.264647+00:00
680,2025-06-19,highestBoostedValuePlayers,668,N. Mack,PHO,2.7,1.0,1.7283594215011604,2026-06-05 05:19:18.264647+00:00
680,2025-06-19,popularPlayers,670,K. Copper,PHO,1.6,786.0,0.0,2026-06-05 05:19:18.264647+00:00
680,2025-06-19,highestBoostedValuePlayers,671,S. Cunningham,IND,3.0,57.0,1.992026072088727,2026-06-05 05:19:18.264647+00:00
680,2025-06-19,highestBoostedValuePlayers,677,N. Cloud,CHI,0.7,108.0,3.855032240634615,2026-06-05 05:19:18.264647+00:00
680,2025-06-19,highestBoostedValuePlayers,712,M. Billings,IND,1.5,45.0,1.601063248279909,2026-06-05 05:19:18.264647+00:00
680,2025-06-19,mostCommon3xPlayers,719,S. Talbot,LVA,3.0,272.0,0.9746073,2026-06-05 05:19:18.264647+00:00
680,2025-06-19,highestBoostedValuePlayers,736,S. Whitcomb,PHO,1.8,52.0,2.7369324644934223,2026-06-05 05:19:18.264647+00:00
680,2025-06-19,highestBoostedValuePlayers,745,A. Thomas,PHO,0.1,185.0,5.3895032042574345,2026-06-05 05:19:18.264647+00:00
680,2025-06-19,popularPlayers,758,S. Sabally,NYL,0.3,4000.0,2.166313301513234,2026-06-05 05:19:18.264647+00:00
680,2025-06-19,highestBoostedValuePlayers,759,V. Burton,GSV,0.7,170.0,2.5426154319249856,2026-06-05 05:19:18.264647+00:00
680,2025-06-19,highestBoostedValuePlayers,760,N. Howard,MIN,1.3,115.0,2.1690826472567344,2026-06-05 05:19:18.264647+00:00
680,2025-06-19,highestBoostedValuePlayers,762,C. Leite,POR,2.2,34.0,1.5101267949053752,2026-06-05 05:19:18.264647+00:00
680,2025-06-19,highestBoostedValuePlayers,366584,T. Hayes,GSV,2.0,22.0,2.701253872598341,2026-06-05 05:19:18.264647+00:00
680,2025-06-19,highestBoostedValuePlayers,4322738,M. Akoa Makani,PHO,2.2,63.0,3.87952498710284,2026-06-05 05:19:18.264647+00:00
681,2025-06-20,highestBoostedValuePlayers,184,G. Williams,GSV,0.4,305.0,4.2266391212918135,2026-06-05 05:19:18.264647+00:00
681,2025-06-20,mostCommon3xPlayers,399,K. Charles,GSV,3.0,156.0,1.4946993985985586,2026-06-05 05:19:18.264647+00:00
681,2025-06-20,highestBoostedValuePlayers,597,J. Young,LVA,0.5,297.0,4.680457580105383,2026-06-05 05:19:18.264647+00:00
681,2025-06-20,popularPlayers,598,A. Wilson,LVA,0.0,4200.0,3.421545724987936,2026-06-05 05:19:18.264647+00:00
681,2025-06-20,highestBoostedValuePlayers,600,A. Clark,DAL,3.0,34.0,1.7030680707315438,2026-06-05 05:19:18.264647+00:00
681,2025-06-20,popularPlayers,602,C. Gray,LVA,0.9,2400.0,2.4549306151552632,2026-06-05 05:19:18.264647+00:00
681,2025-06-20,popularPlayers,603,K. Stokes,GSV,2.8,1300.0,1.4871277230566189,2026-06-05 05:19:18.264647+00:00
681,2025-06-20,popularPlayers,605,A. Gray,ATL,0.0,4600.0,2.690356041352878,2026-06-05 05:19:18.264647+00:00
681,2025-06-20,highestBoostedValuePlayers,606,J. Canada,ATL,1.4,3.0,2.4983263062567342,2026-06-05 05:19:18.264647+00:00
681,2025-06-20,highestBoostedValuePlayers,609,N. Coffey,MIN,2.8,1.0,1.799590032148443,2026-06-05 05:19:18.264647+00:00
681,2025-06-20,popularPlayers,616,R. Howard,ATL,0.2,2600.0,3.1239322867462183,2026-06-05 05:19:18.264647+00:00
681,2025-06-20,highestBoostedValuePlayers,622,E. Wheeler,LAS,1.1,111.0,3.2980484147213827,2026-06-05 05:19:18.264647+00:00
681,2025-06-20,highestBoostedValuePlayers,629,N. Smith,LVA,2.5,2.0,2.3084742834184224,2026-06-05 05:19:18.264647+00:00
681,2025-06-20,highestBoostedValuePlayers,679,B. Sykes,TOR,0.4,215.0,4.027513539463402,2026-06-05 05:19:18.264647+00:00
681,2025-06-20,highestBoostedValuePlayers,691,S. Austin,WAS,1.7,43.0,6.773417261340976,2026-06-05 05:19:18.264647+00:00
681,2025-06-20,popularPlayers,697,M. Mabrey,TOR,0.7,1600.0,1.8948157072429204,2026-06-05 05:19:18.264647+00:00
681,2025-06-20,mostCommon3xPlayers,709,Z. Cooke,SEA,3.0,152.0,0.0,2026-06-05 05:19:18.264647+00:00
681,2025-06-20,highestBoostedValuePlayers,724,L. Yueru,DAL,3.0,1.0,3.009889099046139,2026-06-05 05:19:18.264647+00:00
681,2025-06-20,highestBoostedValuePlayers,726,J. Loyd,LVA,0.9,159.0,3.091689071014334,2026-06-05 05:19:18.264647+00:00
681,2025-06-20,highestBoostedValuePlayers,734,S. Diggins,CHI,0.4,274.0,4.729321694480964,2026-06-05 05:19:18.264647+00:00
681,2025-06-20,popularPlayers,735,E. Magbegor,SEA,1.0,1100.0,0.8697942970865605,2026-06-05 05:19:18.264647+00:00
681,2025-06-20,highestBoostedValuePlayers,738,N. Ogwumike,LAS,0.3,367.0,6.40514793788481,2026-06-05 05:19:18.264647+00:00
681,2025-06-20,popularPlayers,753,D. Carrington,CHI,1.2,1300.0,2.354741067166961,2026-06-05 05:19:18.264647+00:00
681,2025-06-20,highestBoostedValuePlayers,754,B. Jones,ATL,0.8,119.0,3.5351507749835425,2026-06-05 05:19:18.264647+00:00
681,2025-06-20,popularPlayers,767,A. Ogunbowale,DAL,0.6,2100.0,0.7602098737268502,2026-06-05 05:19:18.264647+00:00
681,2025-06-20,popularPlayers,4322740,P. Bueckers,DAL,0.1,6000.0,4.026605291620169,2026-06-05 05:19:18.264647+00:00
681,2025-06-20,highestBoostedValuePlayers,4322741,S. Citron,WAS,1.1,99.0,2.99115304729063,2026-06-05 05:19:18.264647+00:00
681,2025-06-20,popularPlayers,4322743,K. Iriafen,WAS,0.9,1200.0,1.9027201131777476,2026-06-05 05:19:18.264647+00:00
681,2025-06-20,highestBoostedValuePlayers,4322745,A. Morrow,CON,3.0,2.0,2.4655333822211243,2026-06-05 05:19:18.264647+00:00
681,2025-06-20,highestBoostedValuePlayers,4322746,S. Rivers,CON,1.8,7.0,2.396257778104489,2026-06-05 05:19:18.264647+00:00
681,2025-06-20,highestBoostedValuePlayers,4322750,A. James,DAL,3.0,5.0,3.3181800773478876,2026-06-05 05:19:18.264647+00:00
681,2025-06-20,highestBoostedValuePlayers,4322751,A. Nye,ATL,3.0,31.0,1.9624621834477667,2026-06-05 05:19:18.264647+00:00
683,2025-06-21,highestBoostedValuePlayers,8,M. Kliundikova,TOR,2.5,8.0,3.5743874356398937,2026-06-05 05:19:18.264647+00:00
683,2025-06-21,popularPlayers,172,O. Sims,DAL,1.1,1100.0,0.0,2026-06-05 05:19:18.264647+00:00
683,2025-06-21,highestBoostedValuePlayers,373,K. Westbeld,PHO,1.8,56.0,1.6436388888773104,2026-06-05 05:19:18.264647+00:00
683,2025-06-21,popularPlayers,596,K. Plum,LAS,0.2,4600.0,2.2430102745651084,2026-06-05 05:19:18.264647+00:00
683,2025-06-21,popularPlayers,650,N. Collier,MIN,0.0,5800.0,0.0,2026-06-05 05:19:18.264647+00:00
683,2025-06-21,popularPlayers,652,N. Hiedeman,SEA,1.4,1500.0,1.5335850666589586,2026-06-05 05:19:18.264647+00:00
683,2025-06-21,highestBoostedValuePlayers,654,C. Williams,MIN,0.5,373.0,4.37456006443254,2026-06-05 05:19:18.264647+00:00
683,2025-06-21,popularPlayers,658,A. Smith,DAL,0.6,2600.0,2.0945406405403615,2026-06-05 05:19:18.264647+00:00
683,2025-06-21,highestBoostedValuePlayers,660,K. McBride,MIN,0.6,231.0,4.1394129850696615,2026-06-05 05:19:18.264647+00:00
683,2025-06-21,mostCommon3xPlayers,661,D. Miller,CON,3.0,419.0,0.22936770235926354,2026-06-05 05:19:18.264647+00:00
683,2025-06-21,popularPlayers,663,B. Carleton,POR,1.7,1300.0,1.157401910413066,2026-06-05 05:19:18.264647+00:00
683,2025-06-21,highestBoostedValuePlayers,670,K. Copper,PHO,1.6,166.0,3.322225196899859,2026-06-05 05:19:18.264647+00:00
683,2025-06-21,highestBoostedValuePlayers,673,R. Allen,NYL,3.0,6.0,1.1561278388757683,2026-06-05 05:19:18.264647+00:00
683,2025-06-21,highestBoostedValuePlayers,682,A. Atkins,LAS,0.9,81.0,1.9219982325850777,2026-06-05 05:19:18.264647+00:00
683,2025-06-21,mostCommon3xPlayers,686,K. Samuelson,POR,3.0,277.0,0.09113000000000006,2026-06-05 05:19:18.264647+00:00
683,2025-06-21,highestBoostedValuePlayers,700,M. Onyenwere,WAS,3.0,1.0,2.4214574256582613,2026-06-05 05:19:18.264647+00:00
683,2025-06-21,popularPlayers,701,A. Reese,ATL,0.7,2600.0,1.8728642037336032,2026-06-05 05:19:18.264647+00:00
683,2025-06-21,highestBoostedValuePlayers,705,K. Cardoso,CHI,1.0,111.0,2.3374704228910277,2026-06-05 05:19:18.264647+00:00
683,2025-06-21,highestBoostedValuePlayers,711,A. Stevens,CHI,0.4,201.0,3.06902335769007,2026-06-05 05:19:18.264647+00:00
683,2025-06-21,popularPlayers,718,D. Hamby,LAS,0.2,3200.0,2.337244850241447,2026-06-05 05:19:18.264647+00:00
683,2025-06-21,popularPlayers,723,R. Jackson,CHI,1.3,2500.0,1.303161766171738,2026-06-05 05:19:18.264647+00:00
683,2025-06-21,highestBoostedValuePlayers,725,K. Nurse,TOR,3.0,2.0,1.442541220883959,2026-06-05 05:19:18.264647+00:00
683,2025-06-21,highestBoostedValuePlayers,736,S. Whitcomb,PHO,1.7,50.0,2.735170906490309,2026-06-05 05:19:18.264647+00:00
683,2025-06-21,highestBoostedValuePlayers,741,R. Banham,CHI,3.0,2.0,1.505501483309188,2026-06-05 05:19:18.264647+00:00
683,2025-06-21,highestBoostedValuePlayers,745,A. Thomas,PHO,0.1,598.0,3.712398387471069,2026-06-05 05:19:18.264647+00:00
683,2025-06-21,highestBoostedValuePlayers,758,S. Sabally,NYL,0.3,322.0,2.8518071068548028,2026-06-05 05:19:18.264647+00:00
683,2025-06-21,highestBoostedValuePlayers,4322738,M. Akoa Makani,PHO,1.8,65.0,1.9168115302143207,2026-06-05 05:19:18.264647+00:00
683,2025-06-21,popularPlayers,4322748,S. Barker,POR,3.0,585.0,0.5128457269369037,2026-06-05 05:19:18.264647+00:00
683,2025-06-21,mostCommon3xPlayers,4322749,H. Van Lith,CON,3.0,358.0,0.6659628811275937,2026-06-05 05:19:18.264647+00:00
685,2025-06-22,popularPlayers,184,G. Williams,GSV,0.3,1600.0,4.006785490986039,2026-06-05 05:19:18.264647+00:00
685,2025-06-22,highestBoostedValuePlayers,303,M. Johannes,NYL,2.8,1.0,3.329345848840183,2026-06-05 05:19:18.264647+00:00
685,2025-06-22,highestBoostedValuePlayers,597,J. Young,LVA,0.4,80.0,4.333967707663821,2026-06-05 05:19:18.264647+00:00
685,2025-06-22,popularPlayers,598,A. Wilson,LVA,0.0,3400.0,3.593811390029712,2026-06-05 05:19:18.264647+00:00
685,2025-06-22,mostCommon3xPlayers,600,A. Clark,DAL,3.0,182.0,0.8700210616372054,2026-06-05 05:19:18.264647+00:00
685,2025-06-22,mostCommon3xPlayers,604,K. Martin,LAS,3.0,175.0,0.8580922210851345,2026-06-05 05:19:18.264647+00:00
685,2025-06-22,highestBoostedValuePlayers,605,A. Gray,ATL,0.1,209.0,4.743577416551567,2026-06-05 05:19:18.264647+00:00
685,2025-06-22,popularPlayers,616,R. Howard,ATL,0.2,975.0,3.836707435189445,2026-06-05 05:19:18.264647+00:00
685,2025-06-22,highestBoostedValuePlayers,617,N. Hillmon,ATL,2.0,1.0,2.824546729717934,2026-06-05 05:19:18.264647+00:00
685,2025-06-22,popularPlayers,624,C. Clark,IND,0.1,5000.0,2.7062966940332327,2026-06-05 05:19:18.264647+00:00
685,2025-06-22,highestBoostedValuePlayers,626,K. Mitchell,IND,0.8,4.0,3.6603182294634236,2026-06-05 05:19:18.264647+00:00
685,2025-06-22,highestBoostedValuePlayers,627,A. Boston,IND,0.2,106.0,5.872794228620148,2026-06-05 05:19:18.264647+00:00
685,2025-06-22,highestBoostedValuePlayers,629,N. Smith,LVA,2.3,4.0,2.4102583368293145,2026-06-05 05:19:18.264647+00:00
685,2025-06-22,popularPlayers,636,N. Sabally,TOR,1.7,897.0,1.2852019381423274,2026-06-05 05:19:18.264647+00:00
685,2025-06-22,popularPlayers,637,S. Ionescu,NYL,0.0,4700.0,0.0,2026-06-05 05:19:18.264647+00:00
685,2025-06-22,popularPlayers,639,B. Stewart,NYL,0.1,4000.0,4.050697221011656,2026-06-05 05:19:18.264647+00:00
685,2025-06-22,highestBoostedValuePlayers,641,K. Thornton,GSV,0.8,309.0,4.316936803030505,2026-06-05 05:19:18.264647+00:00
685,2025-06-22,popularPlayers,677,N. Cloud,CHI,0.7,1200.0,1.3599631390068205,2026-06-05 05:19:18.264647+00:00
685,2025-06-22,popularPlayers,679,B. Sykes,TOR,0.3,1100.0,1.629984184193171,2026-06-05 05:19:18.264647+00:00
685,2025-06-22,highestBoostedValuePlayers,682,A. Atkins,LAS,1.0,4.0,4.6908772231742875,2026-06-05 05:19:18.264647+00:00
685,2025-06-22,highestBoostedValuePlayers,691,S. Austin,WAS,1.0,72.0,4.28747229381076,2026-06-05 05:19:18.264647+00:00
685,2025-06-22,popularPlayers,697,M. Mabrey,TOR,0.8,1500.0,0.0,2026-06-05 05:19:18.264647+00:00
685,2025-06-22,highestBoostedValuePlayers,701,A. Reese,ATL,0.7,162.0,3.574481017885343,2026-06-05 05:19:18.264647+00:00
685,2025-06-22,highestBoostedValuePlayers,708,E. Williams,CHI,2.5,2.0,4.065244233994414,2026-06-05 05:19:18.264647+00:00
685,2025-06-22,highestBoostedValuePlayers,719,S. Talbot,LVA,3.0,18.0,2.969000879952229,2026-06-05 05:19:18.264647+00:00
685,2025-06-22,mostCommon3xPlayers,724,L. Yueru,DAL,3.0,347.0,0.5403767591418831,2026-06-05 05:19:18.264647+00:00
685,2025-06-22,highestBoostedValuePlayers,734,S. Diggins,CHI,0.4,210.0,4.178335031912277,2026-06-05 05:19:18.264647+00:00
685,2025-06-22,highestBoostedValuePlayers,738,N. Ogwumike,LAS,0.2,266.0,5.301000108748342,2026-06-05 05:19:18.264647+00:00
685,2025-06-22,popularPlayers,759,V. Burton,GSV,0.7,1400.0,1.961262136329165,2026-06-05 05:19:18.264647+00:00
685,2025-06-22,highestBoostedValuePlayers,767,A. Ogunbowale,DAL,0.7,91.0,4.327155938018613,2026-06-05 05:19:18.264647+00:00
685,2025-06-22,popularPlayers,366584,T. Hayes,GSV,1.7,1100.0,2.6820469860082183,2026-06-05 05:19:18.264647+00:00
685,2025-06-22,popularPlayers,4322740,P. Bueckers,DAL,0.1,3700.0,4.534782183656591,2026-06-05 05:19:18.264647+00:00
685,2025-06-22,highestBoostedValuePlayers,4322741,S. Citron,WAS,1.0,10.0,5.822065605479482,2026-06-05 05:19:18.264647+00:00
685,2025-06-22,highestBoostedValuePlayers,4322743,K. Iriafen,WAS,1.0,23.0,5.161519980319267,2026-06-05 05:19:18.264647+00:00
685,2025-06-22,mostCommon3xPlayers,4322745,A. Morrow,CON,3.0,628.0,1.9661555351976516,2026-06-05 05:19:18.264647+00:00
685,2025-06-22,mostCommon3xPlayers,4322750,A. James,DAL,3.0,682.0,1.954277310615552,2026-06-05 05:19:18.264647+00:00
685,2025-06-22,highestBoostedValuePlayers,4322755,T. Paopao,ATL,2.5,1.0,4.0131940403679,2026-06-05 05:19:18.264647+00:00
689,2025-06-24,popularPlayers,184,G. Williams,GSV,0.3,1900.0,1.7847100598178298,2026-06-05 05:19:18.264647+00:00
689,2025-06-24,mostCommon3xPlayers,399,K. Charles,GSV,3.0,413.0,1.2226164116939089,2026-06-05 05:19:18.264647+00:00
689,2025-06-24,popularPlayers,596,K. Plum,LAS,0.2,3300.0,3.0422108522115,2026-06-05 05:19:18.264647+00:00
689,2025-06-24,mostCommon3xPlayers,600,A. Clark,DAL,3.0,327.0,0.6417152016539392,2026-06-05 05:19:18.264647+00:00
689,2025-06-24,popularPlayers,605,A. Gray,ATL,0.1,3000.0,1.4238412152258717,2026-06-05 05:19:18.264647+00:00
689,2025-06-24,highestBoostedValuePlayers,616,R. Howard,ATL,0.2,220.0,3.8683640725035273,2026-06-05 05:19:18.264647+00:00
689,2025-06-24,popularPlayers,624,C. Clark,IND,0.1,7900.0,1.492490018201304,2026-06-05 05:19:18.264647+00:00
689,2025-06-24,highestBoostedValuePlayers,626,K. Mitchell,IND,0.7,26.0,5.212527453469798,2026-06-05 05:19:18.264647+00:00
689,2025-06-24,highestBoostedValuePlayers,627,A. Boston,IND,0.2,499.0,7.253675364720002,2026-06-05 05:19:18.264647+00:00
689,2025-06-24,highestBoostedValuePlayers,631,L. Hull,IND,1.3,21.0,3.606305808591725,2026-06-05 05:19:18.264647+00:00
689,2025-06-24,highestBoostedValuePlayers,632,D. Dantas,IND,3.0,11.0,1.8185888196255655,2026-06-05 05:19:18.264647+00:00
689,2025-06-24,popularPlayers,650,N. Collier,MIN,0.0,4100.0,0.0,2026-06-05 05:19:18.264647+00:00
689,2025-06-24,highestBoostedValuePlayers,653,J. Shepard,DAL,1.7,4.0,4.105499354104555,2026-06-05 05:19:18.264647+00:00
689,2025-06-24,popularPlayers,654,C. Williams,MIN,0.5,1600.0,0.22374575067649416,2026-06-05 05:19:18.264647+00:00
689,2025-06-24,highestBoostedValuePlayers,658,A. Smith,DAL,0.7,9.0,5.6223772966806225,2026-06-05 05:19:18.264647+00:00
689,2025-06-24,popularPlayers,679,B. Sykes,TOR,0.4,1300.0,0.0,2026-06-05 05:19:18.264647+00:00
689,2025-06-24,highestBoostedValuePlayers,691,S. Austin,WAS,0.9,74.0,3.2710128545065107,2026-06-05 05:19:18.264647+00:00
689,2025-06-24,highestBoostedValuePlayers,701,A. Reese,ATL,0.7,373.0,5.188343612348336,2026-06-05 05:19:18.264647+00:00
689,2025-06-24,highestBoostedValuePlayers,705,K. Cardoso,CHI,1.0,17.0,5.23149757259947,2026-06-05 05:19:18.264647+00:00
689,2025-06-24,highestBoostedValuePlayers,711,A. Stevens,CHI,0.4,101.0,5.214480121017792,2026-06-05 05:19:18.264647+00:00
689,2025-06-24,highestBoostedValuePlayers,718,D. Hamby,LAS,0.3,140.0,3.8326956615364955,2026-06-05 05:19:18.264647+00:00
689,2025-06-24,highestBoostedValuePlayers,723,R. Jackson,CHI,1.4,406.0,2.4025660584297848,2026-06-05 05:19:18.264647+00:00
689,2025-06-24,highestBoostedValuePlayers,724,L. Yueru,DAL,3.0,2.0,3.2136529216340493,2026-06-05 05:19:18.264647+00:00
689,2025-06-24,highestBoostedValuePlayers,734,S. Diggins,CHI,0.3,223.0,4.663609356005686,2026-06-05 05:19:18.264647+00:00
689,2025-06-24,popularPlayers,738,N. Ogwumike,LAS,0.2,3400.0,3.3409108276042896,2026-06-05 05:19:18.264647+00:00
689,2025-06-24,mostCommon3xPlayers,741,R. Banham,CHI,3.0,461.0,1.5275687178460118,2026-06-05 05:19:18.264647+00:00
689,2025-06-24,highestBoostedValuePlayers,754,B. Jones,ATL,0.8,144.0,2.75650478638668,2026-06-05 05:19:18.264647+00:00
689,2025-06-24,highestBoostedValuePlayers,767,A. Ogunbowale,DAL,0.6,176.0,3.585329230301308,2026-06-05 05:19:18.264647+00:00
689,2025-06-24,popularPlayers,4322740,P. Bueckers,DAL,0.1,6000.0,2.4533761468266184,2026-06-05 05:19:18.264647+00:00
689,2025-06-24,popularPlayers,4322741,S. Citron,WAS,0.8,1800.0,1.8642827647190496,2026-06-05 05:19:18.264647+00:00
689,2025-06-24,popularPlayers,4322743,K. Iriafen,WAS,0.8,1400.0,2.2035550821352663,2026-06-05 05:19:18.264647+00:00
689,2025-06-24,highestBoostedValuePlayers,4322750,A. James,DAL,3.0,21.0,1.85562124793667,2026-06-05 05:19:18.264647+00:00
692,2025-06-25,highestBoostedValuePlayers,303,M. Johannes,NYL,2.4,110.0,2.428033297489588,2026-06-05 05:19:18.264647+00:00
692,2025-06-25,highestBoostedValuePlayers,449,R. Gardner,NYL,3.0,3.0,1.8768355270864687,2026-06-05 05:19:18.264647+00:00
692,2025-06-25,highestBoostedValuePlayers,594,K. Bell,LVA,3.0,2.0,2.048485880397535,2026-06-05 05:19:18.264647+00:00
692,2025-06-25,highestBoostedValuePlayers,597,J. Young,LVA,0.4,310.0,3.705489326950464,2026-06-05 05:19:18.264647+00:00
692,2025-06-25,highestBoostedValuePlayers,598,A. Wilson,LVA,0.0,4000.0,5.795050121962337,2026-06-05 05:19:18.264647+00:00
692,2025-06-25,highestBoostedValuePlayers,602,C. Gray,LVA,0.9,261.0,3.0822054402825367,2026-06-05 05:19:18.264647+00:00
692,2025-06-25,highestBoostedValuePlayers,604,K. Martin,LAS,3.0,8.0,3.0328527329401997,2026-06-05 05:19:18.264647+00:00
692,2025-06-25,popularPlayers,628,T. Fágbénlé,TOR,0.9,1200.0,0.0,2026-06-05 05:19:18.264647+00:00
692,2025-06-25,highestBoostedValuePlayers,635,K. Burke,CON,1.8,111.0,4.226444524884866,2026-06-05 05:19:18.264647+00:00
692,2025-06-25,highestBoostedValuePlayers,636,N. Sabally,TOR,1.8,22.0,1.3597135971076753,2026-06-05 05:19:18.264647+00:00
692,2025-06-25,highestBoostedValuePlayers,637,S. Ionescu,NYL,0.0,2000.0,3.0857341898030155,2026-06-05 05:19:18.264647+00:00
692,2025-06-25,highestBoostedValuePlayers,639,B. Stewart,NYL,0.1,1400.0,4.905419191454023,2026-06-05 05:19:18.264647+00:00
692,2025-06-25,highestBoostedValuePlayers,641,K. Thornton,GSV,0.7,793.0,2.512996827257219,2026-06-05 05:19:18.264647+00:00
692,2025-06-25,popularPlayers,677,N. Cloud,CHI,0.8,2300.0,1.5261954875834902,2026-06-05 05:19:18.264647+00:00
692,2025-06-25,popularPlayers,712,M. Billings,IND,1.6,1100.0,1.016135265271323,2026-06-05 05:19:18.264647+00:00
692,2025-06-25,highestBoostedValuePlayers,719,S. Talbot,LVA,3.0,4.0,2.64525586434442,2026-06-05 05:19:18.264647+00:00
692,2025-06-25,highestBoostedValuePlayers,726,J. Loyd,LVA,0.9,302.0,2.832905125456314,2026-06-05 05:19:18.264647+00:00
692,2025-06-25,popularPlayers,749,O. Nelson-Ododa,CON,1.5,1000.0,1.264749353623075,2026-06-05 05:19:18.264647+00:00
692,2025-06-25,highestBoostedValuePlayers,757,J. Sheldon,CHI,1.9,156.0,1.6976618764145865,2026-06-05 05:19:18.264647+00:00
692,2025-06-25,highestBoostedValuePlayers,759,V. Burton,GSV,0.8,180.0,4.083346350501837,2026-06-05 05:19:18.264647+00:00
692,2025-06-25,highestBoostedValuePlayers,366584,T. Hayes,GSV,1.5,16.0,2.7009707184895526,2026-06-05 05:19:18.264647+00:00
692,2025-06-25,popularPlayers,4322745,A. Morrow,CON,3.0,1600.0,0.36841106116436795,2026-06-05 05:19:18.264647+00:00
692,2025-06-25,highestBoostedValuePlayers,4322746,S. Rivers,CON,1.8,108.0,2.004166116915016,2026-06-05 05:19:18.264647+00:00
692,2025-06-25,mostCommon3xPlayers,4322751,A. Nye,ATL,3.0,154.0,0.21805320311252624,2026-06-05 05:19:18.264647+00:00
692,2025-06-25,mostCommon3xPlayers,4322793,K. Chen,GSV,3.0,175.0,0.0,2026-06-05 05:19:18.264647+00:00
693,2025-06-26,highestBoostedValuePlayers,596,K. Plum,LAS,0.3,405.0,4.028301030543638,2026-06-05 05:19:18.264647+00:00
693,2025-06-26,highestBoostedValuePlayers,597,J. Young,LVA,0.4,364.0,3.513547671359525,2026-06-05 05:19:18.264647+00:00
693,2025-06-26,highestBoostedValuePlayers,598,A. Wilson,LVA,0.0,4600.0,4.148573149707772,2026-06-05 05:19:18.264647+00:00
693,2025-06-26,highestBoostedValuePlayers,602,C. Gray,LVA,0.8,276.0,3.1057750921417018,2026-06-05 05:19:18.264647+00:00
693,2025-06-26,highestBoostedValuePlayers,603,K. Stokes,GSV,3.0,25.0,1.2868758417634187,2026-06-05 05:19:18.264647+00:00
693,2025-06-26,popularPlayers,624,C. Clark,IND,0.2,2900.0,0.0,2026-06-05 05:19:18.264647+00:00
693,2025-06-26,highestBoostedValuePlayers,626,K. Mitchell,IND,0.6,303.0,2.8617903051078915,2026-06-05 05:19:18.264647+00:00
693,2025-06-26,highestBoostedValuePlayers,627,A. Boston,IND,0.1,1100.0,3.1568986914355346,2026-06-05 05:19:18.264647+00:00
693,2025-06-26,popularPlayers,631,L. Hull,IND,1.2,1900.0,1.6283830548589453,2026-06-05 05:19:18.264647+00:00
693,2025-06-26,highestBoostedValuePlayers,671,S. Cunningham,IND,3.0,16.0,1.971546481869833,2026-06-05 05:19:18.264647+00:00
693,2025-06-26,popularPlayers,679,B. Sykes,TOR,0.4,1200.0,0.0,2026-06-05 05:19:18.264647+00:00
693,2025-06-26,highestBoostedValuePlayers,683,A. Edwards,CON,3.0,31.0,1.436430582206112,2026-06-05 05:19:18.264647+00:00
693,2025-06-26,highestBoostedValuePlayers,685,S. Dolson,SEA,3.0,21.0,1.1873217100264009,2026-06-05 05:19:18.264647+00:00
693,2025-06-26,highestBoostedValuePlayers,691,S. Austin,WAS,0.8,310.0,3.439884591520473,2026-06-05 05:19:18.264647+00:00
693,2025-06-26,highestBoostedValuePlayers,698,D. Evans,LVA,3.0,22.0,2.57481897671485,2026-06-05 05:19:18.264647+00:00
693,2025-06-26,highestBoostedValuePlayers,711,A. Stevens,CHI,0.3,164.0,3.906281714292331,2026-06-05 05:19:18.264647+00:00
693,2025-06-26,popularPlayers,718,D. Hamby,LAS,0.3,1800.0,2.513064858210689,2026-06-05 05:19:18.264647+00:00
693,2025-06-26,highestBoostedValuePlayers,723,R. Jackson,CHI,1.4,308.0,1.9030890262828075,2026-06-05 05:19:18.264647+00:00
693,2025-06-26,popularPlayers,726,J. Loyd,LVA,0.8,1900.0,1.3326805741760082,2026-06-05 05:19:18.264647+00:00
693,2025-06-26,popularPlayers,729,J. Melbourne,SEA,2.8,1200.0,0.24207199203674107,2026-06-05 05:19:18.264647+00:00
693,2025-06-26,popularPlayers,760,N. Howard,MIN,1.5,941.0,1.6114351111220453,2026-06-05 05:19:18.264647+00:00
693,2025-06-26,highestBoostedValuePlayers,4322741,S. Citron,WAS,0.9,275.0,3.512687784729338,2026-06-05 05:19:18.264647+00:00
693,2025-06-26,highestBoostedValuePlayers,4322743,K. Iriafen,WAS,0.8,248.0,2.145534867610307,2026-06-05 05:19:18.264647+00:00
693,2025-06-26,mostCommon3xPlayers,4322751,A. Nye,ATL,3.0,416.0,0.4235464470224682,2026-06-05 05:19:18.264647+00:00
693,2025-06-26,highestBoostedValuePlayers,4322761,L. Olsen,WAS,3.0,24.0,2.85425029925107,2026-06-05 05:19:18.264647+00:00
696,2025-06-27,popularPlayers,184,G. Williams,GSV,0.4,1400.0,4.214984380302712,2026-06-05 05:19:18.264647+00:00
696,2025-06-27,mostCommon3xPlayers,399,K. Charles,GSV,3.0,705.0,1.4225341214261311,2026-06-05 05:19:18.264647+00:00
696,2025-06-27,mostCommon3xPlayers,604,K. Martin,LAS,3.0,345.0,1.5097197349076217,2026-06-05 05:19:18.264647+00:00
696,2025-06-27,popularPlayers,605,A. Gray,ATL,0.1,1800.0,2.9377945538477337,2026-06-05 05:19:18.264647+00:00
696,2025-06-27,highestBoostedValuePlayers,606,J. Canada,ATL,1.8,1.0,4.174406904141919,2026-06-05 05:19:18.264647+00:00
696,2025-06-27,popularPlayers,616,R. Howard,ATL,0.2,1200.0,4.001519158323827,2026-06-05 05:19:18.264647+00:00
696,2025-06-27,highestBoostedValuePlayers,626,K. Mitchell,IND,0.6,178.0,6.640091795071025,2026-06-05 05:19:18.264647+00:00
696,2025-06-27,popularPlayers,627,A. Boston,IND,0.1,3200.0,4.717304316880132,2026-06-05 05:19:18.264647+00:00
696,2025-06-27,highestBoostedValuePlayers,636,N. Sabally,TOR,1.9,1.0,3.0256706809715213,2026-06-05 05:19:18.264647+00:00
696,2025-06-27,popularPlayers,637,S. Ionescu,NYL,0.1,3900.0,2.5312838716725268,2026-06-05 05:19:18.264647+00:00
696,2025-06-27,popularPlayers,639,B. Stewart,NYL,0.1,4600.0,2.73441494911048,2026-06-05 05:19:18.264647+00:00
696,2025-06-27,highestBoostedValuePlayers,641,K. Thornton,GSV,0.7,61.0,3.9505273051892127,2026-06-05 05:19:18.264647+00:00
696,2025-06-27,highestBoostedValuePlayers,650,N. Collier,MIN,0.0,1000.0,5.341872950932272,2026-06-05 05:19:18.264647+00:00
696,2025-06-27,highestBoostedValuePlayers,654,C. Williams,MIN,0.6,142.0,4.358085547335028,2026-06-05 05:19:18.264647+00:00
696,2025-06-27,popularPlayers,658,A. Smith,DAL,0.6,1500.0,3.155826505002561,2026-06-05 05:19:18.264647+00:00
696,2025-06-27,highestBoostedValuePlayers,663,B. Carleton,POR,1.9,2.0,2.938930195821133,2026-06-05 05:19:18.264647+00:00
696,2025-06-27,mostCommon3xPlayers,671,S. Cunningham,IND,3.0,312.0,0.8415461713011453,2026-06-05 05:19:18.264647+00:00
696,2025-06-27,highestBoostedValuePlayers,682,A. Atkins,LAS,0.8,47.0,3.778135294258214,2026-06-05 05:19:18.264647+00:00
696,2025-06-27,popularPlayers,701,A. Reese,ATL,0.6,3200.0,3.907181533808735,2026-06-05 05:19:18.264647+00:00
696,2025-06-27,mostCommon3xPlayers,719,S. Talbot,LVA,3.0,572.0,1.2807785609239721,2026-06-05 05:19:18.264647+00:00
696,2025-06-27,popularPlayers,724,L. Yueru,DAL,3.0,1600.0,0.6473819533130541,2026-06-05 05:19:18.264647+00:00
696,2025-06-27,highestBoostedValuePlayers,725,K. Nurse,TOR,3.0,1.0,3.2040311307235947,2026-06-05 05:19:18.264647+00:00
696,2025-06-27,highestBoostedValuePlayers,734,S. Diggins,CHI,0.3,297.0,4.639249059042871,2026-06-05 05:19:18.264647+00:00
696,2025-06-27,highestBoostedValuePlayers,736,S. Whitcomb,PHO,1.6,5.0,3.3586330256528965,2026-06-05 05:19:18.264647+00:00
696,2025-06-27,popularPlayers,738,N. Ogwumike,LAS,0.2,2100.0,2.4882921330578127,2026-06-05 05:19:18.264647+00:00
696,2025-06-27,highestBoostedValuePlayers,745,A. Thomas,PHO,0.1,494.0,6.285536222049812,2026-06-05 05:19:18.264647+00:00
696,2025-06-27,highestBoostedValuePlayers,749,O. Nelson-Ododa,CON,1.5,16.0,3.3745825606670383,2026-06-05 05:19:18.264647+00:00
696,2025-06-27,highestBoostedValuePlayers,754,B. Jones,ATL,0.8,126.0,3.8661799862996498,2026-06-05 05:19:18.264647+00:00
696,2025-06-27,highestBoostedValuePlayers,758,S. Sabally,NYL,0.3,312.0,4.527235180210549,2026-06-05 05:19:18.264647+00:00
696,2025-06-27,popularPlayers,759,V. Burton,GSV,0.7,1300.0,1.4740897082973126,2026-06-05 05:19:18.264647+00:00
696,2025-06-27,highestBoostedValuePlayers,760,N. Howard,MIN,1.6,4.0,4.478725823697104,2026-06-05 05:19:18.264647+00:00
696,2025-06-27,popularPlayers,767,A. Ogunbowale,DAL,0.6,1300.0,1.8782703164172503,2026-06-05 05:19:18.264647+00:00
696,2025-06-27,popularPlayers,366584,T. Hayes,GSV,1.3,1100.0,2.6508383954436763,2026-06-05 05:19:18.264647+00:00
696,2025-06-27,highestBoostedValuePlayers,4322740,P. Bueckers,DAL,0.1,1600.0,5.298168261006732,2026-06-05 05:19:18.264647+00:00
696,2025-06-27,highestBoostedValuePlayers,4322742,D. Malonga,SEA,3.0,2.0,2.2209936677045294,2026-06-05 05:19:18.264647+00:00
696,2025-06-27,highestBoostedValuePlayers,4322745,A. Morrow,CON,3.0,1.0,3.9538561326598467,2026-06-05 05:19:18.264647+00:00
697,2025-06-28,popularPlayers,336,L. Geiselsöder,POR,1.8,53.0,0.0,2026-06-05 05:19:18.264647+00:00
697,2025-06-28,highestBoostedValuePlayers,399,K. Charles,GSV,3.0,147.0,0.30227745387973104,2026-06-05 05:19:18.264647+00:00
697,2025-06-28,highestBoostedValuePlayers,629,N. Smith,LVA,2.2,169.0,1.326917737469928,2026-06-05 05:19:18.264647+00:00
697,2025-06-28,highestBoostedValuePlayers,649,S. Koné,ATL,3.0,4.0,0.20095207088143527,2026-06-05 05:19:18.264647+00:00
697,2025-06-28,highestBoostedValuePlayers,679,B. Sykes,TOR,0.4,286.0,1.521568646689037,2026-06-05 05:19:18.264647+00:00
697,2025-06-28,highestBoostedValuePlayers,683,A. Edwards,CON,3.0,157.0,0.9439684,2026-06-05 05:19:18.264647+00:00
697,2025-06-28,highestBoostedValuePlayers,685,S. Dolson,SEA,3.0,,-0.0011380288223142897,2026-06-05 05:19:18.264647+00:00
697,2025-06-28,highestBoostedValuePlayers,689,M. Hines-Allen,IND,2.2,165.0,3.7021132236624563,2026-06-05 05:19:18.264647+00:00
697,2025-06-28,highestBoostedValuePlayers,691,S. Austin,WAS,0.8,744.0,1.580981539821235,2026-06-05 05:19:18.264647+00:00
697,2025-06-28,highestBoostedValuePlayers,724,L. Yueru,DAL,3.0,202.0,1.1337206458172666,2026-06-05 05:19:18.264647+00:00
697,2025-06-28,popularPlayers,729,J. Melbourne,SEA,3.0,61.0,0.0,2026-06-05 05:19:18.264647+00:00
697,2025-06-28,highestBoostedValuePlayers,753,D. Carrington,CHI,1.2,,0.0,2026-06-05 05:19:18.264647+00:00
697,2025-06-28,highestBoostedValuePlayers,765,M. Siegrist,DAL,1.7,,0.0,2026-06-05 05:19:18.264647+00:00
697,2025-06-28,highestBoostedValuePlayers,767,A. Ogunbowale,DAL,0.6,2300.0,2.207969906825113,2026-06-05 05:19:18.264647+00:00
697,2025-06-28,highestBoostedValuePlayers,4322740,P. Bueckers,DAL,0.1,,0.0,2026-06-05 05:19:18.264647+00:00
697,2025-06-28,highestBoostedValuePlayers,4322741,S. Citron,WAS,0.8,915.0,3.9535004165477425,2026-06-05 05:19:18.264647+00:00
697,2025-06-28,highestBoostedValuePlayers,4322743,K. Iriafen,WAS,0.8,728.0,1.6015112962000382,2026-06-05 05:19:18.264647+00:00
697,2025-06-28,highestBoostedValuePlayers,4322750,A. James,DAL,2.8,183.0,2.819393425862675,2026-06-05 05:19:18.264647+00:00
697,2025-06-28,highestBoostedValuePlayers,4322761,L. Olsen,WAS,3.0,16.0,0.4155379293937905,2026-06-05 05:19:18.264647+00:00
697,2025-06-28,highestBoostedValuePlayers,4322766,J. Quinerly,DAL,3.0,8.0,1.98070967549844,2026-06-05 05:19:18.264647+00:00
700,2025-06-29,popularPlayers,184,G. Williams,GSV,0.3,1500.0,1.2245738113618836,2026-06-05 05:19:18.264647+00:00
700,2025-06-29,highestBoostedValuePlayers,596,K. Plum,LAS,0.2,371.0,4.254876298985559,2026-06-05 05:19:18.264647+00:00
700,2025-06-29,popularPlayers,597,J. Young,LVA,0.4,1200.0,3.3246547193445766,2026-06-05 05:19:18.264647+00:00
700,2025-06-29,highestBoostedValuePlayers,598,A. Wilson,LVA,0.0,2100.0,5.628080324730487,2026-06-05 05:19:18.264647+00:00
700,2025-06-29,mostCommon3xPlayers,600,A. Clark,DAL,3.0,86.0,0.7167427922398215,2026-06-05 05:19:18.264647+00:00
700,2025-06-29,popularPlayers,602,C. Gray,LVA,0.8,1400.0,2.3338988696420198,2026-06-05 05:19:18.264647+00:00
700,2025-06-29,highestBoostedValuePlayers,604,K. Martin,LAS,3.0,32.0,1.9917171743362414,2026-06-05 05:19:18.264647+00:00
700,2025-06-29,popularPlayers,605,A. Gray,ATL,0.1,1200.0,3.503938512737828,2026-06-05 05:19:18.264647+00:00
700,2025-06-29,highestBoostedValuePlayers,606,J. Canada,ATL,1.4,3.0,3.42258098713303,2026-06-05 05:19:18.264647+00:00
700,2025-06-29,popularPlayers,616,R. Howard,ATL,0.2,906.0,0.9006383243006684,2026-06-05 05:19:18.264647+00:00
700,2025-06-29,popularPlayers,637,S. Ionescu,NYL,0.1,2400.0,1.0482212316882284,2026-06-05 05:19:18.264647+00:00
700,2025-06-29,popularPlayers,639,B. Stewart,NYL,0.1,2500.0,3.7973006338430353,2026-06-05 05:19:18.264647+00:00
700,2025-06-29,popularPlayers,641,K. Thornton,GSV,0.7,1300.0,0.3023357395735245,2026-06-05 05:19:18.264647+00:00
700,2025-06-29,highestBoostedValuePlayers,650,N. Collier,MIN,0.0,3000.0,4.567824873560668,2026-06-05 05:19:18.264647+00:00
700,2025-06-29,highestBoostedValuePlayers,652,N. Hiedeman,SEA,1.8,14.0,3.0736666031522684,2026-06-05 05:19:18.264647+00:00
700,2025-06-29,highestBoostedValuePlayers,654,C. Williams,MIN,0.6,171.0,3.7467354154810684,2026-06-05 05:19:18.264647+00:00
700,2025-06-29,popularPlayers,658,A. Smith,DAL,0.5,1100.0,2.536446507989229,2026-06-05 05:19:18.264647+00:00
700,2025-06-29,highestBoostedValuePlayers,660,K. McBride,MIN,0.6,33.0,3.7617040832723982,2026-06-05 05:19:18.264647+00:00
700,2025-06-29,highestBoostedValuePlayers,670,K. Copper,PHO,1.3,8.0,2.746146683646362,2026-06-05 05:19:18.264647+00:00
700,2025-06-29,highestBoostedValuePlayers,677,N. Cloud,CHI,0.8,4.0,3.5642660817769,2026-06-05 05:19:18.264647+00:00
700,2025-06-29,highestBoostedValuePlayers,682,A. Atkins,LAS,0.8,24.0,3.2312475727128485,2026-06-05 05:19:18.264647+00:00
700,2025-06-29,highestBoostedValuePlayers,701,A. Reese,ATL,0.6,385.0,5.756516851307981,2026-06-05 05:19:18.264647+00:00
700,2025-06-29,highestBoostedValuePlayers,708,E. Williams,CHI,2.3,1.0,3.284898936534638,2026-06-05 05:19:18.264647+00:00
700,2025-06-29,popularPlayers,711,A. Stevens,CHI,0.3,960.0,3.722392584040699,2026-06-05 05:19:18.264647+00:00
700,2025-06-29,highestBoostedValuePlayers,718,D. Hamby,LAS,0.3,108.0,4.944768086077574,2026-06-05 05:19:18.264647+00:00
700,2025-06-29,mostCommon3xPlayers,719,S. Talbot,LVA,3.0,110.0,1.0774777137319214,2026-06-05 05:19:18.264647+00:00
700,2025-06-29,mostCommon3xPlayers,725,K. Nurse,TOR,3.0,575.0,1.4541265507155103,2026-06-05 05:19:18.264647+00:00
700,2025-06-29,popularPlayers,734,S. Diggins,CHI,0.3,2100.0,2.5063900725033097,2026-06-05 05:19:18.264647+00:00
700,2025-06-29,popularPlayers,738,N. Ogwumike,LAS,0.2,1800.0,1.1069236279275696,2026-06-05 05:19:18.264647+00:00
700,2025-06-29,highestBoostedValuePlayers,741,R. Banham,CHI,3.0,4.0,2.9062024338347245,2026-06-05 05:19:18.264647+00:00
700,2025-06-29,popularPlayers,745,A. Thomas,PHO,0.0,2200.0,3.664213615617027,2026-06-05 05:19:18.264647+00:00
700,2025-06-29,highestBoostedValuePlayers,754,B. Jones,ATL,0.7,86.0,4.029141443787998,2026-06-05 05:19:18.264647+00:00
700,2025-06-29,popularPlayers,758,S. Sabally,NYL,0.3,1800.0,1.916861719380595,2026-06-05 05:19:18.264647+00:00
700,2025-06-29,highestBoostedValuePlayers,759,V. Burton,GSV,0.8,58.0,3.394098332802407,2026-06-05 05:19:18.264647+00:00
700,2025-06-29,highestBoostedValuePlayers,366584,T. Hayes,GSV,1.2,341.0,3.6007730148226367,2026-06-05 05:19:18.264647+00:00
700,2025-06-29,highestBoostedValuePlayers,4322745,A. Morrow,CON,2.6,7.0,3.793424342822088,2026-06-05 05:19:18.264647+00:00
700,2025-06-29,highestBoostedValuePlayers,4322751,A. Nye,ATL,3.0,1.0,2.918638699635657,2026-06-05 05:19:18.264647+00:00
703,2025-07-01,highestBoostedValuePlayers,8,M. Kliundikova,TOR,2.1,141.0,0.33861745109997227,2026-06-05 05:19:18.264647+00:00
703,2025-07-01,highestBoostedValuePlayers,624,C. Clark,IND,0.2,,0.0,2026-06-05 05:19:18.264647+00:00
703,2025-07-01,highestBoostedValuePlayers,626,K. Mitchell,IND,0.5,517.0,1.4903732897421518,2026-06-05 05:19:18.264647+00:00
703,2025-07-01,highestBoostedValuePlayers,627,A. Boston,IND,0.1,1000.0,4.243824412971548,2026-06-05 05:19:18.264647+00:00
703,2025-07-01,highestBoostedValuePlayers,631,L. Hull,IND,1.4,248.0,1.3125362906617317,2026-06-05 05:19:18.264647+00:00
703,2025-07-01,highestBoostedValuePlayers,650,N. Collier,MIN,0.0,7100.0,2.673316817017496,2026-06-05 05:19:18.264647+00:00
703,2025-07-01,highestBoostedValuePlayers,652,N. Hiedeman,SEA,1.7,,-0.13419586838764797,2026-06-05 05:19:18.264647+00:00
703,2025-07-01,highestBoostedValuePlayers,653,J. Shepard,DAL,1.6,128.0,1.7399352340562273,2026-06-05 05:19:18.264647+00:00
703,2025-07-01,highestBoostedValuePlayers,654,C. Williams,MIN,0.5,412.0,1.045561982357998,2026-06-05 05:19:18.264647+00:00
703,2025-07-01,highestBoostedValuePlayers,658,A. Smith,DAL,0.6,329.0,3.1073222122014994,2026-06-05 05:19:18.264647+00:00
703,2025-07-01,highestBoostedValuePlayers,660,K. McBride,MIN,0.6,304.0,1.6964669588657222,2026-06-05 05:19:18.264647+00:00
703,2025-07-01,highestBoostedValuePlayers,661,D. Miller,CON,3.0,106.0,0.39085679999999995,2026-06-05 05:19:18.264647+00:00
703,2025-07-01,highestBoostedValuePlayers,663,B. Carleton,POR,1.8,159.0,0.5112019411049724,2026-06-05 05:19:18.264647+00:00
703,2025-07-01,highestBoostedValuePlayers,671,S. Cunningham,IND,3.0,347.0,2.6292317201075557,2026-06-05 05:19:18.264647+00:00
703,2025-07-01,highestBoostedValuePlayers,699,B. Turner,LVA,3.0,5.0,0.09,2026-06-05 05:19:18.264647+00:00
703,2025-07-01,highestBoostedValuePlayers,760,N. Howard,MIN,1.3,224.0,2.9250646620951013,2026-06-05 05:19:18.264647+00:00
703,2025-07-01,highestBoostedValuePlayers,4322756,M. Timpson,IND,3.0,7.0,0.6258455999999999,2026-06-05 05:19:18.264647+00:00
706,2025-07-03,popularPlayers,184,G. Williams,GSV,0.4,1200.0,3.538172346440839,2026-06-05 05:19:18.264647+00:00
706,2025-07-03,popularPlayers,596,K. Plum,LAS,0.2,2400.0,2.191528244835969,2026-06-05 05:19:18.264647+00:00
706,2025-07-03,popularPlayers,597,J. Young,LVA,0.4,1300.0,0.4611360761984868,2026-06-05 05:19:18.264647+00:00
706,2025-07-03,popularPlayers,598,A. Wilson,LVA,0.0,5400.0,3.2509982486832794,2026-06-05 05:19:18.264647+00:00
706,2025-07-03,popularPlayers,602,C. Gray,LVA,0.8,1700.0,0.02821620132677526,2026-06-05 05:19:18.264647+00:00
706,2025-07-03,popularPlayers,605,A. Gray,ATL,0.1,2000.0,2.4318782141522672,2026-06-05 05:19:18.264647+00:00
706,2025-07-03,highestBoostedValuePlayers,606,J. Canada,ATL,1.2,6.0,4.414390956841456,2026-06-05 05:19:18.264647+00:00
706,2025-07-03,highestBoostedValuePlayers,622,E. Wheeler,LAS,1.1,20.0,4.186294649157139,2026-06-05 05:19:18.264647+00:00
706,2025-07-03,highestBoostedValuePlayers,626,K. Mitchell,IND,0.5,41.0,4.012346510178366,2026-06-05 05:19:18.264647+00:00
706,2025-07-03,popularPlayers,627,A. Boston,IND,0.1,3000.0,3.5351664269847753,2026-06-05 05:19:18.264647+00:00
706,2025-07-03,popularPlayers,637,S. Ionescu,NYL,0.2,2900.0,3.4992398931281006,2026-06-05 05:19:18.264647+00:00
706,2025-07-03,highestBoostedValuePlayers,639,B. Stewart,NYL,0.1,544.0,4.867101237586289,2026-06-05 05:19:18.264647+00:00
706,2025-07-03,highestBoostedValuePlayers,650,N. Collier,MIN,0.0,2600.0,4.908719078154885,2026-06-05 05:19:18.264647+00:00
706,2025-07-03,highestBoostedValuePlayers,654,C. Williams,MIN,0.6,31.0,4.262724252696197,2026-06-05 05:19:18.264647+00:00
706,2025-07-03,highestBoostedValuePlayers,670,K. Copper,PHO,1.2,343.0,4.189413453101782,2026-06-05 05:19:18.264647+00:00
706,2025-07-03,mostCommon3xPlayers,671,S. Cunningham,IND,3.0,450.0,0.9503024157124075,2026-06-05 05:19:18.264647+00:00
706,2025-07-03,highestBoostedValuePlayers,677,N. Cloud,CHI,0.8,13.0,4.731504077586403,2026-06-05 05:19:18.264647+00:00
706,2025-07-03,highestBoostedValuePlayers,683,A. Edwards,CON,3.0,1.0,2.059417612334958,2026-06-05 05:19:18.264647+00:00
706,2025-07-03,highestBoostedValuePlayers,696,I. Harrison,TOR,3.0,1.0,2.483940012846471,2026-06-05 05:19:18.264647+00:00
706,2025-07-03,popularPlayers,711,A. Stevens,CHI,0.3,976.0,3.9439146148043727,2026-06-05 05:19:18.264647+00:00
706,2025-07-03,highestBoostedValuePlayers,718,D. Hamby,LAS,0.3,179.0,5.404163211671485,2026-06-05 05:19:18.264647+00:00
706,2025-07-03,highestBoostedValuePlayers,724,L. Yueru,DAL,3.0,10.0,2.4139616857761323,2026-06-05 05:19:18.264647+00:00
706,2025-07-03,popularPlayers,734,S. Diggins,CHI,0.3,1500.0,2.4366479204332183,2026-06-05 05:19:18.264647+00:00
706,2025-07-03,highestBoostedValuePlayers,738,N. Ogwumike,LAS,0.3,178.0,4.339878567692621,2026-06-05 05:19:18.264647+00:00
706,2025-07-03,popularPlayers,745,A. Thomas,PHO,0.0,2200.0,3.541094532781784,2026-06-05 05:19:18.264647+00:00
706,2025-07-03,highestBoostedValuePlayers,754,B. Jones,ATL,0.7,17.0,3.865873999908862,2026-06-05 05:19:18.264647+00:00
706,2025-07-03,popularPlayers,758,S. Sabally,NYL,0.3,1800.0,3.835320879283804,2026-06-05 05:19:18.264647+00:00
706,2025-07-03,highestBoostedValuePlayers,760,N. Howard,MIN,1.3,12.0,3.180924170897345,2026-06-05 05:19:18.264647+00:00
706,2025-07-03,highestBoostedValuePlayers,4322738,M. Akoa Makani,PHO,1.9,9.0,2.560162651713941,2026-06-05 05:19:18.264647+00:00
706,2025-07-03,highestBoostedValuePlayers,4322740,P. Bueckers,DAL,0.1,809.0,4.4288897553756215,2026-06-05 05:19:18.264647+00:00
706,2025-07-03,highestBoostedValuePlayers,4322750,A. James,DAL,2.5,47.0,6.482618250243173,2026-06-05 05:19:18.264647+00:00
706,2025-07-03,highestBoostedValuePlayers,4322761,L. Olsen,WAS,3.0,1.0,3.366448421302685,2026-06-05 05:19:18.264647+00:00
706,2025-07-03,mostCommon3xPlayers,4322762,L. King,MIN,3.0,331.0,0.0,2026-06-05 05:19:18.264647+00:00
706,2025-07-03,highestBoostedValuePlayers,4322766,J. Quinerly,DAL,3.0,9.0,4.779914069388639,2026-06-05 05:19:18.264647+00:00
709,2025-07-05,highestBoostedValuePlayers,596,K. Plum,LAS,0.3,679.0,3.2127648679348284,2026-06-05 05:19:18.264647+00:00
709,2025-07-05,popularPlayers,604,K. Martin,LAS,2.8,926.0,0.8149815567704505,2026-06-05 05:19:18.264647+00:00
709,2025-07-05,highestBoostedValuePlayers,626,K. Mitchell,IND,0.5,356.0,2.269128198417527,2026-06-05 05:19:18.264647+00:00
709,2025-07-05,highestBoostedValuePlayers,627,A. Boston,IND,0.1,893.0,4.903185482311181,2026-06-05 05:19:18.264647+00:00
709,2025-07-05,popularPlayers,628,T. Fágbénlé,TOR,1.0,909.0,1.5254311914446157,2026-06-05 05:19:18.264647+00:00
709,2025-07-05,popularPlayers,631,L. Hull,IND,1.5,1500.0,0.96531201545123,2026-06-05 05:19:18.264647+00:00
709,2025-07-05,highestBoostedValuePlayers,641,K. Thornton,GSV,0.8,445.0,3.561041875670605,2026-06-05 05:19:18.264647+00:00
709,2025-07-05,highestBoostedValuePlayers,650,N. Collier,MIN,0.0,4800.0,3.6281575185048247,2026-06-05 05:19:18.264647+00:00
709,2025-07-05,highestBoostedValuePlayers,653,J. Shepard,DAL,1.6,106.0,3.696800147745794,2026-06-05 05:19:18.264647+00:00
709,2025-07-05,highestBoostedValuePlayers,654,C. Williams,MIN,0.6,227.0,2.769014108965135,2026-06-05 05:19:18.264647+00:00
709,2025-07-05,highestBoostedValuePlayers,658,A. Smith,DAL,0.6,230.0,2.3494539840277744,2026-06-05 05:19:18.264647+00:00
709,2025-07-05,highestBoostedValuePlayers,660,K. McBride,MIN,0.7,220.0,2.021470909466883,2026-06-05 05:19:18.264647+00:00
709,2025-07-05,mostCommon3xPlayers,661,D. Miller,CON,3.0,88.0,0.950830332178928,2026-06-05 05:19:18.264647+00:00
709,2025-07-05,highestBoostedValuePlayers,663,B. Carleton,POR,1.9,144.0,2.2351437066787327,2026-06-05 05:19:18.264647+00:00
709,2025-07-05,highestBoostedValuePlayers,671,S. Cunningham,IND,3.0,59.0,1.072156395970839,2026-06-05 05:19:18.264647+00:00
709,2025-07-05,highestBoostedValuePlayers,711,A. Stevens,CHI,0.3,237.0,4.02478886304285,2026-06-05 05:19:18.264647+00:00
709,2025-07-05,popularPlayers,712,M. Billings,IND,1.7,926.0,1.0762748754599654,2026-06-05 05:19:18.264647+00:00
709,2025-07-05,highestBoostedValuePlayers,713,J. Allemand,TOR,3.0,6.0,1.6680456486957633,2026-06-05 05:19:18.264647+00:00
709,2025-07-05,highestBoostedValuePlayers,718,D. Hamby,LAS,0.2,462.0,2.871052318958266,2026-06-05 05:19:18.264647+00:00
709,2025-07-05,highestBoostedValuePlayers,719,S. Talbot,LVA,3.0,12.0,2.6682192878890865,2026-06-05 05:19:18.264647+00:00
709,2025-07-05,highestBoostedValuePlayers,723,R. Jackson,CHI,1.5,17.0,2.877704399514069,2026-06-05 05:19:18.264647+00:00
709,2025-07-05,popularPlayers,759,V. Burton,GSV,0.7,1700.0,1.2962201890762004,2026-06-05 05:19:18.264647+00:00
709,2025-07-05,highestBoostedValuePlayers,760,N. Howard,MIN,1.2,200.0,3.9205741571910604,2026-06-05 05:19:18.264647+00:00
709,2025-07-05,highestBoostedValuePlayers,366584,T. Hayes,GSV,1.1,97.0,4.4839269536661135,2026-06-05 05:19:18.264647+00:00
709,2025-07-05,mostCommon3xPlayers,4322756,M. Timpson,IND,3.0,103.0,0.9662849317232567,2026-06-05 05:19:18.264647+00:00
711,2025-07-06,highestBoostedValuePlayers,8,M. Kliundikova,TOR,2.9,17.0,2.1480069015316947,2026-06-05 05:19:18.264647+00:00
711,2025-07-06,highestBoostedValuePlayers,184,G. Williams,GSV,0.4,110.0,4.044883283418543,2026-06-05 05:19:18.264647+00:00
711,2025-07-06,highestBoostedValuePlayers,594,K. Bell,LVA,3.0,1.0,1.571256155210562,2026-06-05 05:19:18.264647+00:00
711,2025-07-06,highestBoostedValuePlayers,597,J. Young,LVA,0.5,183.0,3.0259682567634014,2026-06-05 05:19:18.264647+00:00
711,2025-07-06,highestBoostedValuePlayers,598,A. Wilson,LVA,0.0,2800.0,4.2754049283817706,2026-06-05 05:19:18.264647+00:00
711,2025-07-06,highestBoostedValuePlayers,600,A. Clark,DAL,3.0,3.0,1.8831032844116578,2026-06-05 05:19:18.264647+00:00
711,2025-07-06,popularPlayers,602,C. Gray,LVA,0.9,1600.0,1.8390481381315362,2026-06-05 05:19:18.264647+00:00
711,2025-07-06,highestBoostedValuePlayers,629,N. Smith,LVA,2.3,47.0,2.9151038086817453,2026-06-05 05:19:18.264647+00:00
711,2025-07-06,highestBoostedValuePlayers,637,S. Ionescu,NYL,0.2,309.0,5.3400231125295425,2026-06-05 05:19:18.264647+00:00
711,2025-07-06,popularPlayers,639,B. Stewart,NYL,0.1,2700.0,2.4314105185745167,2026-06-05 05:19:18.264647+00:00
711,2025-07-06,popularPlayers,650,N. Collier,MIN,0.0,5900.0,2.4176636048257905,2026-06-05 05:19:18.264647+00:00
711,2025-07-06,popularPlayers,653,J. Shepard,DAL,1.4,902.0,0.6210800824253725,2026-06-05 05:19:18.264647+00:00
711,2025-07-06,highestBoostedValuePlayers,654,C. Williams,MIN,0.6,221.0,4.6489134137292805,2026-06-05 05:19:18.264647+00:00
711,2025-07-06,popularPlayers,660,K. McBride,MIN,0.8,1900.0,2.459328363123319,2026-06-05 05:19:18.264647+00:00
711,2025-07-06,highestBoostedValuePlayers,661,D. Miller,CON,3.0,8.0,2.6493993215992053,2026-06-05 05:19:18.264647+00:00
711,2025-07-06,popularPlayers,663,B. Carleton,POR,1.9,733.0,1.1662690929383845,2026-06-05 05:19:18.264647+00:00
711,2025-07-06,mostCommon3xPlayers,673,R. Allen,NYL,3.0,240.0,1.1025379062590654,2026-06-05 05:19:18.264647+00:00
711,2025-07-06,popularPlayers,677,N. Cloud,CHI,0.7,924.0,2.0560249391242493,2026-06-05 05:19:18.264647+00:00
711,2025-07-06,highestBoostedValuePlayers,682,A. Atkins,LAS,0.7,188.0,3.0430823219408203,2026-06-05 05:19:18.264647+00:00
711,2025-07-06,highestBoostedValuePlayers,698,D. Evans,LVA,3.0,1.0,3.527197699327052,2026-06-05 05:19:18.264647+00:00
711,2025-07-06,highestBoostedValuePlayers,700,M. Onyenwere,WAS,3.0,17.0,2.2448996701521797,2026-06-05 05:19:18.264647+00:00
711,2025-07-06,highestBoostedValuePlayers,701,A. Reese,ATL,0.5,752.0,4.018531436832103,2026-06-05 05:19:18.264647+00:00
711,2025-07-06,highestBoostedValuePlayers,708,E. Williams,CHI,2.1,40.0,2.201607123860099,2026-06-05 05:19:18.264647+00:00
711,2025-07-06,mostCommon3xPlayers,725,K. Nurse,TOR,3.0,235.0,0.6661803395523715,2026-06-05 05:19:18.264647+00:00
711,2025-07-06,popularPlayers,726,J. Loyd,LVA,1.1,983.0,0.9248397385945958,2026-06-05 05:19:18.264647+00:00
711,2025-07-06,popularPlayers,734,S. Diggins,CHI,0.3,1200.0,2.562833148919982,2026-06-05 05:19:18.264647+00:00
711,2025-07-06,highestBoostedValuePlayers,735,E. Magbegor,SEA,1.0,65.0,3.491455204341496,2026-06-05 05:19:18.264647+00:00
711,2025-07-06,highestBoostedValuePlayers,738,N. Ogwumike,LAS,0.3,155.0,3.246499391990328,2026-06-05 05:19:18.264647+00:00
711,2025-07-06,highestBoostedValuePlayers,741,R. Banham,CHI,3.0,29.0,3.752164510861745,2026-06-05 05:19:18.264647+00:00
711,2025-07-06,highestBoostedValuePlayers,4322742,D. Malonga,SEA,3.0,1.0,2.5815703251157576,2026-06-05 05:19:18.264647+00:00
711,2025-07-06,popularPlayers,4322745,A. Morrow,CON,2.1,1700.0,1.6422698328944147,2026-06-05 05:19:18.264647+00:00
711,2025-07-06,mostCommon3xPlayers,4322749,H. Van Lith,CON,3.0,432.0,-0.22545,2026-06-05 05:19:18.264647+00:00
711,2025-07-06,mostCommon3xPlayers,4322751,A. Nye,ATL,3.0,324.0,0.11892974954501948,2026-06-05 05:19:18.264647+00:00
713,2025-07-07,popularPlayers,336,L. Geiselsöder,POR,2.0,992.0,1.2303618468131121,2026-06-05 05:19:18.264647+00:00
713,2025-07-07,highestBoostedValuePlayers,373,K. Westbeld,PHO,1.9,152.0,1.9411411519647088,2026-06-05 05:19:18.264647+00:00
713,2025-07-07,highestBoostedValuePlayers,604,K. Martin,LAS,3.0,15.0,1.6047782346073174,2026-06-05 05:19:18.264647+00:00
713,2025-07-07,highestBoostedValuePlayers,605,A. Gray,ATL,0.2,657.0,4.174664217231533,2026-06-05 05:19:18.264647+00:00
713,2025-07-07,highestBoostedValuePlayers,606,J. Canada,ATL,1.0,337.0,3.4779734282399306,2026-06-05 05:19:18.264647+00:00
713,2025-07-07,highestBoostedValuePlayers,616,R. Howard,ATL,0.3,34.0,3.1752113089253142,2026-06-05 05:19:18.264647+00:00
713,2025-07-07,highestBoostedValuePlayers,617,N. Hillmon,ATL,1.8,99.0,3.506554135263961,2026-06-05 05:19:18.264647+00:00
713,2025-07-07,popularPlayers,628,T. Fágbénlé,TOR,1.1,878.0,0.3894900843296403,2026-06-05 05:19:18.264647+00:00
713,2025-07-07,highestBoostedValuePlayers,641,K. Thornton,GSV,0.7,269.0,3.06175786141751,2026-06-05 05:19:18.264647+00:00
713,2025-07-07,popularPlayers,664,B. Griner,CON,1.6,1500.0,1.4908768873504727,2026-06-05 05:19:18.264647+00:00
713,2025-07-07,highestBoostedValuePlayers,668,N. Mack,PHO,3.0,1.0,3.4910467026598684,2026-06-05 05:19:18.264647+00:00
713,2025-07-07,highestBoostedValuePlayers,689,M. Hines-Allen,IND,2.1,144.0,2.3660823769019745,2026-06-05 05:19:18.264647+00:00
713,2025-07-07,highestBoostedValuePlayers,712,M. Billings,IND,1.8,108.0,3.1987623790656645,2026-06-05 05:19:18.264647+00:00
713,2025-07-07,mostCommon3xPlayers,719,S. Talbot,LVA,3.0,527.0,0.2510782347973671,2026-06-05 05:19:18.264647+00:00
713,2025-07-07,popularPlayers,724,L. Yueru,DAL,3.0,1600.0,0.6311113999838572,2026-06-05 05:19:18.264647+00:00
713,2025-07-07,highestBoostedValuePlayers,733,K. Williams,PHO,3.0,4.0,4.194093805574734,2026-06-05 05:19:18.264647+00:00
713,2025-07-07,highestBoostedValuePlayers,736,S. Whitcomb,PHO,1.5,216.0,7.4432034759147285,2026-06-05 05:19:18.264647+00:00
713,2025-07-07,highestBoostedValuePlayers,745,A. Thomas,PHO,0.1,1200.0,6.145441852806906,2026-06-05 05:19:18.264647+00:00
713,2025-07-07,highestBoostedValuePlayers,754,B. Jones,ATL,0.6,276.0,4.0276028374846415,2026-06-05 05:19:18.264647+00:00
713,2025-07-07,highestBoostedValuePlayers,759,V. Burton,GSV,0.8,148.0,2.456714161806027,2026-06-05 05:19:18.264647+00:00
713,2025-07-07,popularPlayers,366584,T. Hayes,GSV,0.9,2700.0,0.646092319411222,2026-06-05 05:19:18.264647+00:00
713,2025-07-07,highestBoostedValuePlayers,4322738,M. Akoa Makani,PHO,1.8,182.0,2.032106904334787,2026-06-05 05:19:18.264647+00:00
713,2025-07-07,popularPlayers,4322740,P. Bueckers,DAL,0.1,6300.0,1.4412912252783352,2026-06-05 05:19:18.264647+00:00
713,2025-07-07,highestBoostedValuePlayers,4322750,A. James,DAL,1.7,981.0,1.7657101444695111,2026-06-05 05:19:18.264647+00:00
713,2025-07-07,highestBoostedValuePlayers,4322766,J. Quinerly,DAL,3.0,96.0,2.508765416704947,2026-06-05 05:19:18.264647+00:00
714,2025-07-08,highestBoostedValuePlayers,303,M. Johannes,NYL,2.4,106.0,1.4968377971964923,2026-06-05 05:19:18.264647+00:00
714,2025-07-08,mostCommon3xPlayers,449,R. Gardner,NYL,3.0,331.0,1.0071083098902842,2026-06-05 05:19:18.264647+00:00
714,2025-07-08,highestBoostedValuePlayers,594,K. Bell,LVA,3.0,50.0,1.599605489317392,2026-06-05 05:19:18.264647+00:00
714,2025-07-08,highestBoostedValuePlayers,597,J. Young,LVA,0.5,262.0,2.847592360617216,2026-06-05 05:19:18.264647+00:00
714,2025-07-08,popularPlayers,598,A. Wilson,LVA,0.0,6600.0,1.0916004544101596,2026-06-05 05:19:18.264647+00:00
714,2025-07-08,popularPlayers,602,C. Gray,LVA,1.0,3000.0,1.4588377151195724,2026-06-05 05:19:18.264647+00:00
714,2025-07-08,mostCommon3xPlayers,603,K. Stokes,GSV,3.0,380.0,-0.34686920000000004,2026-06-05 05:19:18.264647+00:00
714,2025-07-08,highestBoostedValuePlayers,629,N. Smith,LVA,2.1,194.0,2.2454712792670555,2026-06-05 05:19:18.264647+00:00
714,2025-07-08,highestBoostedValuePlayers,635,K. Burke,CON,1.6,148.0,2.3848910181364134,2026-06-05 05:19:18.264647+00:00
714,2025-07-08,popularPlayers,636,N. Sabally,TOR,1.9,970.0,0.5623562172261629,2026-06-05 05:19:18.264647+00:00
714,2025-07-08,highestBoostedValuePlayers,637,S. Ionescu,NYL,0.1,1100.0,5.748356534649785,2026-06-05 05:19:18.264647+00:00
714,2025-07-08,highestBoostedValuePlayers,639,B. Stewart,NYL,0.1,958.0,3.9981045954120136,2026-06-05 05:19:18.264647+00:00
714,2025-07-08,highestBoostedValuePlayers,647,L. Fiebich,NYL,2.4,64.0,3.4012057013500154,2026-06-05 05:19:18.264647+00:00
714,2025-07-08,highestBoostedValuePlayers,673,R. Allen,NYL,3.0,1.0,1.0904959448008418,2026-06-05 05:19:18.264647+00:00
714,2025-07-08,popularPlayers,677,N. Cloud,CHI,0.7,901.0,0.0,2026-06-05 05:19:18.264647+00:00
714,2025-07-08,highestBoostedValuePlayers,679,B. Sykes,TOR,0.6,130.0,2.0990580797352325,2026-06-05 05:19:18.264647+00:00
714,2025-07-08,popularPlayers,682,A. Atkins,LAS,0.7,845.0,2.0068127566777245,2026-06-05 05:19:18.264647+00:00
714,2025-07-08,highestBoostedValuePlayers,683,A. Edwards,CON,3.0,2.0,2.038279252657059,2026-06-05 05:19:18.264647+00:00
714,2025-07-08,highestBoostedValuePlayers,691,S. Austin,WAS,0.9,90.0,4.4253103227844335,2026-06-05 05:19:18.264647+00:00
714,2025-07-08,highestBoostedValuePlayers,698,D. Evans,LVA,3.0,53.0,2.4567867041397515,2026-06-05 05:19:18.264647+00:00
714,2025-07-08,highestBoostedValuePlayers,701,A. Reese,ATL,0.4,920.0,3.8761641725360887,2026-06-05 05:19:18.264647+00:00
714,2025-07-08,highestBoostedValuePlayers,708,E. Williams,CHI,2.0,63.0,2.6333528474632844,2026-06-05 05:19:18.264647+00:00
714,2025-07-08,highestBoostedValuePlayers,725,K. Nurse,TOR,3.0,3.0,1.4450920420233109,2026-06-05 05:19:18.264647+00:00
714,2025-07-08,popularPlayers,726,J. Loyd,LVA,1.2,1600.0,1.6888548665274132,2026-06-05 05:19:18.264647+00:00
714,2025-07-08,highestBoostedValuePlayers,741,R. Banham,CHI,2.7,17.0,2.2395300758463663,2026-06-05 05:19:18.264647+00:00
714,2025-07-08,highestBoostedValuePlayers,4322741,S. Citron,WAS,0.8,151.0,2.81827301979289,2026-06-05 05:19:18.264647+00:00
714,2025-07-08,highestBoostedValuePlayers,4322743,K. Iriafen,WAS,1.0,87.0,2.3905883795154934,2026-06-05 05:19:18.264647+00:00
714,2025-07-08,mostCommon3xPlayers,4322751,A. Nye,ATL,3.0,395.0,0.19830408435269758,2026-06-05 05:19:18.264647+00:00
717,2025-07-09,highestBoostedValuePlayers,184,G. Williams,GSV,0.4,97.0,3.557238897859536,2026-06-05 05:19:18.264647+00:00
717,2025-07-09,highestBoostedValuePlayers,622,E. Wheeler,LAS,1.1,57.0,2.6489156102230136,2026-06-05 05:19:18.264647+00:00
717,2025-07-09,popularPlayers,624,C. Clark,IND,0.2,3000.0,1.9192482344890014,2026-06-05 05:19:18.264647+00:00
717,2025-07-09,popularPlayers,626,K. Mitchell,IND,0.5,766.0,1.2358409708152427,2026-06-05 05:19:18.264647+00:00
717,2025-07-09,popularPlayers,627,A. Boston,IND,0.1,2000.0,2.038949524759272,2026-06-05 05:19:18.264647+00:00
717,2025-07-09,highestBoostedValuePlayers,641,K. Thornton,GSV,0.7,90.0,3.793578184847106,2026-06-05 05:19:18.264647+00:00
717,2025-07-09,popularPlayers,650,N. Collier,MIN,0.0,4300.0,3.9001656079286264,2026-06-05 05:19:18.264647+00:00
717,2025-07-09,highestBoostedValuePlayers,654,C. Williams,MIN,0.5,191.0,3.7390459274477763,2026-06-05 05:19:18.264647+00:00
717,2025-07-09,popularPlayers,658,A. Smith,DAL,0.6,1200.0,1.180454229805202,2026-06-05 05:19:18.264647+00:00
717,2025-07-09,popularPlayers,660,K. McBride,MIN,0.8,769.0,0.6469198540743248,2026-06-05 05:19:18.264647+00:00
717,2025-07-09,highestBoostedValuePlayers,663,B. Carleton,POR,1.9,52.0,2.4898451852252412,2026-06-05 05:19:18.264647+00:00
717,2025-07-09,highestBoostedValuePlayers,673,R. Allen,NYL,3.0,23.0,6.945591473462511,2026-06-05 05:19:18.264647+00:00
717,2025-07-09,popularPlayers,682,A. Atkins,LAS,0.8,1600.0,2.5567997951583195,2026-06-05 05:19:18.264647+00:00
717,2025-07-09,popularPlayers,701,A. Reese,ATL,0.4,5000.0,1.986297278316325,2026-06-05 05:19:18.264647+00:00
717,2025-07-09,popularPlayers,705,K. Cardoso,CHI,0.9,1100.0,2.6685407056903716,2026-06-05 05:19:18.264647+00:00
717,2025-07-09,highestBoostedValuePlayers,708,E. Williams,CHI,1.9,75.0,2.86830963861482,2026-06-05 05:19:18.264647+00:00
717,2025-07-09,highestBoostedValuePlayers,724,L. Yueru,DAL,3.0,37.0,3.6732766447247007,2026-06-05 05:19:18.264647+00:00
717,2025-07-09,mostCommon3xPlayers,725,K. Nurse,TOR,3.0,228.0,0.8314643990658,2026-06-05 05:19:18.264647+00:00
717,2025-07-09,highestBoostedValuePlayers,734,S. Diggins,CHI,0.3,115.0,4.323133787854937,2026-06-05 05:19:18.264647+00:00
717,2025-07-09,highestBoostedValuePlayers,735,E. Magbegor,SEA,1.0,45.0,3.4513625229079454,2026-06-05 05:19:18.264647+00:00
717,2025-07-09,popularPlayers,736,S. Whitcomb,PHO,1.1,1100.0,2.1068533556850184,2026-06-05 05:19:18.264647+00:00
717,2025-07-09,popularPlayers,738,N. Ogwumike,LAS,0.3,806.0,2.7215600364678565,2026-06-05 05:19:18.264647+00:00
717,2025-07-09,highestBoostedValuePlayers,741,R. Banham,CHI,2.5,44.0,2.2851334401090972,2026-06-05 05:19:18.264647+00:00
717,2025-07-09,highestBoostedValuePlayers,745,A. Thomas,PHO,0.0,648.0,4.727567957156596,2026-06-05 05:19:18.264647+00:00
717,2025-07-09,highestBoostedValuePlayers,757,J. Sheldon,CHI,2.0,2.0,2.4542764708082587,2026-06-05 05:19:18.264647+00:00
717,2025-07-09,highestBoostedValuePlayers,759,V. Burton,GSV,0.8,74.0,4.512187841143857,2026-06-05 05:19:18.264647+00:00
717,2025-07-09,popularPlayers,760,N. Howard,MIN,1.1,1100.0,0.7520059128383907,2026-06-05 05:19:18.264647+00:00
717,2025-07-09,highestBoostedValuePlayers,4322740,P. Bueckers,DAL,0.2,1200.0,3.618139041441647,2026-06-05 05:19:18.264647+00:00
717,2025-07-09,mostCommon3xPlayers,4322742,D. Malonga,SEA,3.0,251.0,-0.011855864655348913,2026-06-05 05:19:18.264647+00:00
717,2025-07-09,highestBoostedValuePlayers,4322746,S. Rivers,CON,1.8,1.0,4.446431028904612,2026-06-05 05:19:18.264647+00:00
717,2025-07-09,mostCommon3xPlayers,4322749,H. Van Lith,CON,3.0,387.0,0.4608019055798728,2026-06-05 05:19:18.264647+00:00
717,2025-07-09,highestBoostedValuePlayers,4322750,A. James,DAL,1.7,389.0,2.868533005280983,2026-06-05 05:19:18.264647+00:00
717,2025-07-09,highestBoostedValuePlayers,4322766,J. Quinerly,DAL,3.0,56.0,3.3021815664453835,2026-06-05 05:19:18.264647+00:00
719,2025-07-10,highestBoostedValuePlayers,8,M. Kliundikova,TOR,3.0,4.0,1.7132862986149144,2026-06-05 05:19:18.264647+00:00
719,2025-07-10,highestBoostedValuePlayers,593,E. Cannon,LAS,3.0,2.0,1.0079093073816356,2026-06-05 05:19:18.264647+00:00
719,2025-07-10,mostCommon3xPlayers,594,K. Bell,LVA,3.0,348.0,0.39565695309487925,2026-06-05 05:19:18.264647+00:00
719,2025-07-10,highestBoostedValuePlayers,596,K. Plum,LAS,0.3,449.0,4.188084553009185,2026-06-05 05:19:18.264647+00:00
719,2025-07-10,highestBoostedValuePlayers,597,J. Young,LVA,0.5,833.0,2.388412827491982,2026-06-05 05:19:18.264647+00:00
719,2025-07-10,highestBoostedValuePlayers,602,C. Gray,LVA,1.0,287.0,2.896192478558977,2026-06-05 05:19:18.264647+00:00
719,2025-07-10,mostCommon3xPlayers,603,K. Stokes,GSV,3.0,432.0,0.41529,2026-06-05 05:19:18.264647+00:00
719,2025-07-10,popularPlayers,629,N. Smith,LVA,2.1,2400.0,1.0563796441674147,2026-06-05 05:19:18.264647+00:00
719,2025-07-10,highestBoostedValuePlayers,650,N. Collier,MIN,0.0,3400.0,4.416110428580869,2026-06-05 05:19:18.264647+00:00
719,2025-07-10,highestBoostedValuePlayers,652,N. Hiedeman,SEA,2.0,77.0,3.1853655822326536,2026-06-05 05:19:18.264647+00:00
719,2025-07-10,popularPlayers,653,J. Shepard,DAL,1.6,506.0,1.2780924627139998,2026-06-05 05:19:18.264647+00:00
719,2025-07-10,highestBoostedValuePlayers,654,C. Williams,MIN,0.5,232.0,4.20042715560902,2026-06-05 05:19:18.264647+00:00
719,2025-07-10,highestBoostedValuePlayers,658,A. Smith,DAL,0.7,125.0,3.6542685146405947,2026-06-05 05:19:18.264647+00:00
719,2025-07-10,popularPlayers,660,K. McBride,MIN,0.9,922.0,1.4430618290438988,2026-06-05 05:19:18.264647+00:00
719,2025-07-10,highestBoostedValuePlayers,661,D. Miller,CON,3.0,2.0,1.1618202325030664,2026-06-05 05:19:18.264647+00:00
719,2025-07-10,highestBoostedValuePlayers,663,B. Carleton,POR,1.8,102.0,1.608541660887725,2026-06-05 05:19:18.264647+00:00
719,2025-07-10,popularPlayers,679,B. Sykes,TOR,0.6,2000.0,1.8631683645675523,2026-06-05 05:19:18.264647+00:00
719,2025-07-10,highestBoostedValuePlayers,683,A. Edwards,CON,3.0,48.0,1.3933480023302716,2026-06-05 05:19:18.264647+00:00
719,2025-07-10,highestBoostedValuePlayers,691,S. Austin,WAS,0.8,322.0,2.8129982616695046,2026-06-05 05:19:18.264647+00:00
719,2025-07-10,highestBoostedValuePlayers,698,D. Evans,LVA,3.0,59.0,1.9295152035046492,2026-06-05 05:19:18.264647+00:00
719,2025-07-10,popularPlayers,711,A. Stevens,CHI,0.3,1900.0,1.0292611678000594,2026-06-05 05:19:18.264647+00:00
719,2025-07-10,highestBoostedValuePlayers,713,J. Allemand,TOR,3.0,6.0,1.6903093961676283,2026-06-05 05:19:18.264647+00:00
719,2025-07-10,popularPlayers,718,D. Hamby,LAS,0.2,2000.0,1.4236094982870258,2026-06-05 05:19:18.264647+00:00
719,2025-07-10,highestBoostedValuePlayers,723,R. Jackson,CHI,1.4,26.0,1.5664407220804761,2026-06-05 05:19:18.264647+00:00
719,2025-07-10,highestBoostedValuePlayers,726,J. Loyd,LVA,1.2,185.0,3.1610024548910642,2026-06-05 05:19:18.264647+00:00
719,2025-07-10,popularPlayers,4322741,S. Citron,WAS,0.8,3600.0,1.3639557102701607,2026-06-05 05:19:18.264647+00:00
719,2025-07-10,highestBoostedValuePlayers,4322743,K. Iriafen,WAS,1.0,220.0,1.8503251071702578,2026-06-05 05:19:18.264647+00:00
720,2025-07-11,highestBoostedValuePlayers,184,G. Williams,GSV,0.4,514.0,3.4731346908992733,2026-06-05 05:19:18.264647+00:00
720,2025-07-11,highestBoostedValuePlayers,563,M. Caldwell,MIN,3.0,1.0,1.3760250439067472,2026-06-05 05:19:18.264647+00:00
720,2025-07-11,mostCommon3xPlayers,600,A. Clark,DAL,3.0,395.0,0.18,2026-06-05 05:19:18.264647+00:00
720,2025-07-11,popularPlayers,605,A. Gray,ATL,0.2,2800.0,1.0957782335479904,2026-06-05 05:19:18.264647+00:00
720,2025-07-11,highestBoostedValuePlayers,606,J. Canada,ATL,0.9,43.0,6.559517692876783,2026-06-05 05:19:18.264647+00:00
720,2025-07-11,highestBoostedValuePlayers,616,R. Howard,ATL,0.3,224.0,3.7300961419760292,2026-06-05 05:19:18.264647+00:00
720,2025-07-11,highestBoostedValuePlayers,617,N. Hillmon,ATL,1.7,94.0,1.6299954446462912,2026-06-05 05:19:18.264647+00:00
720,2025-07-11,highestBoostedValuePlayers,622,E. Wheeler,LAS,1.0,153.0,2.3535733302010997,2026-06-05 05:19:18.264647+00:00
720,2025-07-11,highestBoostedValuePlayers,624,C. Clark,IND,0.3,2200.0,2.8221035883440795,2026-06-05 05:19:18.264647+00:00
720,2025-07-11,highestBoostedValuePlayers,626,K. Mitchell,IND,0.6,185.0,4.079691798221851,2026-06-05 05:19:18.264647+00:00
720,2025-07-11,highestBoostedValuePlayers,627,A. Boston,IND,0.1,1200.0,4.0045631109143995,2026-06-05 05:19:18.264647+00:00
720,2025-07-11,popularPlayers,631,L. Hull,IND,1.5,945.0,1.482032089498624,2026-06-05 05:19:18.264647+00:00
720,2025-07-11,highestBoostedValuePlayers,664,B. Griner,CON,1.7,122.0,2.16592884985053,2026-06-05 05:19:18.264647+00:00
720,2025-07-11,highestBoostedValuePlayers,671,S. Cunningham,IND,3.0,15.0,3.705326869066812,2026-06-05 05:19:18.264647+00:00
720,2025-07-11,highestBoostedValuePlayers,734,S. Diggins,CHI,0.3,1300.0,3.1028366821140883,2026-06-05 05:19:18.264647+00:00
720,2025-07-11,highestBoostedValuePlayers,735,E. Magbegor,SEA,0.9,187.0,3.010100580477926,2026-06-05 05:19:18.264647+00:00
720,2025-07-11,highestBoostedValuePlayers,738,N. Ogwumike,LAS,0.3,488.0,3.4019894042607186,2026-06-05 05:19:18.264647+00:00
720,2025-07-11,highestBoostedValuePlayers,744,L. Lacan,CON,3.0,4.0,1.39230552988158,2026-06-05 05:19:18.264647+00:00
720,2025-07-11,highestBoostedValuePlayers,749,O. Nelson-Ododa,CON,1.5,100.0,3.005591770072048,2026-06-05 05:19:18.264647+00:00
720,2025-07-11,popularPlayers,754,B. Jones,ATL,0.6,1900.0,1.6537026266760624,2026-06-05 05:19:18.264647+00:00
720,2025-07-11,popularPlayers,757,J. Sheldon,CHI,1.9,1100.0,0.2302908632791082,2026-06-05 05:19:18.264647+00:00
720,2025-07-11,highestBoostedValuePlayers,760,N. Howard,MIN,1.2,122.0,2.1893349781531293,2026-06-05 05:19:18.264647+00:00
720,2025-07-11,highestBoostedValuePlayers,4322742,D. Malonga,SEA,3.0,24.0,1.2338972944596462,2026-06-05 05:19:18.264647+00:00
720,2025-07-11,highestBoostedValuePlayers,4322746,S. Rivers,CON,1.6,143.0,2.1343357671109553,2026-06-05 05:19:18.264647+00:00
720,2025-07-11,mostCommon3xPlayers,4322756,M. Timpson,IND,3.0,492.0,0.0,2026-06-05 05:19:18.264647+00:00
723,2025-07-12,highestBoostedValuePlayers,597,J. Young,LVA,0.5,505.0,4.986732416118824,2026-06-05 05:19:18.264647+00:00
723,2025-07-12,highestBoostedValuePlayers,598,A. Wilson,LVA,0.0,313.0,8.805820834053751,2026-06-05 05:19:18.264647+00:00
723,2025-07-12,popularPlayers,602,C. Gray,LVA,1.0,2300.0,1.6692951392607995,2026-06-05 05:19:18.264647+00:00
723,2025-07-12,mostCommon3xPlayers,603,K. Stokes,GSV,3.0,240.0,0.0,2026-06-05 05:19:18.264647+00:00
723,2025-07-12,highestBoostedValuePlayers,604,K. Martin,LAS,3.0,65.0,1.127338218166284,2026-06-05 05:19:18.264647+00:00
723,2025-07-12,highestBoostedValuePlayers,628,T. Fágbénlé,TOR,1.2,100.0,2.436168583662359,2026-06-05 05:19:18.264647+00:00
723,2025-07-12,popularPlayers,629,N. Smith,LVA,2.1,1200.0,0.4271235477276271,2026-06-05 05:19:18.264647+00:00
723,2025-07-12,highestBoostedValuePlayers,641,K. Thornton,GSV,0.7,583.0,2.2482941704561497,2026-06-05 05:19:18.264647+00:00
723,2025-07-12,highestBoostedValuePlayers,650,N. Collier,MIN,0.0,2700.0,5.211242086881075,2026-06-05 05:19:18.264647+00:00
723,2025-07-12,highestBoostedValuePlayers,654,C. Williams,MIN,0.5,523.0,3.022151599900931,2026-06-05 05:19:18.264647+00:00
723,2025-07-12,highestBoostedValuePlayers,657,C. Zandalasini,GSV,2.3,36.0,1.4171123802121857,2026-06-05 05:19:18.264647+00:00
723,2025-07-12,highestBoostedValuePlayers,658,A. Smith,DAL,0.6,117.0,3.571145332977575,2026-06-05 05:19:18.264647+00:00
723,2025-07-12,highestBoostedValuePlayers,660,K. McBride,MIN,0.9,89.0,2.8350404697965415,2026-06-05 05:19:18.264647+00:00
723,2025-07-12,highestBoostedValuePlayers,673,R. Allen,NYL,2.3,10.0,1.1768633146406648,2026-06-05 05:19:18.264647+00:00
723,2025-07-12,highestBoostedValuePlayers,682,A. Atkins,LAS,0.8,75.0,4.682703586601176,2026-06-05 05:19:18.264647+00:00
723,2025-07-12,highestBoostedValuePlayers,698,D. Evans,LVA,3.0,58.0,1.4119704899715841,2026-06-05 05:19:18.264647+00:00
723,2025-07-12,highestBoostedValuePlayers,701,A. Reese,ATL,0.5,789.0,3.163781897841474,2026-06-05 05:19:18.264647+00:00
723,2025-07-12,highestBoostedValuePlayers,705,K. Cardoso,CHI,0.9,89.0,4.356150545708066,2026-06-05 05:19:18.264647+00:00
723,2025-07-12,popularPlayers,708,E. Williams,CHI,1.8,665.0,1.1123748661014228,2026-06-05 05:19:18.264647+00:00
723,2025-07-12,popularPlayers,712,M. Billings,IND,1.7,892.0,0.7161881406547491,2026-06-05 05:19:18.264647+00:00
723,2025-07-12,mostCommon3xPlayers,719,S. Talbot,LVA,3.0,230.0,0.0,2026-06-05 05:19:18.264647+00:00
723,2025-07-12,highestBoostedValuePlayers,726,J. Loyd,LVA,1.1,209.0,2.3668930313208953,2026-06-05 05:19:18.264647+00:00
723,2025-07-12,highestBoostedValuePlayers,741,R. Banham,CHI,2.4,22.0,2.9230848831567795,2026-06-05 05:19:18.264647+00:00
723,2025-07-12,highestBoostedValuePlayers,759,V. Burton,GSV,0.7,305.0,3.544358577122481,2026-06-05 05:19:18.264647+00:00
723,2025-07-12,highestBoostedValuePlayers,366584,T. Hayes,GSV,1.2,73.0,3.660048963732285,2026-06-05 05:19:18.264647+00:00
723,2025-07-12,mostCommon3xPlayers,4322751,A. Nye,ATL,3.0,227.0,0.6673160030038358,2026-06-05 05:19:18.264647+00:00
723,2025-07-12,highestBoostedValuePlayers,4322797,J. Salaün,GSV,1.6,38.0,3.05487842679508,2026-06-05 05:19:18.264647+00:00
725,2025-07-13,popularPlayers,184,G. Williams,GSV,0.4,1800.0,1.571736650980405,2026-06-05 05:19:18.264647+00:00
725,2025-07-13,highestBoostedValuePlayers,563,M. Caldwell,MIN,3.0,1.0,2.8009192013013213,2026-06-05 05:19:18.264647+00:00
725,2025-07-13,highestBoostedValuePlayers,596,K. Plum,LAS,0.3,581.0,4.272258997935171,2026-06-05 05:19:18.264647+00:00
725,2025-07-13,popularPlayers,605,A. Gray,ATL,0.2,1500.0,3.096708680010291,2026-06-05 05:19:18.264647+00:00
725,2025-07-13,popularPlayers,606,J. Canada,ATL,0.7,1400.0,2.896740788588132,2026-06-05 05:19:18.264647+00:00
725,2025-07-13,highestBoostedValuePlayers,617,N. Hillmon,ATL,1.7,6.0,2.4386311893124826,2026-06-05 05:19:18.264647+00:00
725,2025-07-13,highestBoostedValuePlayers,624,C. Clark,IND,0.3,904.0,5.2608508277522175,2026-06-05 05:19:18.264647+00:00
725,2025-07-13,highestBoostedValuePlayers,626,K. Mitchell,IND,0.6,128.0,3.8693687723939885,2026-06-05 05:19:18.264647+00:00
725,2025-07-13,popularPlayers,627,A. Boston,IND,0.1,2300.0,3.4131334310744887,2026-06-05 05:19:18.264647+00:00
725,2025-07-13,mostCommon3xPlayers,632,D. Dantas,IND,3.0,80.0,0.17586293482278034,2026-06-05 05:19:18.264647+00:00
725,2025-07-13,highestBoostedValuePlayers,636,N. Sabally,TOR,2.1,1.0,2.280802311167075,2026-06-05 05:19:18.264647+00:00
725,2025-07-13,popularPlayers,637,S. Ionescu,NYL,0.1,3800.0,1.5586486934688624,2026-06-05 05:19:18.264647+00:00
725,2025-07-13,highestBoostedValuePlayers,639,B. Stewart,NYL,0.1,1200.0,4.925875513023394,2026-06-05 05:19:18.264647+00:00
725,2025-07-13,highestBoostedValuePlayers,647,L. Fiebich,NYL,2.0,4.0,4.939916131550626,2026-06-05 05:19:18.264647+00:00
725,2025-07-13,highestBoostedValuePlayers,671,S. Cunningham,IND,2.8,17.0,2.8021097481445305,2026-06-05 05:19:18.264647+00:00
725,2025-07-13,popularPlayers,691,S. Austin,WAS,0.8,1100.0,2.0274019986203338,2026-06-05 05:19:18.264647+00:00
725,2025-07-13,highestBoostedValuePlayers,711,A. Stevens,CHI,0.3,195.0,4.174082224833438,2026-06-05 05:19:18.264647+00:00
725,2025-07-13,highestBoostedValuePlayers,713,J. Allemand,TOR,3.0,1.0,2.4576298068110947,2026-06-05 05:19:18.264647+00:00
725,2025-07-13,popularPlayers,718,D. Hamby,LAS,0.3,1400.0,3.8379576640821416,2026-06-05 05:19:18.264647+00:00
725,2025-07-13,highestBoostedValuePlayers,723,R. Jackson,CHI,1.5,19.0,4.3694573571464765,2026-06-05 05:19:18.264647+00:00
725,2025-07-13,highestBoostedValuePlayers,724,L. Yueru,DAL,2.9,9.0,3.6565999025892566,2026-06-05 05:19:18.264647+00:00
725,2025-07-13,popularPlayers,734,S. Diggins,CHI,0.3,1800.0,1.6868087813975128,2026-06-05 05:19:18.264647+00:00
725,2025-07-13,highestBoostedValuePlayers,735,E. Magbegor,SEA,0.9,136.0,4.288156038316282,2026-06-05 05:19:18.264647+00:00
725,2025-07-13,popularPlayers,738,N. Ogwumike,LAS,0.3,1500.0,2.02760800044823,2026-06-05 05:19:18.264647+00:00
725,2025-07-13,highestBoostedValuePlayers,744,L. Lacan,CON,3.0,2.0,2.394675243930368,2026-06-05 05:19:18.264647+00:00
725,2025-07-13,popularPlayers,754,B. Jones,ATL,0.6,887.0,2.5413789445784305,2026-06-05 05:19:18.264647+00:00
725,2025-07-13,highestBoostedValuePlayers,760,N. Howard,MIN,1.2,9.0,3.166186927085753,2026-06-05 05:19:18.264647+00:00
725,2025-07-13,popularPlayers,4322740,P. Bueckers,DAL,0.2,3000.0,3.4576768743401867,2026-06-05 05:19:18.264647+00:00
725,2025-07-13,popularPlayers,4322741,S. Citron,WAS,0.9,1500.0,1.2954020884060855,2026-06-05 05:19:18.264647+00:00
725,2025-07-13,mostCommon3xPlayers,4322742,D. Malonga,SEA,3.0,117.0,-0.2520004,2026-06-05 05:19:18.264647+00:00
725,2025-07-13,highestBoostedValuePlayers,4322746,S. Rivers,CON,1.6,145.0,4.6721260841502525,2026-06-05 05:19:18.264647+00:00
725,2025-07-13,popularPlayers,4322766,J. Quinerly,DAL,2.9,1100.0,1.7431036142331813,2026-06-05 05:19:18.264647+00:00
726,2025-07-14,highestBoostedValuePlayers,373,K. Westbeld,PHO,1.9,99.0,2.3240905175061157,2026-06-05 05:19:18.264647+00:00
726,2025-07-14,mostCommon3xPlayers,604,K. Martin,LAS,3.0,534.0,0.35282203240712223,2026-06-05 05:19:18.264647+00:00
726,2025-07-14,popularPlayers,628,T. Fágbénlé,TOR,1.2,880.0,0.8187369779983024,2026-06-05 05:19:18.264647+00:00
726,2025-07-14,popularPlayers,641,K. Thornton,GSV,0.7,2400.0,2.028749904683784,2026-06-05 05:19:18.264647+00:00
726,2025-07-14,highestBoostedValuePlayers,650,N. Collier,MIN,0.0,3900.0,5.508834866424332,2026-06-05 05:19:18.264647+00:00
726,2025-07-14,highestBoostedValuePlayers,652,N. Hiedeman,SEA,1.9,91.0,1.6141157990070873,2026-06-05 05:19:18.264647+00:00
726,2025-07-14,highestBoostedValuePlayers,654,C. Williams,MIN,0.5,266.0,5.561671649765207,2026-06-05 05:19:18.264647+00:00
726,2025-07-14,highestBoostedValuePlayers,657,C. Zandalasini,GSV,2.4,1.0,1.8359743122268704,2026-06-05 05:19:18.264647+00:00
726,2025-07-14,highestBoostedValuePlayers,658,A. Smith,DAL,0.6,143.0,2.168299843441479,2026-06-05 05:19:18.264647+00:00
726,2025-07-14,highestBoostedValuePlayers,660,K. McBride,MIN,0.9,139.0,3.080024624688301,2026-06-05 05:19:18.264647+00:00
726,2025-07-14,highestBoostedValuePlayers,663,B. Carleton,POR,1.9,67.0,3.283460888696595,2026-06-05 05:19:18.264647+00:00
726,2025-07-14,highestBoostedValuePlayers,668,N. Mack,PHO,2.3,18.0,2.497359235587615,2026-06-05 05:19:18.264647+00:00
726,2025-07-14,highestBoostedValuePlayers,673,R. Allen,NYL,2.4,8.0,2.158709506820659,2026-06-05 05:19:18.264647+00:00
726,2025-07-14,popularPlayers,682,A. Atkins,LAS,0.7,1500.0,0.8581303820750548,2026-06-05 05:19:18.264647+00:00
726,2025-07-14,highestBoostedValuePlayers,700,M. Onyenwere,WAS,3.0,1.0,1.908790673163602,2026-06-05 05:19:18.264647+00:00
726,2025-07-14,highestBoostedValuePlayers,701,A. Reese,ATL,0.5,1000.0,3.5381927006371217,2026-06-05 05:19:18.264647+00:00
726,2025-07-14,popularPlayers,705,K. Cardoso,CHI,0.8,2000.0,0.9884213350369798,2026-06-05 05:19:18.264647+00:00
726,2025-07-14,highestBoostedValuePlayers,712,M. Billings,IND,1.8,114.0,2.4188774827474537,2026-06-05 05:19:18.264647+00:00
726,2025-07-14,mostCommon3xPlayers,725,K. Nurse,TOR,3.0,51.0,0.7963877429526618,2026-06-05 05:19:18.264647+00:00
726,2025-07-14,popularPlayers,736,S. Whitcomb,PHO,1.1,1900.0,1.4086790543522336,2026-06-05 05:19:18.264647+00:00
726,2025-07-14,highestBoostedValuePlayers,741,R. Banham,CHI,2.2,36.0,1.478217899683681,2026-06-05 05:19:18.264647+00:00
726,2025-07-14,highestBoostedValuePlayers,745,A. Thomas,PHO,0.0,1500.0,4.933240819979331,2026-06-05 05:19:18.264647+00:00
726,2025-07-14,highestBoostedValuePlayers,750,D. Bonner,PHO,2.1,35.0,5.772153241855182,2026-06-05 05:19:18.264647+00:00
726,2025-07-14,highestBoostedValuePlayers,759,V. Burton,GSV,0.7,241.0,3.945273477786531,2026-06-05 05:19:18.264647+00:00
726,2025-07-14,highestBoostedValuePlayers,366584,T. Hayes,GSV,1.1,62.0,2.75852386189909,2026-06-05 05:19:18.264647+00:00
726,2025-07-14,highestBoostedValuePlayers,4322738,M. Akoa Makani,PHO,1.8,109.0,1.673219280606615,2026-06-05 05:19:18.264647+00:00
726,2025-07-14,mostCommon3xPlayers,4322749,H. Van Lith,CON,3.0,123.0,0.4763279323101818,2026-06-05 05:19:18.264647+00:00
726,2025-07-14,highestBoostedValuePlayers,4322797,J. Salaün,GSV,1.4,27.0,2.2302155159552823,2026-06-05 05:19:18.264647+00:00
727,2025-07-15,highestBoostedValuePlayers,596,K. Plum,LAS,0.2,1100.0,4.446053962178087,2026-06-05 05:19:18.264647+00:00
727,2025-07-15,highestBoostedValuePlayers,624,C. Clark,IND,0.3,2500.0,2.9061935175615816,2026-06-05 05:19:18.264647+00:00
727,2025-07-15,highestBoostedValuePlayers,626,K. Mitchell,IND,0.5,330.0,4.0434525171311595,2026-06-05 05:19:18.264647+00:00
727,2025-07-15,highestBoostedValuePlayers,627,A. Boston,IND,0.1,1800.0,2.6432710357229525,2026-06-05 05:19:18.264647+00:00
727,2025-07-15,popularPlayers,631,L. Hull,IND,1.6,958.0,1.0590687713068272,2026-06-05 05:19:18.264647+00:00
727,2025-07-15,highestBoostedValuePlayers,671,S. Cunningham,IND,2.6,68.0,2.360934753232234,2026-06-05 05:19:18.264647+00:00
727,2025-07-15,popularPlayers,679,B. Sykes,TOR,0.6,2300.0,1.0651544690405632,2026-06-05 05:19:18.264647+00:00
727,2025-07-15,highestBoostedValuePlayers,683,A. Edwards,CON,3.0,30.0,1.6392153755109222,2026-06-05 05:19:18.264647+00:00
727,2025-07-15,highestBoostedValuePlayers,691,S. Austin,WAS,0.9,355.0,3.195128126403284,2026-06-05 05:19:18.264647+00:00
727,2025-07-15,highestBoostedValuePlayers,711,A. Stevens,CHI,0.3,322.0,3.3808494059022984,2026-06-05 05:19:18.264647+00:00
727,2025-07-15,highestBoostedValuePlayers,713,J. Allemand,TOR,3.0,29.0,2.7026794359653388,2026-06-05 05:19:18.264647+00:00
727,2025-07-15,highestBoostedValuePlayers,714,R. Burrell,LAS,3.0,2.0,1.5008385712037893,2026-06-05 05:19:18.264647+00:00
727,2025-07-15,highestBoostedValuePlayers,718,D. Hamby,LAS,0.3,336.0,5.009348153212556,2026-06-05 05:19:18.264647+00:00
727,2025-07-15,highestBoostedValuePlayers,723,R. Jackson,CHI,1.3,401.0,3.1509224783613203,2026-06-05 05:19:18.264647+00:00
727,2025-07-15,mostCommon3xPlayers,729,J. Melbourne,SEA,3.0,415.0,0.5459355630722771,2026-06-05 05:19:18.264647+00:00
727,2025-07-15,highestBoostedValuePlayers,744,L. Lacan,CON,2.5,12.0,2.698179807693939,2026-06-05 05:19:18.264647+00:00
727,2025-07-15,popularPlayers,757,J. Sheldon,CHI,2.0,644.0,1.0033089154356858,2026-06-05 05:19:18.264647+00:00
727,2025-07-15,highestBoostedValuePlayers,760,N. Howard,MIN,1.2,133.0,4.737810923480615,2026-06-05 05:19:18.264647+00:00
727,2025-07-15,highestBoostedValuePlayers,4322741,S. Citron,WAS,0.9,273.0,1.9054940210285707,2026-06-05 05:19:18.264647+00:00
727,2025-07-15,popularPlayers,4322743,K. Iriafen,WAS,1.0,1600.0,0.9837361730040264,2026-06-05 05:19:18.264647+00:00
727,2025-07-15,highestBoostedValuePlayers,4322745,A. Morrow,CON,2.3,5.0,1.8004481758219106,2026-06-05 05:19:18.264647+00:00
727,2025-07-15,highestBoostedValuePlayers,4322746,S. Rivers,CON,1.4,199.0,2.396386474476578,2026-06-05 05:19:18.264647+00:00
727,2025-07-15,mostCommon3xPlayers,4322761,L. Olsen,WAS,3.0,135.0,0.8639893217776401,2026-06-05 05:19:18.264647+00:00
728,2025-07-16,popularPlayers,184,G. Williams,GSV,0.4,849.0,1.548041075604385,2026-06-05 05:19:18.264647+00:00
728,2025-07-16,highestBoostedValuePlayers,303,M. Johannes,NYL,2.5,16.0,2.6612680162120155,2026-06-05 05:19:18.264647+00:00
728,2025-07-16,highestBoostedValuePlayers,336,L. Geiselsöder,POR,2.2,3.0,3.4844247986592274,2026-06-05 05:19:18.264647+00:00
728,2025-07-16,mostCommon3xPlayers,563,M. Caldwell,MIN,3.0,271.0,1.644820579743575,2026-06-05 05:19:18.264647+00:00
728,2025-07-16,popularPlayers,597,J. Young,LVA,0.4,1200.0,1.454119878774848,2026-06-05 05:19:18.264647+00:00
728,2025-07-16,highestBoostedValuePlayers,598,A. Wilson,LVA,0.0,2100.0,6.239102277135641,2026-06-05 05:19:18.264647+00:00
728,2025-07-16,popularPlayers,602,C. Gray,LVA,1.0,976.0,2.2206830400474287,2026-06-05 05:19:18.264647+00:00
728,2025-07-16,mostCommon3xPlayers,604,K. Martin,LAS,3.0,27.0,0.44810813803158883,2026-06-05 05:19:18.264647+00:00
728,2025-07-16,highestBoostedValuePlayers,622,E. Wheeler,LAS,1.1,26.0,2.8123840739398553,2026-06-05 05:19:18.264647+00:00
728,2025-07-16,popularPlayers,626,K. Mitchell,IND,0.5,1800.0,1.9325864717746633,2026-06-05 05:19:18.264647+00:00
728,2025-07-16,popularPlayers,627,A. Boston,IND,0.2,2000.0,2.5681549233279175,2026-06-05 05:19:18.264647+00:00
728,2025-07-16,highestBoostedValuePlayers,632,D. Dantas,IND,3.0,1.0,2.188903063003542,2026-06-05 05:19:18.264647+00:00
728,2025-07-16,highestBoostedValuePlayers,637,S. Ionescu,NYL,0.1,497.0,3.9843653620643362,2026-06-05 05:19:18.264647+00:00
728,2025-07-16,highestBoostedValuePlayers,639,B. Stewart,NYL,0.1,424.0,6.220836058400412,2026-06-05 05:19:18.264647+00:00
728,2025-07-16,popularPlayers,650,N. Collier,MIN,0.0,3100.0,2.4180471190113946,2026-06-05 05:19:18.264647+00:00
728,2025-07-16,popularPlayers,654,C. Williams,MIN,0.4,977.0,2.4042380871492157,2026-06-05 05:19:18.264647+00:00
728,2025-07-16,highestBoostedValuePlayers,660,K. McBride,MIN,0.9,3.0,3.7129992811450325,2026-06-05 05:19:18.264647+00:00
728,2025-07-16,highestBoostedValuePlayers,663,B. Carleton,POR,1.8,4.0,2.2680993261267273,2026-06-05 05:19:18.264647+00:00
728,2025-07-16,highestBoostedValuePlayers,664,B. Griner,CON,1.7,12.0,2.9701558582798144,2026-06-05 05:19:18.264647+00:00
728,2025-07-16,highestBoostedValuePlayers,668,N. Mack,PHO,2.1,8.0,2.7680428946623405,2026-06-05 05:19:18.264647+00:00
728,2025-07-16,popularPlayers,671,S. Cunningham,IND,2.4,876.0,1.3354290558107267,2026-06-05 05:19:18.264647+00:00
728,2025-07-16,highestBoostedValuePlayers,696,I. Harrison,TOR,3.0,6.0,2.1537896541330133,2026-06-05 05:19:18.264647+00:00
728,2025-07-16,highestBoostedValuePlayers,698,D. Evans,LVA,2.9,5.0,1.9027059728187212,2026-06-05 05:19:18.264647+00:00
728,2025-07-16,mostCommon3xPlayers,700,M. Onyenwere,WAS,3.0,90.0,0.22508740000000002,2026-06-05 05:19:18.264647+00:00
728,2025-07-16,highestBoostedValuePlayers,724,L. Yueru,DAL,2.5,40.0,2.7082855834923145,2026-06-05 05:19:18.264647+00:00
728,2025-07-16,popularPlayers,734,S. Diggins,CHI,0.4,911.0,2.145389937866033,2026-06-05 05:19:18.264647+00:00
728,2025-07-16,highestBoostedValuePlayers,738,N. Ogwumike,LAS,0.3,130.0,3.845790150758947,2026-06-05 05:19:18.264647+00:00
728,2025-07-16,popularPlayers,741,R. Banham,CHI,2.3,1000.0,1.596573140301845,2026-06-05 05:19:18.264647+00:00
728,2025-07-16,popularPlayers,745,A. Thomas,PHO,0.0,1400.0,1.967972745823352,2026-06-05 05:19:18.264647+00:00
728,2025-07-16,popularPlayers,759,V. Burton,GSV,0.7,819.0,1.7901842455375705,2026-06-05 05:19:18.264647+00:00
728,2025-07-16,popularPlayers,760,N. Howard,MIN,1.1,1300.0,1.5916536116447262,2026-06-05 05:19:18.264647+00:00
728,2025-07-16,popularPlayers,4322740,P. Bueckers,DAL,0.2,3200.0,3.1452131805530184,2026-06-05 05:19:18.264647+00:00
728,2025-07-16,mostCommon3xPlayers,4322749,H. Van Lith,CON,3.0,21.0,0.42625008040659945,2026-06-05 05:19:18.264647+00:00
728,2025-07-16,highestBoostedValuePlayers,4322751,A. Nye,ATL,3.0,4.0,2.3164425652237566,2026-06-05 05:19:18.264647+00:00
728,2025-07-16,highestBoostedValuePlayers,4322755,T. Paopao,ATL,3.0,1.0,2.9027003366720985,2026-06-05 05:19:18.264647+00:00
728,2025-07-16,highestBoostedValuePlayers,4322766,J. Quinerly,DAL,2.8,13.0,3.951086738144566,2026-06-05 05:19:18.264647+00:00
734,2025-07-22,highestBoostedValuePlayers,184,G. Williams,GSV,0.5,176.0,3.6166504748889863,2026-06-05 05:19:18.264647+00:00
734,2025-07-22,mostCommon3xPlayers,563,M. Caldwell,MIN,3.0,732.0,0.9863264117953374,2026-06-05 05:19:18.264647+00:00
734,2025-07-22,popularPlayers,596,K. Plum,LAS,0.2,1700.0,2.74198709662735,2026-06-05 05:19:18.264647+00:00
734,2025-07-22,highestBoostedValuePlayers,598,A. Wilson,LVA,0.0,1800.0,5.3094267957837635,2026-06-05 05:19:18.264647+00:00
734,2025-07-22,popularPlayers,602,C. Gray,LVA,1.0,1100.0,1.6556692319353914,2026-06-05 05:19:18.264647+00:00
734,2025-07-22,popularPlayers,605,A. Gray,ATL,0.2,1500.0,3.424213503528985,2026-06-05 05:19:18.264647+00:00
734,2025-07-22,highestBoostedValuePlayers,626,K. Mitchell,IND,0.5,156.0,3.8391858931143257,2026-06-05 05:19:18.264647+00:00
734,2025-07-22,popularPlayers,627,A. Boston,IND,0.2,1500.0,3.0139431513206136,2026-06-05 05:19:18.264647+00:00
734,2025-07-22,popularPlayers,637,S. Ionescu,NYL,0.1,2500.0,3.7965729302460165,2026-06-05 05:19:18.264647+00:00
734,2025-07-22,popularPlayers,639,B. Stewart,NYL,0.1,2500.0,3.786424321448335,2026-06-05 05:19:18.264647+00:00
734,2025-07-22,highestBoostedValuePlayers,647,L. Fiebich,NYL,1.6,4.0,3.101108749530758,2026-06-05 05:19:18.264647+00:00
734,2025-07-22,highestBoostedValuePlayers,650,N. Collier,MIN,0.0,2600.0,4.881818515983977,2026-06-05 05:19:18.264647+00:00
734,2025-07-22,popularPlayers,654,C. Williams,MIN,0.4,1100.0,2.3423525642359264,2026-06-05 05:19:18.264647+00:00
734,2025-07-22,highestBoostedValuePlayers,660,K. McBride,MIN,0.8,7.0,3.580959541541035,2026-06-05 05:19:18.264647+00:00
734,2025-07-22,highestBoostedValuePlayers,663,B. Carleton,POR,1.7,3.0,2.9829334035457835,2026-06-05 05:19:18.264647+00:00
734,2025-07-22,highestBoostedValuePlayers,671,S. Cunningham,IND,2.5,28.0,2.3106082786905997,2026-06-05 05:19:18.264647+00:00
734,2025-07-22,highestBoostedValuePlayers,691,S. Austin,WAS,0.8,267.0,3.6361393767331096,2026-06-05 05:19:18.264647+00:00
734,2025-07-22,highestBoostedValuePlayers,696,I. Harrison,TOR,3.0,4.0,2.8401825587216667,2026-06-05 05:19:18.264647+00:00
734,2025-07-22,highestBoostedValuePlayers,698,D. Evans,LVA,2.8,1.0,3.1978007079877546,2026-06-05 05:19:18.264647+00:00
734,2025-07-22,popularPlayers,701,A. Reese,ATL,0.4,3100.0,0.9012153552821,2026-06-05 05:19:18.264647+00:00
734,2025-07-22,highestBoostedValuePlayers,713,J. Allemand,TOR,2.7,9.0,2.125871805133804,2026-06-05 05:19:18.264647+00:00
734,2025-07-22,highestBoostedValuePlayers,718,D. Hamby,LAS,0.3,149.0,4.8500365587473375,2026-06-05 05:19:18.264647+00:00
734,2025-07-22,highestBoostedValuePlayers,723,R. Jackson,CHI,1.2,29.0,3.3332280034708104,2026-06-05 05:19:18.264647+00:00
734,2025-07-22,popularPlayers,724,L. Yueru,DAL,2.3,840.0,1.9295103871537946,2026-06-05 05:19:18.264647+00:00
734,2025-07-22,highestBoostedValuePlayers,725,K. Nurse,TOR,3.0,2.0,2.5519208234216064,2026-06-05 05:19:18.264647+00:00
734,2025-07-22,popularPlayers,734,S. Diggins,CHI,0.4,1200.0,0.0,2026-06-05 05:19:18.264647+00:00
734,2025-07-22,popularPlayers,738,N. Ogwumike,LAS,0.3,1300.0,2.706545765022333,2026-06-05 05:19:18.264647+00:00
734,2025-07-22,popularPlayers,741,R. Banham,CHI,2.2,1100.0,0.4657139261036533,2026-06-05 05:19:18.264647+00:00
734,2025-07-22,highestBoostedValuePlayers,767,A. Ogunbowale,DAL,0.7,26.0,3.340665961163162,2026-06-05 05:19:18.264647+00:00
734,2025-07-22,popularPlayers,4322740,P. Bueckers,DAL,0.2,3100.0,3.0164201241656823,2026-06-05 05:19:18.264647+00:00
734,2025-07-22,highestBoostedValuePlayers,4322741,S. Citron,WAS,0.9,27.0,3.216952212335224,2026-06-05 05:19:18.264647+00:00
734,2025-07-22,highestBoostedValuePlayers,4322749,H. Van Lith,CON,3.0,2.0,1.7455726965797147,2026-06-05 05:19:18.264647+00:00
734,2025-07-22,mostCommon3xPlayers,4322761,L. Olsen,WAS,3.0,29.0,0.33625733582656187,2026-06-05 05:19:18.264647+00:00
734,2025-07-22,highestBoostedValuePlayers,4322766,J. Quinerly,DAL,2.4,47.0,2.1086350004903425,2026-06-05 05:19:18.264647+00:00
736,2025-07-23,highestBoostedValuePlayers,373,K. Westbeld,PHO,2.0,117.0,0.8409469556643839,2026-06-05 05:19:18.264647+00:00
736,2025-07-23,highestBoostedValuePlayers,456,L. Held,TOR,2.0,109.0,0.5191368201396174,2026-06-05 05:19:18.264647+00:00
736,2025-07-23,highestBoostedValuePlayers,563,M. Caldwell,MIN,3.0,105.0,2.117083322062527,2026-06-05 05:19:18.264647+00:00
736,2025-07-23,highestBoostedValuePlayers,605,A. Gray,ATL,0.2,1200.0,5.846312345542171,2026-06-05 05:19:18.264647+00:00
736,2025-07-23,highestBoostedValuePlayers,606,J. Canada,ATL,0.7,262.0,2.579015235209353,2026-06-05 05:19:18.264647+00:00
736,2025-07-23,highestBoostedValuePlayers,609,N. Coffey,MIN,3.0,100.0,0.36,2026-06-05 05:19:18.264647+00:00
736,2025-07-23,highestBoostedValuePlayers,617,N. Hillmon,ATL,1.7,137.0,1.9079246637450815,2026-06-05 05:19:18.264647+00:00
736,2025-07-23,highestBoostedValuePlayers,664,B. Griner,CON,1.7,207.0,2.663387438738445,2026-06-05 05:19:18.264647+00:00
736,2025-07-23,highestBoostedValuePlayers,668,N. Mack,PHO,1.9,110.0,2.7644951111273173,2026-06-05 05:19:18.264647+00:00
736,2025-07-23,highestBoostedValuePlayers,670,K. Copper,PHO,0.9,217.0,0.9554489194664625,2026-06-05 05:19:18.264647+00:00
736,2025-07-23,highestBoostedValuePlayers,736,S. Whitcomb,PHO,1.2,171.0,2.0442491263154046,2026-06-05 05:19:18.264647+00:00
736,2025-07-23,highestBoostedValuePlayers,745,A. Thomas,PHO,0.0,3800.0,2.3553756501417182,2026-06-05 05:19:18.264647+00:00
736,2025-07-23,highestBoostedValuePlayers,750,D. Bonner,PHO,1.5,204.0,2.477520459982598,2026-06-05 05:19:18.264647+00:00
736,2025-07-23,highestBoostedValuePlayers,754,B. Jones,ATL,0.7,280.0,2.9076156953053824,2026-06-05 05:19:18.264647+00:00
736,2025-07-23,highestBoostedValuePlayers,758,S. Sabally,NYL,0.3,600.0,1.563022894353358,2026-06-05 05:19:18.264647+00:00
736,2025-07-23,highestBoostedValuePlayers,4322738,M. Akoa Makani,PHO,1.8,,0.0,2026-06-05 05:19:18.264647+00:00
736,2025-07-23,highestBoostedValuePlayers,4322755,T. Paopao,ATL,3.0,111.0,0.09,2026-06-05 05:19:18.264647+00:00
739,2025-07-24,highestBoostedValuePlayers,184,G. Williams,GSV,0.4,276.0,3.4650881647712057,2026-06-05 05:19:18.264647+00:00
739,2025-07-24,highestBoostedValuePlayers,596,K. Plum,LAS,0.2,360.0,5.854528160248692,2026-06-05 05:19:18.264647+00:00
739,2025-07-24,highestBoostedValuePlayers,597,J. Young,LVA,0.5,172.0,3.279995387026287,2026-06-05 05:19:18.264647+00:00
739,2025-07-24,popularPlayers,598,A. Wilson,LVA,0.0,5100.0,2.8455589395134733,2026-06-05 05:19:18.264647+00:00
739,2025-07-24,mostCommon3xPlayers,600,A. Clark,DAL,3.0,118.0,1.4095226142120316,2026-06-05 05:19:18.264647+00:00
739,2025-07-24,popularPlayers,602,C. Gray,LVA,1.1,921.0,2.0797644300318794,2026-06-05 05:19:18.264647+00:00
739,2025-07-24,highestBoostedValuePlayers,622,E. Wheeler,LAS,1.1,131.0,2.726134718330251,2026-06-05 05:19:18.264647+00:00
739,2025-07-24,highestBoostedValuePlayers,626,K. Mitchell,IND,0.5,244.0,3.043840133062366,2026-06-05 05:19:18.264647+00:00
739,2025-07-24,popularPlayers,627,A. Boston,IND,0.2,2400.0,3.0144521329222793,2026-06-05 05:19:18.264647+00:00
739,2025-07-24,highestBoostedValuePlayers,629,N. Smith,LVA,2.2,9.0,2.246103927588177,2026-06-05 05:19:18.264647+00:00
739,2025-07-24,highestBoostedValuePlayers,671,S. Cunningham,IND,2.4,43.0,2.4159963619215143,2026-06-05 05:19:18.264647+00:00
739,2025-07-24,popularPlayers,705,K. Cardoso,CHI,0.9,928.0,2.6004124878651624,2026-06-05 05:19:18.264647+00:00
739,2025-07-24,highestBoostedValuePlayers,708,E. Williams,CHI,2.0,23.0,1.9303817061127055,2026-06-05 05:19:18.264647+00:00
739,2025-07-24,highestBoostedValuePlayers,710,L. Brown,SEA,3.0,1.0,2.474221490443203,2026-06-05 05:19:18.264647+00:00
739,2025-07-24,highestBoostedValuePlayers,711,A. Stevens,CHI,0.3,155.0,4.54062638946764,2026-06-05 05:19:18.264647+00:00
739,2025-07-24,highestBoostedValuePlayers,713,J. Allemand,TOR,2.5,5.0,3.202179897477383,2026-06-05 05:19:18.264647+00:00
739,2025-07-24,highestBoostedValuePlayers,714,R. Burrell,LAS,3.0,1.0,1.7745996740072347,2026-06-05 05:19:18.264647+00:00
739,2025-07-24,highestBoostedValuePlayers,718,D. Hamby,LAS,0.2,289.0,4.388708993485997,2026-06-05 05:19:18.264647+00:00
739,2025-07-24,popularPlayers,723,R. Jackson,CHI,1.1,1400.0,0.7660219074514685,2026-06-05 05:19:18.264647+00:00
739,2025-07-24,mostCommon3xPlayers,725,K. Nurse,TOR,3.0,395.0,0.7905019888122206,2026-06-05 05:19:18.264647+00:00
739,2025-07-24,highestBoostedValuePlayers,734,S. Diggins,CHI,0.4,203.0,3.52773823469944,2026-06-05 05:19:18.264647+00:00
739,2025-07-24,highestBoostedValuePlayers,735,E. Magbegor,SEA,0.9,148.0,2.694140432972146,2026-06-05 05:19:18.264647+00:00
739,2025-07-24,popularPlayers,738,N. Ogwumike,LAS,0.3,2200.0,1.6390600411241534,2026-06-05 05:19:18.264647+00:00
739,2025-07-24,popularPlayers,741,R. Banham,CHI,2.4,861.0,1.0366739073584192,2026-06-05 05:19:18.264647+00:00
739,2025-07-24,highestBoostedValuePlayers,749,O. Nelson-Ododa,CON,1.5,2.0,3.194749376576246,2026-06-05 05:19:18.264647+00:00
739,2025-07-24,highestBoostedValuePlayers,760,N. Howard,MIN,1.1,137.0,4.951209112196005,2026-06-05 05:19:18.264647+00:00
739,2025-07-24,highestBoostedValuePlayers,4322742,D. Malonga,SEA,3.0,21.0,3.8789163098575186,2026-06-05 05:19:18.264647+00:00
739,2025-07-24,mostCommon3xPlayers,4322749,H. Van Lith,CON,3.0,240.0,1.3383516239253395,2026-06-05 05:19:18.264647+00:00
740,2025-07-25,highestBoostedValuePlayers,336,L. Geiselsöder,POR,1.9,32.0,2.5173690292602133,2026-06-05 05:19:18.264647+00:00
740,2025-07-25,highestBoostedValuePlayers,597,J. Young,LVA,0.5,114.0,3.024154227088969,2026-06-05 05:19:18.264647+00:00
740,2025-07-25,popularPlayers,598,A. Wilson,LVA,0.0,4000.0,3.484927360713269,2026-06-05 05:19:18.264647+00:00
740,2025-07-25,popularPlayers,602,C. Gray,LVA,1.1,717.0,1.0448707396993564,2026-06-05 05:19:18.264647+00:00
740,2025-07-25,mostCommon3xPlayers,603,K. Stokes,GSV,3.0,14.0,0.4844834,2026-06-05 05:19:18.264647+00:00
740,2025-07-25,mostCommon3xPlayers,604,K. Martin,LAS,3.0,248.0,0.0,2026-06-05 05:19:18.264647+00:00
740,2025-07-25,highestBoostedValuePlayers,628,T. Fágbénlé,TOR,1.3,42.0,2.5568419204692336,2026-06-05 05:19:18.264647+00:00
740,2025-07-25,highestBoostedValuePlayers,637,S. Ionescu,NYL,0.2,308.0,5.148548346315536,2026-06-05 05:19:18.264647+00:00
740,2025-07-25,popularPlayers,639,B. Stewart,NYL,0.1,2400.0,2.683752438857575,2026-06-05 05:19:18.264647+00:00
740,2025-07-25,highestBoostedValuePlayers,643,J. Jones,NYL,0.6,34.0,3.8750985886221057,2026-06-05 05:19:18.264647+00:00
740,2025-07-25,highestBoostedValuePlayers,650,N. Collier,MIN,0.0,2500.0,4.221902991981638,2026-06-05 05:19:18.264647+00:00
740,2025-07-25,highestBoostedValuePlayers,653,J. Shepard,DAL,1.9,2.0,2.474213129888611,2026-06-05 05:19:18.264647+00:00
740,2025-07-25,highestBoostedValuePlayers,654,C. Williams,MIN,0.5,146.0,5.352265661319577,2026-06-05 05:19:18.264647+00:00
740,2025-07-25,highestBoostedValuePlayers,658,A. Smith,DAL,0.7,99.0,2.7304480215041864,2026-06-05 05:19:18.264647+00:00
740,2025-07-25,popularPlayers,660,K. McBride,MIN,0.8,1000.0,2.2119651494193833,2026-06-05 05:19:18.264647+00:00
740,2025-07-25,highestBoostedValuePlayers,663,B. Carleton,POR,1.7,90.0,2.2843402469228766,2026-06-05 05:19:18.264647+00:00
740,2025-07-25,highestBoostedValuePlayers,668,N. Mack,PHO,1.8,12.0,2.1331536128773645,2026-06-05 05:19:18.264647+00:00
740,2025-07-25,popularPlayers,677,N. Cloud,CHI,0.8,804.0,2.2651820080815988,2026-06-05 05:19:18.264647+00:00
740,2025-07-25,highestBoostedValuePlayers,698,D. Evans,LVA,2.7,2.0,1.5692294474013015,2026-06-05 05:19:18.264647+00:00
740,2025-07-25,popularPlayers,724,L. Yueru,DAL,2.3,1200.0,0.8417159758397398,2026-06-05 05:19:18.264647+00:00
740,2025-07-25,highestBoostedValuePlayers,745,A. Thomas,PHO,0.1,258.0,5.176824701129779,2026-06-05 05:19:18.264647+00:00
740,2025-07-25,popularPlayers,758,S. Sabally,NYL,0.4,1100.0,1.2581081691386264,2026-06-05 05:19:18.264647+00:00
740,2025-07-25,popularPlayers,759,V. Burton,GSV,0.7,1900.0,1.7583350188639248,2026-06-05 05:19:18.264647+00:00
740,2025-07-25,highestBoostedValuePlayers,762,C. Leite,POR,2.8,21.0,2.424880391038977,2026-06-05 05:19:18.264647+00:00
740,2025-07-25,popularPlayers,767,A. Ogunbowale,DAL,0.7,1300.0,2.5009090226301316,2026-06-05 05:19:18.264647+00:00
740,2025-07-25,highestBoostedValuePlayers,366584,T. Hayes,GSV,1.2,71.0,3.2326300761060462,2026-06-05 05:19:18.264647+00:00
740,2025-07-25,highestBoostedValuePlayers,4322738,M. Akoa Makani,PHO,1.8,4.0,2.2969495615170143,2026-06-05 05:19:18.264647+00:00
740,2025-07-25,highestBoostedValuePlayers,4322740,P. Bueckers,DAL,0.2,831.0,3.779198481497417,2026-06-05 05:19:18.264647+00:00
740,2025-07-25,highestBoostedValuePlayers,4322750,A. James,DAL,1.8,29.0,2.350943945998771,2026-06-05 05:19:18.264647+00:00
740,2025-07-25,mostCommon3xPlayers,4322751,A. Nye,ATL,3.0,36.0,0.9804819497533587,2026-06-05 05:19:18.264647+00:00
740,2025-07-25,popularPlayers,4322766,J. Quinerly,DAL,2.3,1300.0,0.9916483636222998,2026-06-05 05:19:18.264647+00:00
740,2025-07-25,mostCommon3xPlayers,4322793,K. Chen,GSV,3.0,12.0,0.0,2026-06-05 05:19:18.264647+00:00
740,2025-07-25,highestBoostedValuePlayers,4322797,J. Salaün,GSV,1.4,34.0,2.9545236554991345,2026-06-05 05:19:18.264647+00:00
742,2025-07-26,popularPlayers,184,G. Williams,GSV,0.4,1600.0,0.8677108466222253,2026-06-05 05:19:18.264647+00:00
742,2025-07-26,highestBoostedValuePlayers,596,K. Plum,LAS,0.2,635.0,4.227580692859459,2026-06-05 05:19:18.264647+00:00
742,2025-07-26,mostCommon3xPlayers,600,A. Clark,DAL,3.0,106.0,0.21150514998615857,2026-06-05 05:19:18.264647+00:00
742,2025-07-26,highestBoostedValuePlayers,622,E. Wheeler,LAS,1.1,86.0,1.8964315273554522,2026-06-05 05:19:18.264647+00:00
742,2025-07-26,highestBoostedValuePlayers,637,S. Ionescu,NYL,0.1,1700.0,5.690858343805094,2026-06-05 05:19:18.264647+00:00
742,2025-07-26,popularPlayers,639,B. Stewart,NYL,0.1,3200.0,0.3645874755299229,2026-06-05 05:19:18.264647+00:00
742,2025-07-26,highestBoostedValuePlayers,643,J. Jones,NYL,0.5,286.0,2.8358234065586654,2026-06-05 05:19:18.264647+00:00
742,2025-07-26,highestBoostedValuePlayers,647,L. Fiebich,NYL,1.5,32.0,2.4537238264114194,2026-06-05 05:19:18.264647+00:00
742,2025-07-26,highestBoostedValuePlayers,677,N. Cloud,CHI,0.8,134.0,4.759354625600529,2026-06-05 05:19:18.264647+00:00
742,2025-07-26,highestBoostedValuePlayers,679,B. Sykes,TOR,0.7,210.0,2.268832868400605,2026-06-05 05:19:18.264647+00:00
742,2025-07-26,highestBoostedValuePlayers,685,S. Dolson,SEA,3.0,6.0,1.4130411848460096,2026-06-05 05:19:18.264647+00:00
742,2025-07-26,highestBoostedValuePlayers,691,S. Austin,WAS,0.8,142.0,2.479147263245495,2026-06-05 05:19:18.264647+00:00
742,2025-07-26,mostCommon3xPlayers,710,L. Brown,SEA,3.0,77.0,0.9486716145119329,2026-06-05 05:19:18.264647+00:00
742,2025-07-26,highestBoostedValuePlayers,711,A. Stevens,CHI,0.3,173.0,2.833705269434255,2026-06-05 05:19:18.264647+00:00
742,2025-07-26,highestBoostedValuePlayers,713,J. Allemand,TOR,2.2,33.0,2.2964370307657074,2026-06-05 05:19:18.264647+00:00
742,2025-07-26,highestBoostedValuePlayers,714,R. Burrell,LAS,3.0,5.0,2.0830064512945725,2026-06-05 05:19:18.264647+00:00
742,2025-07-26,highestBoostedValuePlayers,718,D. Hamby,LAS,0.2,429.0,4.152897313512106,2026-06-05 05:19:18.264647+00:00
742,2025-07-26,highestBoostedValuePlayers,723,R. Jackson,CHI,1.2,135.0,5.8622951926494995,2026-06-05 05:19:18.264647+00:00
742,2025-07-26,mostCommon3xPlayers,729,J. Melbourne,SEA,3.0,120.0,1.0196826376385009,2026-06-05 05:19:18.264647+00:00
742,2025-07-26,highestBoostedValuePlayers,734,S. Diggins,CHI,0.4,269.0,2.305071574356813,2026-06-05 05:19:18.264647+00:00
742,2025-07-26,highestBoostedValuePlayers,735,E. Magbegor,SEA,0.9,97.0,2.2790587818097707,2026-06-05 05:19:18.264647+00:00
742,2025-07-26,highestBoostedValuePlayers,738,N. Ogwumike,LAS,0.4,263.0,2.80515094460008,2026-06-05 05:19:18.264647+00:00
742,2025-07-26,highestBoostedValuePlayers,4322741,S. Citron,WAS,0.9,175.0,3.176867077268851,2026-06-05 05:19:18.264647+00:00
742,2025-07-26,highestBoostedValuePlayers,4322742,D. Malonga,SEA,3.0,23.0,2.223456020534679,2026-06-05 05:19:18.264647+00:00
742,2025-07-26,popularPlayers,4322743,K. Iriafen,WAS,1.1,1100.0,1.2031148287275848,2026-06-05 05:19:18.264647+00:00
745,2025-07-27,highestBoostedValuePlayers,563,M. Caldwell,MIN,3.0,7.0,2.2658432321883524,2026-06-05 05:19:18.264647+00:00
745,2025-07-27,highestBoostedValuePlayers,594,K. Bell,LVA,3.0,1.0,3.354305642308756,2026-06-05 05:19:18.264647+00:00
745,2025-07-27,highestBoostedValuePlayers,597,J. Young,LVA,0.5,152.0,5.973343483739601,2026-06-05 05:19:18.264647+00:00
745,2025-07-27,highestBoostedValuePlayers,598,A. Wilson,LVA,0.0,1900.0,5.3800318147068165,2026-06-05 05:19:18.264647+00:00
745,2025-07-27,highestBoostedValuePlayers,602,C. Gray,LVA,1.1,148.0,4.0523118389369115,2026-06-05 05:19:18.264647+00:00
745,2025-07-27,popularPlayers,605,A. Gray,ATL,0.2,2300.0,1.9167222686826049,2026-06-05 05:19:18.264647+00:00
745,2025-07-27,mostCommon3xPlayers,609,N. Coffey,MIN,3.0,28.0,0.13798254633363866,2026-06-05 05:19:18.264647+00:00
745,2025-07-27,highestBoostedValuePlayers,626,K. Mitchell,IND,0.5,482.0,8.139669587656257,2026-06-05 05:19:18.264647+00:00
745,2025-07-27,popularPlayers,627,A. Boston,IND,0.2,1900.0,3.8258118927637277,2026-06-05 05:19:18.264647+00:00
745,2025-07-27,highestBoostedValuePlayers,650,N. Collier,MIN,0.0,2400.0,8.20965248137692,2026-06-05 05:19:18.264647+00:00
745,2025-07-27,popularPlayers,654,C. Williams,MIN,0.4,1900.0,2.8611050560430518,2026-06-05 05:19:18.264647+00:00
745,2025-07-27,popularPlayers,658,A. Smith,DAL,0.7,1000.0,2.037067154514752,2026-06-05 05:19:18.264647+00:00
745,2025-07-27,popularPlayers,660,K. McBride,MIN,0.8,1100.0,1.2783469968045347,2026-06-05 05:19:18.264647+00:00
745,2025-07-27,highestBoostedValuePlayers,664,B. Griner,CON,1.6,36.0,4.144234755681018,2026-06-05 05:19:18.264647+00:00
745,2025-07-27,popularPlayers,671,S. Cunningham,IND,2.3,652.0,1.0770135925811062,2026-06-05 05:19:18.264647+00:00
745,2025-07-27,highestBoostedValuePlayers,673,R. Allen,NYL,2.6,2.0,2.37344602821299,2026-06-05 05:19:18.264647+00:00
745,2025-07-27,highestBoostedValuePlayers,725,K. Nurse,TOR,3.0,4.0,2.2446140906760044,2026-06-05 05:19:18.264647+00:00
745,2025-07-27,highestBoostedValuePlayers,726,J. Loyd,LVA,1.3,8.0,3.447305455459478,2026-06-05 05:19:18.264647+00:00
745,2025-07-27,highestBoostedValuePlayers,729,J. Melbourne,SEA,3.0,1.0,3.208351551404373,2026-06-05 05:19:18.264647+00:00
745,2025-07-27,highestBoostedValuePlayers,741,R. Banham,CHI,2.4,31.0,3.141106071888274,2026-06-05 05:19:18.264647+00:00
745,2025-07-27,highestBoostedValuePlayers,744,L. Lacan,CON,1.9,2.0,3.287925419293263,2026-06-05 05:19:18.264647+00:00
745,2025-07-27,highestBoostedValuePlayers,745,A. Thomas,PHO,0.1,395.0,6.415863050633565,2026-06-05 05:19:18.264647+00:00
745,2025-07-27,popularPlayers,754,B. Jones,ATL,0.7,1100.0,1.4417204700412787,2026-06-05 05:19:18.264647+00:00
745,2025-07-27,highestBoostedValuePlayers,757,J. Sheldon,CHI,2.1,1.0,3.312134621172932,2026-06-05 05:19:18.264647+00:00
745,2025-07-27,popularPlayers,758,S. Sabally,NYL,0.4,1400.0,3.017950161526564,2026-06-05 05:19:18.264647+00:00
745,2025-07-27,popularPlayers,759,V. Burton,GSV,0.7,711.0,1.5260122969487118,2026-06-05 05:19:18.264647+00:00
745,2025-07-27,popularPlayers,760,N. Howard,MIN,1.0,1700.0,0.7098643706421909,2026-06-05 05:19:18.264647+00:00
745,2025-07-27,popularPlayers,767,A. Ogunbowale,DAL,0.7,944.0,2.9097464440292,2026-06-05 05:19:18.264647+00:00
745,2025-07-27,popularPlayers,4322741,S. Citron,WAS,0.9,1300.0,1.3750464723612772,2026-06-05 05:19:18.264647+00:00
745,2025-07-27,mostCommon3xPlayers,4322755,T. Paopao,ATL,3.0,50.0,1.1059834192380595,2026-06-05 05:19:18.264647+00:00
745,2025-07-27,highestBoostedValuePlayers,4322756,M. Timpson,IND,3.0,1.0,3.7701699807077524,2026-06-05 05:19:18.264647+00:00
745,2025-07-27,popularPlayers,4322766,J. Quinerly,DAL,2.4,727.0,1.7794239353741017,2026-06-05 05:19:18.264647+00:00
746,2025-07-28,highestBoostedValuePlayers,184,G. Williams,GSV,0.5,258.0,3.579838903787437,2026-06-05 05:19:18.264647+00:00
746,2025-07-28,highestBoostedValuePlayers,303,M. Johannes,NYL,2.5,22.0,1.770961874125983,2026-06-05 05:19:18.264647+00:00
746,2025-07-28,highestBoostedValuePlayers,336,L. Geiselsöder,POR,1.9,11.0,2.8843831159059414,2026-06-05 05:19:18.264647+00:00
746,2025-07-28,mostCommon3xPlayers,449,R. Gardner,NYL,3.0,71.0,0.9005162685727398,2026-06-05 05:19:18.264647+00:00
746,2025-07-28,highestBoostedValuePlayers,600,A. Clark,DAL,3.0,3.0,1.4535846765672689,2026-06-05 05:19:18.264647+00:00
746,2025-07-28,popularPlayers,622,E. Wheeler,LAS,1.1,854.0,1.9827089397256599,2026-06-05 05:19:18.264647+00:00
746,2025-07-28,popularPlayers,637,S. Ionescu,NYL,0.1,5700.0,1.8026272344051626,2026-06-05 05:19:18.264647+00:00
746,2025-07-28,highestBoostedValuePlayers,643,J. Jones,NYL,0.5,461.0,2.6694998276703896,2026-06-05 05:19:18.264647+00:00
746,2025-07-28,popularPlayers,647,L. Fiebich,NYL,1.4,1500.0,1.372135967269474,2026-06-05 05:19:18.264647+00:00
746,2025-07-28,popularPlayers,677,N. Cloud,CHI,0.7,2400.0,2.120711305179716,2026-06-05 05:19:18.264647+00:00
746,2025-07-28,highestBoostedValuePlayers,696,I. Harrison,TOR,2.8,17.0,1.2927750204170212,2026-06-05 05:19:18.264647+00:00
746,2025-07-28,popularPlayers,697,M. Mabrey,TOR,0.9,1100.0,0.5233692493964319,2026-06-05 05:19:18.264647+00:00
746,2025-07-28,highestBoostedValuePlayers,719,S. Talbot,LVA,3.0,3.0,3.0952942277951774,2026-06-05 05:19:18.264647+00:00
746,2025-07-28,highestBoostedValuePlayers,724,L. Yueru,DAL,2.4,41.0,1.8705076666496943,2026-06-05 05:19:18.264647+00:00
746,2025-07-28,highestBoostedValuePlayers,734,S. Diggins,CHI,0.4,325.0,5.431779232361882,2026-06-05 05:19:18.264647+00:00
746,2025-07-28,highestBoostedValuePlayers,735,E. Magbegor,SEA,0.9,114.0,3.2961401406838333,2026-06-05 05:19:18.264647+00:00
746,2025-07-28,highestBoostedValuePlayers,738,N. Ogwumike,LAS,0.4,312.0,6.305851515748973,2026-06-05 05:19:18.264647+00:00
746,2025-07-28,highestBoostedValuePlayers,744,L. Lacan,CON,1.5,9.0,1.7040405052290415,2026-06-05 05:19:18.264647+00:00
746,2025-07-28,highestBoostedValuePlayers,749,O. Nelson-Ododa,CON,1.4,84.0,2.9416830189994423,2026-06-05 05:19:18.264647+00:00
746,2025-07-28,highestBoostedValuePlayers,753,D. Carrington,CHI,1.4,36.0,2.121383965033318,2026-06-05 05:19:18.264647+00:00
746,2025-07-28,highestBoostedValuePlayers,757,J. Sheldon,CHI,2.0,88.0,1.67792788065131,2026-06-05 05:19:18.264647+00:00
746,2025-07-28,highestBoostedValuePlayers,767,A. Ogunbowale,DAL,0.7,280.0,5.496405389590108,2026-06-05 05:19:18.264647+00:00
746,2025-07-28,highestBoostedValuePlayers,4322740,P. Bueckers,DAL,0.2,535.0,4.80821118513598,2026-06-05 05:19:18.264647+00:00
746,2025-07-28,highestBoostedValuePlayers,4322742,D. Malonga,SEA,3.0,13.0,1.832619455977537,2026-06-05 05:19:18.264647+00:00
746,2025-07-28,highestBoostedValuePlayers,4322745,A. Morrow,CON,2.2,6.0,1.9418767716931356,2026-06-05 05:19:18.264647+00:00
746,2025-07-28,popularPlayers,4322746,S. Rivers,CON,1.4,766.0,0.2095714279552131,2026-06-05 05:19:18.264647+00:00
746,2025-07-28,popularPlayers,4322750,A. James,DAL,1.8,701.0,0.11360638896771161,2026-06-05 05:19:18.264647+00:00
746,2025-07-28,popularPlayers,4322766,J. Quinerly,DAL,2.4,656.0,0.5843280529169848,2026-06-05 05:19:18.264647+00:00
749,2025-07-29,highestBoostedValuePlayers,563,M. Caldwell,MIN,3.0,3.0,3.1023825923271455,2026-06-05 05:19:18.264647+00:00
749,2025-07-29,mostCommon3xPlayers,594,K. Bell,LVA,3.0,375.0,1.1004597185373557,2026-06-05 05:19:18.264647+00:00
749,2025-07-29,popularPlayers,596,K. Plum,LAS,0.2,3700.0,3.2573022924409596,2026-06-05 05:19:18.264647+00:00
749,2025-07-29,highestBoostedValuePlayers,597,J. Young,LVA,0.4,380.0,6.272406843504253,2026-06-05 05:19:18.264647+00:00
749,2025-07-29,highestBoostedValuePlayers,598,A. Wilson,LVA,0.0,4000.0,9.207209955503435,2026-06-05 05:19:18.264647+00:00
749,2025-07-29,popularPlayers,602,C. Gray,LVA,1.1,1400.0,2.1145740782999574,2026-06-05 05:19:18.264647+00:00
749,2025-07-29,popularPlayers,605,A. Gray,ATL,0.2,2500.0,2.379988965509278,2026-06-05 05:19:18.264647+00:00
749,2025-07-29,highestBoostedValuePlayers,606,J. Canada,ATL,0.8,45.0,4.5152498046055545,2026-06-05 05:19:18.264647+00:00
749,2025-07-29,highestBoostedValuePlayers,617,N. Hillmon,ATL,1.7,2.0,3.575105723035682,2026-06-05 05:19:18.264647+00:00
749,2025-07-29,highestBoostedValuePlayers,629,N. Smith,LVA,2.1,31.0,2.277879661522318,2026-06-05 05:19:18.264647+00:00
749,2025-07-29,highestBoostedValuePlayers,657,C. Zandalasini,GSV,2.2,2.0,4.9206175242804795,2026-06-05 05:19:18.264647+00:00
749,2025-07-29,highestBoostedValuePlayers,673,R. Allen,NYL,2.5,1.0,1.8829821144709618,2026-06-05 05:19:18.264647+00:00
749,2025-07-29,highestBoostedValuePlayers,679,B. Sykes,TOR,0.8,139.0,3.9407440585913203,2026-06-05 05:19:18.264647+00:00
749,2025-07-29,highestBoostedValuePlayers,687,E. Engstler,POR,3.0,1.0,2.798930045731612,2026-06-05 05:19:18.264647+00:00
749,2025-07-29,popularPlayers,691,S. Austin,WAS,0.8,1600.0,1.1611465737313367,2026-06-05 05:19:18.264647+00:00
749,2025-07-29,highestBoostedValuePlayers,698,D. Evans,LVA,2.7,16.0,1.6850478948249739,2026-06-05 05:19:18.264647+00:00
749,2025-07-29,highestBoostedValuePlayers,701,A. Reese,ATL,0.5,271.0,4.4424972940105825,2026-06-05 05:19:18.264647+00:00
749,2025-07-29,highestBoostedValuePlayers,705,K. Cardoso,CHI,1.0,147.0,3.1108173172118176,2026-06-05 05:19:18.264647+00:00
749,2025-07-29,popularPlayers,711,A. Stevens,CHI,0.3,1500.0,2.0262345180537915,2026-06-05 05:19:18.264647+00:00
749,2025-07-29,popularPlayers,713,J. Allemand,TOR,2.1,1400.0,0.5583732011439259,2026-06-05 05:19:18.264647+00:00
749,2025-07-29,highestBoostedValuePlayers,714,R. Burrell,LAS,3.0,19.0,2.5706031754670535,2026-06-05 05:19:18.264647+00:00
749,2025-07-29,popularPlayers,716,C. Brink,LAS,0.0,1600.0,1.1189075442279304,2026-06-05 05:19:18.264647+00:00
749,2025-07-29,popularPlayers,718,D. Hamby,LAS,0.2,3100.0,1.9441053229398926,2026-06-05 05:19:18.264647+00:00
749,2025-07-29,popularPlayers,723,R. Jackson,CHI,1.0,1400.0,0.43975288012005326,2026-06-05 05:19:18.264647+00:00
749,2025-07-29,highestBoostedValuePlayers,725,K. Nurse,TOR,3.0,2.0,1.487375087232429,2026-06-05 05:19:18.264647+00:00
749,2025-07-29,popularPlayers,726,J. Loyd,LVA,1.2,1000.0,1.434425376301651,2026-06-05 05:19:18.264647+00:00
749,2025-07-29,highestBoostedValuePlayers,741,R. Banham,CHI,2.2,16.0,3.945790872353291,2026-06-05 05:19:18.264647+00:00
749,2025-07-29,popularPlayers,754,B. Jones,ATL,0.7,1000.0,1.2847611755267554,2026-06-05 05:19:18.264647+00:00
749,2025-07-29,popularPlayers,759,V. Burton,GSV,0.8,1000.0,0.5084622878977629,2026-06-05 05:19:18.264647+00:00
749,2025-07-29,highestBoostedValuePlayers,762,C. Leite,POR,2.7,2.0,1.7299146950554996,2026-06-05 05:19:18.264647+00:00
749,2025-07-29,highestBoostedValuePlayers,366584,T. Hayes,GSV,1.2,7.0,3.787032357821447,2026-06-05 05:19:18.264647+00:00
749,2025-07-29,highestBoostedValuePlayers,4322741,S. Citron,WAS,0.9,153.0,5.69587767381934,2026-06-05 05:19:18.264647+00:00
749,2025-07-29,highestBoostedValuePlayers,4322743,K. Iriafen,WAS,1.2,131.0,5.374433456867788,2026-06-05 05:19:18.264647+00:00
751,2025-07-30,highestBoostedValuePlayers,336,L. Geiselsöder,POR,1.8,5.0,2.558455985928412,2026-06-05 05:19:18.264647+00:00
751,2025-07-30,highestBoostedValuePlayers,563,M. Caldwell,MIN,2.7,9.0,2.042070195702154,2026-06-05 05:19:18.264647+00:00
751,2025-07-30,highestBoostedValuePlayers,605,A. Gray,ATL,0.3,208.0,4.263458335304136,2026-06-05 05:19:18.264647+00:00
751,2025-07-30,popularPlayers,606,J. Canada,ATL,0.7,1300.0,0.0,2026-06-05 05:19:18.264647+00:00
751,2025-07-30,mostCommon3xPlayers,609,N. Coffey,MIN,3.0,18.0,1.7099516239568289,2026-06-05 05:19:18.264647+00:00
751,2025-07-30,highestBoostedValuePlayers,617,N. Hillmon,ATL,1.6,15.0,5.4882127897876485,2026-06-05 05:19:18.264647+00:00
751,2025-07-30,popularPlayers,626,K. Mitchell,IND,0.4,3000.0,2.0355618618143496,2026-06-05 05:19:18.264647+00:00
751,2025-07-30,highestBoostedValuePlayers,627,A. Boston,IND,0.2,290.0,4.287506385865333,2026-06-05 05:19:18.264647+00:00
751,2025-07-30,highestBoostedValuePlayers,637,S. Ionescu,NYL,0.1,581.0,4.806257004738958,2026-06-05 05:19:18.264647+00:00
751,2025-07-30,popularPlayers,643,J. Jones,NYL,0.6,831.0,2.5706009045393214,2026-06-05 05:19:18.264647+00:00
751,2025-07-30,highestBoostedValuePlayers,650,N. Collier,MIN,0.0,3600.0,6.573640073105743,2026-06-05 05:19:18.264647+00:00
751,2025-07-30,highestBoostedValuePlayers,654,C. Williams,MIN,0.4,190.0,4.8434063576355415,2026-06-05 05:19:18.264647+00:00
751,2025-07-30,highestBoostedValuePlayers,658,A. Smith,DAL,0.7,105.0,3.698916880574277,2026-06-05 05:19:18.264647+00:00
751,2025-07-30,highestBoostedValuePlayers,660,K. McBride,MIN,0.9,143.0,3.7845150867626582,2026-06-05 05:19:18.264647+00:00
751,2025-07-30,popularPlayers,663,B. Carleton,POR,1.7,676.0,2.224566378286633,2026-06-05 05:19:18.264647+00:00
751,2025-07-30,highestBoostedValuePlayers,670,K. Copper,PHO,1.3,1.0,3.1189276185027244,2026-06-05 05:19:18.264647+00:00
751,2025-07-30,popularPlayers,671,S. Cunningham,IND,2.3,600.0,1.603673146262069,2026-06-05 05:19:18.264647+00:00
751,2025-07-30,highestBoostedValuePlayers,677,N. Cloud,CHI,0.7,95.0,3.6700110989234624,2026-06-05 05:19:18.264647+00:00
751,2025-07-30,highestBoostedValuePlayers,696,I. Harrison,TOR,2.8,3.0,2.475374934194493,2026-06-05 05:19:18.264647+00:00
751,2025-07-30,mostCommon3xPlayers,719,S. Talbot,LVA,3.0,78.0,1.597102354305467,2026-06-05 05:19:18.264647+00:00
751,2025-07-30,highestBoostedValuePlayers,745,A. Thomas,PHO,0.0,508.0,5.198481961460712,2026-06-05 05:19:18.264647+00:00
751,2025-07-30,highestBoostedValuePlayers,754,B. Jones,ATL,0.7,127.0,3.3215302107402844,2026-06-05 05:19:18.264647+00:00
751,2025-07-30,popularPlayers,758,S. Sabally,NYL,0.4,1100.0,2.065137968134334,2026-06-05 05:19:18.264647+00:00
751,2025-07-30,popularPlayers,760,N. Howard,MIN,1.0,1200.0,2.3687057536890204,2026-06-05 05:19:18.264647+00:00
751,2025-07-30,popularPlayers,767,A. Ogunbowale,DAL,0.7,2000.0,1.7913362020684107,2026-06-05 05:19:18.264647+00:00
751,2025-07-30,highestBoostedValuePlayers,4322740,P. Bueckers,DAL,0.2,592.0,4.50016195028959,2026-06-05 05:19:18.264647+00:00
751,2025-07-30,highestBoostedValuePlayers,4322755,T. Paopao,ATL,3.0,4.0,3.737894695544271,2026-06-05 05:19:18.264647+00:00
751,2025-07-30,mostCommon3xPlayers,4322756,M. Timpson,IND,3.0,12.0,0.2974705,2026-06-05 05:19:18.264647+00:00
753,2025-07-31,highestBoostedValuePlayers,604,K. Martin,LAS,3.0,141.0,2.82089512607082,2026-06-05 05:19:18.264647+00:00
753,2025-07-31,highestBoostedValuePlayers,614,I. Rupert,GSV,1.9,5.0,2.076184678409657,2026-06-05 05:19:18.264647+00:00
753,2025-07-31,highestBoostedValuePlayers,615,L. Amihere,GSV,2.1,89.0,1.5469109315930627,2026-06-05 05:19:18.264647+00:00
753,2025-07-31,highestBoostedValuePlayers,628,T. Fágbénlé,TOR,1.4,175.0,2.972898207294094,2026-06-05 05:19:18.264647+00:00
753,2025-07-31,highestBoostedValuePlayers,641,K. Thornton,GSV,0.8,,0.0,2026-06-05 05:19:18.264647+00:00
753,2025-07-31,highestBoostedValuePlayers,657,C. Zandalasini,GSV,1.6,,0.0,2026-06-05 05:19:18.264647+00:00
753,2025-07-31,highestBoostedValuePlayers,679,B. Sykes,TOR,0.7,1600.0,2.315008820402215,2026-06-05 05:19:18.264647+00:00
753,2025-07-31,highestBoostedValuePlayers,685,S. Dolson,SEA,3.0,103.0,0.04801619999999999,2026-06-05 05:19:18.264647+00:00
753,2025-07-31,highestBoostedValuePlayers,687,E. Engstler,POR,3.0,114.0,1.8769870601536525,2026-06-05 05:19:18.264647+00:00
753,2025-07-31,highestBoostedValuePlayers,691,S. Austin,WAS,0.9,658.0,2.9153629934234404,2026-06-05 05:19:18.264647+00:00
753,2025-07-31,highestBoostedValuePlayers,729,J. Melbourne,SEA,3.0,99.0,1.1279779207404184,2026-06-05 05:19:18.264647+00:00
753,2025-07-31,highestBoostedValuePlayers,759,V. Burton,GSV,0.8,768.0,3.470956309584502,2026-06-05 05:19:18.264647+00:00
753,2025-07-31,highestBoostedValuePlayers,762,C. Leite,POR,2.6,126.0,0.3062238447489263,2026-06-05 05:19:18.264647+00:00
753,2025-07-31,highestBoostedValuePlayers,366584,T. Hayes,GSV,1.1,399.0,0.6810480349420082,2026-06-05 05:19:18.264647+00:00
753,2025-07-31,highestBoostedValuePlayers,4322741,S. Citron,WAS,0.8,2000.0,2.931410704683267,2026-06-05 05:19:18.264647+00:00
753,2025-07-31,highestBoostedValuePlayers,4322743,K. Iriafen,WAS,1.0,626.0,1.6883416221797924,2026-06-05 05:19:18.264647+00:00
753,2025-07-31,highestBoostedValuePlayers,4322761,L. Olsen,WAS,3.0,97.0,0.9936084221554515,2026-06-05 05:19:18.264647+00:00
753,2025-07-31,highestBoostedValuePlayers,4322793,K. Chen,GSV,3.0,6.0,0.2607088473585349,2026-06-05 05:19:18.264647+00:00
753,2025-07-31,highestBoostedValuePlayers,4322797,J. Salaün,GSV,1.5,159.0,1.7718019581743063,2026-06-05 05:19:18.264647+00:00
754,2025-08-01,highestBoostedValuePlayers,184,G. Williams,GSV,0.5,209.0,4.101920291561755,2026-06-05 05:19:18.264647+00:00
754,2025-08-01,highestBoostedValuePlayers,563,M. Caldwell,MIN,2.6,5.0,4.53300493644125,2026-06-05 05:19:18.264647+00:00
754,2025-08-01,popularPlayers,596,K. Plum,LAS,0.2,2500.0,3.757836947005896,2026-06-05 05:19:18.264647+00:00
754,2025-08-01,mostCommon3xPlayers,600,A. Clark,DAL,3.0,114.0,0.0,2026-06-05 05:19:18.264647+00:00
754,2025-08-01,mostCommon3xPlayers,604,K. Martin,LAS,3.0,226.0,1.0770379574499744,2026-06-05 05:19:18.264647+00:00
754,2025-08-01,highestBoostedValuePlayers,605,A. Gray,ATL,0.2,227.0,5.184364216035288,2026-06-05 05:19:18.264647+00:00
754,2025-08-01,highestBoostedValuePlayers,617,N. Hillmon,ATL,1.4,84.0,3.7664432403793366,2026-06-05 05:19:18.264647+00:00
754,2025-08-01,popularPlayers,626,K. Mitchell,IND,0.4,1500.0,3.3789085002382304,2026-06-05 05:19:18.264647+00:00
754,2025-08-01,popularPlayers,627,A. Boston,IND,0.2,1900.0,3.582696846497221,2026-06-05 05:19:18.264647+00:00
754,2025-08-01,popularPlayers,637,S. Ionescu,NYL,0.1,3600.0,4.568452320340984,2026-06-05 05:19:18.264647+00:00
754,2025-08-01,highestBoostedValuePlayers,697,M. Mabrey,TOR,1.0,10.0,3.5813281963480628,2026-06-05 05:19:18.264647+00:00
754,2025-08-01,popularPlayers,705,K. Cardoso,CHI,0.9,973.0,2.8724843572550482,2026-06-05 05:19:18.264647+00:00
754,2025-08-01,highestBoostedValuePlayers,708,E. Williams,CHI,1.9,2.0,3.38397119607317,2026-06-05 05:19:18.264647+00:00
754,2025-08-01,highestBoostedValuePlayers,711,A. Stevens,CHI,0.4,153.0,4.453686262655559,2026-06-05 05:19:18.264647+00:00
754,2025-08-01,highestBoostedValuePlayers,713,J. Allemand,TOR,2.3,31.0,2.7203966615475603,2026-06-05 05:19:18.264647+00:00
754,2025-08-01,highestBoostedValuePlayers,716,C. Brink,LAS,3.0,466.0,2.116155292624691,2026-06-05 05:19:18.264647+00:00
754,2025-08-01,popularPlayers,718,D. Hamby,LAS,0.2,1500.0,4.057817783529305,2026-06-05 05:19:18.264647+00:00
754,2025-08-01,highestBoostedValuePlayers,723,R. Jackson,CHI,1.1,53.0,3.840017816339154,2026-06-05 05:19:18.264647+00:00
754,2025-08-01,highestBoostedValuePlayers,725,K. Nurse,TOR,3.0,2.0,2.4224437319036087,2026-06-05 05:19:18.264647+00:00
754,2025-08-01,popularPlayers,734,S. Diggins,CHI,0.4,1600.0,3.5073148994971244,2026-06-05 05:19:18.264647+00:00
754,2025-08-01,highestBoostedValuePlayers,735,E. Magbegor,SEA,0.9,112.0,3.7439006075587637,2026-06-05 05:19:18.264647+00:00
754,2025-08-01,highestBoostedValuePlayers,738,N. Ogwumike,LAS,0.3,271.0,6.763873840734763,2026-06-05 05:19:18.264647+00:00
754,2025-08-01,highestBoostedValuePlayers,741,R. Banham,CHI,2.1,199.0,2.5796043190066276,2026-06-05 05:19:18.264647+00:00
754,2025-08-01,highestBoostedValuePlayers,744,L. Lacan,CON,1.6,1.0,3.1631845314194504,2026-06-05 05:19:18.264647+00:00
754,2025-08-01,popularPlayers,745,A. Thomas,PHO,0.0,2900.0,2.6348027730235444,2026-06-05 05:19:18.264647+00:00
754,2025-08-01,highestBoostedValuePlayers,749,O. Nelson-Ododa,CON,1.3,3.0,3.574850929662678,2026-06-05 05:19:18.264647+00:00
754,2025-08-01,highestBoostedValuePlayers,754,B. Jones,ATL,0.7,108.0,3.612589890386471,2026-06-05 05:19:18.264647+00:00
754,2025-08-01,popularPlayers,758,S. Sabally,NYL,0.5,832.0,1.1302508970504683,2026-06-05 05:19:18.264647+00:00
754,2025-08-01,highestBoostedValuePlayers,759,V. Burton,GSV,0.8,19.0,4.679087097791678,2026-06-05 05:19:18.264647+00:00
754,2025-08-01,highestBoostedValuePlayers,760,N. Howard,MIN,1.0,14.0,4.230976805932359,2026-06-05 05:19:18.264647+00:00
754,2025-08-01,popularPlayers,767,A. Ogunbowale,DAL,0.7,900.0,2.1766994185252644,2026-06-05 05:19:18.264647+00:00
754,2025-08-01,popularPlayers,4322740,P. Bueckers,DAL,0.2,3000.0,3.661183668363936,2026-06-05 05:19:18.264647+00:00
754,2025-08-01,mostCommon3xPlayers,4322742,D. Malonga,SEA,3.0,125.0,1.7939029874322725,2026-06-05 05:19:18.264647+00:00
754,2025-08-01,highestBoostedValuePlayers,4322797,J. Salaün,GSV,1.5,59.0,2.7920454220519293,2026-06-05 05:19:18.264647+00:00
757,2025-08-02,highestBoostedValuePlayers,8,M. Kliundikova,TOR,3.0,57.0,1.4112887232818603,2026-06-05 05:19:18.264647+00:00
757,2025-08-02,highestBoostedValuePlayers,594,K. Bell,LVA,3.0,57.0,0.8601307284190974,2026-06-05 05:19:18.264647+00:00
757,2025-08-02,highestBoostedValuePlayers,597,J. Young,LVA,0.4,201.0,0.947973350334263,2026-06-05 05:19:18.264647+00:00
757,2025-08-02,highestBoostedValuePlayers,598,A. Wilson,LVA,0.0,1800.0,1.1467668704148228,2026-06-05 05:19:18.264647+00:00
757,2025-08-02,highestBoostedValuePlayers,599,M. Gustafson,POR,3.0,48.0,0.8176643903359048,2026-06-05 05:19:18.264647+00:00
757,2025-08-02,highestBoostedValuePlayers,602,C. Gray,LVA,1.1,138.0,0.9061877798596428,2026-06-05 05:19:18.264647+00:00
757,2025-08-02,highestBoostedValuePlayers,603,K. Stokes,GSV,3.0,44.0,1.2365884568546226,2026-06-05 05:19:18.264647+00:00
757,2025-08-02,highestBoostedValuePlayers,629,N. Smith,LVA,2.0,74.0,0.9263925988296056,2026-06-05 05:19:18.264647+00:00
757,2025-08-02,highestBoostedValuePlayers,650,N. Collier,MIN,0.0,2900.0,3.842566766114018,2026-06-05 05:19:18.264647+00:00
757,2025-08-02,highestBoostedValuePlayers,652,N. Hiedeman,SEA,2.1,57.0,3.5762163710206023,2026-06-05 05:19:18.264647+00:00
757,2025-08-02,highestBoostedValuePlayers,653,J. Shepard,DAL,1.8,68.0,4.656934337697061,2026-06-05 05:19:18.264647+00:00
757,2025-08-02,highestBoostedValuePlayers,654,C. Williams,MIN,0.4,214.0,4.581564156198172,2026-06-05 05:19:18.264647+00:00
757,2025-08-02,highestBoostedValuePlayers,658,A. Smith,DAL,0.7,128.0,2.9873792016620344,2026-06-05 05:19:18.264647+00:00
757,2025-08-02,highestBoostedValuePlayers,660,K. McBride,MIN,0.8,139.0,6.61283018719868,2026-06-05 05:19:18.264647+00:00
757,2025-08-02,popularPlayers,661,D. Miller,CON,3.0,350.0,0.0,2026-06-05 05:19:18.264647+00:00
757,2025-08-02,highestBoostedValuePlayers,663,B. Carleton,POR,1.7,77.0,1.5924155879519881,2026-06-05 05:19:18.264647+00:00
757,2025-08-02,highestBoostedValuePlayers,698,D. Evans,LVA,2.7,50.0,0.4980906104974204,2026-06-05 05:19:18.264647+00:00
757,2025-08-02,highestBoostedValuePlayers,726,J. Loyd,LVA,1.3,98.0,1.5776045895770647,2026-06-05 05:19:18.264647+00:00
757,2025-08-02,highestBoostedValuePlayers,4322751,A. Nye,ATL,3.0,58.0,1.0794828852030818,2026-06-05 05:19:18.264647+00:00
757,2025-08-02,highestBoostedValuePlayers,4322753,A. Kosu,MIN,3.0,2.0,0.4450071977411637,2026-06-05 05:19:18.264647+00:00
758,2025-08-03,popularPlayers,184,G. Williams,GSV,0.5,944.0,2.4472799878715708,2026-06-05 05:19:18.264647+00:00
758,2025-08-03,highestBoostedValuePlayers,399,K. Charles,GSV,3.0,1.0,2.7878020059818827,2026-06-05 05:19:18.264647+00:00
758,2025-08-03,popularPlayers,563,M. Caldwell,MIN,2.3,821.0,0.6956930623486393,2026-06-05 05:19:18.264647+00:00
758,2025-08-03,highestBoostedValuePlayers,597,J. Young,LVA,0.4,191.0,5.375229006608892,2026-06-05 05:19:18.264647+00:00
758,2025-08-03,popularPlayers,598,A. Wilson,LVA,0.0,4200.0,4.657019223849155,2026-06-05 05:19:18.264647+00:00
758,2025-08-03,popularPlayers,602,C. Gray,LVA,1.1,983.0,2.4642751588655596,2026-06-05 05:19:18.264647+00:00
758,2025-08-03,mostCommon3xPlayers,604,K. Martin,LAS,3.0,64.0,0.9044352919964206,2026-06-05 05:19:18.264647+00:00
758,2025-08-03,popularPlayers,605,A. Gray,ATL,0.2,1900.0,3.5679433085140606,2026-06-05 05:19:18.264647+00:00
758,2025-08-03,highestBoostedValuePlayers,606,J. Canada,ATL,0.7,114.0,3.7890354987199517,2026-06-05 05:19:18.264647+00:00
758,2025-08-03,highestBoostedValuePlayers,615,L. Amihere,GSV,2.1,1.0,2.759219896621802,2026-06-05 05:19:18.264647+00:00
758,2025-08-03,highestBoostedValuePlayers,617,N. Hillmon,ATL,1.3,32.0,3.434113868851742,2026-06-05 05:19:18.264647+00:00
758,2025-08-03,popularPlayers,626,K. Mitchell,IND,0.4,1500.0,2.5294040391076344,2026-06-05 05:19:18.264647+00:00
758,2025-08-03,highestBoostedValuePlayers,627,A. Boston,IND,0.2,391.0,4.389147713100081,2026-06-05 05:19:18.264647+00:00
758,2025-08-03,highestBoostedValuePlayers,637,S. Ionescu,NYL,0.1,813.0,5.352154295435111,2026-06-05 05:19:18.264647+00:00
758,2025-08-03,highestBoostedValuePlayers,670,K. Copper,PHO,1.1,188.0,3.9123763163595964,2026-06-05 05:19:18.264647+00:00
758,2025-08-03,highestBoostedValuePlayers,671,S. Cunningham,IND,2.3,22.0,2.911151101017466,2026-06-05 05:19:18.264647+00:00
758,2025-08-03,highestBoostedValuePlayers,698,D. Evans,LVA,2.8,1.0,2.174333284730143,2026-06-05 05:19:18.264647+00:00
758,2025-08-03,popularPlayers,705,K. Cardoso,CHI,0.9,672.0,3.19503132733896,2026-06-05 05:19:18.264647+00:00
758,2025-08-03,highestBoostedValuePlayers,708,E. Williams,CHI,1.8,21.0,4.346037148294039,2026-06-05 05:19:18.264647+00:00
758,2025-08-03,mostCommon3xPlayers,719,S. Talbot,LVA,3.0,55.0,0.7712246521415823,2026-06-05 05:19:18.264647+00:00
758,2025-08-03,mostCommon3xPlayers,725,K. Nurse,TOR,3.0,432.0,1.2614438877143652,2026-06-05 05:19:18.264647+00:00
758,2025-08-03,highestBoostedValuePlayers,726,J. Loyd,LVA,1.3,26.0,5.2737028455594155,2026-06-05 05:19:18.264647+00:00
758,2025-08-03,popularPlayers,734,S. Diggins,CHI,0.4,1200.0,1.7683118657087447,2026-06-05 05:19:18.264647+00:00
758,2025-08-03,popularPlayers,738,N. Ogwumike,LAS,0.3,1700.0,1.736835161551585,2026-06-05 05:19:18.264647+00:00
758,2025-08-03,popularPlayers,741,R. Banham,CHI,2.0,1800.0,0.6101533480170693,2026-06-05 05:19:18.264647+00:00
758,2025-08-03,popularPlayers,745,A. Thomas,PHO,0.0,2500.0,4.348290556281177,2026-06-05 05:19:18.264647+00:00
758,2025-08-03,highestBoostedValuePlayers,754,B. Jones,ATL,0.7,114.0,4.314294814037502,2026-06-05 05:19:18.264647+00:00
758,2025-08-03,popularPlayers,758,S. Sabally,NYL,0.5,844.0,0.0,2026-06-05 05:19:18.264647+00:00
758,2025-08-03,popularPlayers,759,V. Burton,GSV,0.7,1500.0,2.211785369336317,2026-06-05 05:19:18.264647+00:00
758,2025-08-03,highestBoostedValuePlayers,760,N. Howard,MIN,1.0,59.0,4.969533031446106,2026-06-05 05:19:18.264647+00:00
758,2025-08-03,highestBoostedValuePlayers,4322738,M. Akoa Makani,PHO,1.9,18.0,2.7254863381175736,2026-06-05 05:19:18.264647+00:00
758,2025-08-03,popularPlayers,4322741,S. Citron,WAS,0.8,1500.0,2.8563474757854315,2026-06-05 05:19:18.264647+00:00
758,2025-08-03,highestBoostedValuePlayers,4322742,D. Malonga,SEA,3.0,2.0,2.5276963694980976,2026-06-05 05:19:18.264647+00:00
758,2025-08-03,highestBoostedValuePlayers,4322743,K. Iriafen,WAS,1.1,20.0,4.382360605528497,2026-06-05 05:19:18.264647+00:00
758,2025-08-03,highestBoostedValuePlayers,4322745,A. Morrow,CON,2.2,4.0,2.941051899413551,2026-06-05 05:19:18.264647+00:00
758,2025-08-03,mostCommon3xPlayers,4322749,H. Van Lith,CON,3.0,20.0,0.6726750548874106,2026-06-05 05:19:18.264647+00:00
758,2025-08-03,highestBoostedValuePlayers,4322751,A. Nye,ATL,3.0,1.0,1.9800442451375089,2026-06-05 05:19:18.264647+00:00
758,2025-08-03,highestBoostedValuePlayers,4322755,T. Paopao,ATL,2.9,7.0,2.203506327379186,2026-06-05 05:19:18.264647+00:00
761,2025-08-05,popularPlayers,184,G. Williams,GSV,0.5,1300.0,2.4635906900304367,2026-06-05 05:19:18.264647+00:00
761,2025-08-05,highestBoostedValuePlayers,596,K. Plum,LAS,0.2,492.0,5.07604645259608,2026-06-05 05:19:18.264647+00:00
761,2025-08-05,highestBoostedValuePlayers,622,E. Wheeler,LAS,1.1,18.0,3.1438765239516098,2026-06-05 05:19:18.264647+00:00
761,2025-08-05,highestBoostedValuePlayers,626,K. Mitchell,IND,0.5,277.0,6.065194493127924,2026-06-05 05:19:18.264647+00:00
761,2025-08-05,popularPlayers,627,A. Boston,IND,0.2,2600.0,3.925689727455464,2026-06-05 05:19:18.264647+00:00
761,2025-08-05,popularPlayers,637,S. Ionescu,NYL,0.1,4800.0,2.5350658438764255,2026-06-05 05:19:18.264647+00:00
761,2025-08-05,highestBoostedValuePlayers,647,L. Fiebich,NYL,1.6,3.0,3.199070397565453,2026-06-05 05:19:18.264647+00:00
761,2025-08-05,highestBoostedValuePlayers,653,J. Shepard,DAL,1.6,24.0,3.4034875376420533,2026-06-05 05:19:18.264647+00:00
761,2025-08-05,popularPlayers,654,C. Williams,MIN,0.4,2300.0,2.385421283565038,2026-06-05 05:19:18.264647+00:00
761,2025-08-05,popularPlayers,658,A. Smith,DAL,0.7,1600.0,2.5494727221249702,2026-06-05 05:19:18.264647+00:00
761,2025-08-05,highestBoostedValuePlayers,660,K. McBride,MIN,0.7,90.0,3.576467883969061,2026-06-05 05:19:18.264647+00:00
761,2025-08-05,mostCommon3xPlayers,661,D. Miller,CON,3.0,11.0,-0.31764149999999997,2026-06-05 05:19:18.264647+00:00
761,2025-08-05,mostCommon3xPlayers,687,E. Engstler,POR,3.0,12.0,1.1739624415960404,2026-06-05 05:19:18.264647+00:00
761,2025-08-05,highestBoostedValuePlayers,705,K. Cardoso,CHI,0.9,30.0,4.036962061042352,2026-06-05 05:19:18.264647+00:00
761,2025-08-05,highestBoostedValuePlayers,708,E. Williams,CHI,1.7,39.0,3.578966290521915,2026-06-05 05:19:18.264647+00:00
761,2025-08-05,highestBoostedValuePlayers,711,A. Stevens,CHI,0.3,171.0,4.4069269753733025,2026-06-05 05:19:18.264647+00:00
761,2025-08-05,highestBoostedValuePlayers,713,J. Allemand,TOR,2.1,3.0,2.8639399940224717,2026-06-05 05:19:18.264647+00:00
761,2025-08-05,popularPlayers,716,C. Brink,LAS,2.1,2000.0,0.8214757,2026-06-05 05:19:18.264647+00:00
761,2025-08-05,popularPlayers,718,D. Hamby,LAS,0.2,1700.0,3.8446908721243966,2026-06-05 05:19:18.264647+00:00
761,2025-08-05,highestBoostedValuePlayers,719,S. Talbot,LVA,3.0,1.0,2.802878554073114,2026-06-05 05:19:18.264647+00:00
761,2025-08-05,highestBoostedValuePlayers,723,R. Jackson,CHI,1.1,33.0,4.418713827324631,2026-06-05 05:19:18.264647+00:00
761,2025-08-05,mostCommon3xPlayers,725,K. Nurse,TOR,3.0,59.0,0.02369967209359027,2026-06-05 05:19:18.264647+00:00
761,2025-08-05,mostCommon3xPlayers,729,J. Melbourne,SEA,3.0,24.0,1.3534600955420302,2026-06-05 05:19:18.264647+00:00
761,2025-08-05,popularPlayers,734,S. Diggins,CHI,0.4,1400.0,2.7110292834911984,2026-06-05 05:19:18.264647+00:00
761,2025-08-05,popularPlayers,735,E. Magbegor,SEA,0.9,902.0,2.3824025027742883,2026-06-05 05:19:18.264647+00:00
761,2025-08-05,highestBoostedValuePlayers,738,N. Ogwumike,LAS,0.3,285.0,3.9928483940320514,2026-06-05 05:19:18.264647+00:00
761,2025-08-05,popularPlayers,741,R. Banham,CHI,2.1,870.0,1.650565316445421,2026-06-05 05:19:18.264647+00:00
761,2025-08-05,highestBoostedValuePlayers,744,L. Lacan,CON,1.5,1.0,2.730919207111847,2026-06-05 05:19:18.264647+00:00
761,2025-08-05,highestBoostedValuePlayers,745,A. Thomas,PHO,0.0,1800.0,5.056196542299043,2026-06-05 05:19:18.264647+00:00
761,2025-08-05,highestBoostedValuePlayers,750,D. Bonner,PHO,1.8,2.0,3.3272583095897765,2026-06-05 05:19:18.264647+00:00
761,2025-08-05,highestBoostedValuePlayers,753,D. Carrington,CHI,1.5,5.0,2.951178243755544,2026-06-05 05:19:18.264647+00:00
761,2025-08-05,highestBoostedValuePlayers,758,S. Sabally,NYL,0.5,42.0,4.445241075304732,2026-06-05 05:19:18.264647+00:00
761,2025-08-05,popularPlayers,760,N. Howard,MIN,0.9,1800.0,3.1302056895001007,2026-06-05 05:19:18.264647+00:00
761,2025-08-05,popularPlayers,4322740,P. Bueckers,DAL,0.2,3300.0,3.5529331938746056,2026-06-05 05:19:18.264647+00:00
761,2025-08-05,popularPlayers,4322741,S. Citron,WAS,0.8,868.0,2.4175607967883193,2026-06-05 05:19:18.264647+00:00
761,2025-08-05,highestBoostedValuePlayers,4322742,D. Malonga,SEA,2.9,1.0,2.2548318608711746,2026-06-05 05:19:18.264647+00:00
761,2025-08-05,mostCommon3xPlayers,4322749,H. Van Lith,CON,3.0,18.0,-0.23876999999999998,2026-06-05 05:19:18.264647+00:00
763,2025-08-06,highestBoostedValuePlayers,399,K. Charles,GSV,2.8,107.0,2.6435375099802068,2026-06-05 05:19:18.264647+00:00
763,2025-08-06,highestBoostedValuePlayers,594,K. Bell,LVA,3.0,103.0,0.9016476197914804,2026-06-05 05:19:18.264647+00:00
763,2025-08-06,highestBoostedValuePlayers,597,J. Young,LVA,0.4,580.0,2.879437108792337,2026-06-05 05:19:18.264647+00:00
763,2025-08-06,highestBoostedValuePlayers,598,A. Wilson,LVA,0.0,5300.0,5.264106296941626,2026-06-05 05:19:18.264647+00:00
763,2025-08-06,highestBoostedValuePlayers,602,C. Gray,LVA,1.1,261.0,2.0225287866836763,2026-06-05 05:19:18.264647+00:00
763,2025-08-06,highestBoostedValuePlayers,603,K. Stokes,GSV,3.0,,0.0,2026-06-05 05:19:18.264647+00:00
763,2025-08-06,highestBoostedValuePlayers,604,K. Martin,LAS,3.0,157.0,0.1484255243224993,2026-06-05 05:19:18.264647+00:00
763,2025-08-06,highestBoostedValuePlayers,614,I. Rupert,GSV,1.4,22.0,0.08347817948668802,2026-06-05 05:19:18.264647+00:00
763,2025-08-06,highestBoostedValuePlayers,615,L. Amihere,GSV,2.0,,0.0,2026-06-05 05:19:18.264647+00:00
763,2025-08-06,highestBoostedValuePlayers,628,T. Fágbénlé,TOR,1.4,147.0,1.8904207421622878,2026-06-05 05:19:18.264647+00:00
763,2025-08-06,highestBoostedValuePlayers,629,N. Smith,LVA,2.1,127.0,2.5468251979201324,2026-06-05 05:19:18.264647+00:00
763,2025-08-06,highestBoostedValuePlayers,657,C. Zandalasini,GSV,1.6,11.0,0.9478491078032378,2026-06-05 05:19:18.264647+00:00
763,2025-08-06,highestBoostedValuePlayers,698,D. Evans,LVA,2.7,80.0,0.16281668959745377,2026-06-05 05:19:18.264647+00:00
763,2025-08-06,highestBoostedValuePlayers,726,J. Loyd,LVA,1.2,240.0,2.521215855465227,2026-06-05 05:19:18.264647+00:00
763,2025-08-06,highestBoostedValuePlayers,759,V. Burton,GSV,0.8,369.0,0.3865289438468347,2026-06-05 05:19:18.264647+00:00
763,2025-08-06,highestBoostedValuePlayers,762,C. Leite,POR,2.6,95.0,1.3752712446454838,2026-06-05 05:19:18.264647+00:00
763,2025-08-06,highestBoostedValuePlayers,366584,T. Hayes,GSV,1.2,21.0,2.3628641176013176,2026-06-05 05:19:18.264647+00:00
763,2025-08-06,highestBoostedValuePlayers,4322751,A. Nye,ATL,3.0,,-0.004544477731438307,2026-06-05 05:19:18.264647+00:00
763,2025-08-06,highestBoostedValuePlayers,4322793,K. Chen,GSV,3.0,,0.0,2026-06-05 05:19:18.264647+00:00
763,2025-08-06,highestBoostedValuePlayers,4322797,J. Salaün,GSV,1.5,139.0,2.316970348830114,2026-06-05 05:19:18.264647+00:00
766,2025-08-07,popularPlayers,596,K. Plum,LAS,0.2,3500.0,2.863863529183698,2026-06-05 05:19:18.264647+00:00
766,2025-08-07,highestBoostedValuePlayers,605,A. Gray,ATL,0.2,495.0,3.8832324586331843,2026-06-05 05:19:18.264647+00:00
766,2025-08-07,highestBoostedValuePlayers,606,J. Canada,ATL,0.6,119.0,3.68019903992849,2026-06-05 05:19:18.264647+00:00
766,2025-08-07,highestBoostedValuePlayers,609,N. Coffey,MIN,3.0,3.0,2.3728166328651046,2026-06-05 05:19:18.264647+00:00
766,2025-08-07,popularPlayers,617,N. Hillmon,ATL,1.3,2000.0,2.1592100250571424,2026-06-05 05:19:18.264647+00:00
766,2025-08-07,popularPlayers,626,K. Mitchell,IND,0.4,3000.0,1.4116413883756047,2026-06-05 05:19:18.264647+00:00
766,2025-08-07,popularPlayers,627,A. Boston,IND,0.2,2800.0,1.9654603345118318,2026-06-05 05:19:18.264647+00:00
766,2025-08-07,highestBoostedValuePlayers,671,S. Cunningham,IND,2.1,44.0,2.6033097030906007,2026-06-05 05:19:18.264647+00:00
766,2025-08-07,highestBoostedValuePlayers,697,M. Mabrey,TOR,1.0,22.0,2.7734790398162494,2026-06-05 05:19:18.264647+00:00
766,2025-08-07,mostCommon3xPlayers,700,M. Onyenwere,WAS,3.0,18.0,-0.08800829312546092,2026-06-05 05:19:18.264647+00:00
766,2025-08-07,highestBoostedValuePlayers,705,K. Cardoso,CHI,0.8,231.0,3.532918154541761,2026-06-05 05:19:18.264647+00:00
766,2025-08-07,popularPlayers,708,E. Williams,CHI,1.6,1300.0,1.3153948995685594,2026-06-05 05:19:18.264647+00:00
766,2025-08-07,popularPlayers,711,A. Stevens,CHI,0.3,1400.0,2.0602348725487656,2026-06-05 05:19:18.264647+00:00
766,2025-08-07,highestBoostedValuePlayers,713,J. Allemand,TOR,2.0,10.0,4.649169010156925,2026-06-05 05:19:18.264647+00:00
766,2025-08-07,highestBoostedValuePlayers,714,R. Burrell,LAS,3.0,1.0,1.6041533946214692,2026-06-05 05:19:18.264647+00:00
766,2025-08-07,highestBoostedValuePlayers,716,C. Brink,LAS,2.7,299.0,2.5421886853034867,2026-06-05 05:19:18.264647+00:00
766,2025-08-07,highestBoostedValuePlayers,718,D. Hamby,LAS,0.2,354.0,3.5595762985857173,2026-06-05 05:19:18.264647+00:00
766,2025-08-07,highestBoostedValuePlayers,723,R. Jackson,CHI,1.0,335.0,2.7332165452549817,2026-06-05 05:19:18.264647+00:00
766,2025-08-07,mostCommon3xPlayers,725,K. Nurse,TOR,3.0,40.0,0.7533676222375404,2026-06-05 05:19:18.264647+00:00
766,2025-08-07,highestBoostedValuePlayers,741,R. Banham,CHI,2.1,6.0,3.177334372115506,2026-06-05 05:19:18.264647+00:00
766,2025-08-07,highestBoostedValuePlayers,744,L. Lacan,CON,1.4,6.0,3.2178601987340785,2026-06-05 05:19:18.264647+00:00
766,2025-08-07,highestBoostedValuePlayers,745,A. Thomas,PHO,0.0,2300.0,5.282721406516607,2026-06-05 05:19:18.264647+00:00
766,2025-08-07,highestBoostedValuePlayers,750,D. Bonner,PHO,1.7,5.0,3.5806488353980974,2026-06-05 05:19:18.264647+00:00
766,2025-08-07,popularPlayers,754,B. Jones,ATL,0.7,1100.0,2.582859377732998,2026-06-05 05:19:18.264647+00:00
766,2025-08-07,highestBoostedValuePlayers,758,S. Sabally,NYL,0.5,222.0,3.348752431491383,2026-06-05 05:19:18.264647+00:00
766,2025-08-07,popularPlayers,760,N. Howard,MIN,0.9,1500.0,1.3745355428614783,2026-06-05 05:19:18.264647+00:00
766,2025-08-07,highestBoostedValuePlayers,4322745,A. Morrow,CON,2.2,3.0,1.7427903019886435,2026-06-05 05:19:18.264647+00:00
766,2025-08-07,highestBoostedValuePlayers,4322755,T. Paopao,ATL,2.8,13.0,1.6768053752894099,2026-06-05 05:19:18.264647+00:00
767,2025-08-08,popularPlayers,184,G. Williams,GSV,0.5,1500.0,2.7872895337986088,2026-06-05 05:19:18.264647+00:00
767,2025-08-08,highestBoostedValuePlayers,303,M. Johannes,NYL,2.6,4.0,2.3074856649669058,2026-06-05 05:19:18.264647+00:00
767,2025-08-08,mostCommon3xPlayers,594,K. Bell,LVA,3.0,120.0,0.16980290314478494,2026-06-05 05:19:18.264647+00:00
767,2025-08-08,highestBoostedValuePlayers,597,J. Young,LVA,0.4,188.0,4.643683872304752,2026-06-05 05:19:18.264647+00:00
767,2025-08-08,highestBoostedValuePlayers,598,A. Wilson,LVA,0.0,3800.0,4.556110025357785,2026-06-05 05:19:18.264647+00:00
767,2025-08-08,highestBoostedValuePlayers,602,C. Gray,LVA,1.1,147.0,2.931052301544106,2026-06-05 05:19:18.264647+00:00
767,2025-08-08,mostCommon3xPlayers,603,K. Stokes,GSV,3.0,126.0,0.0,2026-06-05 05:19:18.264647+00:00
767,2025-08-08,highestBoostedValuePlayers,622,E. Wheeler,LAS,1.1,131.0,2.7046589820517783,2026-06-05 05:19:18.264647+00:00
767,2025-08-08,highestBoostedValuePlayers,629,N. Smith,LVA,2.1,42.0,2.3743376473805973,2026-06-05 05:19:18.264647+00:00
767,2025-08-08,highestBoostedValuePlayers,637,S. Ionescu,NYL,0.1,1100.0,4.029484467123223,2026-06-05 05:19:18.264647+00:00
767,2025-08-08,highestBoostedValuePlayers,643,J. Jones,NYL,0.6,60.0,2.867444332292973,2026-06-05 05:19:18.264647+00:00
767,2025-08-08,popularPlayers,654,C. Williams,MIN,0.4,2000.0,2.4808396766870997,2026-06-05 05:19:18.264647+00:00
767,2025-08-08,highestBoostedValuePlayers,658,A. Smith,DAL,0.7,125.0,4.794666602637366,2026-06-05 05:19:18.264647+00:00
767,2025-08-08,highestBoostedValuePlayers,660,K. McBride,MIN,0.7,183.0,2.7703527169143998,2026-06-05 05:19:18.264647+00:00
767,2025-08-08,highestBoostedValuePlayers,677,N. Cloud,CHI,0.8,130.0,2.4973853695759884,2026-06-05 05:19:18.264647+00:00
767,2025-08-08,highestBoostedValuePlayers,679,B. Sykes,TOR,0.8,6.0,2.546064604866429,2026-06-05 05:19:18.264647+00:00
767,2025-08-08,highestBoostedValuePlayers,685,S. Dolson,SEA,3.0,1.0,1.5664662909592553,2026-06-05 05:19:18.264647+00:00
767,2025-08-08,mostCommon3xPlayers,710,L. Brown,SEA,3.0,139.0,0.0,2026-06-05 05:19:18.264647+00:00
767,2025-08-08,highestBoostedValuePlayers,726,J. Loyd,LVA,1.1,144.0,2.4431315288716857,2026-06-05 05:19:18.264647+00:00
767,2025-08-08,popularPlayers,734,S. Diggins,CHI,0.4,1800.0,1.2950213784094065,2026-06-05 05:19:18.264647+00:00
767,2025-08-08,popularPlayers,735,E. Magbegor,SEA,0.9,844.0,2.0681294210695818,2026-06-05 05:19:18.264647+00:00
767,2025-08-08,popularPlayers,738,N. Ogwumike,LAS,0.3,2400.0,2.316827633244072,2026-06-05 05:19:18.264647+00:00
767,2025-08-08,popularPlayers,753,D. Carrington,CHI,1.5,1000.0,1.6918867572021543,2026-06-05 05:19:18.264647+00:00
767,2025-08-08,popularPlayers,767,A. Ogunbowale,DAL,0.7,1200.0,2.108582756662645,2026-06-05 05:19:18.264647+00:00
767,2025-08-08,highestBoostedValuePlayers,4322741,S. Citron,WAS,0.8,160.0,5.393721876043255,2026-06-05 05:19:18.264647+00:00
767,2025-08-08,highestBoostedValuePlayers,4322742,D. Malonga,SEA,2.7,32.0,4.1468606270985795,2026-06-05 05:19:18.264647+00:00
767,2025-08-08,highestBoostedValuePlayers,4322743,K. Iriafen,WAS,1.0,116.0,3.0315439319723576,2026-06-05 05:19:18.264647+00:00
767,2025-08-08,mostCommon3xPlayers,4322751,A. Nye,ATL,3.0,134.0,0.0,2026-06-05 05:19:18.264647+00:00
767,2025-08-08,highestBoostedValuePlayers,4322761,L. Olsen,WAS,3.0,2.0,1.8083414052592965,2026-06-05 05:19:18.264647+00:00
770,2025-08-09,popularPlayers,399,K. Charles,GSV,2.6,438.0,0.054445510368537835,2026-06-05 05:19:18.264647+00:00
770,2025-08-09,popularPlayers,596,K. Plum,LAS,0.2,3300.0,1.5027316477495238,2026-06-05 05:19:18.264647+00:00
770,2025-08-09,mostCommon3xPlayers,604,K. Martin,LAS,3.0,128.0,0.0,2026-06-05 05:19:18.264647+00:00
770,2025-08-09,highestBoostedValuePlayers,626,K. Mitchell,IND,0.4,902.0,4.976507094218779,2026-06-05 05:19:18.264647+00:00
770,2025-08-09,highestBoostedValuePlayers,627,A. Boston,IND,0.2,981.0,3.646152662581645,2026-06-05 05:19:18.264647+00:00
770,2025-08-09,popularPlayers,628,T. Fágbénlé,TOR,1.4,832.0,1.1771368190769014,2026-06-05 05:19:18.264647+00:00
770,2025-08-09,highestBoostedValuePlayers,631,L. Hull,IND,2.1,138.0,3.716430868529529,2026-06-05 05:19:18.264647+00:00
770,2025-08-09,highestBoostedValuePlayers,632,D. Dantas,IND,3.0,2.0,1.2296661259802673,2026-06-05 05:19:18.264647+00:00
770,2025-08-09,highestBoostedValuePlayers,657,C. Zandalasini,GSV,1.7,11.0,4.228813090923332,2026-06-05 05:19:18.264647+00:00
770,2025-08-09,highestBoostedValuePlayers,671,S. Cunningham,IND,2.0,92.0,2.698631052185674,2026-06-05 05:19:18.264647+00:00
770,2025-08-09,highestBoostedValuePlayers,673,R. Allen,NYL,2.5,3.0,1.5982630047657602,2026-06-05 05:19:18.264647+00:00
770,2025-08-09,highestBoostedValuePlayers,699,B. Turner,LVA,3.0,1.0,1.3235216956021725,2026-06-05 05:19:18.264647+00:00
770,2025-08-09,highestBoostedValuePlayers,705,K. Cardoso,CHI,0.8,372.0,2.4811905425304106,2026-06-05 05:19:18.264647+00:00
770,2025-08-09,highestBoostedValuePlayers,708,E. Williams,CHI,1.6,121.0,1.895108168477483,2026-06-05 05:19:18.264647+00:00
770,2025-08-09,popularPlayers,711,A. Stevens,CHI,0.3,1500.0,1.2623923839448663,2026-06-05 05:19:18.264647+00:00
770,2025-08-09,highestBoostedValuePlayers,713,J. Allemand,TOR,1.7,76.0,1.8722582167096413,2026-06-05 05:19:18.264647+00:00
770,2025-08-09,mostCommon3xPlayers,714,R. Burrell,LAS,3.0,181.0,0.8649911386049359,2026-06-05 05:19:18.264647+00:00
770,2025-08-09,popularPlayers,716,C. Brink,LAS,2.0,2200.0,0.8110158566692073,2026-06-05 05:19:18.264647+00:00
770,2025-08-09,popularPlayers,718,D. Hamby,LAS,0.2,2800.0,2.2779279759196283,2026-06-05 05:19:18.264647+00:00
770,2025-08-09,highestBoostedValuePlayers,723,R. Jackson,CHI,1.0,526.0,2.008948284294106,2026-06-05 05:19:18.264647+00:00
770,2025-08-09,mostCommon3xPlayers,725,K. Nurse,TOR,3.0,69.0,0.4604513000768288,2026-06-05 05:19:18.264647+00:00
770,2025-08-09,highestBoostedValuePlayers,741,R. Banham,CHI,2.0,126.0,1.5270467223116606,2026-06-05 05:19:18.264647+00:00
770,2025-08-09,highestBoostedValuePlayers,759,V. Burton,GSV,0.8,176.0,3.547555950446244,2026-06-05 05:19:18.264647+00:00
770,2025-08-09,popularPlayers,760,N. Howard,MIN,0.9,1900.0,1.8657131857417928,2026-06-05 05:19:18.264647+00:00
770,2025-08-09,highestBoostedValuePlayers,762,C. Leite,POR,2.6,19.0,1.364115518920117,2026-06-05 05:19:18.264647+00:00
770,2025-08-09,highestBoostedValuePlayers,366584,T. Hayes,GSV,1.2,118.0,2.578561593292447,2026-06-05 05:19:18.264647+00:00
770,2025-08-09,highestBoostedValuePlayers,4322754,M. Westbeld,CHI,3.0,2.0,1.9045412830791602,2026-06-05 05:19:18.264647+00:00
770,2025-08-09,highestBoostedValuePlayers,4322756,M. Timpson,IND,3.0,4.0,2.100734909805209,2026-06-05 05:19:18.264647+00:00
770,2025-08-09,highestBoostedValuePlayers,4322797,J. Salaün,GSV,1.5,31.0,2.5209656483283522,2026-06-05 05:19:18.264647+00:00
772,2025-08-10,popularPlayers,184,G. Williams,GSV,0.5,1100.0,1.9378843487627022,2026-06-05 05:19:18.264647+00:00
772,2025-08-10,highestBoostedValuePlayers,596,K. Plum,LAS,0.2,329.0,4.766217965552108,2026-06-05 05:19:18.264647+00:00
772,2025-08-10,highestBoostedValuePlayers,597,J. Young,LVA,0.4,198.0,4.995084049949605,2026-06-05 05:19:18.264647+00:00
772,2025-08-10,highestBoostedValuePlayers,598,A. Wilson,LVA,0.0,3000.0,6.338465640511535,2026-06-05 05:19:18.264647+00:00
772,2025-08-10,popularPlayers,602,C. Gray,LVA,1.1,1100.0,1.7712694295821774,2026-06-05 05:19:18.264647+00:00
772,2025-08-10,popularPlayers,605,A. Gray,ATL,0.2,1900.0,3.5194149447553973,2026-06-05 05:19:18.264647+00:00
772,2025-08-10,mostCommon3xPlayers,609,N. Coffey,MIN,3.0,181.0,-0.04145000000000001,2026-06-05 05:19:18.264647+00:00
772,2025-08-10,highestBoostedValuePlayers,617,N. Hillmon,ATL,1.3,16.0,3.49477853102076,2026-06-05 05:19:18.264647+00:00
772,2025-08-10,popularPlayers,637,S. Ionescu,NYL,0.1,2100.0,1.6489331490893904,2026-06-05 05:19:18.264647+00:00
772,2025-08-10,popularPlayers,654,C. Williams,MIN,0.4,839.0,3.3202067927208354,2026-06-05 05:19:18.264647+00:00
772,2025-08-10,highestBoostedValuePlayers,658,A. Smith,DAL,0.6,106.0,4.562176638355737,2026-06-05 05:19:18.264647+00:00
772,2025-08-10,popularPlayers,660,K. McBride,MIN,0.7,753.0,1.9129836085562184,2026-06-05 05:19:18.264647+00:00
772,2025-08-10,highestBoostedValuePlayers,679,B. Sykes,TOR,0.8,32.0,3.9268633529121235,2026-06-05 05:19:18.264647+00:00
772,2025-08-10,mostCommon3xPlayers,683,A. Edwards,CON,3.0,45.0,1.1517710276717563,2026-06-05 05:19:18.264647+00:00
772,2025-08-10,highestBoostedValuePlayers,685,S. Dolson,SEA,3.0,1.0,2.9441785785001215,2026-06-05 05:19:18.264647+00:00
772,2025-08-10,highestBoostedValuePlayers,687,E. Engstler,POR,3.0,1.0,2.4023517701132406,2026-06-05 05:19:18.264647+00:00
772,2025-08-10,highestBoostedValuePlayers,697,M. Mabrey,TOR,1.0,8.0,3.136631049213928,2026-06-05 05:19:18.264647+00:00
772,2025-08-10,highestBoostedValuePlayers,698,D. Evans,LVA,2.9,3.0,2.244766335102264,2026-06-05 05:19:18.264647+00:00
772,2025-08-10,popularPlayers,711,A. Stevens,CHI,0.4,887.0,3.2383271354232686,2026-06-05 05:19:18.264647+00:00
772,2025-08-10,highestBoostedValuePlayers,713,J. Allemand,TOR,1.7,11.0,3.4444614284970894,2026-06-05 05:19:18.264647+00:00
772,2025-08-10,highestBoostedValuePlayers,716,C. Brink,LAS,2.4,207.0,3.9930473340159147,2026-06-05 05:19:18.264647+00:00
772,2025-08-10,highestBoostedValuePlayers,718,D. Hamby,LAS,0.3,205.0,4.4273537950586865,2026-06-05 05:19:18.264647+00:00
772,2025-08-10,mostCommon3xPlayers,729,J. Melbourne,SEA,3.0,113.0,1.7372662425140297,2026-06-05 05:19:18.264647+00:00
772,2025-08-10,popularPlayers,734,S. Diggins,CHI,0.4,1200.0,3.6914610293483445,2026-06-05 05:19:18.264647+00:00
772,2025-08-10,popularPlayers,738,N. Ogwumike,LAS,0.3,1500.0,3.8866488147327547,2026-06-05 05:19:18.264647+00:00
772,2025-08-10,highestBoostedValuePlayers,744,L. Lacan,CON,1.3,3.0,3.0180989761661876,2026-06-05 05:19:18.264647+00:00
772,2025-08-10,popularPlayers,745,A. Thomas,PHO,0.0,3100.0,4.054489661171835,2026-06-05 05:19:18.264647+00:00
772,2025-08-10,highestBoostedValuePlayers,750,D. Bonner,PHO,1.6,8.0,2.537100111607872,2026-06-05 05:19:18.264647+00:00
772,2025-08-10,highestBoostedValuePlayers,753,D. Carrington,CHI,1.5,9.0,3.57139132262476,2026-06-05 05:19:18.264647+00:00
772,2025-08-10,highestBoostedValuePlayers,754,B. Jones,ATL,0.7,117.0,4.949402572521033,2026-06-05 05:19:18.264647+00:00
772,2025-08-10,popularPlayers,4322741,S. Citron,WAS,0.7,1800.0,3.2530625833822486,2026-06-05 05:19:18.264647+00:00
772,2025-08-10,highestBoostedValuePlayers,4322742,D. Malonga,SEA,2.5,27.0,3.8293077430401876,2026-06-05 05:19:18.264647+00:00
772,2025-08-10,highestBoostedValuePlayers,4322743,K. Iriafen,WAS,1.0,65.0,3.1770553758452977,2026-06-05 05:19:18.264647+00:00
772,2025-08-10,highestBoostedValuePlayers,4322746,S. Rivers,CON,1.6,6.0,4.105585174893802,2026-06-05 05:19:18.264647+00:00
772,2025-08-10,mostCommon3xPlayers,4322751,A. Nye,ATL,3.0,32.0,0.39558769910367514,2026-06-05 05:19:18.264647+00:00
774,2025-08-11,highestBoostedValuePlayers,399,K. Charles,GSV,2.8,141.0,0.23986999999999997,2026-06-05 05:19:18.264647+00:00
774,2025-08-11,highestBoostedValuePlayers,604,K. Martin,LAS,3.0,198.0,1.2056331542918064,2026-06-05 05:19:18.264647+00:00
774,2025-08-11,highestBoostedValuePlayers,614,I. Rupert,GSV,2.1,7.0,1.674721000171577,2026-06-05 05:19:18.264647+00:00
774,2025-08-11,highestBoostedValuePlayers,615,L. Amihere,GSV,2.0,108.0,0.18,2026-06-05 05:19:18.264647+00:00
774,2025-08-11,highestBoostedValuePlayers,628,T. Fágbénlé,TOR,1.5,245.0,2.2316151629889696,2026-06-05 05:19:18.264647+00:00
774,2025-08-11,highestBoostedValuePlayers,657,C. Zandalasini,GSV,1.4,210.0,2.256335269515945,2026-06-05 05:19:18.264647+00:00
774,2025-08-11,highestBoostedValuePlayers,683,A. Edwards,CON,3.0,180.0,1.18865955359779,2026-06-05 05:19:18.264647+00:00
774,2025-08-11,highestBoostedValuePlayers,697,M. Mabrey,TOR,1.0,1300.0,0.8539543015072879,2026-06-05 05:19:18.264647+00:00
774,2025-08-11,highestBoostedValuePlayers,744,L. Lacan,CON,1.2,237.0,0.9711722368227349,2026-06-05 05:19:18.264647+00:00
774,2025-08-11,highestBoostedValuePlayers,749,O. Nelson-Ododa,CON,1.4,193.0,3.0870203151622437,2026-06-05 05:19:18.264647+00:00
774,2025-08-11,highestBoostedValuePlayers,759,V. Burton,GSV,0.8,2500.0,3.0765791808563034,2026-06-05 05:19:18.264647+00:00
774,2025-08-11,highestBoostedValuePlayers,762,C. Leite,POR,2.6,150.0,0.4618166167632502,2026-06-05 05:19:18.264647+00:00
774,2025-08-11,highestBoostedValuePlayers,366584,T. Hayes,GSV,1.2,357.0,2.8083608365904027,2026-06-05 05:19:18.264647+00:00
774,2025-08-11,highestBoostedValuePlayers,4322745,A. Morrow,CON,2.3,155.0,2.8349504020866325,2026-06-05 05:19:18.264647+00:00
774,2025-08-11,highestBoostedValuePlayers,4322746,S. Rivers,CON,1.5,210.0,1.9788741597180866,2026-06-05 05:19:18.264647+00:00
774,2025-08-11,popularPlayers,4322793,K. Chen,GSV,3.0,63.0,0.0,2026-06-05 05:19:18.264647+00:00
774,2025-08-11,highestBoostedValuePlayers,4322797,J. Salaün,GSV,1.5,244.0,2.7296786327196476,2026-06-05 05:19:18.264647+00:00
775,2025-08-12,highestBoostedValuePlayers,303,M. Johannes,NYL,2.5,35.0,2.378532003568699,2026-06-05 05:19:18.264647+00:00
775,2025-08-12,mostCommon3xPlayers,449,R. Gardner,NYL,3.0,134.0,0.40018893514060194,2026-06-05 05:19:18.264647+00:00
775,2025-08-12,highestBoostedValuePlayers,596,K. Plum,LAS,0.2,718.0,4.975915490045313,2026-06-05 05:19:18.264647+00:00
775,2025-08-12,highestBoostedValuePlayers,626,K. Mitchell,IND,0.4,669.0,3.377191865435159,2026-06-05 05:19:18.264647+00:00
775,2025-08-12,popularPlayers,627,A. Boston,IND,0.2,2600.0,2.511266676314579,2026-06-05 05:19:18.264647+00:00
775,2025-08-12,popularPlayers,631,L. Hull,IND,2.0,1200.0,0.6832111833658575,2026-06-05 05:19:18.264647+00:00
775,2025-08-12,highestBoostedValuePlayers,637,S. Ionescu,NYL,0.1,2400.0,2.875431595928404,2026-06-05 05:19:18.264647+00:00
775,2025-08-12,highestBoostedValuePlayers,643,J. Jones,NYL,0.6,284.0,5.471858489609086,2026-06-05 05:19:18.264647+00:00
775,2025-08-12,highestBoostedValuePlayers,647,L. Fiebich,NYL,1.6,135.0,4.372340145232905,2026-06-05 05:19:18.264647+00:00
775,2025-08-12,highestBoostedValuePlayers,671,S. Cunningham,IND,2.0,266.0,2.3331066599768384,2026-06-05 05:19:18.264647+00:00
775,2025-08-12,highestBoostedValuePlayers,677,N. Cloud,CHI,0.8,215.0,2.2889479404378927,2026-06-05 05:19:18.264647+00:00
775,2025-08-12,highestBoostedValuePlayers,689,M. Hines-Allen,IND,2.1,62.0,3.2686841932042534,2026-06-05 05:19:18.264647+00:00
775,2025-08-12,highestBoostedValuePlayers,711,A. Stevens,CHI,0.4,178.0,4.048294050910928,2026-06-05 05:19:18.264647+00:00
775,2025-08-12,popularPlayers,713,J. Allemand,TOR,1.6,1400.0,1.338586513358955,2026-06-05 05:19:18.264647+00:00
775,2025-08-12,highestBoostedValuePlayers,714,R. Burrell,LAS,2.9,32.0,1.7054212217669682,2026-06-05 05:19:18.264647+00:00
775,2025-08-12,popularPlayers,716,C. Brink,LAS,1.6,2900.0,0.5793501111244074,2026-06-05 05:19:18.264647+00:00
775,2025-08-12,highestBoostedValuePlayers,718,D. Hamby,LAS,0.2,820.0,4.483657016071641,2026-06-05 05:19:18.264647+00:00
775,2025-08-12,highestBoostedValuePlayers,719,S. Talbot,LVA,3.0,36.0,1.7272010762452348,2026-06-05 05:19:18.264647+00:00
775,2025-08-12,highestBoostedValuePlayers,723,R. Jackson,CHI,1.0,247.0,2.755364104717191,2026-06-05 05:19:18.264647+00:00
775,2025-08-12,highestBoostedValuePlayers,724,L. Yueru,DAL,2.6,3.0,3.438325000465778,2026-06-05 05:19:18.264647+00:00
775,2025-08-12,highestBoostedValuePlayers,760,N. Howard,MIN,0.9,177.0,3.3999810602830967,2026-06-05 05:19:18.264647+00:00
775,2025-08-12,highestBoostedValuePlayers,765,M. Siegrist,DAL,1.7,7.0,3.8798265837030566,2026-06-05 05:19:18.264647+00:00
775,2025-08-12,popularPlayers,767,A. Ogunbowale,DAL,0.7,747.0,0.0,2026-06-05 05:19:18.264647+00:00
775,2025-08-12,highestBoostedValuePlayers,4322740,P. Bueckers,DAL,0.2,649.0,3.4742114753514204,2026-06-05 05:19:18.264647+00:00
775,2025-08-12,mostCommon3xPlayers,4322756,M. Timpson,IND,3.0,162.0,-0.021592300000000033,2026-06-05 05:19:18.264647+00:00
778,2025-08-13,popularPlayers,184,G. Williams,GSV,0.5,1100.0,2.952270072258962,2026-06-05 05:19:18.264647+00:00
778,2025-08-13,highestBoostedValuePlayers,563,M. Caldwell,MIN,2.3,8.0,1.9462053941202768,2026-06-05 05:19:18.264647+00:00
778,2025-08-13,popularPlayers,597,J. Young,LVA,0.3,1800.0,3.170321693575916,2026-06-05 05:19:18.264647+00:00
778,2025-08-13,highestBoostedValuePlayers,598,A. Wilson,LVA,0.0,4000.0,5.662779781211115,2026-06-05 05:19:18.264647+00:00
778,2025-08-13,highestBoostedValuePlayers,602,C. Gray,LVA,1.1,146.0,3.70851708460812,2026-06-05 05:19:18.264647+00:00
778,2025-08-13,popularPlayers,605,A. Gray,ATL,0.2,2500.0,3.639119838876132,2026-06-05 05:19:18.264647+00:00
778,2025-08-13,mostCommon3xPlayers,609,N. Coffey,MIN,3.0,32.0,0.5635730190853353,2026-06-05 05:19:18.264647+00:00
778,2025-08-13,highestBoostedValuePlayers,616,R. Howard,ATL,0.3,46.0,4.6099365814380135,2026-06-05 05:19:18.264647+00:00
778,2025-08-13,popularPlayers,617,N. Hillmon,ATL,1.2,1400.0,2.477555911910421,2026-06-05 05:19:18.264647+00:00
778,2025-08-13,popularPlayers,622,E. Wheeler,LAS,1.1,744.0,1.4255478384112414,2026-06-05 05:19:18.264647+00:00
778,2025-08-13,popularPlayers,637,S. Ionescu,NYL,0.2,3600.0,2.55540840872,2026-06-05 05:19:18.264647+00:00
778,2025-08-13,popularPlayers,643,J. Jones,NYL,0.5,958.0,3.102153799210991,2026-06-05 05:19:18.264647+00:00
778,2025-08-13,highestBoostedValuePlayers,657,C. Zandalasini,GSV,1.4,4.0,4.595836324466691,2026-06-05 05:19:18.264647+00:00
778,2025-08-13,highestBoostedValuePlayers,664,B. Griner,CON,1.6,11.0,2.3450520089695663,2026-06-05 05:19:18.264647+00:00
778,2025-08-13,popularPlayers,677,N. Cloud,CHI,0.8,1100.0,1.6681786678974582,2026-06-05 05:19:18.264647+00:00
778,2025-08-13,popularPlayers,679,B. Sykes,TOR,0.8,1200.0,1.352709594649031,2026-06-05 05:19:18.264647+00:00
778,2025-08-13,mostCommon3xPlayers,685,S. Dolson,SEA,3.0,214.0,0.9772555827999067,2026-06-05 05:19:18.264647+00:00
778,2025-08-13,highestBoostedValuePlayers,687,E. Engstler,POR,3.0,4.0,2.4026077332567257,2026-06-05 05:19:18.264647+00:00
778,2025-08-13,highestBoostedValuePlayers,705,K. Cardoso,CHI,0.8,54.0,3.921174200301937,2026-06-05 05:19:18.264647+00:00
778,2025-08-13,highestBoostedValuePlayers,708,E. Williams,CHI,1.6,15.0,3.2953941899815047,2026-06-05 05:19:18.264647+00:00
778,2025-08-13,highestBoostedValuePlayers,726,J. Loyd,LVA,1.1,120.0,3.5737458098913777,2026-06-05 05:19:18.264647+00:00
778,2025-08-13,mostCommon3xPlayers,729,J. Melbourne,SEA,3.0,60.0,1.0664174126041661,2026-06-05 05:19:18.264647+00:00
778,2025-08-13,popularPlayers,734,S. Diggins,CHI,0.4,1400.0,2.000574019079288,2026-06-05 05:19:18.264647+00:00
778,2025-08-13,highestBoostedValuePlayers,738,N. Ogwumike,LAS,0.3,258.0,5.324045564966462,2026-06-05 05:19:18.264647+00:00
778,2025-08-13,highestBoostedValuePlayers,744,L. Lacan,CON,1.3,9.0,3.9161023093924814,2026-06-05 05:19:18.264647+00:00
778,2025-08-13,highestBoostedValuePlayers,749,O. Nelson-Ododa,CON,1.4,5.0,2.8610630289218792,2026-06-05 05:19:18.264647+00:00
778,2025-08-13,popularPlayers,754,B. Jones,ATL,0.6,1400.0,1.1868795397304466,2026-06-05 05:19:18.264647+00:00
778,2025-08-13,highestBoostedValuePlayers,759,V. Burton,GSV,0.8,144.0,8.580985230711896,2026-06-05 05:19:18.264647+00:00
778,2025-08-13,highestBoostedValuePlayers,366584,T. Hayes,GSV,1.1,3.0,3.032233301808107,2026-06-05 05:19:18.264647+00:00
778,2025-08-13,popularPlayers,4322741,S. Citron,WAS,0.7,2200.0,2.5524545660063547,2026-06-05 05:19:18.264647+00:00
778,2025-08-13,popularPlayers,4322742,D. Malonga,SEA,2.2,1600.0,0.32709482165206255,2026-06-05 05:19:18.264647+00:00
778,2025-08-13,highestBoostedValuePlayers,4322743,K. Iriafen,WAS,1.0,142.0,3.064485968686995,2026-06-05 05:19:18.264647+00:00
778,2025-08-13,highestBoostedValuePlayers,4322745,A. Morrow,CON,2.1,15.0,2.817265179792724,2026-06-05 05:19:18.264647+00:00
778,2025-08-13,highestBoostedValuePlayers,4322746,S. Rivers,CON,1.5,9.0,3.3673379616413612,2026-06-05 05:19:18.264647+00:00
782,2025-08-15,popularPlayers,184,G. Williams,GSV,0.5,1000.0,2.5541154320048824,2026-06-05 05:19:18.264647+00:00
782,2025-08-15,highestBoostedValuePlayers,596,K. Plum,LAS,0.2,339.0,4.853824906159933,2026-06-05 05:19:18.264647+00:00
782,2025-08-15,popularPlayers,597,J. Young,LVA,0.3,1300.0,3.9982886754809015,2026-06-05 05:19:18.264647+00:00
782,2025-08-15,highestBoostedValuePlayers,598,A. Wilson,LVA,0.0,3600.0,5.3963889631240525,2026-06-05 05:19:18.264647+00:00
782,2025-08-15,highestBoostedValuePlayers,602,C. Gray,LVA,1.1,199.0,4.441289768503337,2026-06-05 05:19:18.264647+00:00
782,2025-08-15,mostCommon3xPlayers,604,K. Martin,LAS,3.0,13.0,1.4723916531513754,2026-06-05 05:19:18.264647+00:00
782,2025-08-15,popularPlayers,605,A. Gray,ATL,0.2,2000.0,1.513807945960692,2026-06-05 05:19:18.264647+00:00
782,2025-08-15,highestBoostedValuePlayers,614,I. Rupert,GSV,2.1,1.0,3.120710075285572,2026-06-05 05:19:18.264647+00:00
782,2025-08-15,popularPlayers,626,K. Mitchell,IND,0.4,2100.0,2.881858565878945,2026-06-05 05:19:18.264647+00:00
782,2025-08-15,popularPlayers,627,A. Boston,IND,0.2,1700.0,3.591071033496208,2026-06-05 05:19:18.264647+00:00
782,2025-08-15,highestBoostedValuePlayers,657,C. Zandalasini,GSV,1.2,106.0,4.055554114769221,2026-06-05 05:19:18.264647+00:00
782,2025-08-15,highestBoostedValuePlayers,671,S. Cunningham,IND,1.9,46.0,2.919248185725537,2026-06-05 05:19:18.264647+00:00
782,2025-08-15,mostCommon3xPlayers,685,S. Dolson,SEA,3.0,22.0,1.1984308448679002,2026-06-05 05:19:18.264647+00:00
782,2025-08-15,highestBoostedValuePlayers,687,E. Engstler,POR,3.0,3.0,3.255078118119928,2026-06-05 05:19:18.264647+00:00
782,2025-08-15,highestBoostedValuePlayers,689,M. Hines-Allen,IND,2.0,9.0,2.4262333974370027,2026-06-05 05:19:18.264647+00:00
782,2025-08-15,popularPlayers,705,K. Cardoso,CHI,0.8,876.0,3.116486338110865,2026-06-05 05:19:18.264647+00:00
782,2025-08-15,highestBoostedValuePlayers,708,E. Williams,CHI,1.5,23.0,3.2683374047202824,2026-06-05 05:19:18.264647+00:00
782,2025-08-15,popularPlayers,711,A. Stevens,CHI,0.4,823.0,3.0364141695815476,2026-06-05 05:19:18.264647+00:00
782,2025-08-15,highestBoostedValuePlayers,713,J. Allemand,TOR,1.6,9.0,5.0419081170042555,2026-06-05 05:19:18.264647+00:00
782,2025-08-15,popularPlayers,716,C. Brink,LAS,1.9,777.0,1.6692349999999998,2026-06-05 05:19:18.264647+00:00
782,2025-08-15,highestBoostedValuePlayers,718,D. Hamby,LAS,0.2,210.0,4.6359327050202,2026-06-05 05:19:18.264647+00:00
782,2025-08-15,highestBoostedValuePlayers,734,S. Diggins,CHI,0.5,153.0,5.157881021532487,2026-06-05 05:19:18.264647+00:00
782,2025-08-15,popularPlayers,738,N. Ogwumike,LAS,0.3,1700.0,2.158089568643962,2026-06-05 05:19:18.264647+00:00
782,2025-08-15,popularPlayers,745,A. Thomas,PHO,0.0,2900.0,4.2191410501114435,2026-06-05 05:19:18.264647+00:00
782,2025-08-15,highestBoostedValuePlayers,754,B. Jones,ATL,0.7,142.0,3.600604115492848,2026-06-05 05:19:18.264647+00:00
782,2025-08-15,highestBoostedValuePlayers,758,S. Sabally,NYL,0.5,34.0,5.380691112230414,2026-06-05 05:19:18.264647+00:00
782,2025-08-15,popularPlayers,759,V. Burton,GSV,0.7,1900.0,2.9066066713818026,2026-06-05 05:19:18.264647+00:00
782,2025-08-15,highestBoostedValuePlayers,765,M. Siegrist,DAL,1.5,11.0,2.7218306086973567,2026-06-05 05:19:18.264647+00:00
782,2025-08-15,highestBoostedValuePlayers,4322740,P. Bueckers,DAL,0.2,355.0,4.787742308079408,2026-06-05 05:19:18.264647+00:00
782,2025-08-15,popularPlayers,4322741,S. Citron,WAS,0.7,1400.0,2.779076017907144,2026-06-05 05:19:18.264647+00:00
782,2025-08-15,highestBoostedValuePlayers,4322742,D. Malonga,SEA,2.3,12.0,2.5082527565633153,2026-06-05 05:19:18.264647+00:00
782,2025-08-15,mostCommon3xPlayers,4322749,H. Van Lith,CON,3.0,14.0,0.7160374412839844,2026-06-05 05:19:18.264647+00:00
782,2025-08-15,highestBoostedValuePlayers,4322766,J. Quinerly,DAL,2.6,1.0,2.8234811360506415,2026-06-05 05:19:18.264647+00:00
782,2025-08-15,highestBoostedValuePlayers,4322797,J. Salaün,GSV,1.4,6.0,3.152034162231681,2026-06-05 05:19:18.264647+00:00
783,2025-08-16,highestBoostedValuePlayers,8,M. Kliundikova,TOR,3.0,60.0,0.9131793910317841,2026-06-05 05:19:18.264647+00:00
783,2025-08-16,highestBoostedValuePlayers,303,M. Johannes,NYL,2.5,67.0,1.2877809934700262,2026-06-05 05:19:18.264647+00:00
783,2025-08-16,highestBoostedValuePlayers,449,R. Gardner,NYL,3.0,,0.0,2026-06-05 05:19:18.264647+00:00
783,2025-08-16,highestBoostedValuePlayers,635,K. Burke,CON,1.9,62.0,1.7663164980873503,2026-06-05 05:19:18.264647+00:00
783,2025-08-16,highestBoostedValuePlayers,637,S. Ionescu,NYL,0.2,2200.0,2.3890480804750287,2026-06-05 05:19:18.264647+00:00
783,2025-08-16,highestBoostedValuePlayers,639,B. Stewart,NYL,0.2,,0.0,2026-06-05 05:19:18.264647+00:00
783,2025-08-16,highestBoostedValuePlayers,643,J. Jones,NYL,0.5,528.0,2.5789336265764002,2026-06-05 05:19:18.264647+00:00
783,2025-08-16,highestBoostedValuePlayers,647,L. Fiebich,NYL,1.5,81.0,2.484786648946462,2026-06-05 05:19:18.264647+00:00
783,2025-08-16,highestBoostedValuePlayers,650,N. Collier,MIN,0.0,,0.0,2026-06-05 05:19:18.264647+00:00
783,2025-08-16,highestBoostedValuePlayers,652,N. Hiedeman,SEA,2.0,63.0,2.451058257198448,2026-06-05 05:19:18.264647+00:00
783,2025-08-16,highestBoostedValuePlayers,653,J. Shepard,DAL,1.6,98.0,3.527122387809342,2026-06-05 05:19:18.264647+00:00
783,2025-08-16,highestBoostedValuePlayers,654,C. Williams,MIN,0.4,498.0,4.388886350031951,2026-06-05 05:19:18.264647+00:00
783,2025-08-16,highestBoostedValuePlayers,658,A. Smith,DAL,0.6,391.0,3.5425344121215896,2026-06-05 05:19:18.264647+00:00
783,2025-08-16,highestBoostedValuePlayers,660,K. McBride,MIN,0.7,273.0,2.65811158014545,2026-06-05 05:19:18.264647+00:00
783,2025-08-16,highestBoostedValuePlayers,663,B. Carleton,POR,1.8,87.0,0.742908257318146,2026-06-05 05:19:18.264647+00:00
783,2025-08-16,highestBoostedValuePlayers,677,N. Cloud,CHI,0.8,175.0,2.5775402570020787,2026-06-05 05:19:18.264647+00:00
783,2025-08-16,highestBoostedValuePlayers,719,S. Talbot,LVA,3.0,,0.0,2026-06-05 05:19:18.264647+00:00
783,2025-08-16,highestBoostedValuePlayers,753,D. Carrington,CHI,1.4,199.0,0.8561469844234231,2026-06-05 05:19:18.264647+00:00
783,2025-08-16,mostCommon3xPlayers,4322753,A. Kosu,MIN,3.0,16.0,0.0,2026-06-05 05:19:18.264647+00:00
786,2025-08-17,highestBoostedValuePlayers,172,O. Sims,DAL,1.4,1.0,3.0765135841838767,2026-06-05 05:19:18.264647+00:00
786,2025-08-17,popularPlayers,184,G. Williams,GSV,0.5,863.0,2.6653332539975425,2026-06-05 05:19:18.264647+00:00
786,2025-08-17,mostCommon3xPlayers,399,K. Charles,GSV,3.0,64.0,0.0,2026-06-05 05:19:18.264647+00:00
786,2025-08-17,highestBoostedValuePlayers,594,K. Bell,LVA,3.0,18.0,4.002541212009545,2026-06-05 05:19:18.264647+00:00
786,2025-08-17,highestBoostedValuePlayers,596,K. Plum,LAS,0.2,274.0,4.998870482319757,2026-06-05 05:19:18.264647+00:00
786,2025-08-17,popularPlayers,597,J. Young,LVA,0.3,956.0,2.33048871881617,2026-06-05 05:19:18.264647+00:00
786,2025-08-17,highestBoostedValuePlayers,598,A. Wilson,LVA,0.0,3300.0,6.8841820127991085,2026-06-05 05:19:18.264647+00:00
786,2025-08-17,highestBoostedValuePlayers,600,A. Clark,DAL,3.0,1.0,3.157834313841675,2026-06-05 05:19:18.264647+00:00
786,2025-08-17,highestBoostedValuePlayers,602,C. Gray,LVA,1.0,105.0,4.633418385784642,2026-06-05 05:19:18.264647+00:00
786,2025-08-17,mostCommon3xPlayers,604,K. Martin,LAS,3.0,98.0,0.7110231646481752,2026-06-05 05:19:18.264647+00:00
786,2025-08-17,popularPlayers,605,A. Gray,ATL,0.3,1600.0,2.3709673695906655,2026-06-05 05:19:18.264647+00:00
786,2025-08-17,mostCommon3xPlayers,609,N. Coffey,MIN,3.0,76.0,1.455109826844208,2026-06-05 05:19:18.264647+00:00
786,2025-08-17,highestBoostedValuePlayers,626,K. Mitchell,IND,0.4,130.0,5.314939708221137,2026-06-05 05:19:18.264647+00:00
786,2025-08-17,popularPlayers,627,A. Boston,IND,0.2,941.0,3.593306499332331,2026-06-05 05:19:18.264647+00:00
786,2025-08-17,highestBoostedValuePlayers,629,N. Smith,LVA,2.1,4.0,2.511254808612404,2026-06-05 05:19:18.264647+00:00
786,2025-08-17,popularPlayers,657,C. Zandalasini,GSV,1.1,960.0,1.9372722430150515,2026-06-05 05:19:18.264647+00:00
786,2025-08-17,popularPlayers,671,S. Cunningham,IND,1.8,912.0,-0.013374899999999999,2026-06-05 05:19:18.264647+00:00
786,2025-08-17,highestBoostedValuePlayers,697,M. Mabrey,TOR,1.1,5.0,3.5104480400801656,2026-06-05 05:19:18.264647+00:00
786,2025-08-17,popularPlayers,716,C. Brink,LAS,1.9,1000.0,0.18495319999999996,2026-06-05 05:19:18.264647+00:00
786,2025-08-17,highestBoostedValuePlayers,718,D. Hamby,LAS,0.2,189.0,5.790904463987188,2026-06-05 05:19:18.264647+00:00
786,2025-08-17,highestBoostedValuePlayers,729,J. Melbourne,SEA,3.0,2.0,2.5974304331994382,2026-06-05 05:19:18.264647+00:00
786,2025-08-17,popularPlayers,734,S. Diggins,CHI,0.4,1100.0,1.9483956469922126,2026-06-05 05:19:18.264647+00:00
786,2025-08-17,highestBoostedValuePlayers,738,N. Ogwumike,LAS,0.3,179.0,4.28401760326981,2026-06-05 05:19:18.264647+00:00
786,2025-08-17,highestBoostedValuePlayers,744,L. Lacan,CON,1.2,1.0,4.442124120061214,2026-06-05 05:19:18.264647+00:00
786,2025-08-17,highestBoostedValuePlayers,745,A. Thomas,PHO,0.0,567.0,5.090287946373993,2026-06-05 05:19:18.264647+00:00
786,2025-08-17,popularPlayers,754,B. Jones,ATL,0.6,980.0,2.7734339496010776,2026-06-05 05:19:18.264647+00:00
786,2025-08-17,popularPlayers,758,S. Sabally,NYL,0.5,1100.0,1.823359178556128,2026-06-05 05:19:18.264647+00:00
786,2025-08-17,popularPlayers,759,V. Burton,GSV,0.7,1400.0,3.1695665317430657,2026-06-05 05:19:18.264647+00:00
786,2025-08-17,highestBoostedValuePlayers,765,M. Siegrist,DAL,1.4,20.0,5.515568447973961,2026-06-05 05:19:18.264647+00:00
786,2025-08-17,popularPlayers,4322740,P. Bueckers,DAL,0.2,2500.0,2.816990911428378,2026-06-05 05:19:18.264647+00:00
786,2025-08-17,highestBoostedValuePlayers,4322741,S. Citron,WAS,0.7,161.0,4.155643754962976,2026-06-05 05:19:18.264647+00:00
786,2025-08-17,highestBoostedValuePlayers,4322745,A. Morrow,CON,2.1,3.0,2.865154651597717,2026-06-05 05:19:18.264647+00:00
786,2025-08-17,highestBoostedValuePlayers,4322746,S. Rivers,CON,1.4,11.0,3.4385202660630343,2026-06-05 05:19:18.264647+00:00
786,2025-08-17,highestBoostedValuePlayers,4322755,T. Paopao,ATL,3.0,21.0,2.475913379566296,2026-06-05 05:19:18.264647+00:00
791,2025-08-19,highestBoostedValuePlayers,8,M. Kliundikova,TOR,3.0,1.0,2.2450242646005614,2026-06-05 05:19:18.264647+00:00
791,2025-08-19,popularPlayers,184,G. Williams,GSV,0.5,970.0,2.1035915265773872,2026-06-05 05:19:18.264647+00:00
791,2025-08-19,mostCommon3xPlayers,594,K. Bell,LVA,3.0,40.0,0.3958380436563725,2026-06-05 05:19:18.264647+00:00
791,2025-08-19,popularPlayers,597,J. Young,LVA,0.4,1200.0,3.3893205501991983,2026-06-05 05:19:18.264647+00:00
791,2025-08-19,highestBoostedValuePlayers,598,A. Wilson,LVA,0.0,4100.0,7.608924951301417,2026-06-05 05:19:18.264647+00:00
791,2025-08-19,mostCommon3xPlayers,600,A. Clark,DAL,3.0,52.0,0.8327710942299753,2026-06-05 05:19:18.264647+00:00
791,2025-08-19,highestBoostedValuePlayers,602,C. Gray,LVA,1.0,188.0,3.5647724892701045,2026-06-05 05:19:18.264647+00:00
791,2025-08-19,highestBoostedValuePlayers,604,K. Martin,LAS,3.0,4.0,2.9217340398907314,2026-06-05 05:19:18.264647+00:00
791,2025-08-19,popularPlayers,605,A. Gray,ATL,0.3,1900.0,3.5275870118837642,2026-06-05 05:19:18.264647+00:00
791,2025-08-19,highestBoostedValuePlayers,637,S. Ionescu,NYL,0.2,498.0,4.451477817789466,2026-06-05 05:19:18.264647+00:00
791,2025-08-19,highestBoostedValuePlayers,643,J. Jones,NYL,0.5,21.0,4.629158758204617,2026-06-05 05:19:18.264647+00:00
791,2025-08-19,highestBoostedValuePlayers,647,L. Fiebich,NYL,1.5,5.0,2.7691922465734913,2026-06-05 05:19:18.264647+00:00
791,2025-08-19,popularPlayers,654,C. Williams,MIN,0.4,1800.0,2.3173742525979795,2026-06-05 05:19:18.264647+00:00
791,2025-08-19,popularPlayers,658,A. Smith,DAL,0.6,1500.0,2.5787809083745157,2026-06-05 05:19:18.264647+00:00
791,2025-08-19,highestBoostedValuePlayers,664,B. Griner,CON,1.6,16.0,4.044345402218888,2026-06-05 05:19:18.264647+00:00
791,2025-08-19,highestBoostedValuePlayers,668,N. Mack,PHO,1.9,1.0,3.5617858003195275,2026-06-05 05:19:18.264647+00:00
791,2025-08-19,highestBoostedValuePlayers,670,K. Copper,PHO,1.1,8.0,3.8211248268827784,2026-06-05 05:19:18.264647+00:00
791,2025-08-19,popularPlayers,677,N. Cloud,CHI,0.8,958.0,2.144316363699333,2026-06-05 05:19:18.264647+00:00
791,2025-08-19,highestBoostedValuePlayers,682,A. Atkins,LAS,0.9,1.0,3.2393220557710425,2026-06-05 05:19:18.264647+00:00
791,2025-08-19,highestBoostedValuePlayers,683,A. Edwards,CON,3.0,1.0,2.2647684747655425,2026-06-05 05:19:18.264647+00:00
791,2025-08-19,popularPlayers,705,K. Cardoso,CHI,0.0,873.0,2.669706481383921,2026-06-05 05:19:18.264647+00:00
791,2025-08-19,highestBoostedValuePlayers,708,E. Williams,CHI,1.5,3.0,3.598075706080998,2026-06-05 05:19:18.264647+00:00
791,2025-08-19,highestBoostedValuePlayers,725,K. Nurse,TOR,3.0,1.0,2.280419884897646,2026-06-05 05:19:18.264647+00:00
791,2025-08-19,highestBoostedValuePlayers,734,S. Diggins,CHI,0.4,142.0,4.852289228433918,2026-06-05 05:19:18.264647+00:00
791,2025-08-19,popularPlayers,735,E. Magbegor,SEA,0.9,701.0,2.991902466946349,2026-06-05 05:19:18.264647+00:00
791,2025-08-19,highestBoostedValuePlayers,738,N. Ogwumike,LAS,0.0,220.0,4.076702164119761,2026-06-05 05:19:18.264647+00:00
791,2025-08-19,popularPlayers,745,A. Thomas,PHO,0.0,3600.0,3.0870951587048165,2026-06-05 05:19:18.264647+00:00
791,2025-08-19,highestBoostedValuePlayers,749,O. Nelson-Ododa,CON,1.4,2.0,3.574995114208999,2026-06-05 05:19:18.264647+00:00
791,2025-08-19,popularPlayers,754,B. Jones,ATL,0.6,908.0,1.630510903410292,2026-06-05 05:19:18.264647+00:00
791,2025-08-19,popularPlayers,758,S. Sabally,NYL,0.5,1300.0,3.1747611713604775,2026-06-05 05:19:18.264647+00:00
791,2025-08-19,highestBoostedValuePlayers,759,V. Burton,GSV,0.6,183.0,6.651526919896837,2026-06-05 05:19:18.264647+00:00
791,2025-08-19,highestBoostedValuePlayers,762,C. Leite,POR,2.9,8.0,3.2026847930327995,2026-06-05 05:19:18.264647+00:00
791,2025-08-19,popularPlayers,4322741,S. Citron,WAS,0.7,2300.0,2.737642991385018,2026-06-05 05:19:18.264647+00:00
791,2025-08-19,highestBoostedValuePlayers,4322742,D. Malonga,SEA,2.3,6.0,2.9853457962968526,2026-06-05 05:19:18.264647+00:00
791,2025-08-19,popularPlayers,4322743,K. Iriafen,WAS,0.9,770.0,1.8791087317108945,2026-06-05 05:19:18.264647+00:00
791,2025-08-19,popularPlayers,4322745,A. Morrow,CON,2.0,566.0,1.0714946702772599,2026-06-05 05:19:18.264647+00:00
791,2025-08-19,mostCommon3xPlayers,4322749,H. Van Lith,CON,3.0,14.0,0.0,2026-06-05 05:19:18.264647+00:00
794,2025-08-20,highestBoostedValuePlayers,336,L. Geiselsöder,POR,1.9,102.0,2.550147951311129,2026-06-05 05:19:18.264647+00:00
794,2025-08-20,highestBoostedValuePlayers,593,E. Cannon,LAS,3.0,,0.0,2026-06-05 05:19:18.264647+00:00
794,2025-08-20,highestBoostedValuePlayers,596,K. Plum,LAS,0.2,1800.0,3.2026005996538043,2026-06-05 05:19:18.264647+00:00
794,2025-08-20,highestBoostedValuePlayers,661,D. Miller,CON,3.0,,-0.221,2026-06-05 05:19:18.264647+00:00
794,2025-08-20,highestBoostedValuePlayers,689,M. Hines-Allen,IND,1.9,106.0,0.29577542183310496,2026-06-05 05:19:18.264647+00:00
794,2025-08-20,highestBoostedValuePlayers,711,A. Stevens,CHI,0.4,268.0,2.2295231896014154,2026-06-05 05:19:18.264647+00:00
794,2025-08-20,highestBoostedValuePlayers,713,J. Allemand,TOR,1.5,148.0,2.10231778531269,2026-06-05 05:19:18.264647+00:00
794,2025-08-20,highestBoostedValuePlayers,714,R. Burrell,LAS,2.8,79.0,1.126858804350454,2026-06-05 05:19:18.264647+00:00
794,2025-08-20,highestBoostedValuePlayers,716,C. Brink,LAS,2.2,297.0,1.8069677098618522,2026-06-05 05:19:18.264647+00:00
794,2025-08-20,highestBoostedValuePlayers,718,D. Hamby,LAS,0.2,1700.0,2.4537093561219976,2026-06-05 05:19:18.264647+00:00
794,2025-08-20,highestBoostedValuePlayers,723,R. Jackson,CHI,1.0,299.0,4.278024202566602,2026-06-05 05:19:18.264647+00:00
794,2025-08-20,highestBoostedValuePlayers,765,M. Siegrist,DAL,1.2,227.0,2.693764958640784,2026-06-05 05:19:18.264647+00:00
794,2025-08-20,highestBoostedValuePlayers,767,A. Ogunbowale,DAL,0.7,,0.0,2026-06-05 05:19:18.264647+00:00
794,2025-08-20,highestBoostedValuePlayers,4322740,P. Bueckers,DAL,0.2,2000.0,9.850056008789965,2026-06-05 05:19:18.264647+00:00
794,2025-08-20,highestBoostedValuePlayers,4322748,S. Barker,POR,3.0,,0.0,2026-06-05 05:19:18.264647+00:00
794,2025-08-20,highestBoostedValuePlayers,4322750,A. James,DAL,2.3,14.0,0.7074439075356448,2026-06-05 05:19:18.264647+00:00
794,2025-08-20,highestBoostedValuePlayers,4322766,J. Quinerly,DAL,2.5,85.0,0.846494962917881,2026-06-05 05:19:18.264647+00:00
798,2025-08-21,highestBoostedValuePlayers,303,M. Johannes,NYL,2.6,3.0,2.0022524005610625,2026-06-05 05:19:18.264647+00:00
798,2025-08-21,mostCommon3xPlayers,456,L. Held,TOR,3.0,88.0,-0.08208470328362781,2026-06-05 05:19:18.264647+00:00
798,2025-08-21,highestBoostedValuePlayers,594,K. Bell,LVA,3.0,11.0,1.7956648974912754,2026-06-05 05:19:18.264647+00:00
798,2025-08-21,popularPlayers,597,J. Young,LVA,0.4,1400.0,3.050122215640493,2026-06-05 05:19:18.264647+00:00
798,2025-08-21,highestBoostedValuePlayers,598,A. Wilson,LVA,0.0,4000.0,3.9936060287458983,2026-06-05 05:19:18.264647+00:00
798,2025-08-21,highestBoostedValuePlayers,602,C. Gray,LVA,0.9,167.0,2.6520906209811685,2026-06-05 05:19:18.264647+00:00
798,2025-08-21,mostCommon3xPlayers,603,K. Stokes,GSV,3.0,85.0,0.27,2026-06-05 05:19:18.264647+00:00
798,2025-08-21,highestBoostedValuePlayers,605,A. Gray,ATL,0.3,169.0,5.625095966945891,2026-06-05 05:19:18.264647+00:00
798,2025-08-21,popularPlayers,616,R. Howard,ATL,0.3,1100.0,2.935671509610283,2026-06-05 05:19:18.264647+00:00
798,2025-08-21,highestBoostedValuePlayers,629,N. Smith,LVA,2.1,28.0,2.4251986562809864,2026-06-05 05:19:18.264647+00:00
798,2025-08-21,popularPlayers,637,S. Ionescu,NYL,0.2,2800.0,2.311666904372815,2026-06-05 05:19:18.264647+00:00
798,2025-08-21,highestBoostedValuePlayers,643,J. Jones,NYL,0.5,24.0,5.6730496136783435,2026-06-05 05:19:18.264647+00:00
798,2025-08-21,highestBoostedValuePlayers,653,J. Shepard,DAL,1.5,11.0,4.372805881694737,2026-06-05 05:19:18.264647+00:00
798,2025-08-21,popularPlayers,654,C. Williams,MIN,0.4,1500.0,1.9241283650674275,2026-06-05 05:19:18.264647+00:00
798,2025-08-21,popularPlayers,658,A. Smith,DAL,0.6,1100.0,2.820979826453789,2026-06-05 05:19:18.264647+00:00
798,2025-08-21,highestBoostedValuePlayers,660,K. McBride,MIN,0.8,123.0,2.8570272114964412,2026-06-05 05:19:18.264647+00:00
798,2025-08-21,highestBoostedValuePlayers,663,B. Carleton,POR,1.9,17.0,3.9784765839973275,2026-06-05 05:19:18.264647+00:00
798,2025-08-21,popularPlayers,670,K. Copper,PHO,1.0,761.0,0.6244482076432271,2026-06-05 05:19:18.264647+00:00
798,2025-08-21,highestBoostedValuePlayers,677,N. Cloud,CHI,0.9,120.0,2.970039266650007,2026-06-05 05:19:18.264647+00:00
798,2025-08-21,highestBoostedValuePlayers,682,A. Atkins,LAS,0.9,1.0,4.19259974775644,2026-06-05 05:19:18.264647+00:00
798,2025-08-21,highestBoostedValuePlayers,698,D. Evans,LVA,2.9,13.0,3.0343346831627627,2026-06-05 05:19:18.264647+00:00
798,2025-08-21,highestBoostedValuePlayers,700,M. Onyenwere,WAS,3.0,2.0,1.9007081604713385,2026-06-05 05:19:18.264647+00:00
798,2025-08-21,highestBoostedValuePlayers,701,A. Reese,ATL,0.5,96.0,3.5783360936802295,2026-06-05 05:19:18.264647+00:00
798,2025-08-21,highestBoostedValuePlayers,705,K. Cardoso,CHI,0.8,13.0,5.968606400403826,2026-06-05 05:19:18.264647+00:00
798,2025-08-21,popularPlayers,726,J. Loyd,LVA,1.1,856.0,1.9907113318626366,2026-06-05 05:19:18.264647+00:00
798,2025-08-21,popularPlayers,745,A. Thomas,PHO,0.0,3100.0,3.2930057602590397,2026-06-05 05:19:18.264647+00:00
798,2025-08-21,highestBoostedValuePlayers,749,O. Nelson-Ododa,CON,1.3,6.0,2.379973207454563,2026-06-05 05:19:18.264647+00:00
798,2025-08-21,highestBoostedValuePlayers,754,B. Jones,ATL,0.7,96.0,2.889877134496963,2026-06-05 05:19:18.264647+00:00
798,2025-08-21,popularPlayers,758,S. Sabally,NYL,0.5,1400.0,1.872958818822521,2026-06-05 05:19:18.264647+00:00
798,2025-08-21,popularPlayers,4322741,S. Citron,WAS,0.7,2000.0,1.4066236167389954,2026-06-05 05:19:18.264647+00:00
798,2025-08-21,popularPlayers,4322743,K. Iriafen,WAS,0.9,1000.0,2.0868961573836122,2026-06-05 05:19:18.264647+00:00
798,2025-08-21,mostCommon3xPlayers,4322751,A. Nye,ATL,3.0,68.0,0.31393,2026-06-05 05:19:18.264647+00:00
798,2025-08-21,highestBoostedValuePlayers,4322755,T. Paopao,ATL,2.8,4.0,1.9341404965114735,2026-06-05 05:19:18.264647+00:00
799,2025-08-22,popularPlayers,184,G. Williams,GSV,0.5,935.0,2.1587000383848127,2026-06-05 05:19:18.264647+00:00
799,2025-08-22,highestBoostedValuePlayers,399,K. Charles,GSV,3.0,2.0,2.1247046645078718,2026-06-05 05:19:18.264647+00:00
799,2025-08-22,mostCommon3xPlayers,456,L. Held,TOR,3.0,27.0,-0.23981999999999998,2026-06-05 05:19:18.264647+00:00
799,2025-08-22,highestBoostedValuePlayers,604,K. Martin,LAS,3.0,48.0,1.6463306953637142,2026-06-05 05:19:18.264647+00:00
799,2025-08-22,highestBoostedValuePlayers,614,I. Rupert,GSV,2.0,2.0,2.1842467772022585,2026-06-05 05:19:18.264647+00:00
799,2025-08-22,highestBoostedValuePlayers,615,L. Amihere,GSV,2.0,39.0,1.6504996592637489,2026-06-05 05:19:18.264647+00:00
799,2025-08-22,highestBoostedValuePlayers,622,E. Wheeler,LAS,1.3,85.0,4.0694215051746765,2026-06-05 05:19:18.264647+00:00
799,2025-08-22,highestBoostedValuePlayers,626,K. Mitchell,IND,0.4,319.0,3.7007110809767783,2026-06-05 05:19:18.264647+00:00
799,2025-08-22,highestBoostedValuePlayers,627,A. Boston,IND,0.2,295.0,3.3580312692906484,2026-06-05 05:19:18.264647+00:00
799,2025-08-22,highestBoostedValuePlayers,631,L. Hull,IND,2.0,20.0,4.541831622925237,2026-06-05 05:19:18.264647+00:00
799,2025-08-22,highestBoostedValuePlayers,652,N. Hiedeman,SEA,2.0,10.0,2.4007960980558645,2026-06-05 05:19:18.264647+00:00
799,2025-08-22,highestBoostedValuePlayers,653,J. Shepard,DAL,1.4,117.0,7.321855177395672,2026-06-05 05:19:18.264647+00:00
799,2025-08-22,popularPlayers,654,C. Williams,MIN,0.4,1400.0,0.5386138142975394,2026-06-05 05:19:18.264647+00:00
799,2025-08-22,highestBoostedValuePlayers,658,A. Smith,DAL,0.6,136.0,2.5374183042430545,2026-06-05 05:19:18.264647+00:00
799,2025-08-22,highestBoostedValuePlayers,660,K. McBride,MIN,0.8,120.0,6.258770496597269,2026-06-05 05:19:18.264647+00:00
799,2025-08-22,highestBoostedValuePlayers,663,B. Carleton,POR,1.8,7.0,1.7745514495935815,2026-06-05 05:19:18.264647+00:00
799,2025-08-22,popularPlayers,679,B. Sykes,TOR,0.8,799.0,1.4081209077279362,2026-06-05 05:19:18.264647+00:00
799,2025-08-22,popularPlayers,734,S. Diggins,CHI,0.4,1300.0,1.9986771598810855,2026-06-05 05:19:18.264647+00:00
799,2025-08-22,popularPlayers,735,E. Magbegor,SEA,0.9,630.0,1.7036183679574,2026-06-05 05:19:18.264647+00:00
799,2025-08-22,popularPlayers,738,N. Ogwumike,LAS,0.3,2000.0,1.3302091449431948,2026-06-05 05:19:18.264647+00:00
799,2025-08-22,highestBoostedValuePlayers,745,A. Thomas,PHO,0.0,1900.0,5.501838707345065,2026-06-05 05:19:18.264647+00:00
799,2025-08-22,highestBoostedValuePlayers,750,D. Bonner,PHO,1.6,41.0,2.9136166341714853,2026-06-05 05:19:18.264647+00:00
799,2025-08-22,popularPlayers,758,S. Sabally,NYL,0.5,1600.0,1.6100252976695082,2026-06-05 05:19:18.264647+00:00
799,2025-08-22,highestBoostedValuePlayers,759,V. Burton,GSV,0.6,341.0,3.324743141273833,2026-06-05 05:19:18.264647+00:00
799,2025-08-22,popularPlayers,760,N. Howard,MIN,0.9,1200.0,0.6411633684208313,2026-06-05 05:19:18.264647+00:00
799,2025-08-22,popularPlayers,765,M. Siegrist,DAL,1.1,856.0,1.3926665010182604,2026-06-05 05:19:18.264647+00:00
799,2025-08-22,highestBoostedValuePlayers,4322738,M. Akoa Makani,PHO,2.0,29.0,2.33037271978863,2026-06-05 05:19:18.264647+00:00
799,2025-08-22,popularPlayers,4322740,P. Bueckers,DAL,0.1,4400.0,1.4621421991119221,2026-06-05 05:19:18.264647+00:00
799,2025-08-22,highestBoostedValuePlayers,4322742,D. Malonga,SEA,2.2,25.0,5.460134516179625,2026-06-05 05:19:18.264647+00:00
799,2025-08-22,mostCommon3xPlayers,4322793,K. Chen,GSV,3.0,6.0,-0.389254,2026-06-05 05:19:18.264647+00:00
799,2025-08-22,highestBoostedValuePlayers,4322797,J. Salaün,GSV,1.4,32.0,2.568953574136239,2026-06-05 05:19:18.264647+00:00
802,2025-08-23,highestBoostedValuePlayers,303,M. Johannes,NYL,2.5,11.0,1.6613807982005733,2026-06-05 05:19:18.264647+00:00
802,2025-08-23,highestBoostedValuePlayers,563,M. Caldwell,MIN,2.3,2.0,1.992975839800387,2026-06-05 05:19:18.264647+00:00
802,2025-08-23,highestBoostedValuePlayers,597,J. Young,LVA,0.4,203.0,3.297154112941286,2026-06-05 05:19:18.264647+00:00
802,2025-08-23,highestBoostedValuePlayers,598,A. Wilson,LVA,0.0,3400.0,6.544018129981397,2026-06-05 05:19:18.264647+00:00
802,2025-08-23,highestBoostedValuePlayers,602,C. Gray,LVA,0.9,141.0,2.9176532085400018,2026-06-05 05:19:18.264647+00:00
802,2025-08-23,popularPlayers,605,A. Gray,ATL,0.2,2000.0,3.264684746062707,2026-06-05 05:19:18.264647+00:00
802,2025-08-23,highestBoostedValuePlayers,616,R. Howard,ATL,0.3,139.0,3.542340455804995,2026-06-05 05:19:18.264647+00:00
802,2025-08-23,highestBoostedValuePlayers,617,N. Hillmon,ATL,1.3,66.0,2.7725520836699222,2026-06-05 05:19:18.264647+00:00
802,2025-08-23,highestBoostedValuePlayers,635,K. Burke,CON,1.9,1.0,2.18703622227122,2026-06-05 05:19:18.264647+00:00
802,2025-08-23,popularPlayers,643,J. Jones,NYL,0.4,2200.0,1.2871774450075448,2026-06-05 05:19:18.264647+00:00
802,2025-08-23,popularPlayers,677,N. Cloud,CHI,0.8,1100.0,1.1564448768637883,2026-06-05 05:19:18.264647+00:00
802,2025-08-23,mostCommon3xPlayers,683,A. Edwards,CON,3.0,164.0,1.2469005314853088,2026-06-05 05:19:18.264647+00:00
802,2025-08-23,highestBoostedValuePlayers,691,S. Austin,WAS,0.9,108.0,3.416539094487987,2026-06-05 05:19:18.264647+00:00
802,2025-08-23,highestBoostedValuePlayers,697,M. Mabrey,TOR,1.0,58.0,5.3460975148103165,2026-06-05 05:19:18.264647+00:00
802,2025-08-23,highestBoostedValuePlayers,698,D. Evans,LVA,2.7,2.0,4.8116840093541775,2026-06-05 05:19:18.264647+00:00
802,2025-08-23,mostCommon3xPlayers,700,M. Onyenwere,WAS,3.0,75.0,0.750200593105451,2026-06-05 05:19:18.264647+00:00
802,2025-08-23,highestBoostedValuePlayers,701,A. Reese,ATL,0.5,293.0,3.2123789165058834,2026-06-05 05:19:18.264647+00:00
802,2025-08-23,popularPlayers,705,K. Cardoso,CHI,0.7,2700.0,2.155220285182586,2026-06-05 05:19:18.264647+00:00
802,2025-08-23,popularPlayers,708,E. Williams,CHI,1.4,785.0,0.9304144306030823,2026-06-05 05:19:18.264647+00:00
802,2025-08-23,highestBoostedValuePlayers,725,K. Nurse,TOR,3.0,12.0,3.155851687586446,2026-06-05 05:19:18.264647+00:00
802,2025-08-23,highestBoostedValuePlayers,726,J. Loyd,LVA,1.2,98.0,2.3741714513140506,2026-06-05 05:19:18.264647+00:00
802,2025-08-23,mostCommon3xPlayers,729,J. Melbourne,SEA,3.0,76.0,0.7693719712415737,2026-06-05 05:19:18.264647+00:00
802,2025-08-23,popularPlayers,741,R. Banham,CHI,2.0,541.0,0.7407187818902068,2026-06-05 05:19:18.264647+00:00
802,2025-08-23,highestBoostedValuePlayers,754,B. Jones,ATL,0.7,107.0,3.9376379129197923,2026-06-05 05:19:18.264647+00:00
802,2025-08-23,popularPlayers,4322741,S. Citron,WAS,0.7,1800.0,2.3218329993951365,2026-06-05 05:19:18.264647+00:00
802,2025-08-23,highestBoostedValuePlayers,4322743,K. Iriafen,WAS,0.9,169.0,3.5042654892237066,2026-06-05 05:19:18.264647+00:00
802,2025-08-23,popularPlayers,4322745,A. Morrow,CON,2.0,583.0,1.529671585533744,2026-06-05 05:19:18.264647+00:00
802,2025-08-23,highestBoostedValuePlayers,4322746,S. Rivers,CON,1.4,49.0,3.6147629315172716,2026-06-05 05:19:18.264647+00:00
802,2025-08-23,mostCommon3xPlayers,4322749,H. Van Lith,CON,3.0,133.0,0.22490907078991726,2026-06-05 05:19:18.264647+00:00
802,2025-08-23,highestBoostedValuePlayers,4322755,T. Paopao,ATL,2.8,5.0,1.9693892614927084,2026-06-05 05:19:18.264647+00:00
808,2025-08-24,highestBoostedValuePlayers,8,M. Kliundikova,TOR,3.0,20.0,2.877879673705862,2026-06-05 05:19:18.264647+00:00
808,2025-08-24,popularPlayers,184,G. Williams,GSV,0.6,771.0,2.9909019630416322,2026-06-05 05:19:18.264647+00:00
808,2025-08-24,highestBoostedValuePlayers,316,A. Okonkwo,ATL,3.0,2.0,2.509677634060967,2026-06-05 05:19:18.264647+00:00
808,2025-08-24,highestBoostedValuePlayers,399,K. Charles,GSV,3.0,3.0,2.609918974437796,2026-06-05 05:19:18.264647+00:00
808,2025-08-24,mostCommon3xPlayers,600,A. Clark,DAL,3.0,131.0,0.3681217342438254,2026-06-05 05:19:18.264647+00:00
808,2025-08-24,highestBoostedValuePlayers,604,K. Martin,LAS,3.0,4.0,2.1972145294723924,2026-06-05 05:19:18.264647+00:00
808,2025-08-24,highestBoostedValuePlayers,614,I. Rupert,GSV,1.9,3.0,3.3127251692903448,2026-06-05 05:19:18.264647+00:00
808,2025-08-24,highestBoostedValuePlayers,626,K. Mitchell,IND,0.4,631.0,3.7786248603720645,2026-06-05 05:19:18.264647+00:00
808,2025-08-24,popularPlayers,627,A. Boston,IND,0.2,2500.0,3.9137270125516377,2026-06-05 05:19:18.264647+00:00
808,2025-08-24,popularPlayers,631,L. Hull,IND,1.8,1700.0,1.8144989983151367,2026-06-05 05:19:18.264647+00:00
808,2025-08-24,mostCommon3xPlayers,632,D. Dantas,IND,3.0,115.0,0.42558338396116463,2026-06-05 05:19:18.264647+00:00
808,2025-08-24,highestBoostedValuePlayers,650,N. Collier,MIN,0.0,480.0,6.132279923874156,2026-06-05 05:19:18.264647+00:00
808,2025-08-24,popularPlayers,653,J. Shepard,DAL,1.2,1800.0,0.2317302499711163,2026-06-05 05:19:18.264647+00:00
808,2025-08-24,highestBoostedValuePlayers,654,C. Williams,MIN,0.5,278.0,4.790351197635716,2026-06-05 05:19:18.264647+00:00
808,2025-08-24,popularPlayers,658,A. Smith,DAL,0.6,1500.0,1.0677819241325262,2026-06-05 05:19:18.264647+00:00
808,2025-08-24,popularPlayers,660,K. McBride,MIN,0.7,1900.0,2.824701714373756,2026-06-05 05:19:18.264647+00:00
808,2025-08-24,popularPlayers,679,B. Sykes,TOR,0.8,731.0,1.8229488034681443,2026-06-05 05:19:18.264647+00:00
808,2025-08-24,highestBoostedValuePlayers,685,S. Dolson,SEA,3.0,3.0,2.7609312130808044,2026-06-05 05:19:18.264647+00:00
808,2025-08-24,highestBoostedValuePlayers,689,M. Hines-Allen,IND,2.0,22.0,2.6581112750719678,2026-06-05 05:19:18.264647+00:00
808,2025-08-24,highestBoostedValuePlayers,691,S. Austin,WAS,0.9,98.0,4.660012250513105,2026-06-05 05:19:18.264647+00:00
808,2025-08-24,highestBoostedValuePlayers,734,S. Diggins,CHI,0.4,154.0,5.542206788174172,2026-06-05 05:19:18.264647+00:00
808,2025-08-24,highestBoostedValuePlayers,738,N. Ogwumike,LAS,0.3,268.0,8.15761068579117,2026-06-05 05:19:18.264647+00:00
808,2025-08-24,highestBoostedValuePlayers,759,V. Burton,GSV,0.6,301.0,6.378245514865657,2026-06-05 05:19:18.264647+00:00
808,2025-08-24,popularPlayers,760,N. Howard,MIN,1.0,1100.0,2.546736684993188,2026-06-05 05:19:18.264647+00:00
808,2025-08-24,highestBoostedValuePlayers,765,M. Siegrist,DAL,1.2,26.0,3.52270930663958,2026-06-05 05:19:18.264647+00:00
808,2025-08-24,popularPlayers,4322740,P. Bueckers,DAL,0.1,4200.0,2.8005012561434772,2026-06-05 05:19:18.264647+00:00
808,2025-08-24,popularPlayers,4322741,S. Citron,WAS,0.7,1300.0,2.1470645578556633,2026-06-05 05:19:18.264647+00:00
808,2025-08-24,highestBoostedValuePlayers,4322742,D. Malonga,SEA,1.9,58.0,3.9672248406891897,2026-06-05 05:19:18.264647+00:00
808,2025-08-24,popularPlayers,4322743,K. Iriafen,WAS,0.9,1200.0,1.516371932717795,2026-06-05 05:19:18.264647+00:00
808,2025-08-24,mostCommon3xPlayers,4322756,M. Timpson,IND,3.0,112.0,0.2330739108753781,2026-06-05 05:19:18.264647+00:00
808,2025-08-24,popularPlayers,4322797,J. Salaün,GSV,1.4,827.0,2.307725405365917,2026-06-05 05:19:18.264647+00:00
809,2025-08-25,mostCommon3xPlayers,594,K. Bell,LVA,3.0,200.0,0.5322680249536328,2026-06-05 05:19:18.264647+00:00
809,2025-08-25,highestBoostedValuePlayers,597,J. Young,LVA,0.4,222.0,6.955088167427259,2026-06-05 05:19:18.264647+00:00
809,2025-08-25,highestBoostedValuePlayers,598,A. Wilson,LVA,0.0,4500.0,3.210056632402635,2026-06-05 05:19:18.264647+00:00
809,2025-08-25,highestBoostedValuePlayers,602,C. Gray,LVA,0.9,169.0,2.3896310925783877,2026-06-05 05:19:18.264647+00:00
809,2025-08-25,highestBoostedValuePlayers,629,N. Smith,LVA,2.1,88.0,1.8679324859396038,2026-06-05 05:19:18.264647+00:00
809,2025-08-25,highestBoostedValuePlayers,635,K. Burke,CON,1.9,2.0,2.578076121275752,2026-06-05 05:19:18.264647+00:00
809,2025-08-25,highestBoostedValuePlayers,637,S. Ionescu,NYL,0.2,236.0,3.03647517790547,2026-06-05 05:19:18.264647+00:00
809,2025-08-25,highestBoostedValuePlayers,639,B. Stewart,NYL,0.2,176.0,2.5951999219267763,2026-06-05 05:19:18.264647+00:00
809,2025-08-25,highestBoostedValuePlayers,643,J. Jones,NYL,0.5,208.0,5.209608422736424,2026-06-05 05:19:18.264647+00:00
809,2025-08-25,highestBoostedValuePlayers,647,L. Fiebich,NYL,1.5,74.0,1.4001067052399299,2026-06-05 05:19:18.264647+00:00
809,2025-08-25,highestBoostedValuePlayers,682,A. Atkins,LAS,0.9,27.0,5.738661621258515,2026-06-05 05:19:18.264647+00:00
809,2025-08-25,mostCommon3xPlayers,683,A. Edwards,CON,3.0,102.0,0.81865553192933,2026-06-05 05:19:18.264647+00:00
809,2025-08-25,highestBoostedValuePlayers,697,M. Mabrey,TOR,0.9,156.0,2.7580185836054714,2026-06-05 05:19:18.264647+00:00
809,2025-08-25,highestBoostedValuePlayers,698,D. Evans,LVA,2.5,21.0,1.2842866077766693,2026-06-05 05:19:18.264647+00:00
809,2025-08-25,mostCommon3xPlayers,700,M. Onyenwere,WAS,3.0,84.0,0.2004156863729558,2026-06-05 05:19:18.264647+00:00
809,2025-08-25,highestBoostedValuePlayers,701,A. Reese,ATL,0.5,403.0,4.209144564873678,2026-06-05 05:19:18.264647+00:00
809,2025-08-25,highestBoostedValuePlayers,705,K. Cardoso,CHI,0.7,159.0,3.0969975377136,2026-06-05 05:19:18.264647+00:00
809,2025-08-25,popularPlayers,708,E. Williams,CHI,1.5,685.0,0.9310855721237451,2026-06-05 05:19:18.264647+00:00
809,2025-08-25,mostCommon3xPlayers,725,K. Nurse,TOR,3.0,186.0,0.49953119177163785,2026-06-05 05:19:18.264647+00:00
809,2025-08-25,highestBoostedValuePlayers,726,J. Loyd,LVA,1.1,125.0,2.050050656070907,2026-06-05 05:19:18.264647+00:00
809,2025-08-25,highestBoostedValuePlayers,741,R. Banham,CHI,2.1,104.0,1.0933796562940252,2026-06-05 05:19:18.264647+00:00
809,2025-08-25,highestBoostedValuePlayers,744,L. Lacan,CON,1.1,2.0,3.3138249860584312,2026-06-05 05:19:18.264647+00:00
809,2025-08-25,popularPlayers,749,O. Nelson-Ododa,CON,1.4,541.0,0.48278337437457375,2026-06-05 05:19:18.264647+00:00
809,2025-08-25,highestBoostedValuePlayers,4322745,A. Morrow,CON,2.0,9.0,3.917863653049853,2026-06-05 05:19:18.264647+00:00
809,2025-08-25,popularPlayers,4322746,S. Rivers,CON,1.3,1400.0,0.7740365130761752,2026-06-05 05:19:18.264647+00:00
809,2025-08-25,mostCommon3xPlayers,4322749,H. Van Lith,CON,3.0,159.0,0.49921194264004337,2026-06-05 05:19:18.264647+00:00
812,2025-08-26,highestBoostedValuePlayers,172,O. Sims,DAL,1.5,3.0,4.186172632185769,2026-06-05 05:19:18.264647+00:00
812,2025-08-26,popularPlayers,184,G. Williams,GSV,0.6,958.0,0.483473842938802,2026-06-05 05:19:18.264647+00:00
812,2025-08-26,mostCommon3xPlayers,456,L. Held,TOR,3.0,153.0,0.5161150023406518,2026-06-05 05:19:18.264647+00:00
812,2025-08-26,mostCommon3xPlayers,593,E. Cannon,LAS,3.0,103.0,0.0,2026-06-05 05:19:18.264647+00:00
812,2025-08-26,highestBoostedValuePlayers,596,K. Plum,LAS,0.2,841.0,2.8100822440968907,2026-06-05 05:19:18.264647+00:00
812,2025-08-26,highestBoostedValuePlayers,626,K. Mitchell,IND,0.4,431.0,2.744404179854843,2026-06-05 05:19:18.264647+00:00
812,2025-08-26,highestBoostedValuePlayers,627,A. Boston,IND,0.2,431.0,4.986107125931451,2026-06-05 05:19:18.264647+00:00
812,2025-08-26,highestBoostedValuePlayers,631,L. Hull,IND,1.8,144.0,1.590772965690374,2026-06-05 05:19:18.264647+00:00
812,2025-08-26,highestBoostedValuePlayers,668,N. Mack,PHO,1.8,15.0,1.466356679116778,2026-06-05 05:19:18.264647+00:00
812,2025-08-26,highestBoostedValuePlayers,670,K. Copper,PHO,1.1,51.0,1.7280703840668397,2026-06-05 05:19:18.264647+00:00
812,2025-08-26,popularPlayers,679,B. Sykes,TOR,0.9,765.0,1.384680791444332,2026-06-05 05:19:18.264647+00:00
812,2025-08-26,highestBoostedValuePlayers,699,B. Turner,LVA,3.0,1.0,1.2082906284642518,2026-06-05 05:19:18.264647+00:00
812,2025-08-26,popularPlayers,711,A. Stevens,CHI,0.4,1100.0,0.96198629547326,2026-06-05 05:19:18.264647+00:00
812,2025-08-26,popularPlayers,713,J. Allemand,TOR,1.5,775.0,0.9560495122726649,2026-06-05 05:19:18.264647+00:00
812,2025-08-26,highestBoostedValuePlayers,714,R. Burrell,LAS,2.8,21.0,1.1755489280020104,2026-06-05 05:19:18.264647+00:00
812,2025-08-26,popularPlayers,716,C. Brink,LAS,2.2,1600.0,1.2661734359785537,2026-06-05 05:19:18.264647+00:00
812,2025-08-26,highestBoostedValuePlayers,718,D. Hamby,LAS,0.2,437.0,4.807724580754734,2026-06-05 05:19:18.264647+00:00
812,2025-08-26,highestBoostedValuePlayers,723,R. Jackson,CHI,0.9,229.0,3.083403716513465,2026-06-05 05:19:18.264647+00:00
812,2025-08-26,popularPlayers,734,S. Diggins,CHI,0.4,1400.0,2.098051445470507,2026-06-05 05:19:18.264647+00:00
812,2025-08-26,highestBoostedValuePlayers,735,E. Magbegor,SEA,0.9,84.0,1.8649193248070883,2026-06-05 05:19:18.264647+00:00
812,2025-08-26,highestBoostedValuePlayers,736,S. Whitcomb,PHO,1.8,106.0,3.996179885630421,2026-06-05 05:19:18.264647+00:00
812,2025-08-26,highestBoostedValuePlayers,738,N. Ogwumike,LAS,0.3,568.0,2.3513029962171945,2026-06-05 05:19:18.264647+00:00
812,2025-08-26,highestBoostedValuePlayers,745,A. Thomas,PHO,0.0,2700.0,5.519949320608767,2026-06-05 05:19:18.264647+00:00
812,2025-08-26,highestBoostedValuePlayers,750,D. Bonner,PHO,1.6,33.0,2.868256155316014,2026-06-05 05:19:18.264647+00:00
812,2025-08-26,highestBoostedValuePlayers,758,S. Sabally,NYL,0.5,192.0,3.3616398284641895,2026-06-05 05:19:18.264647+00:00
812,2025-08-26,highestBoostedValuePlayers,760,N. Howard,MIN,1.0,104.0,2.665084716539225,2026-06-05 05:19:18.264647+00:00
812,2025-08-26,highestBoostedValuePlayers,4322742,D. Malonga,SEA,1.8,187.0,1.8108743071448956,2026-06-05 05:19:18.264647+00:00
815,2025-08-27,highestBoostedValuePlayers,316,A. Okonkwo,ATL,2.1,3.0,2.6426560857557657,2026-06-05 05:19:18.264647+00:00
815,2025-08-27,highestBoostedValuePlayers,563,M. Caldwell,MIN,2.3,1.0,1.2573852334981348,2026-06-05 05:19:18.264647+00:00
815,2025-08-27,highestBoostedValuePlayers,594,K. Bell,LVA,3.0,3.0,1.3721107778142625,2026-06-05 05:19:18.264647+00:00
815,2025-08-27,highestBoostedValuePlayers,597,J. Young,LVA,0.3,255.0,3.7738321847186156,2026-06-05 05:19:18.264647+00:00
815,2025-08-27,highestBoostedValuePlayers,598,A. Wilson,LVA,0.0,3900.0,6.597190391228843,2026-06-05 05:19:18.264647+00:00
815,2025-08-27,highestBoostedValuePlayers,602,C. Gray,LVA,0.9,178.0,2.8395708893481832,2026-06-05 05:19:18.264647+00:00
815,2025-08-27,popularPlayers,605,A. Gray,ATL,0.3,3100.0,2.0158941673462945,2026-06-05 05:19:18.264647+00:00
815,2025-08-27,mostCommon3xPlayers,609,N. Coffey,MIN,3.0,21.0,0.6492205267334007,2026-06-05 05:19:18.264647+00:00
815,2025-08-27,highestBoostedValuePlayers,616,R. Howard,ATL,0.3,205.0,3.9404756889944323,2026-06-05 05:19:18.264647+00:00
815,2025-08-27,highestBoostedValuePlayers,617,N. Hillmon,ATL,1.3,102.0,3.303384691037156,2026-06-05 05:19:18.264647+00:00
815,2025-08-27,popularPlayers,629,N. Smith,LVA,2.1,805.0,1.0341833909127232,2026-06-05 05:19:18.264647+00:00
815,2025-08-27,mostCommon3xPlayers,661,D. Miller,CON,3.0,58.0,0.5483410389804291,2026-06-05 05:19:18.264647+00:00
815,2025-08-27,popularPlayers,664,B. Griner,CON,1.6,834.0,0.30744074554004125,2026-06-05 05:19:18.264647+00:00
815,2025-08-27,mostCommon3xPlayers,683,A. Edwards,CON,3.0,147.0,-0.10651200000000002,2026-06-05 05:19:18.264647+00:00
815,2025-08-27,highestBoostedValuePlayers,689,M. Hines-Allen,IND,2.0,89.0,3.182734407376605,2026-06-05 05:19:18.264647+00:00
815,2025-08-27,highestBoostedValuePlayers,697,M. Mabrey,TOR,0.9,166.0,2.808833227470497,2026-06-05 05:19:18.264647+00:00
815,2025-08-27,highestBoostedValuePlayers,726,J. Loyd,LVA,1.2,89.0,2.246957489493672,2026-06-05 05:19:18.264647+00:00
815,2025-08-27,highestBoostedValuePlayers,744,L. Lacan,CON,1.0,27.0,5.392997689810527,2026-06-05 05:19:18.264647+00:00
815,2025-08-27,popularPlayers,749,O. Nelson-Ododa,CON,1.5,550.0,1.2278855277679048,2026-06-05 05:19:18.264647+00:00
815,2025-08-27,highestBoostedValuePlayers,754,B. Jones,ATL,0.6,159.0,4.429859254367881,2026-06-05 05:19:18.264647+00:00
815,2025-08-27,highestBoostedValuePlayers,765,M. Siegrist,DAL,1.1,85.0,2.1383577642617126,2026-06-05 05:19:18.264647+00:00
815,2025-08-27,popularPlayers,4322740,P. Bueckers,DAL,0.2,1700.0,0.0,2026-06-05 05:19:18.264647+00:00
815,2025-08-27,highestBoostedValuePlayers,4322745,A. Morrow,CON,1.9,113.0,3.203778053580175,2026-06-05 05:19:18.264647+00:00
815,2025-08-27,popularPlayers,4322746,S. Rivers,CON,1.3,856.0,1.5282652649871566,2026-06-05 05:19:18.264647+00:00
815,2025-08-27,highestBoostedValuePlayers,4322750,A. James,DAL,2.5,11.0,4.5817775684515,2026-06-05 05:19:18.264647+00:00
815,2025-08-27,popularPlayers,4322755,T. Paopao,ATL,2.7,571.0,0.9855675520012819,2026-06-05 05:19:18.264647+00:00
818,2025-08-28,highestBoostedValuePlayers,184,G. Williams,GSV,0.6,107.0,3.056085454761632,2026-06-05 05:19:18.264647+00:00
818,2025-08-28,highestBoostedValuePlayers,303,M. Johannes,NYL,2.6,6.0,2.59532729214714,2026-06-05 05:19:18.264647+00:00
818,2025-08-28,highestBoostedValuePlayers,600,A. Clark,DAL,3.0,4.0,1.6947609204982639,2026-06-05 05:19:18.264647+00:00
818,2025-08-28,highestBoostedValuePlayers,622,E. Wheeler,LAS,1.3,72.0,2.756044020633905,2026-06-05 05:19:18.264647+00:00
818,2025-08-28,popularPlayers,637,S. Ionescu,NYL,0.2,1200.0,0.0,2026-06-05 05:19:18.264647+00:00
818,2025-08-28,popularPlayers,639,B. Stewart,NYL,0.2,2200.0,2.2875785741676467,2026-06-05 05:19:18.264647+00:00
818,2025-08-28,popularPlayers,643,J. Jones,NYL,0.4,954.0,0.0,2026-06-05 05:19:18.264647+00:00
818,2025-08-28,popularPlayers,650,N. Collier,MIN,0.0,4400.0,3.094559273880781,2026-06-05 05:19:18.264647+00:00
818,2025-08-28,highestBoostedValuePlayers,654,C. Williams,MIN,0.4,161.0,5.10971118066962,2026-06-05 05:19:18.264647+00:00
818,2025-08-28,popularPlayers,658,A. Smith,DAL,0.6,882.0,2.0289541068779964,2026-06-05 05:19:18.264647+00:00
818,2025-08-28,highestBoostedValuePlayers,660,K. McBride,MIN,0.7,141.0,3.5639199704480293,2026-06-05 05:19:18.264647+00:00
818,2025-08-28,highestBoostedValuePlayers,668,N. Mack,PHO,1.8,17.0,4.725319640084048,2026-06-05 05:19:18.264647+00:00
818,2025-08-28,highestBoostedValuePlayers,670,K. Copper,PHO,1.1,37.0,4.684500052258535,2026-06-05 05:19:18.264647+00:00
818,2025-08-28,mostCommon3xPlayers,673,R. Allen,NYL,3.0,90.0,0.331575,2026-06-05 05:19:18.264647+00:00
818,2025-08-28,popularPlayers,679,B. Sykes,TOR,0.9,735.0,2.6048804182159384,2026-06-05 05:19:18.264647+00:00
818,2025-08-28,highestBoostedValuePlayers,696,I. Harrison,TOR,2.8,2.0,3.331574707567294,2026-06-05 05:19:18.264647+00:00
818,2025-08-28,highestBoostedValuePlayers,701,A. Reese,ATL,0.4,445.0,4.148706169575527,2026-06-05 05:19:18.264647+00:00
818,2025-08-28,highestBoostedValuePlayers,705,K. Cardoso,CHI,0.7,181.0,3.0936731630202536,2026-06-05 05:19:18.264647+00:00
818,2025-08-28,highestBoostedValuePlayers,719,S. Talbot,LVA,3.0,2.0,3.456485919098259,2026-06-05 05:19:18.264647+00:00
818,2025-08-28,highestBoostedValuePlayers,725,K. Nurse,TOR,3.0,12.0,3.206002872881122,2026-06-05 05:19:18.264647+00:00
818,2025-08-28,highestBoostedValuePlayers,734,S. Diggins,CHI,0.4,138.0,4.9039383958469545,2026-06-05 05:19:18.264647+00:00
818,2025-08-28,highestBoostedValuePlayers,735,E. Magbegor,SEA,1.0,96.0,2.9275105879424337,2026-06-05 05:19:18.264647+00:00
818,2025-08-28,popularPlayers,738,N. Ogwumike,LAS,0.3,1900.0,1.6914024407891555,2026-06-05 05:19:18.264647+00:00
818,2025-08-28,popularPlayers,745,A. Thomas,PHO,0.0,4100.0,3.9671140706201253,2026-06-05 05:19:18.264647+00:00
818,2025-08-28,highestBoostedValuePlayers,750,D. Bonner,PHO,1.5,22.0,2.5165057805835196,2026-06-05 05:19:18.264647+00:00
818,2025-08-28,popularPlayers,758,S. Sabally,NYL,0.5,1400.0,1.9263918287968995,2026-06-05 05:19:18.264647+00:00
818,2025-08-28,highestBoostedValuePlayers,4322741,S. Citron,WAS,0.8,159.0,3.6368500210107584,2026-06-05 05:19:18.264647+00:00
818,2025-08-28,highestBoostedValuePlayers,4322742,D. Malonga,SEA,1.8,25.0,3.1815074716675533,2026-06-05 05:19:18.264647+00:00
818,2025-08-28,highestBoostedValuePlayers,4322743,K. Iriafen,WAS,0.9,123.0,3.079124267867535,2026-06-05 05:19:18.264647+00:00
818,2025-08-28,mostCommon3xPlayers,4322749,H. Van Lith,CON,3.0,123.0,0.0,2026-06-05 05:19:18.264647+00:00
819,2025-08-29,highestBoostedValuePlayers,172,O. Sims,DAL,1.3,47.0,4.09813290451437,2026-06-05 05:19:18.264647+00:00
819,2025-08-29,highestBoostedValuePlayers,316,A. Okonkwo,ATL,1.5,16.0,2.0595317138178593,2026-06-05 05:19:18.264647+00:00
819,2025-08-29,highestBoostedValuePlayers,563,M. Caldwell,MIN,2.3,1.0,1.8118114043214797,2026-06-05 05:19:18.264647+00:00
819,2025-08-29,mostCommon3xPlayers,593,E. Cannon,LAS,3.0,107.0,0.0,2026-06-05 05:19:18.264647+00:00
819,2025-08-29,popularPlayers,596,K. Plum,LAS,0.2,3400.0,1.5890042232847645,2026-06-05 05:19:18.264647+00:00
819,2025-08-29,highestBoostedValuePlayers,605,A. Gray,ATL,0.3,574.0,4.393728718774341,2026-06-05 05:19:18.264647+00:00
819,2025-08-29,highestBoostedValuePlayers,609,N. Coffey,MIN,3.0,2.0,1.7042130557982904,2026-06-05 05:19:18.264647+00:00
819,2025-08-29,highestBoostedValuePlayers,616,R. Howard,ATL,0.3,229.0,6.34734182051342,2026-06-05 05:19:18.264647+00:00
819,2025-08-29,popularPlayers,617,N. Hillmon,ATL,1.2,1200.0,0.9274056902019336,2026-06-05 05:19:18.264647+00:00
819,2025-08-29,popularPlayers,626,K. Mitchell,IND,0.4,3500.0,1.3769130679645822,2026-06-05 05:19:18.264647+00:00
819,2025-08-29,highestBoostedValuePlayers,627,A. Boston,IND,0.2,951.0,5.375442925508754,2026-06-05 05:19:18.264647+00:00
819,2025-08-29,highestBoostedValuePlayers,631,L. Hull,IND,1.8,191.0,2.900069804198049,2026-06-05 05:19:18.264647+00:00
819,2025-08-29,mostCommon3xPlayers,632,D. Dantas,IND,3.0,127.0,0.0,2026-06-05 05:19:18.264647+00:00
819,2025-08-29,highestBoostedValuePlayers,661,D. Miller,CON,3.0,7.0,1.261283412880914,2026-06-05 05:19:18.264647+00:00
819,2025-08-29,highestBoostedValuePlayers,664,B. Griner,CON,1.7,119.0,1.6887789249889227,2026-06-05 05:19:18.264647+00:00
819,2025-08-29,highestBoostedValuePlayers,689,M. Hines-Allen,IND,1.9,207.0,2.2060408560621267,2026-06-05 05:19:18.264647+00:00
819,2025-08-29,highestBoostedValuePlayers,711,A. Stevens,CHI,0.5,172.0,5.090067795519601,2026-06-05 05:19:18.264647+00:00
819,2025-08-29,highestBoostedValuePlayers,713,J. Allemand,TOR,1.5,40.0,2.3479077767908048,2026-06-05 05:19:18.264647+00:00
819,2025-08-29,highestBoostedValuePlayers,714,R. Burrell,LAS,2.9,28.0,1.3860598564947906,2026-06-05 05:19:18.264647+00:00
819,2025-08-29,popularPlayers,716,C. Brink,LAS,2.2,1700.0,1.1563013214683386,2026-06-05 05:19:18.264647+00:00
819,2025-08-29,popularPlayers,718,D. Hamby,LAS,0.2,3300.0,0.8951777338086603,2026-06-05 05:19:18.264647+00:00
819,2025-08-29,highestBoostedValuePlayers,754,B. Jones,ATL,0.6,239.0,3.146282561995108,2026-06-05 05:19:18.264647+00:00
819,2025-08-29,popularPlayers,760,N. Howard,MIN,1.0,1400.0,1.8066689366078403,2026-06-05 05:19:18.264647+00:00
819,2025-08-29,highestBoostedValuePlayers,765,M. Siegrist,DAL,1.1,343.0,4.525752631360592,2026-06-05 05:19:18.264647+00:00
819,2025-08-29,highestBoostedValuePlayers,4322740,P. Bueckers,DAL,0.2,638.0,2.8951314866581073,2026-06-05 05:19:18.264647+00:00
819,2025-08-29,highestBoostedValuePlayers,4322755,T. Paopao,ATL,2.7,9.0,4.633938027972285,2026-06-05 05:19:18.264647+00:00
819,2025-08-29,mostCommon3xPlayers,4322756,M. Timpson,IND,3.0,113.0,0.0,2026-06-05 05:19:18.264647+00:00
825,2025-08-30,popularPlayers,184,G. Williams,GSV,0.6,960.0,2.202453323514388,2026-06-05 05:19:18.264647+00:00
825,2025-08-30,highestBoostedValuePlayers,399,K. Charles,GSV,2.8,2.0,2.987539854294897,2026-06-05 05:19:18.264647+00:00
825,2025-08-30,mostCommon3xPlayers,600,A. Clark,DAL,3.0,38.0,0.7988670932221008,2026-06-05 05:19:18.264647+00:00
825,2025-08-30,highestBoostedValuePlayers,604,K. Martin,LAS,3.0,4.0,2.215624829844781,2026-06-05 05:19:18.264647+00:00
825,2025-08-30,highestBoostedValuePlayers,615,L. Amihere,GSV,2.2,1.0,3.081893624115314,2026-06-05 05:19:18.264647+00:00
825,2025-08-30,popularPlayers,639,B. Stewart,NYL,0.2,2300.0,3.411590810663117,2026-06-05 05:19:18.264647+00:00
825,2025-08-30,highestBoostedValuePlayers,650,N. Collier,MIN,0.0,2600.0,5.0422523983683805,2026-06-05 05:19:18.264647+00:00
825,2025-08-30,popularPlayers,654,C. Williams,MIN,0.4,1200.0,3.079749119473069,2026-06-05 05:19:18.264647+00:00
825,2025-08-30,highestBoostedValuePlayers,658,A. Smith,DAL,0.6,89.0,3.390860564483059,2026-06-05 05:19:18.264647+00:00
825,2025-08-30,highestBoostedValuePlayers,660,K. McBride,MIN,0.7,125.0,3.1948051848216656,2026-06-05 05:19:18.264647+00:00
825,2025-08-30,highestBoostedValuePlayers,668,N. Mack,PHO,1.7,14.0,3.6780046217401683,2026-06-05 05:19:18.264647+00:00
825,2025-08-30,highestBoostedValuePlayers,677,N. Cloud,CHI,0.9,34.0,2.818905395734371,2026-06-05 05:19:18.264647+00:00
825,2025-08-30,popularPlayers,679,B. Sykes,TOR,0.9,811.0,1.964045304296624,2026-06-05 05:19:18.264647+00:00
825,2025-08-30,highestBoostedValuePlayers,683,A. Edwards,CON,3.0,2.0,1.7881738485468734,2026-06-05 05:19:18.264647+00:00
825,2025-08-30,highestBoostedValuePlayers,701,A. Reese,ATL,0.4,437.0,3.3721245378862488,2026-06-05 05:19:18.264647+00:00
825,2025-08-30,popularPlayers,705,K. Cardoso,CHI,0.7,1400.0,2.0799174515604197,2026-06-05 05:19:18.264647+00:00
825,2025-08-30,mostCommon3xPlayers,719,S. Talbot,LVA,3.0,54.0,-0.098337246276982,2026-06-05 05:19:18.264647+00:00
825,2025-08-30,mostCommon3xPlayers,725,K. Nurse,TOR,3.0,29.0,0.9179528563195158,2026-06-05 05:19:18.264647+00:00
825,2025-08-30,popularPlayers,734,S. Diggins,CHI,0.4,1500.0,3.25586578267692,2026-06-05 05:19:18.264647+00:00
825,2025-08-30,highestBoostedValuePlayers,735,E. Magbegor,SEA,1.0,113.0,3.2184368732290696,2026-06-05 05:19:18.264647+00:00
825,2025-08-30,highestBoostedValuePlayers,738,N. Ogwumike,LAS,0.3,299.0,3.66556385916861,2026-06-05 05:19:18.264647+00:00
825,2025-08-30,popularPlayers,745,A. Thomas,PHO,0.0,3300.0,3.3287833459247147,2026-06-05 05:19:18.264647+00:00
825,2025-08-30,highestBoostedValuePlayers,753,D. Carrington,CHI,1.7,6.0,3.6585934263427276,2026-06-05 05:19:18.264647+00:00
825,2025-08-30,popularPlayers,758,S. Sabally,NYL,0.5,1200.0,2.756250665874737,2026-06-05 05:19:18.264647+00:00
825,2025-08-30,highestBoostedValuePlayers,759,V. Burton,GSV,0.5,314.0,3.489840914388015,2026-06-05 05:19:18.264647+00:00
825,2025-08-30,highestBoostedValuePlayers,762,C. Leite,POR,2.7,2.0,3.746160625794312,2026-06-05 05:19:18.264647+00:00
825,2025-08-30,popularPlayers,4322741,S. Citron,WAS,0.7,1500.0,0.9655780876405596,2026-06-05 05:19:18.264647+00:00
825,2025-08-30,popularPlayers,4322742,D. Malonga,SEA,1.7,682.0,0.0,2026-06-05 05:19:18.264647+00:00
825,2025-08-30,popularPlayers,4322743,K. Iriafen,WAS,0.9,1200.0,1.508702628054987,2026-06-05 05:19:18.264647+00:00
825,2025-08-30,popularPlayers,4322745,A. Morrow,CON,1.8,752.0,1.4180454350027578,2026-06-05 05:19:18.264647+00:00
825,2025-08-30,highestBoostedValuePlayers,4322761,L. Olsen,WAS,3.0,1.0,1.6094533676339098,2026-06-05 05:19:18.264647+00:00
825,2025-08-30,highestBoostedValuePlayers,4322797,J. Salaün,GSV,1.4,14.0,2.5185927793096767,2026-06-05 05:19:18.264647+00:00
827,2025-08-31,highestBoostedValuePlayers,172,O. Sims,DAL,1.2,65.0,1.6954539426768784,2026-06-05 05:19:18.264647+00:00
827,2025-08-31,highestBoostedValuePlayers,399,K. Charles,GSV,2.7,23.0,1.774838043963521,2026-06-05 05:19:18.264647+00:00
827,2025-08-31,highestBoostedValuePlayers,596,K. Plum,LAS,0.2,947.0,3.3648573757975058,2026-06-05 05:19:18.264647+00:00
827,2025-08-31,mostCommon3xPlayers,600,A. Clark,DAL,3.0,63.0,0.27049905968345866,2026-06-05 05:19:18.264647+00:00
827,2025-08-31,highestBoostedValuePlayers,604,K. Martin,LAS,2.9,21.0,1.7004015421572587,2026-06-05 05:19:18.264647+00:00
827,2025-08-31,highestBoostedValuePlayers,614,I. Rupert,GSV,1.7,5.0,3.8729454043337426,2026-06-05 05:19:18.264647+00:00
827,2025-08-31,popularPlayers,626,K. Mitchell,IND,0.4,3400.0,1.7401886993717661,2026-06-05 05:19:18.264647+00:00
827,2025-08-31,popularPlayers,627,A. Boston,IND,0.2,3400.0,1.71168948921477,2026-06-05 05:19:18.264647+00:00
827,2025-08-31,popularPlayers,628,T. Fágbénlé,TOR,1.7,763.0,0.9529814427943162,2026-06-05 05:19:18.264647+00:00
827,2025-08-31,popularPlayers,631,L. Hull,IND,1.8,2000.0,1.3019433439997599,2026-06-05 05:19:18.264647+00:00
827,2025-08-31,mostCommon3xPlayers,632,D. Dantas,IND,3.0,58.0,0.09,2026-06-05 05:19:18.264647+00:00
827,2025-08-31,highestBoostedValuePlayers,685,S. Dolson,SEA,3.0,2.0,2.321165478941897,2026-06-05 05:19:18.264647+00:00
827,2025-08-31,highestBoostedValuePlayers,687,E. Engstler,POR,3.0,1.0,1.0730206102427722,2026-06-05 05:19:18.264647+00:00
827,2025-08-31,highestBoostedValuePlayers,691,S. Austin,WAS,0.9,136.0,1.895437456367643,2026-06-05 05:19:18.264647+00:00
827,2025-08-31,highestBoostedValuePlayers,711,A. Stevens,CHI,0.4,220.0,2.5637974608870064,2026-06-05 05:19:18.264647+00:00
827,2025-08-31,highestBoostedValuePlayers,713,J. Allemand,TOR,1.5,103.0,1.7749568793966135,2026-06-05 05:19:18.264647+00:00
827,2025-08-31,highestBoostedValuePlayers,714,R. Burrell,LAS,2.8,2.0,1.2160187149723403,2026-06-05 05:19:18.264647+00:00
827,2025-08-31,popularPlayers,716,C. Brink,LAS,2.3,1300.0,0.9224136856441936,2026-06-05 05:19:18.264647+00:00
827,2025-08-31,highestBoostedValuePlayers,718,D. Hamby,LAS,0.2,1100.0,4.050022616650533,2026-06-05 05:19:18.264647+00:00
827,2025-08-31,highestBoostedValuePlayers,723,R. Jackson,CHI,1.0,38.0,2.0320098749159037,2026-06-05 05:19:18.264647+00:00
827,2025-08-31,highestBoostedValuePlayers,729,J. Melbourne,SEA,3.0,5.0,1.783920085864902,2026-06-05 05:19:18.264647+00:00
827,2025-08-31,highestBoostedValuePlayers,759,V. Burton,GSV,0.5,605.0,4.1098075828237635,2026-06-05 05:19:18.264647+00:00
827,2025-08-31,popularPlayers,760,N. Howard,MIN,1.0,1100.0,1.3823008732861861,2026-06-05 05:19:18.264647+00:00
827,2025-08-31,popularPlayers,762,C. Leite,POR,2.5,414.0,0.8671064007559296,2026-06-05 05:19:18.264647+00:00
827,2025-08-31,highestBoostedValuePlayers,4322741,S. Citron,WAS,0.8,228.0,2.22816634675457,2026-06-05 05:19:18.264647+00:00
827,2025-08-31,highestBoostedValuePlayers,4322743,K. Iriafen,WAS,1.0,228.0,3.8380124215473064,2026-06-05 05:19:18.264647+00:00
827,2025-08-31,highestBoostedValuePlayers,4322761,L. Olsen,WAS,3.0,5.0,1.779829911613256,2026-06-05 05:19:18.264647+00:00
827,2025-08-31,highestBoostedValuePlayers,4322797,J. Salaün,GSV,1.4,135.0,1.7362518225000376,2026-06-05 05:19:18.264647+00:00
830,2025-09-01,popularPlayers,184,G. Williams,GSV,0.6,1100.0,1.6344457494879059,2026-06-05 05:19:18.264647+00:00
830,2025-09-01,highestBoostedValuePlayers,316,A. Okonkwo,ATL,1.5,59.0,2.072308060825984,2026-06-05 05:19:18.264647+00:00
830,2025-09-01,popularPlayers,596,K. Plum,LAS,0.2,2900.0,2.6322060649368004,2026-06-05 05:19:18.264647+00:00
830,2025-09-01,popularPlayers,605,A. Gray,ATL,0.3,1400.0,2.284133914509355,2026-06-05 05:19:18.264647+00:00
830,2025-09-01,highestBoostedValuePlayers,616,R. Howard,ATL,0.3,136.0,4.6403514531775425,2026-06-05 05:19:18.264647+00:00
830,2025-09-01,highestBoostedValuePlayers,617,N. Hillmon,ATL,1.3,64.0,4.667837903681099,2026-06-05 05:19:18.264647+00:00
830,2025-09-01,popularPlayers,622,E. Wheeler,LAS,1.3,815.0,1.4606085817535521,2026-06-05 05:19:18.264647+00:00
830,2025-09-01,highestBoostedValuePlayers,650,N. Collier,MIN,0.0,3400.0,5.022738482431287,2026-06-05 05:19:18.264647+00:00
830,2025-09-01,highestBoostedValuePlayers,652,N. Hiedeman,SEA,2.0,37.0,4.947286888084752,2026-06-05 05:19:18.264647+00:00
830,2025-09-01,highestBoostedValuePlayers,654,C. Williams,MIN,0.4,219.0,4.585264852985341,2026-06-05 05:19:18.264647+00:00
830,2025-09-01,popularPlayers,658,A. Smith,DAL,0.6,1200.0,1.7831005764531764,2026-06-05 05:19:18.264647+00:00
830,2025-09-01,highestBoostedValuePlayers,661,D. Miller,CON,3.0,13.0,2.069055684343116,2026-06-05 05:19:18.264647+00:00
830,2025-09-01,popularPlayers,679,B. Sykes,TOR,0.9,1000.0,1.3428060037223613,2026-06-05 05:19:18.264647+00:00
830,2025-09-01,popularPlayers,689,M. Hines-Allen,IND,1.9,676.0,1.5254928093959335,2026-06-05 05:19:18.264647+00:00
830,2025-09-01,mostCommon3xPlayers,710,L. Brown,SEA,3.0,73.0,0.0,2026-06-05 05:19:18.264647+00:00
830,2025-09-01,popularPlayers,711,A. Stevens,CHI,0.4,1100.0,1.6444909240676184,2026-06-05 05:19:18.264647+00:00
830,2025-09-01,highestBoostedValuePlayers,714,R. Burrell,LAS,2.9,11.0,1.9985137456711697,2026-06-05 05:19:18.264647+00:00
830,2025-09-01,popularPlayers,716,C. Brink,LAS,2.4,1300.0,1.440870631283768,2026-06-05 05:19:18.264647+00:00
830,2025-09-01,highestBoostedValuePlayers,718,D. Hamby,LAS,0.2,361.0,5.662532881057115,2026-06-05 05:19:18.264647+00:00
830,2025-09-01,highestBoostedValuePlayers,723,R. Jackson,CHI,1.0,78.0,2.497918408497618,2026-06-05 05:19:18.264647+00:00
830,2025-09-01,highestBoostedValuePlayers,734,S. Diggins,CHI,0.4,214.0,5.395241933873064,2026-06-05 05:19:18.264647+00:00
830,2025-09-01,highestBoostedValuePlayers,735,E. Magbegor,SEA,0.9,135.0,3.582398077690696,2026-06-05 05:19:18.264647+00:00
830,2025-09-01,highestBoostedValuePlayers,738,N. Ogwumike,LAS,0.3,367.0,4.7170151077574625,2026-06-05 05:19:18.264647+00:00
830,2025-09-01,highestBoostedValuePlayers,744,L. Lacan,CON,1.0,6.0,3.2903577652890696,2026-06-05 05:19:18.264647+00:00
830,2025-09-01,highestBoostedValuePlayers,754,B. Jones,ATL,0.6,92.0,3.680932906961149,2026-06-05 05:19:18.264647+00:00
830,2025-09-01,highestBoostedValuePlayers,765,M. Siegrist,DAL,1.0,65.0,2.6032127770152815,2026-06-05 05:19:18.264647+00:00
830,2025-09-01,popularPlayers,4322740,P. Bueckers,DAL,0.2,1300.0,2.0740785988572017,2026-06-05 05:19:18.264647+00:00
830,2025-09-01,highestBoostedValuePlayers,4322745,A. Morrow,CON,1.8,7.0,1.7554372760810029,2026-06-05 05:19:18.264647+00:00
830,2025-09-01,highestBoostedValuePlayers,4322746,S. Rivers,CON,1.4,8.0,2.4236789654626443,2026-06-05 05:19:18.264647+00:00
830,2025-09-01,mostCommon3xPlayers,4322748,S. Barker,POR,3.0,71.0,0.5086569240491186,2026-06-05 05:19:18.264647+00:00
834,2025-09-02,highestBoostedValuePlayers,303,M. Johannes,NYL,2.6,12.0,1.2601302897944857,2026-06-05 05:19:18.264647+00:00
834,2025-09-02,highestBoostedValuePlayers,399,K. Charles,GSV,2.6,9.0,2.0146821328339946,2026-06-05 05:19:18.264647+00:00
834,2025-09-02,mostCommon3xPlayers,456,L. Held,TOR,3.0,21.0,0.0,2026-06-05 05:19:18.264647+00:00
834,2025-09-02,highestBoostedValuePlayers,604,K. Martin,LAS,2.9,11.0,1.4339660460877333,2026-06-05 05:19:18.264647+00:00
834,2025-09-02,popularPlayers,614,I. Rupert,GSV,1.5,763.0,1.012688727817266,2026-06-05 05:19:18.264647+00:00
834,2025-09-02,highestBoostedValuePlayers,626,K. Mitchell,IND,0.4,576.0,5.411682704938136,2026-06-05 05:19:18.264647+00:00
834,2025-09-02,highestBoostedValuePlayers,627,A. Boston,IND,0.2,617.0,3.2783309449288027,2026-06-05 05:19:18.264647+00:00
834,2025-09-02,highestBoostedValuePlayers,628,T. Fágbénlé,TOR,1.8,95.0,3.4553563410506656,2026-06-05 05:19:18.264647+00:00
834,2025-09-02,highestBoostedValuePlayers,631,L. Hull,IND,1.8,182.0,2.627656286947717,2026-06-05 05:19:18.264647+00:00
834,2025-09-02,highestBoostedValuePlayers,632,D. Dantas,IND,3.0,9.0,1.2570908364514126,2026-06-05 05:19:18.264647+00:00
834,2025-09-02,highestBoostedValuePlayers,639,B. Stewart,NYL,0.2,821.0,2.6711148147105974,2026-06-05 05:19:18.264647+00:00
834,2025-09-02,popularPlayers,643,J. Jones,NYL,0.5,1800.0,1.1147865603496683,2026-06-05 05:19:18.264647+00:00
834,2025-09-02,popularPlayers,647,L. Fiebich,NYL,1.6,690.0,0.9876536806312316,2026-06-05 05:19:18.264647+00:00
834,2025-09-02,highestBoostedValuePlayers,668,N. Mack,PHO,1.6,15.0,2.1471685588311837,2026-06-05 05:19:18.264647+00:00
834,2025-09-02,highestBoostedValuePlayers,670,K. Copper,PHO,1.0,71.0,1.6222756102411797,2026-06-05 05:19:18.264647+00:00
834,2025-09-02,highestBoostedValuePlayers,677,N. Cloud,CHI,0.9,191.0,3.628694653413354,2026-06-05 05:19:18.264647+00:00
834,2025-09-02,highestBoostedValuePlayers,699,B. Turner,LVA,3.0,5.0,1.6221486892632797,2026-06-05 05:19:18.264647+00:00
834,2025-09-02,mostCommon3xPlayers,719,S. Talbot,LVA,3.0,27.0,0.0,2026-06-05 05:19:18.264647+00:00
834,2025-09-02,highestBoostedValuePlayers,736,S. Whitcomb,PHO,1.7,86.0,2.961870748451245,2026-06-05 05:19:18.264647+00:00
834,2025-09-02,highestBoostedValuePlayers,745,A. Thomas,PHO,0.0,2500.0,4.556330378800571,2026-06-05 05:19:18.264647+00:00
834,2025-09-02,highestBoostedValuePlayers,750,D. Bonner,PHO,1.5,131.0,2.9309293810071497,2026-06-05 05:19:18.264647+00:00
834,2025-09-02,highestBoostedValuePlayers,758,S. Sabally,NYL,0.5,293.0,2.0401565472134275,2026-06-05 05:19:18.264647+00:00
834,2025-09-02,highestBoostedValuePlayers,759,V. Burton,GSV,0.5,818.0,3.156793980752617,2026-06-05 05:19:18.264647+00:00
834,2025-09-02,popularPlayers,760,N. Howard,MIN,1.0,1100.0,0.9874720838152021,2026-06-05 05:19:18.264647+00:00
834,2025-09-02,highestBoostedValuePlayers,4322738,M. Akoa Makani,PHO,2.0,118.0,2.2760537288349822,2026-06-05 05:19:18.264647+00:00
834,2025-09-02,popularPlayers,4322797,J. Salaün,GSV,1.4,1400.0,0.9652652704973157,2026-06-05 05:19:18.264647+00:00
836,2025-09-03,highestBoostedValuePlayers,563,M. Caldwell,MIN,2.3,2.0,3.2979570338210538,2026-06-05 05:19:18.264647+00:00
836,2025-09-03,highestBoostedValuePlayers,596,K. Plum,LAS,0.2,1000.0,3.949028497752569,2026-06-05 05:19:18.264647+00:00
836,2025-09-03,highestBoostedValuePlayers,606,J. Canada,ATL,0.7,125.0,4.446421141189874,2026-06-05 05:19:18.264647+00:00
836,2025-09-03,highestBoostedValuePlayers,616,R. Howard,ATL,0.3,961.0,3.711822878043175,2026-06-05 05:19:18.264647+00:00
836,2025-09-03,highestBoostedValuePlayers,617,N. Hillmon,ATL,1.2,134.0,2.9072855325611715,2026-06-05 05:19:18.264647+00:00
836,2025-09-03,highestBoostedValuePlayers,664,B. Griner,CON,1.7,114.0,1.5640891271002215,2026-06-05 05:19:18.264647+00:00
836,2025-09-03,highestBoostedValuePlayers,673,R. Allen,NYL,3.0,16.0,1.468691303193782,2026-06-05 05:19:18.264647+00:00
836,2025-09-03,popularPlayers,682,A. Atkins,LAS,0.8,1000.0,1.3828153230820588,2026-06-05 05:19:18.264647+00:00
836,2025-09-03,mostCommon3xPlayers,683,A. Edwards,CON,3.0,300.0,1.0648949408404067,2026-06-05 05:19:18.264647+00:00
836,2025-09-03,popularPlayers,697,M. Mabrey,TOR,0.9,1500.0,0.8816769154932865,2026-06-05 05:19:18.264647+00:00
836,2025-09-03,highestBoostedValuePlayers,700,M. Onyenwere,WAS,3.0,6.0,1.79591165006988,2026-06-05 05:19:18.264647+00:00
836,2025-09-03,highestBoostedValuePlayers,701,A. Reese,ATL,0.4,956.0,4.5558549399735275,2026-06-05 05:19:18.264647+00:00
836,2025-09-03,highestBoostedValuePlayers,705,K. Cardoso,CHI,0.7,227.0,4.028554891792892,2026-06-05 05:19:18.264647+00:00
836,2025-09-03,highestBoostedValuePlayers,708,E. Williams,CHI,1.6,102.0,1.9646325387037051,2026-06-05 05:19:18.264647+00:00
836,2025-09-03,popularPlayers,711,A. Stevens,CHI,0.5,1200.0,1.991042604470798,2026-06-05 05:19:18.264647+00:00
836,2025-09-03,highestBoostedValuePlayers,713,J. Allemand,TOR,1.6,5.0,1.5292322096785658,2026-06-05 05:19:18.264647+00:00
836,2025-09-03,popularPlayers,716,C. Brink,LAS,2.4,1200.0,0.10450020065991468,2026-06-05 05:19:18.264647+00:00
836,2025-09-03,highestBoostedValuePlayers,718,D. Hamby,LAS,0.2,1400.0,3.356307276445865,2026-06-05 05:19:18.264647+00:00
836,2025-09-03,highestBoostedValuePlayers,725,K. Nurse,TOR,3.0,10.0,1.4021945340000757,2026-06-05 05:19:18.264647+00:00
836,2025-09-03,highestBoostedValuePlayers,741,R. Banham,CHI,2.1,97.0,2.151007151845909,2026-06-05 05:19:18.264647+00:00
836,2025-09-03,popularPlayers,744,L. Lacan,CON,1.0,705.0,1.2270679064232266,2026-06-05 05:19:18.264647+00:00
836,2025-09-03,highestBoostedValuePlayers,754,B. Jones,ATL,0.6,216.0,4.153635702584784,2026-06-05 05:19:18.264647+00:00
836,2025-09-03,popularPlayers,4322745,A. Morrow,CON,1.8,1200.0,0.18411599999999997,2026-06-05 05:19:18.264647+00:00
836,2025-09-03,highestBoostedValuePlayers,4322746,S. Rivers,CON,1.4,111.0,2.4853542083363718,2026-06-05 05:19:18.264647+00:00
836,2025-09-03,highestBoostedValuePlayers,4322755,T. Paopao,ATL,2.6,7.0,1.6528335886233037,2026-06-05 05:19:18.264647+00:00
838,2025-09-04,mostCommon3xPlayers,8,M. Kliundikova,TOR,3.0,33.0,0.885709024803354,2026-06-05 05:19:18.264647+00:00
838,2025-09-04,popularPlayers,399,K. Charles,GSV,2.6,873.0,1.3801028969742413,2026-06-05 05:19:18.264647+00:00
838,2025-09-04,highestBoostedValuePlayers,597,J. Young,LVA,0.3,191.0,4.593317835764882,2026-06-05 05:19:18.264647+00:00
838,2025-09-04,highestBoostedValuePlayers,598,A. Wilson,LVA,0.0,2900.0,6.551603893897409,2026-06-05 05:19:18.264647+00:00
838,2025-09-04,highestBoostedValuePlayers,600,A. Clark,DAL,3.0,2.0,1.956660343835299,2026-06-05 05:19:18.264647+00:00
838,2025-09-04,popularPlayers,602,C. Gray,LVA,0.9,1200.0,2.622852435297802,2026-06-05 05:19:18.264647+00:00
838,2025-09-04,highestBoostedValuePlayers,604,K. Martin,LAS,2.9,11.0,1.640086037630849,2026-06-05 05:19:18.264647+00:00
838,2025-09-04,highestBoostedValuePlayers,614,I. Rupert,GSV,1.6,2.0,2.678737856075376,2026-06-05 05:19:18.264647+00:00
838,2025-09-04,popularPlayers,628,T. Fágbénlé,TOR,1.7,780.0,0.6841694841866651,2026-06-05 05:19:18.264647+00:00
838,2025-09-04,popularPlayers,650,N. Collier,MIN,0.0,4900.0,2.1051390977277142,2026-06-05 05:19:18.264647+00:00
838,2025-09-04,highestBoostedValuePlayers,652,N. Hiedeman,SEA,1.8,94.0,5.29852282328014,2026-06-05 05:19:18.264647+00:00
838,2025-09-04,popularPlayers,653,J. Shepard,DAL,1.4,704.0,0.6755674519101472,2026-06-05 05:19:18.264647+00:00
838,2025-09-04,popularPlayers,654,C. Williams,MIN,0.4,1900.0,2.1070870329338542,2026-06-05 05:19:18.264647+00:00
838,2025-09-04,popularPlayers,658,A. Smith,DAL,0.7,1000.0,1.8928787987351776,2026-06-05 05:19:18.264647+00:00
838,2025-09-04,popularPlayers,660,K. McBride,MIN,0.7,1200.0,2.746252369405837,2026-06-05 05:19:18.264647+00:00
838,2025-09-04,mostCommon3xPlayers,661,D. Miller,CON,3.0,111.0,0.09,2026-06-05 05:19:18.264647+00:00
838,2025-09-04,highestBoostedValuePlayers,663,B. Carleton,POR,1.9,106.0,2.523146213252564,2026-06-05 05:19:18.264647+00:00
838,2025-09-04,highestBoostedValuePlayers,668,N. Mack,PHO,1.6,2.0,3.5042208183789474,2026-06-05 05:19:18.264647+00:00
838,2025-09-04,highestBoostedValuePlayers,670,K. Copper,PHO,1.0,5.0,3.2809650951159646,2026-06-05 05:19:18.264647+00:00
838,2025-09-04,highestBoostedValuePlayers,689,M. Hines-Allen,IND,1.9,6.0,2.7792678759264366,2026-06-05 05:19:18.264647+00:00
838,2025-09-04,highestBoostedValuePlayers,691,S. Austin,WAS,0.9,83.0,3.750577574328416,2026-06-05 05:19:18.264647+00:00
838,2025-09-04,highestBoostedValuePlayers,712,M. Billings,IND,2.0,2.0,2.7855264432070492,2026-06-05 05:19:18.264647+00:00
838,2025-09-04,popularPlayers,726,J. Loyd,LVA,1.2,897.0,1.8975866174234282,2026-06-05 05:19:18.264647+00:00
838,2025-09-04,mostCommon3xPlayers,729,J. Melbourne,SEA,3.0,33.0,0.675780542958581,2026-06-05 05:19:18.264647+00:00
838,2025-09-04,highestBoostedValuePlayers,736,S. Whitcomb,PHO,1.7,91.0,2.207586278142695,2026-06-05 05:19:18.264647+00:00
838,2025-09-04,popularPlayers,745,A. Thomas,PHO,0.0,2500.0,3.3730017221415363,2026-06-05 05:19:18.264647+00:00
838,2025-09-04,highestBoostedValuePlayers,750,D. Bonner,PHO,1.5,7.0,2.5371810832746067,2026-06-05 05:19:18.264647+00:00
838,2025-09-04,popularPlayers,758,S. Sabally,NYL,0.6,1000.0,2.3569533985863913,2026-06-05 05:19:18.264647+00:00
838,2025-09-04,popularPlayers,759,V. Burton,GSV,0.5,3200.0,2.597741365447612,2026-06-05 05:19:18.264647+00:00
838,2025-09-04,highestBoostedValuePlayers,762,C. Leite,POR,2.6,1.0,2.4302191921223124,2026-06-05 05:19:18.264647+00:00
838,2025-09-04,highestBoostedValuePlayers,765,M. Siegrist,DAL,1.0,22.0,2.971524147148999,2026-06-05 05:19:18.264647+00:00
838,2025-09-04,highestBoostedValuePlayers,4322740,P. Bueckers,DAL,0.2,541.0,5.420490409937055,2026-06-05 05:19:18.264647+00:00
838,2025-09-04,popularPlayers,4322741,S. Citron,WAS,0.8,1400.0,1.2780343295172394,2026-06-05 05:19:18.264647+00:00
838,2025-09-04,highestBoostedValuePlayers,4322743,K. Iriafen,WAS,0.9,111.0,2.8940933835607225,2026-06-05 05:19:18.264647+00:00
838,2025-09-04,mostCommon3xPlayers,4322761,L. Olsen,WAS,3.0,56.0,0.6599948416807789,2026-06-05 05:19:18.264647+00:00
838,2025-09-04,popularPlayers,4322797,J. Salaün,GSV,1.4,844.0,2.325131333743801,2026-06-05 05:19:18.264647+00:00
840,2025-09-05,popularPlayers,184,G. Williams,GSV,0.6,1300.0,1.8686915240687474,2026-06-05 05:19:18.264647+00:00
840,2025-09-05,mostCommon3xPlayers,449,R. Gardner,NYL,3.0,163.0,0.7383087419213962,2026-06-05 05:19:18.264647+00:00
840,2025-09-05,highestBoostedValuePlayers,563,M. Caldwell,MIN,2.2,1.0,3.6477963479442383,2026-06-05 05:19:18.264647+00:00
840,2025-09-05,popularPlayers,596,K. Plum,LAS,0.2,2400.0,2.6592881064726357,2026-06-05 05:19:18.264647+00:00
840,2025-09-05,highestBoostedValuePlayers,616,R. Howard,ATL,0.3,1200.0,8.501549947216343,2026-06-05 05:19:18.264647+00:00
840,2025-09-05,highestBoostedValuePlayers,617,N. Hillmon,ATL,1.2,13.0,2.846364903362842,2026-06-05 05:19:18.264647+00:00
840,2025-09-05,highestBoostedValuePlayers,622,E. Wheeler,LAS,1.3,38.0,2.6472906729731234,2026-06-05 05:19:18.264647+00:00
840,2025-09-05,highestBoostedValuePlayers,626,K. Mitchell,IND,0.4,472.0,4.0787751072767735,2026-06-05 05:19:18.264647+00:00
840,2025-09-05,popularPlayers,627,A. Boston,IND,0.2,2100.0,2.559937439654516,2026-06-05 05:19:18.264647+00:00
840,2025-09-05,popularPlayers,631,L. Hull,IND,1.8,1000.0,1.9566058323730628,2026-06-05 05:19:18.264647+00:00
840,2025-09-05,highestBoostedValuePlayers,635,K. Burke,CON,2.0,28.0,2.50536293885615,2026-06-05 05:19:18.264647+00:00
840,2025-09-05,highestBoostedValuePlayers,639,B. Stewart,NYL,0.2,852.0,5.059003202026237,2026-06-05 05:19:18.264647+00:00
840,2025-09-05,popularPlayers,643,J. Jones,NYL,0.5,657.0,1.148934786912126,2026-06-05 05:19:18.264647+00:00
840,2025-09-05,highestBoostedValuePlayers,647,L. Fiebich,NYL,1.6,43.0,3.873903012601289,2026-06-05 05:19:18.264647+00:00
840,2025-09-05,highestBoostedValuePlayers,677,N. Cloud,CHI,0.8,196.0,3.575700382809083,2026-06-05 05:19:18.264647+00:00
840,2025-09-05,highestBoostedValuePlayers,700,M. Onyenwere,WAS,3.0,2.0,1.6327152301600072,2026-06-05 05:19:18.264647+00:00
840,2025-09-05,highestBoostedValuePlayers,705,K. Cardoso,CHI,0.7,267.0,3.2275986291965517,2026-06-05 05:19:18.264647+00:00
840,2025-09-05,highestBoostedValuePlayers,708,E. Williams,CHI,1.6,11.0,2.4681842868113097,2026-06-05 05:19:18.264647+00:00
840,2025-09-05,popularPlayers,711,A. Stevens,CHI,0.5,798.0,0.9758592319034133,2026-06-05 05:19:18.264647+00:00
840,2025-09-05,popularPlayers,716,C. Brink,LAS,2.7,997.0,0.6727922000000001,2026-06-05 05:19:18.264647+00:00
840,2025-09-05,highestBoostedValuePlayers,718,D. Hamby,LAS,0.2,758.0,5.501441590289592,2026-06-05 05:19:18.264647+00:00
840,2025-09-05,mostCommon3xPlayers,719,S. Talbot,LVA,3.0,163.0,0.0,2026-06-05 05:19:18.264647+00:00
840,2025-09-05,highestBoostedValuePlayers,723,R. Jackson,CHI,1.0,16.0,3.0894022089377757,2026-06-05 05:19:18.264647+00:00
840,2025-09-05,highestBoostedValuePlayers,734,S. Diggins,CHI,0.4,303.0,3.6989835742144117,2026-06-05 05:19:18.264647+00:00
840,2025-09-05,popularPlayers,735,E. Magbegor,SEA,0.9,1200.0,1.0929541868601909,2026-06-05 05:19:18.264647+00:00
840,2025-09-05,highestBoostedValuePlayers,738,N. Ogwumike,LAS,0.3,520.0,3.805745623462731,2026-06-05 05:19:18.264647+00:00
840,2025-09-05,highestBoostedValuePlayers,754,B. Jones,ATL,0.6,204.0,3.3706603599960316,2026-06-05 05:19:18.264647+00:00
840,2025-09-05,highestBoostedValuePlayers,760,N. Howard,MIN,1.0,157.0,4.615904678265613,2026-06-05 05:19:18.264647+00:00
840,2025-09-05,popularPlayers,4322742,D. Malonga,SEA,1.7,1000.0,1.5035458469289327,2026-06-05 05:19:18.264647+00:00
840,2025-09-05,highestBoostedValuePlayers,4322755,T. Paopao,ATL,2.5,7.0,2.5309341503195606,2026-06-05 05:19:18.264647+00:00
845,2025-09-06,mostCommon3xPlayers,8,M. Kliundikova,TOR,3.0,332.0,0.4498933,2026-06-05 05:19:18.264647+00:00
845,2025-09-06,highestBoostedValuePlayers,399,K. Charles,GSV,2.6,47.0,3.047564330888086,2026-06-05 05:19:18.264647+00:00
845,2025-09-06,popularPlayers,604,K. Martin,LAS,2.9,622.0,0.9324595811109713,2026-06-05 05:19:18.264647+00:00
845,2025-09-06,highestBoostedValuePlayers,614,I. Rupert,GSV,1.5,8.0,3.194565628454645,2026-06-05 05:19:18.264647+00:00
845,2025-09-06,popularPlayers,628,T. Fágbénlé,TOR,1.7,1000.0,1.0783541125886675,2026-06-05 05:19:18.264647+00:00
845,2025-09-06,highestBoostedValuePlayers,650,N. Collier,MIN,0.0,3500.0,3.3450228154864923,2026-06-05 05:19:18.264647+00:00
845,2025-09-06,highestBoostedValuePlayers,652,N. Hiedeman,SEA,1.7,152.0,4.98443766222683,2026-06-05 05:19:18.264647+00:00
845,2025-09-06,highestBoostedValuePlayers,653,J. Shepard,DAL,1.4,123.0,4.331245831434577,2026-06-05 05:19:18.264647+00:00
845,2025-09-06,highestBoostedValuePlayers,654,C. Williams,MIN,0.4,317.0,2.7791016039311565,2026-06-05 05:19:18.264647+00:00
845,2025-09-06,popularPlayers,658,A. Smith,DAL,0.7,1400.0,0.0,2026-06-05 05:19:18.264647+00:00
845,2025-09-06,popularPlayers,660,K. McBride,MIN,0.7,2200.0,1.5080902598879882,2026-06-05 05:19:18.264647+00:00
845,2025-09-06,highestBoostedValuePlayers,663,B. Carleton,POR,1.9,126.0,1.6615948863265908,2026-06-05 05:19:18.264647+00:00
845,2025-09-06,highestBoostedValuePlayers,668,N. Mack,PHO,1.5,7.0,1.8581301054856114,2026-06-05 05:19:18.264647+00:00
845,2025-09-06,highestBoostedValuePlayers,670,K. Copper,PHO,1.0,26.0,2.101715926706019,2026-06-05 05:19:18.264647+00:00
845,2025-09-06,mostCommon3xPlayers,683,A. Edwards,CON,3.0,256.0,0.8544639092877233,2026-06-05 05:19:18.264647+00:00
845,2025-09-06,highestBoostedValuePlayers,697,M. Mabrey,TOR,1.0,86.0,3.65428143928441,2026-06-05 05:19:18.264647+00:00
845,2025-09-06,popularPlayers,712,M. Billings,IND,1.9,609.0,0.9140226452407502,2026-06-05 05:19:18.264647+00:00
845,2025-09-06,highestBoostedValuePlayers,736,S. Whitcomb,PHO,1.7,59.0,1.8226286445512634,2026-06-05 05:19:18.264647+00:00
845,2025-09-06,highestBoostedValuePlayers,745,A. Thomas,PHO,0.0,856.0,3.9394588516574482,2026-06-05 05:19:18.264647+00:00
845,2025-09-06,highestBoostedValuePlayers,750,D. Bonner,PHO,1.4,87.0,1.954461485440168,2026-06-05 05:19:18.264647+00:00
845,2025-09-06,highestBoostedValuePlayers,758,S. Sabally,NYL,0.6,156.0,2.0120273263587354,2026-06-05 05:19:18.264647+00:00
845,2025-09-06,highestBoostedValuePlayers,759,V. Burton,GSV,0.5,348.0,2.46558439302435,2026-06-05 05:19:18.264647+00:00
845,2025-09-06,highestBoostedValuePlayers,4322738,M. Akoa Makani,PHO,2.0,72.0,1.7888856846829442,2026-06-05 05:19:18.264647+00:00
845,2025-09-06,highestBoostedValuePlayers,4322745,A. Morrow,CON,1.9,16.0,2.562346077022032,2026-06-05 05:19:18.264647+00:00
845,2025-09-06,highestBoostedValuePlayers,4322746,S. Rivers,CON,1.4,74.0,2.2657312678636727,2026-06-05 05:19:18.264647+00:00
845,2025-09-06,mostCommon3xPlayers,4322793,K. Chen,GSV,3.0,59.0,0.0,2026-06-05 05:19:18.264647+00:00
845,2025-09-06,highestBoostedValuePlayers,4322797,J. Salaün,GSV,1.4,145.0,2.5371884893428405,2026-06-05 05:19:18.264647+00:00
848,2025-09-07,highestBoostedValuePlayers,172,O. Sims,DAL,1.3,7.0,2.428955996696484,2026-06-05 05:19:18.264647+00:00
848,2025-09-07,mostCommon3xPlayers,594,K. Bell,LVA,3.0,222.0,-0.3795,2026-06-05 05:19:18.264647+00:00
848,2025-09-07,popularPlayers,596,K. Plum,LAS,0.2,2400.0,1.5386582800541253,2026-06-05 05:19:18.264647+00:00
848,2025-09-07,highestBoostedValuePlayers,597,J. Young,LVA,0.3,229.0,5.671551067823816,2026-06-05 05:19:18.264647+00:00
848,2025-09-07,highestBoostedValuePlayers,598,A. Wilson,LVA,0.0,3900.0,8.015355582562574,2026-06-05 05:19:18.264647+00:00
848,2025-09-07,highestBoostedValuePlayers,602,C. Gray,LVA,0.9,213.0,2.6417806993831046,2026-06-05 05:19:18.264647+00:00
848,2025-09-07,popularPlayers,626,K. Mitchell,IND,0.4,1900.0,0.9146283281074584,2026-06-05 05:19:18.264647+00:00
848,2025-09-07,highestBoostedValuePlayers,627,A. Boston,IND,0.2,211.0,3.623546154314525,2026-06-05 05:19:18.264647+00:00
848,2025-09-07,highestBoostedValuePlayers,632,D. Dantas,IND,3.0,3.0,1.4213856324588077,2026-06-05 05:19:18.264647+00:00
848,2025-09-07,mostCommon3xPlayers,673,R. Allen,NYL,3.0,142.0,0.8029072314122951,2026-06-05 05:19:18.264647+00:00
848,2025-09-07,highestBoostedValuePlayers,689,M. Hines-Allen,IND,1.8,45.0,4.2160449289364,2026-06-05 05:19:18.264647+00:00
848,2025-09-07,popularPlayers,691,S. Austin,WAS,0.9,699.0,1.4632102774151141,2026-06-05 05:19:18.264647+00:00
848,2025-09-07,mostCommon3xPlayers,700,M. Onyenwere,WAS,3.0,141.0,1.239899863251257,2026-06-05 05:19:18.264647+00:00
848,2025-09-07,popularPlayers,701,A. Reese,ATL,0.4,2300.0,0.0,2026-06-05 05:19:18.264647+00:00
848,2025-09-07,highestBoostedValuePlayers,705,K. Cardoso,CHI,0.7,183.0,3.0383538113176063,2026-06-05 05:19:18.264647+00:00
848,2025-09-07,highestBoostedValuePlayers,708,E. Williams,CHI,1.5,69.0,2.0741561205624275,2026-06-05 05:19:18.264647+00:00
848,2025-09-07,highestBoostedValuePlayers,711,A. Stevens,CHI,0.5,121.0,3.387835307243456,2026-06-05 05:19:18.264647+00:00
848,2025-09-07,highestBoostedValuePlayers,713,J. Allemand,TOR,1.6,31.0,6.2764586069859805,2026-06-05 05:19:18.264647+00:00
848,2025-09-07,highestBoostedValuePlayers,714,R. Burrell,LAS,2.9,2.0,3.0458859059753007,2026-06-05 05:19:18.264647+00:00
848,2025-09-07,highestBoostedValuePlayers,716,C. Brink,LAS,2.8,189.0,2.376919061819056,2026-06-05 05:19:18.264647+00:00
848,2025-09-07,highestBoostedValuePlayers,718,D. Hamby,LAS,0.2,264.0,3.761196474312724,2026-06-05 05:19:18.264647+00:00
848,2025-09-07,mostCommon3xPlayers,725,K. Nurse,TOR,3.0,120.0,0.8159385983904462,2026-06-05 05:19:18.264647+00:00
848,2025-09-07,popularPlayers,726,J. Loyd,LVA,1.2,1100.0,1.5927350347622842,2026-06-05 05:19:18.264647+00:00
848,2025-09-07,highestBoostedValuePlayers,741,R. Banham,CHI,2.2,45.0,1.7935841869248317,2026-06-05 05:19:18.264647+00:00
848,2025-09-07,highestBoostedValuePlayers,760,N. Howard,MIN,1.0,109.0,3.1326991365518233,2026-06-05 05:19:18.264647+00:00
848,2025-09-07,popularPlayers,765,M. Siegrist,DAL,1.0,1300.0,2.1632003961219834,2026-06-05 05:19:18.264647+00:00
848,2025-09-07,highestBoostedValuePlayers,4322740,P. Bueckers,DAL,0.2,612.0,3.592939026895539,2026-06-05 05:19:18.264647+00:00
848,2025-09-07,popularPlayers,4322741,S. Citron,WAS,0.8,1100.0,1.5544553990421983,2026-06-05 05:19:18.264647+00:00
848,2025-09-07,popularPlayers,4322743,K. Iriafen,WAS,0.9,1100.0,1.2621180786882042,2026-06-05 05:19:18.264647+00:00
848,2025-09-07,mostCommon3xPlayers,4322754,M. Westbeld,CHI,3.0,106.0,0.7602723827001572,2026-06-05 05:19:18.264647+00:00
852,2025-09-08,highestBoostedValuePlayers,563,M. Caldwell,MIN,2.1,131.0,2.6994233017658846,2026-06-05 05:19:18.264647+00:00
852,2025-09-08,highestBoostedValuePlayers,605,A. Gray,ATL,0.3,584.0,2.7633576532334243,2026-06-05 05:19:18.264647+00:00
852,2025-09-08,highestBoostedValuePlayers,606,J. Canada,ATL,0.6,123.0,2.3133619301020247,2026-06-05 05:19:18.264647+00:00
852,2025-09-08,highestBoostedValuePlayers,609,N. Coffey,MIN,3.0,89.0,0.41784,2026-06-05 05:19:18.264647+00:00
852,2025-09-08,highestBoostedValuePlayers,616,R. Howard,ATL,0.2,3000.0,3.9739724049523883,2026-06-05 05:19:18.264647+00:00
852,2025-09-08,highestBoostedValuePlayers,617,N. Hillmon,ATL,1.2,321.0,3.695413215170454,2026-06-05 05:19:18.264647+00:00
852,2025-09-08,highestBoostedValuePlayers,649,S. Koné,ATL,3.0,4.0,0.3089482820190799,2026-06-05 05:19:18.264647+00:00
852,2025-09-08,highestBoostedValuePlayers,664,B. Griner,CON,1.7,207.0,1.9917535278341707,2026-06-05 05:19:18.264647+00:00
852,2025-09-08,highestBoostedValuePlayers,683,A. Edwards,CON,3.0,131.0,1.0387230289173206,2026-06-05 05:19:18.264647+00:00
852,2025-09-08,highestBoostedValuePlayers,697,M. Mabrey,TOR,1.0,282.0,1.4404743820773647,2026-06-05 05:19:18.264647+00:00
852,2025-09-08,popularPlayers,744,L. Lacan,CON,1.0,86.0,0.0,2026-06-05 05:19:18.264647+00:00
852,2025-09-08,popularPlayers,749,O. Nelson-Ododa,CON,1.5,75.0,0.0,2026-06-05 05:19:18.264647+00:00
852,2025-09-08,highestBoostedValuePlayers,754,B. Jones,ATL,0.6,545.0,1.95009852392386,2026-06-05 05:19:18.264647+00:00
852,2025-09-08,highestBoostedValuePlayers,4322745,A. Morrow,CON,1.9,146.0,2.484479413706992,2026-06-05 05:19:18.264647+00:00
852,2025-09-08,highestBoostedValuePlayers,4322746,S. Rivers,CON,1.4,163.0,3.1524605948513025,2026-06-05 05:19:18.264647+00:00
852,2025-09-08,highestBoostedValuePlayers,4322755,T. Paopao,ATL,2.5,148.0,0.8530053480302345,2026-06-05 05:19:18.264647+00:00
854,2025-09-09,highestBoostedValuePlayers,8,M. Kliundikova,TOR,3.0,2.0,1.9876293859973182,2026-06-05 05:19:18.264647+00:00
854,2025-09-09,popularPlayers,184,G. Williams,GSV,0.6,973.0,1.1397221712513554,2026-06-05 05:19:18.264647+00:00
854,2025-09-09,highestBoostedValuePlayers,373,K. Westbeld,PHO,3.0,2.0,1.9244678542970506,2026-06-05 05:19:18.264647+00:00
854,2025-09-09,highestBoostedValuePlayers,399,K. Charles,GSV,2.4,3.0,3.0344911791309914,2026-06-05 05:19:18.264647+00:00
854,2025-09-09,highestBoostedValuePlayers,597,J. Young,LVA,0.3,217.0,4.414479283305076,2026-06-05 05:19:18.264647+00:00
854,2025-09-09,popularPlayers,598,A. Wilson,LVA,0.0,5500.0,2.9652345766424655,2026-06-05 05:19:18.264647+00:00
854,2025-09-09,mostCommon3xPlayers,600,A. Clark,DAL,3.0,22.0,1.0978528175977942,2026-06-05 05:19:18.264647+00:00
854,2025-09-09,highestBoostedValuePlayers,602,C. Gray,LVA,0.9,173.0,3.228203809310391,2026-06-05 05:19:18.264647+00:00
854,2025-09-09,highestBoostedValuePlayers,622,E. Wheeler,LAS,1.3,22.0,3.2642983072234335,2026-06-05 05:19:18.264647+00:00
854,2025-09-09,popularPlayers,626,K. Mitchell,IND,0.4,1500.0,2.923231467060508,2026-06-05 05:19:18.264647+00:00
854,2025-09-09,popularPlayers,627,A. Boston,IND,0.2,1500.0,3.291975095845654,2026-06-05 05:19:18.264647+00:00
854,2025-09-09,highestBoostedValuePlayers,628,T. Fágbénlé,TOR,1.8,1.0,3.494311417072006,2026-06-05 05:19:18.264647+00:00
854,2025-09-09,highestBoostedValuePlayers,629,N. Smith,LVA,2.1,1.0,2.254270603086004,2026-06-05 05:19:18.264647+00:00
854,2025-09-09,highestBoostedValuePlayers,631,L. Hull,IND,1.8,4.0,2.2070696387400326,2026-06-05 05:19:18.264647+00:00
854,2025-09-09,popularPlayers,637,S. Ionescu,NYL,0.2,1800.0,2.438817870021141,2026-06-05 05:19:18.264647+00:00
854,2025-09-09,popularPlayers,639,B. Stewart,NYL,0.2,1500.0,3.6371223995900297,2026-06-05 05:19:18.264647+00:00
854,2025-09-09,popularPlayers,652,N. Hiedeman,SEA,1.6,953.0,1.2926165607115883,2026-06-05 05:19:18.264647+00:00
854,2025-09-09,highestBoostedValuePlayers,653,J. Shepard,DAL,1.3,22.0,3.0284940049662534,2026-06-05 05:19:18.264647+00:00
854,2025-09-09,popularPlayers,654,C. Williams,MIN,0.4,1300.0,2.4379135518158246,2026-06-05 05:19:18.264647+00:00
854,2025-09-09,highestBoostedValuePlayers,698,D. Evans,LVA,2.5,1.0,3.4785308632176055,2026-06-05 05:19:18.264647+00:00
854,2025-09-09,mostCommon3xPlayers,700,M. Onyenwere,WAS,3.0,66.0,1.6062027221975905,2026-06-05 05:19:18.264647+00:00
854,2025-09-09,popularPlayers,705,K. Cardoso,CHI,0.7,830.0,2.7265783930193996,2026-06-05 05:19:18.264647+00:00
854,2025-09-09,popularPlayers,711,A. Stevens,CHI,0.5,883.0,2.8354870840887525,2026-06-05 05:19:18.264647+00:00
854,2025-09-09,highestBoostedValuePlayers,714,R. Burrell,LAS,2.7,2.0,4.435672789420868,2026-06-05 05:19:18.264647+00:00
854,2025-09-09,popularPlayers,716,C. Brink,LAS,2.6,1200.0,1.539305579927182,2026-06-05 05:19:18.264647+00:00
854,2025-09-09,highestBoostedValuePlayers,718,D. Hamby,LAS,0.2,261.0,5.322672982268293,2026-06-05 05:19:18.264647+00:00
854,2025-09-09,mostCommon3xPlayers,725,K. Nurse,TOR,3.0,25.0,0.9120996927395231,2026-06-05 05:19:18.264647+00:00
854,2025-09-09,highestBoostedValuePlayers,726,J. Loyd,LVA,1.2,23.0,3.529090562317897,2026-06-05 05:19:18.264647+00:00
854,2025-09-09,popularPlayers,734,S. Diggins,CHI,0.4,1300.0,2.2494443159700652,2026-06-05 05:19:18.264647+00:00
854,2025-09-09,popularPlayers,738,N. Ogwumike,LAS,0.3,1600.0,2.822132372749877,2026-06-05 05:19:18.264647+00:00
854,2025-09-09,highestBoostedValuePlayers,745,A. Thomas,PHO,0.0,492.0,4.246139058849029,2026-06-05 05:19:18.264647+00:00
854,2025-09-09,highestBoostedValuePlayers,758,S. Sabally,NYL,0.6,57.0,5.15701068686918,2026-06-05 05:19:18.264647+00:00
854,2025-09-09,highestBoostedValuePlayers,759,V. Burton,GSV,0.5,191.0,3.903735204923299,2026-06-05 05:19:18.264647+00:00
854,2025-09-09,highestBoostedValuePlayers,4322741,S. Citron,WAS,0.8,17.0,3.106155755888575,2026-06-05 05:19:18.264647+00:00
854,2025-09-09,highestBoostedValuePlayers,4322797,J. Salaün,GSV,1.4,13.0,4.585888141384554,2026-06-05 05:19:18.264647+00:00
855,2025-09-10,highestBoostedValuePlayers,563,M. Caldwell,MIN,2.0,112.0,1.0352832332748803,2026-06-05 05:19:18.264647+00:00
855,2025-09-10,highestBoostedValuePlayers,605,A. Gray,ATL,0.3,975.0,2.7854418094814952,2026-06-05 05:19:18.264647+00:00
855,2025-09-10,highestBoostedValuePlayers,606,J. Canada,ATL,0.6,214.0,0.940503783436609,2026-06-05 05:19:18.264647+00:00
855,2025-09-10,highestBoostedValuePlayers,609,N. Coffey,MIN,3.0,94.0,1.8761790088604469,2026-06-05 05:19:18.264647+00:00
855,2025-09-10,highestBoostedValuePlayers,616,R. Howard,ATL,0.2,2300.0,3.1836586524811215,2026-06-05 05:19:18.264647+00:00
855,2025-09-10,highestBoostedValuePlayers,617,N. Hillmon,ATL,1.1,418.0,1.5098979716918712,2026-06-05 05:19:18.264647+00:00
855,2025-09-10,popularPlayers,649,S. Koné,ATL,3.0,32.0,0.0,2026-06-05 05:19:18.264647+00:00
855,2025-09-10,highestBoostedValuePlayers,664,B. Griner,CON,1.7,143.0,3.6810182627491437,2026-06-05 05:19:18.264647+00:00
855,2025-09-10,highestBoostedValuePlayers,683,A. Edwards,CON,3.0,94.0,2.502976662740935,2026-06-05 05:19:18.264647+00:00
855,2025-09-10,highestBoostedValuePlayers,697,M. Mabrey,TOR,1.0,206.0,2.496646909656167,2026-06-05 05:19:18.264647+00:00
855,2025-09-10,highestBoostedValuePlayers,749,O. Nelson-Ododa,CON,1.5,,0.0,2026-06-05 05:19:18.264647+00:00
855,2025-09-10,highestBoostedValuePlayers,754,B. Jones,ATL,0.6,344.0,1.9829580820322878,2026-06-05 05:19:18.264647+00:00
855,2025-09-10,highestBoostedValuePlayers,4322745,A. Morrow,CON,1.8,155.0,2.252311376252274,2026-06-05 05:19:18.264647+00:00
855,2025-09-10,highestBoostedValuePlayers,4322746,S. Rivers,CON,1.3,180.0,2.091001789692122,2026-06-05 05:19:18.264647+00:00
855,2025-09-10,highestBoostedValuePlayers,4322755,T. Paopao,ATL,2.5,136.0,2.375248571393796,2026-06-05 05:19:18.264647+00:00
858,2025-09-11,highestBoostedValuePlayers,316,A. Okonkwo,ATL,2.1,3.0,4.694746913322511,2026-06-05 05:19:18.264647+00:00
858,2025-09-11,mostCommon3xPlayers,373,K. Westbeld,PHO,3.0,182.0,1.1879383239462649,2026-06-05 05:19:18.264647+00:00
858,2025-09-11,highestBoostedValuePlayers,449,R. Gardner,NYL,3.0,1.0,3.2499356531147234,2026-06-05 05:19:18.264647+00:00
858,2025-09-11,popularPlayers,596,K. Plum,LAS,0.3,2000.0,2.5251725139374033,2026-06-05 05:19:18.264647+00:00
858,2025-09-11,highestBoostedValuePlayers,597,J. Young,LVA,0.3,211.0,5.555318231946825,2026-06-05 05:19:18.264647+00:00
858,2025-09-11,highestBoostedValuePlayers,598,A. Wilson,LVA,0.0,3300.0,7.254441297884467,2026-06-05 05:19:18.264647+00:00
858,2025-09-11,mostCommon3xPlayers,599,M. Gustafson,POR,3.0,128.0,0.715385126616118,2026-06-05 05:19:18.264647+00:00
858,2025-09-11,highestBoostedValuePlayers,602,C. Gray,LVA,0.9,168.0,6.345950616885776,2026-06-05 05:19:18.264647+00:00
858,2025-09-11,highestBoostedValuePlayers,629,N. Smith,LVA,2.1,34.0,2.4221952957630593,2026-06-05 05:19:18.264647+00:00
858,2025-09-11,popularPlayers,637,S. Ionescu,NYL,0.2,1600.0,3.9972048353126635,2026-06-05 05:19:18.264647+00:00
858,2025-09-11,highestBoostedValuePlayers,639,B. Stewart,NYL,0.2,234.0,5.255922507702332,2026-06-05 05:19:18.264647+00:00
858,2025-09-11,highestBoostedValuePlayers,650,N. Collier,MIN,0.0,109.0,4.8047411604975965,2026-06-05 05:19:18.264647+00:00
858,2025-09-11,highestBoostedValuePlayers,652,N. Hiedeman,SEA,1.6,19.0,3.9123477877632578,2026-06-05 05:19:18.264647+00:00
858,2025-09-11,highestBoostedValuePlayers,653,J. Shepard,DAL,1.3,24.0,3.469839385759827,2026-06-05 05:19:18.264647+00:00
858,2025-09-11,popularPlayers,654,C. Williams,MIN,0.4,920.0,2.7018500510848384,2026-06-05 05:19:18.264647+00:00
858,2025-09-11,popularPlayers,658,A. Smith,DAL,0.7,701.0,1.57165995249963,2026-06-05 05:19:18.264647+00:00
858,2025-09-11,popularPlayers,660,K. McBride,MIN,0.7,719.0,1.7090440364209931,2026-06-05 05:19:18.264647+00:00
858,2025-09-11,highestBoostedValuePlayers,661,D. Miller,CON,3.0,9.0,2.0997714191893624,2026-06-05 05:19:18.264647+00:00
858,2025-09-11,popularPlayers,677,N. Cloud,CHI,0.8,717.0,0.2990167183427091,2026-06-05 05:19:18.264647+00:00
858,2025-09-11,highestBoostedValuePlayers,689,M. Hines-Allen,IND,1.7,29.0,2.8937586031811136,2026-06-05 05:19:18.264647+00:00
858,2025-09-11,mostCommon3xPlayers,700,M. Onyenwere,WAS,3.0,158.0,0.9775968727027887,2026-06-05 05:19:18.264647+00:00
858,2025-09-11,highestBoostedValuePlayers,705,K. Cardoso,CHI,0.7,138.0,4.144921597669495,2026-06-05 05:19:18.264647+00:00
858,2025-09-11,popularPlayers,711,A. Stevens,CHI,0.5,946.0,2.211350205525982,2026-06-05 05:19:18.264647+00:00
858,2025-09-11,popularPlayers,716,C. Brink,LAS,2.6,1200.0,0.4626586243831843,2026-06-05 05:19:18.264647+00:00
858,2025-09-11,popularPlayers,718,D. Hamby,LAS,0.2,2000.0,2.707302965280219,2026-06-05 05:19:18.264647+00:00
858,2025-09-11,highestBoostedValuePlayers,726,J. Loyd,LVA,1.1,63.0,3.82875016617033,2026-06-05 05:19:18.264647+00:00
858,2025-09-11,highestBoostedValuePlayers,741,R. Banham,CHI,2.2,1.0,3.3144253684567726,2026-06-05 05:19:18.264647+00:00
858,2025-09-11,popularPlayers,745,A. Thomas,PHO,0.0,2200.0,1.5441736342322205,2026-06-05 05:19:18.264647+00:00
858,2025-09-11,highestBoostedValuePlayers,758,S. Sabally,NYL,0.6,136.0,3.3998412786527097,2026-06-05 05:19:18.264647+00:00
858,2025-09-11,popularPlayers,759,V. Burton,GSV,0.5,1200.0,3.3883000334276847,2026-06-05 05:19:18.264647+00:00
858,2025-09-11,highestBoostedValuePlayers,4322740,P. Bueckers,DAL,0.2,472.0,5.889424401751708,2026-06-05 05:19:18.264647+00:00
858,2025-09-11,highestBoostedValuePlayers,4322748,S. Barker,POR,3.0,19.0,2.1627990455931774,2026-06-05 05:19:18.264647+00:00
858,2025-09-11,highestBoostedValuePlayers,4322750,A. James,DAL,2.4,6.0,4.076073547147839,2026-06-05 05:19:18.264647+00:00
858,2025-09-11,mostCommon3xPlayers,4322751,A. Nye,ATL,3.0,143.0,1.603959492741568,2026-06-05 05:19:18.264647+00:00
858,2025-09-11,highestBoostedValuePlayers,4322754,M. Westbeld,CHI,3.0,1.0,5.128254722919473,2026-06-05 05:19:18.264647+00:00
858,2025-09-11,popularPlayers,4322797,J. Salaün,GSV,1.3,774.0,1.9496617024220626,2026-06-05 05:19:18.264647+00:00
868,2025-09-14,popularPlayers,184,G. Williams,GSV,0.7,1200.0,2.0109646488334305,2026-06-05 05:19:18.264647+00:00
868,2025-09-14,highestBoostedValuePlayers,597,J. Young,LVA,0.3,174.0,4.719606965542961,2026-06-05 05:19:18.264647+00:00
868,2025-09-14,highestBoostedValuePlayers,598,A. Wilson,LVA,0.0,3900.0,5.0066382889948,2026-06-05 05:19:18.264647+00:00
868,2025-09-14,mostCommon3xPlayers,599,M. Gustafson,POR,3.0,71.0,0.27,2026-06-05 05:19:18.264647+00:00
868,2025-09-14,highestBoostedValuePlayers,602,C. Gray,LVA,0.8,190.0,2.6840506360716887,2026-06-05 05:19:18.264647+00:00
868,2025-09-14,mostCommon3xPlayers,603,K. Stokes,GSV,3.0,67.0,0.0,2026-06-05 05:19:18.264647+00:00
868,2025-09-14,highestBoostedValuePlayers,604,K. Martin,LAS,3.0,1.0,1.760267314287717,2026-06-05 05:19:18.264647+00:00
868,2025-09-14,highestBoostedValuePlayers,605,A. Gray,ATL,0.3,189.0,3.896470091757652,2026-06-05 05:19:18.264647+00:00
868,2025-09-14,popularPlayers,616,R. Howard,ATL,0.2,2200.0,3.217287017314281,2026-06-05 05:19:18.264647+00:00
868,2025-09-14,highestBoostedValuePlayers,617,N. Hillmon,ATL,1.2,14.0,4.677174912479752,2026-06-05 05:19:18.264647+00:00
868,2025-09-14,highestBoostedValuePlayers,626,K. Mitchell,IND,0.4,170.0,4.2442388827989745,2026-06-05 05:19:18.264647+00:00
868,2025-09-14,popularPlayers,627,A. Boston,IND,0.2,1600.0,2.468217990964408,2026-06-05 05:19:18.264647+00:00
868,2025-09-14,highestBoostedValuePlayers,628,T. Fágbénlé,TOR,1.7,2.0,2.115255511862421,2026-06-05 05:19:18.264647+00:00
868,2025-09-14,highestBoostedValuePlayers,629,N. Smith,LVA,2.0,25.0,3.1166920264094573,2026-06-05 05:19:18.264647+00:00
868,2025-09-14,popularPlayers,631,L. Hull,IND,1.8,995.0,1.225566790986174,2026-06-05 05:19:18.264647+00:00
868,2025-09-14,popularPlayers,637,S. Ionescu,NYL,0.2,2600.0,3.0100291023683217,2026-06-05 05:19:18.264647+00:00
868,2025-09-14,highestBoostedValuePlayers,639,B. Stewart,NYL,0.2,294.0,3.762736124465621,2026-06-05 05:19:18.264647+00:00
868,2025-09-14,highestBoostedValuePlayers,643,J. Jones,NYL,0.6,19.0,2.8247190821701054,2026-06-05 05:19:18.264647+00:00
868,2025-09-14,popularPlayers,650,N. Collier,MIN,0.0,4100.0,3.252081417036257,2026-06-05 05:19:18.264647+00:00
868,2025-09-14,highestBoostedValuePlayers,652,N. Hiedeman,SEA,1.5,11.0,3.026955179745601,2026-06-05 05:19:18.264647+00:00
868,2025-09-14,highestBoostedValuePlayers,653,J. Shepard,DAL,1.3,2.0,3.3895758658016315,2026-06-05 05:19:18.264647+00:00
868,2025-09-14,popularPlayers,654,C. Williams,MIN,0.4,839.0,2.9846892626947774,2026-06-05 05:19:18.264647+00:00
868,2025-09-14,highestBoostedValuePlayers,677,N. Cloud,CHI,0.9,42.0,5.347655028356524,2026-06-05 05:19:18.264647+00:00
868,2025-09-14,highestBoostedValuePlayers,698,D. Evans,LVA,2.4,11.0,3.484177952901833,2026-06-05 05:19:18.264647+00:00
868,2025-09-14,mostCommon3xPlayers,709,Z. Cooke,SEA,3.0,74.0,0.23215220321942373,2026-06-05 05:19:18.264647+00:00
868,2025-09-14,mostCommon3xPlayers,710,L. Brown,SEA,3.0,62.0,0.626780054693406,2026-06-05 05:19:18.264647+00:00
868,2025-09-14,highestBoostedValuePlayers,726,J. Loyd,LVA,1.1,72.0,2.9988791135735866,2026-06-05 05:19:18.264647+00:00
868,2025-09-14,popularPlayers,734,S. Diggins,CHI,0.4,1400.0,1.6196696324963922,2026-06-05 05:19:18.264647+00:00
868,2025-09-14,highestBoostedValuePlayers,736,S. Whitcomb,PHO,1.7,14.0,2.1467896565087887,2026-06-05 05:19:18.264647+00:00
868,2025-09-14,popularPlayers,738,N. Ogwumike,LAS,0.3,1700.0,1.6804813923636464,2026-06-05 05:19:18.264647+00:00
868,2025-09-14,popularPlayers,745,A. Thomas,PHO,0.1,2700.0,3.2890422774294983,2026-06-05 05:19:18.264647+00:00
868,2025-09-14,highestBoostedValuePlayers,750,D. Bonner,PHO,1.5,3.0,2.458362941178572,2026-06-05 05:19:18.264647+00:00
868,2025-09-14,highestBoostedValuePlayers,754,B. Jones,ATL,0.6,118.0,2.9724033662802074,2026-06-05 05:19:18.264647+00:00
868,2025-09-14,popularPlayers,758,S. Sabally,NYL,0.6,1200.0,2.0301073095879874,2026-06-05 05:19:18.264647+00:00
868,2025-09-14,popularPlayers,759,V. Burton,GSV,0.5,1100.0,2.648145050906294,2026-06-05 05:19:18.264647+00:00
868,2025-09-14,highestBoostedValuePlayers,4322742,D. Malonga,SEA,1.7,22.0,3.063433581774106,2026-06-05 05:19:18.264647+00:00
868,2025-09-14,mostCommon3xPlayers,4322751,A. Nye,ATL,3.0,80.0,0.09,2026-06-05 05:19:18.264647+00:00
873,2025-09-16,popularPlayers,184,G. Williams,GSV,0.7,1400.0,1.1360697378663775,2026-06-05 05:19:18.264647+00:00
873,2025-09-16,highestBoostedValuePlayers,594,K. Bell,LVA,3.0,15.0,0.9559904207788097,2026-06-05 05:19:18.264647+00:00
873,2025-09-16,highestBoostedValuePlayers,597,J. Young,LVA,0.3,290.0,4.690884919706511,2026-06-05 05:19:18.264647+00:00
873,2025-09-16,highestBoostedValuePlayers,598,A. Wilson,LVA,0.0,5200.0,4.943716929609602,2026-06-05 05:19:18.264647+00:00
873,2025-09-16,mostCommon3xPlayers,599,M. Gustafson,POR,3.0,85.0,0.0,2026-06-05 05:19:18.264647+00:00
873,2025-09-16,highestBoostedValuePlayers,602,C. Gray,LVA,0.8,225.0,2.389924678681786,2026-06-05 05:19:18.264647+00:00
873,2025-09-16,mostCommon3xPlayers,603,K. Stokes,GSV,3.0,102.0,0.0,2026-06-05 05:19:18.264647+00:00
873,2025-09-16,highestBoostedValuePlayers,605,A. Gray,ATL,0.3,258.0,1.971543948508836,2026-06-05 05:19:18.264647+00:00
873,2025-09-16,highestBoostedValuePlayers,606,J. Canada,ATL,0.7,74.0,1.7064619998892014,2026-06-05 05:19:18.264647+00:00
873,2025-09-16,popularPlayers,616,R. Howard,ATL,0.2,2700.0,1.4474805956315697,2026-06-05 05:19:18.264647+00:00
873,2025-09-16,highestBoostedValuePlayers,617,N. Hillmon,ATL,1.2,158.0,1.5145066837430061,2026-06-05 05:19:18.264647+00:00
873,2025-09-16,highestBoostedValuePlayers,622,E. Wheeler,LAS,1.3,103.0,2.4801482180943224,2026-06-05 05:19:18.264647+00:00
873,2025-09-16,highestBoostedValuePlayers,626,K. Mitchell,IND,0.4,298.0,3.1964633475115725,2026-06-05 05:19:18.264647+00:00
873,2025-09-16,highestBoostedValuePlayers,627,A. Boston,IND,0.2,266.0,2.5164419031007172,2026-06-05 05:19:18.264647+00:00
873,2025-09-16,highestBoostedValuePlayers,629,N. Smith,LVA,2.0,36.0,2.320665669156121,2026-06-05 05:19:18.264647+00:00
873,2025-09-16,popularPlayers,631,L. Hull,IND,1.8,1400.0,0.8121628243630946,2026-06-05 05:19:18.264647+00:00
873,2025-09-16,popularPlayers,679,B. Sykes,TOR,0.9,1000.0,0.286578963338385,2026-06-05 05:19:18.264647+00:00
873,2025-09-16,highestBoostedValuePlayers,699,B. Turner,LVA,3.0,2.0,1.3330765236334134,2026-06-05 05:19:18.264647+00:00
873,2025-09-16,highestBoostedValuePlayers,726,J. Loyd,LVA,1.1,164.0,2.086491466745538,2026-06-05 05:19:18.264647+00:00
873,2025-09-16,highestBoostedValuePlayers,734,S. Diggins,CHI,0.4,170.0,4.523052127872746,2026-06-05 05:19:18.264647+00:00
873,2025-09-16,highestBoostedValuePlayers,735,E. Magbegor,SEA,1.0,112.0,1.8514875789696084,2026-06-05 05:19:18.264647+00:00
873,2025-09-16,highestBoostedValuePlayers,738,N. Ogwumike,LAS,0.3,246.0,4.695188203599457,2026-06-05 05:19:18.264647+00:00
873,2025-09-16,popularPlayers,754,B. Jones,ATL,0.6,1300.0,1.5712745232434178,2026-06-05 05:19:18.264647+00:00
873,2025-09-16,highestBoostedValuePlayers,760,N. Howard,MIN,1.0,100.0,2.1732524401702746,2026-06-05 05:19:18.264647+00:00
873,2025-09-16,highestBoostedValuePlayers,4322742,D. Malonga,SEA,1.7,32.0,3.1754879583235804,2026-06-05 05:19:18.264647+00:00
873,2025-09-16,mostCommon3xPlayers,4322751,A. Nye,ATL,3.0,86.0,0.0,2026-06-05 05:19:18.264647+00:00
873,2025-09-16,highestBoostedValuePlayers,4322755,T. Paopao,ATL,2.4,5.0,1.6653069106604237,2026-06-05 05:19:18.264647+00:00
873,2025-09-16,highestBoostedValuePlayers,4322756,M. Timpson,IND,3.0,3.0,1.556972406880441,2026-06-05 05:19:18.264647+00:00
877,2025-09-17,mostCommon3xPlayers,8,M. Kliundikova,TOR,3.0,122.0,0.0,2026-06-05 05:19:18.264647+00:00
877,2025-09-17,highestBoostedValuePlayers,373,K. Westbeld,PHO,3.0,1.0,2.1121210625454703,2026-06-05 05:19:18.264647+00:00
877,2025-09-17,highestBoostedValuePlayers,399,K. Charles,GSV,2.3,27.0,2.3142353665361326,2026-06-05 05:19:18.264647+00:00
877,2025-09-17,mostCommon3xPlayers,449,R. Gardner,NYL,3.0,9.0,0.3887887468650219,2026-06-05 05:19:18.264647+00:00
877,2025-09-17,mostCommon3xPlayers,604,K. Martin,LAS,3.0,262.0,0.7428877035748236,2026-06-05 05:19:18.264647+00:00
877,2025-09-17,highestBoostedValuePlayers,614,I. Rupert,GSV,1.5,21.0,1.5717485201872166,2026-06-05 05:19:18.264647+00:00
877,2025-09-17,popularPlayers,628,T. Fágbénlé,TOR,1.7,886.0,0.0,2026-06-05 05:19:18.264647+00:00
877,2025-09-17,popularPlayers,637,S. Ionescu,NYL,0.2,3300.0,2.096482533698163,2026-06-05 05:19:18.264647+00:00
877,2025-09-17,highestBoostedValuePlayers,643,J. Jones,NYL,0.6,150.0,2.28713708182301,2026-06-05 05:19:18.264647+00:00
877,2025-09-17,popularPlayers,647,L. Fiebich,NYL,1.6,538.0,0.8853086969342734,2026-06-05 05:19:18.264647+00:00
877,2025-09-17,highestBoostedValuePlayers,650,N. Collier,MIN,0.0,3900.0,4.0453300118715685,2026-06-05 05:19:18.264647+00:00
877,2025-09-17,highestBoostedValuePlayers,652,N. Hiedeman,SEA,1.5,218.0,1.7903509014291024,2026-06-05 05:19:18.264647+00:00
877,2025-09-17,popularPlayers,653,J. Shepard,DAL,1.3,1200.0,0.4112733,2026-06-05 05:19:18.264647+00:00
877,2025-09-17,popularPlayers,654,C. Williams,MIN,0.4,2300.0,1.5927872008530308,2026-06-05 05:19:18.264647+00:00
877,2025-09-17,highestBoostedValuePlayers,657,C. Zandalasini,GSV,1.3,8.0,1.7225795073528323,2026-06-05 05:19:18.264647+00:00
877,2025-09-17,popularPlayers,658,A. Smith,DAL,0.7,1500.0,1.0102847345982149,2026-06-05 05:19:18.264647+00:00
877,2025-09-17,highestBoostedValuePlayers,660,K. McBride,MIN,0.7,162.0,3.6583217881503227,2026-06-05 05:19:18.264647+00:00
877,2025-09-17,highestBoostedValuePlayers,663,B. Carleton,POR,1.9,106.0,1.7868481825979992,2026-06-05 05:19:18.264647+00:00
877,2025-09-17,highestBoostedValuePlayers,668,N. Mack,PHO,1.6,1.0,1.612980843062014,2026-06-05 05:19:18.264647+00:00
877,2025-09-17,highestBoostedValuePlayers,670,K. Copper,PHO,1.1,13.0,2.0849837674392746,2026-06-05 05:19:18.264647+00:00
877,2025-09-17,popularPlayers,677,N. Cloud,CHI,0.9,2100.0,1.265021775377563,2026-06-05 05:19:18.264647+00:00
877,2025-09-17,highestBoostedValuePlayers,712,M. Billings,IND,2.0,24.0,2.736651681469801,2026-06-05 05:19:18.264647+00:00
877,2025-09-17,highestBoostedValuePlayers,736,S. Whitcomb,PHO,1.7,76.0,1.8228497964076291,2026-06-05 05:19:18.264647+00:00
877,2025-09-17,highestBoostedValuePlayers,745,A. Thomas,PHO,0.1,737.0,3.2370184609703503,2026-06-05 05:19:18.264647+00:00
877,2025-09-17,highestBoostedValuePlayers,750,D. Bonner,PHO,1.5,81.0,3.4770833671808763,2026-06-05 05:19:18.264647+00:00
877,2025-09-17,highestBoostedValuePlayers,753,D. Carrington,CHI,1.7,34.0,1.4730904858451241,2026-06-05 05:19:18.264647+00:00
877,2025-09-17,highestBoostedValuePlayers,758,S. Sabally,NYL,0.6,150.0,3.871583914658939,2026-06-05 05:19:18.264647+00:00
877,2025-09-17,highestBoostedValuePlayers,759,V. Burton,GSV,0.5,288.0,4.572170530299175,2026-06-05 05:19:18.264647+00:00
877,2025-09-17,highestBoostedValuePlayers,4322738,M. Akoa Makani,PHO,2.0,59.0,1.45783629952604,2026-06-05 05:19:18.264647+00:00
877,2025-09-17,highestBoostedValuePlayers,4322797,J. Salaün,GSV,1.3,120.0,2.2078864558984845,2026-06-05 05:19:18.264647+00:00
881,2025-09-18,highestBoostedValuePlayers,172,O. Sims,DAL,1.3,3.0,3.8952430644593647,2026-06-06 03:05:17.968944+00:00
881,2025-09-18,highestBoostedValuePlayers,184,G. Williams,GSV,0.7,169.0,1.9480497360579951,2026-06-06 03:05:17.968944+00:00
881,2025-09-18,mostCommon3xPlayers,594,K. Bell,LVA,3.0,148.0,0.4174902928046716,2026-06-06 03:05:17.968944+00:00
881,2025-09-18,highestBoostedValuePlayers,597,J. Young,LVA,0.3,269.0,3.1182826845975735,2026-06-06 03:05:17.968944+00:00
881,2025-09-18,highestBoostedValuePlayers,598,A. Wilson,LVA,0.0,5400.0,7.114654094679085,2026-06-06 03:05:17.968944+00:00
881,2025-09-18,mostCommon3xPlayers,599,M. Gustafson,POR,3.0,131.0,0.0,2026-06-06 03:05:17.968944+00:00
881,2025-09-18,highestBoostedValuePlayers,602,C. Gray,LVA,0.8,198.0,3.2513487537728536,2026-06-06 03:05:17.968944+00:00
881,2025-09-18,mostCommon3xPlayers,603,K. Stokes,GSV,3.0,134.0,0.0,2026-06-06 03:05:17.968944+00:00
881,2025-09-18,highestBoostedValuePlayers,605,A. Gray,ATL,0.3,204.0,3.8734391268634933,2026-06-06 03:05:17.968944+00:00
881,2025-09-18,highestBoostedValuePlayers,606,J. Canada,ATL,0.7,83.0,3.807775995651384,2026-06-06 03:05:17.968944+00:00
881,2025-09-18,highestBoostedValuePlayers,616,R. Howard,ATL,0.2,177.0,2.6065477497006744,2026-06-06 03:05:17.968944+00:00
881,2025-09-18,highestBoostedValuePlayers,617,N. Hillmon,ATL,1.2,100.0,1.792715708357693,2026-06-06 03:05:17.968944+00:00
881,2025-09-18,highestBoostedValuePlayers,622,E. Wheeler,LAS,1.3,109.0,2.345275748957558,2026-06-06 03:05:17.968944+00:00
881,2025-09-18,highestBoostedValuePlayers,626,K. Mitchell,IND,0.4,249.0,3.722045337029037,2026-06-06 03:05:17.968944+00:00
881,2025-09-18,highestBoostedValuePlayers,627,A. Boston,IND,0.2,237.0,4.392690748952065,2026-06-06 03:05:17.968944+00:00
881,2025-09-18,popularPlayers,629,N. Smith,LVA,2.0,1600.0,0.5730767988942622,2026-06-06 03:05:17.968944+00:00
881,2025-09-18,highestBoostedValuePlayers,631,L. Hull,IND,1.8,114.0,1.5836556413543266,2026-06-06 03:05:17.968944+00:00
881,2025-09-18,popularPlayers,679,B. Sykes,TOR,0.9,1100.0,1.0308175820218934,2026-06-06 03:05:17.968944+00:00
881,2025-09-18,highestBoostedValuePlayers,699,B. Turner,LVA,3.0,1.0,1.7442899460477677,2026-06-06 03:05:17.968944+00:00
881,2025-09-18,highestBoostedValuePlayers,726,J. Loyd,LVA,1.1,151.0,1.9292338404455753,2026-06-06 03:05:17.968944+00:00
881,2025-09-18,highestBoostedValuePlayers,734,S. Diggins,CHI,0.4,198.0,3.1323819526572185,2026-06-06 03:05:17.968944+00:00
881,2025-09-18,highestBoostedValuePlayers,735,E. Magbegor,SEA,1.0,112.0,1.985007283463168,2026-06-06 03:05:17.968944+00:00
881,2025-09-18,highestBoostedValuePlayers,738,N. Ogwumike,LAS,0.3,297.0,2.864125700966584,2026-06-06 03:05:17.968944+00:00
881,2025-09-18,highestBoostedValuePlayers,754,B. Jones,ATL,0.6,101.0,2.9850873760138246,2026-06-06 03:05:17.968944+00:00
881,2025-09-18,highestBoostedValuePlayers,760,N. Howard,MIN,1.0,95.0,2.241788218368877,2026-06-06 03:05:17.968944+00:00
881,2025-09-18,popularPlayers,4322742,D. Malonga,SEA,1.7,2300.0,0.5512277131190362,2026-06-06 03:05:17.968944+00:00
881,2025-09-18,mostCommon3xPlayers,4322751,A. Nye,ATL,3.0,131.0,0.0,2026-06-06 03:05:17.968944+00:00
884,2025-09-19,highestBoostedValuePlayers,303,M. Johannes,NYL,2.6,,0.0,2026-06-06 03:05:24.651356+00:00
884,2025-09-19,highestBoostedValuePlayers,373,K. Westbeld,PHO,3.0,72.0,0.6399396800717565,2026-06-06 03:05:24.651356+00:00
884,2025-09-19,highestBoostedValuePlayers,449,R. Gardner,NYL,3.0,,0.0,2026-06-06 03:05:24.651356+00:00
884,2025-09-19,highestBoostedValuePlayers,635,K. Burke,CON,2.1,62.0,1.7014506986220488,2026-06-06 03:05:24.651356+00:00
884,2025-09-19,highestBoostedValuePlayers,637,S. Ionescu,NYL,0.2,1300.0,3.2656836834333025,2026-06-06 03:05:24.651356+00:00
884,2025-09-19,highestBoostedValuePlayers,639,B. Stewart,NYL,0.2,969.0,6.251787796264317,2026-06-06 03:05:24.651356+00:00
884,2025-09-19,highestBoostedValuePlayers,643,J. Jones,NYL,0.6,277.0,1.9053802345570943,2026-06-06 03:05:24.651356+00:00
884,2025-09-19,highestBoostedValuePlayers,647,L. Fiebich,NYL,1.6,96.0,0.420862584556718,2026-06-06 03:05:24.651356+00:00
884,2025-09-19,highestBoostedValuePlayers,668,N. Mack,PHO,1.6,70.0,0.663084375,2026-06-06 03:05:24.651356+00:00
884,2025-09-19,highestBoostedValuePlayers,670,K. Copper,PHO,1.1,178.0,1.688446977591394,2026-06-06 03:05:24.651356+00:00
884,2025-09-19,highestBoostedValuePlayers,677,N. Cloud,CHI,0.9,285.0,1.7812788414534153,2026-06-06 03:05:24.651356+00:00
884,2025-09-19,highestBoostedValuePlayers,696,I. Harrison,TOR,3.0,,0.0,2026-06-06 03:05:24.651356+00:00
884,2025-09-19,highestBoostedValuePlayers,719,S. Talbot,LVA,3.0,,0.0,2026-06-06 03:05:24.651356+00:00
884,2025-09-19,highestBoostedValuePlayers,736,S. Whitcomb,PHO,1.7,94.0,2.04981965234389,2026-06-06 03:05:24.651356+00:00
884,2025-09-19,highestBoostedValuePlayers,745,A. Thomas,PHO,0.1,3000.0,4.397607006570414,2026-06-06 03:05:24.651356+00:00
884,2025-09-19,highestBoostedValuePlayers,750,D. Bonner,PHO,1.5,155.0,1.8612163985652839,2026-06-06 03:05:24.651356+00:00
884,2025-09-19,highestBoostedValuePlayers,758,S. Sabally,NYL,0.6,410.0,4.527270110059249,2026-06-06 03:05:24.651356+00:00
884,2025-09-19,highestBoostedValuePlayers,4322738,M. Akoa Makani,PHO,2.0,76.0,0.9446193507095737,2026-06-06 03:05:24.651356+00:00
890,2025-09-21,highestBoostedValuePlayers,8,M. Kliundikova,TOR,3.0,15.0,1.7375118581640319,2026-06-06 03:05:33.218191+00:00
890,2025-09-21,highestBoostedValuePlayers,172,O. Sims,DAL,1.3,8.0,3.1457297766899366,2026-06-06 03:05:33.218191+00:00
890,2025-09-21,mostCommon3xPlayers,373,K. Westbeld,PHO,3.0,157.0,0.40345240026159684,2026-06-06 03:05:33.218191+00:00
890,2025-09-21,mostCommon3xPlayers,456,L. Held,PHO,3.0,159.0,0.0,2026-06-06 03:05:33.218191+00:00
890,2025-09-21,highestBoostedValuePlayers,597,J. Young,LVA,0.3,168.0,2.414237501417089,2026-06-06 03:05:33.218191+00:00
890,2025-09-21,highestBoostedValuePlayers,598,A. Wilson,LVA,0.0,3900.0,3.3110243977551224,2026-06-06 03:05:33.218191+00:00
890,2025-09-21,highestBoostedValuePlayers,602,C. Gray,LVA,0.8,131.0,2.431513431580251,2026-06-06 03:05:33.218191+00:00
890,2025-09-21,highestBoostedValuePlayers,626,K. Mitchell,IND,0.4,211.0,4.495512361584936,2026-06-06 03:05:33.218191+00:00
890,2025-09-21,highestBoostedValuePlayers,627,A. Boston,IND,0.2,228.0,2.1359997935902966,2026-06-06 03:05:33.218191+00:00
890,2025-09-21,popularPlayers,629,N. Smith,LVA,2.0,1100.0,0.7573105991316661,2026-06-06 03:05:33.218191+00:00
890,2025-09-21,highestBoostedValuePlayers,631,L. Hull,IND,1.8,130.0,1.3937032867712067,2026-06-06 03:05:33.218191+00:00
890,2025-09-21,highestBoostedValuePlayers,650,N. Collier,MIN,0.0,1800.0,3.5295069485306194,2026-06-06 03:05:33.218191+00:00
890,2025-09-21,popularPlayers,652,N. Hiedeman,SEA,1.5,1400.0,0.5536520188070218,2026-06-06 03:05:33.218191+00:00
890,2025-09-21,popularPlayers,653,J. Shepard,DAL,1.3,870.0,0.6442044452265698,2026-06-06 03:05:33.218191+00:00
890,2025-09-21,highestBoostedValuePlayers,654,C. Williams,MIN,0.4,219.0,5.337397484298208,2026-06-06 03:05:33.218191+00:00
890,2025-09-21,popularPlayers,658,A. Smith,DAL,0.7,1300.0,1.348928917791159,2026-06-06 03:05:33.218191+00:00
890,2025-09-21,highestBoostedValuePlayers,660,K. McBride,MIN,0.7,175.0,3.6185925270669053,2026-06-06 03:05:33.218191+00:00
890,2025-09-21,highestBoostedValuePlayers,663,B. Carleton,POR,1.9,112.0,1.802774147698573,2026-06-06 03:05:33.218191+00:00
890,2025-09-21,highestBoostedValuePlayers,668,N. Mack,PHO,1.6,21.0,1.2574477214421884,2026-06-06 03:05:33.218191+00:00
890,2025-09-21,highestBoostedValuePlayers,670,K. Copper,PHO,1.1,44.0,2.839602087986469,2026-06-06 03:05:33.218191+00:00
890,2025-09-21,highestBoostedValuePlayers,698,D. Evans,LVA,2.4,2.0,2.4891995634702115,2026-06-06 03:05:33.218191+00:00
890,2025-09-21,highestBoostedValuePlayers,699,B. Turner,LVA,3.0,1.0,1.019439466366434,2026-06-06 03:05:33.218191+00:00
890,2025-09-21,popularPlayers,726,J. Loyd,LVA,1.1,890.0,0.989658916048388,2026-06-06 03:05:33.218191+00:00
890,2025-09-21,popularPlayers,736,S. Whitcomb,PHO,1.7,803.0,1.090100196311872,2026-06-06 03:05:33.218191+00:00
890,2025-09-21,highestBoostedValuePlayers,745,A. Thomas,PHO,0.1,381.0,4.595144101758893,2026-06-06 03:05:33.218191+00:00
890,2025-09-21,highestBoostedValuePlayers,750,D. Bonner,PHO,1.5,37.0,1.1807972012637578,2026-06-06 03:05:33.218191+00:00
890,2025-09-21,highestBoostedValuePlayers,758,S. Sabally,NYL,0.6,219.0,2.6558281872720184,2026-06-06 03:05:33.218191+00:00
890,2025-09-21,highestBoostedValuePlayers,760,N. Howard,MIN,1.0,95.0,3.271797282502726,2026-06-06 03:05:33.218191+00:00
895,2025-09-23,highestBoostedValuePlayers,172,O. Sims,DAL,1.3,58.0,1.9358433669264663,2026-06-06 03:05:40.960057+00:00
895,2025-09-23,highestBoostedValuePlayers,373,K. Westbeld,PHO,3.0,2.0,2.3409292544806,2026-06-06 03:05:40.960057+00:00
895,2025-09-23,highestBoostedValuePlayers,594,K. Bell,LVA,3.0,25.0,1.2075486288402133,2026-06-06 03:05:40.960057+00:00
895,2025-09-23,highestBoostedValuePlayers,597,J. Young,LVA,0.3,244.0,2.533952878355884,2026-06-06 03:05:40.960057+00:00
895,2025-09-23,highestBoostedValuePlayers,598,A. Wilson,LVA,0.0,5000.0,5.055259904727744,2026-06-06 03:05:40.960057+00:00
895,2025-09-23,highestBoostedValuePlayers,602,C. Gray,LVA,0.8,179.0,2.628995572253508,2026-06-06 03:05:40.960057+00:00
895,2025-09-23,mostCommon3xPlayers,603,K. Stokes,GSV,3.0,130.0,0.0,2026-06-06 03:05:40.960057+00:00
895,2025-09-23,popularPlayers,626,K. Mitchell,IND,0.4,4300.0,2.1163558726742027,2026-06-06 03:05:40.960057+00:00
895,2025-09-23,highestBoostedValuePlayers,627,A. Boston,IND,0.2,341.0,2.4808289618757584,2026-06-06 03:05:40.960057+00:00
895,2025-09-23,highestBoostedValuePlayers,629,N. Smith,LVA,2.0,117.0,3.328441438874534,2026-06-06 03:05:40.960057+00:00
895,2025-09-23,highestBoostedValuePlayers,631,L. Hull,IND,1.8,157.0,2.5689248904802877,2026-06-06 03:05:40.960057+00:00
895,2025-09-23,highestBoostedValuePlayers,650,N. Collier,MIN,0.0,1300.0,4.5501558442108925,2026-06-06 03:05:40.960057+00:00
895,2025-09-23,popularPlayers,652,N. Hiedeman,SEA,1.5,886.0,0.0679624102040554,2026-06-06 03:05:40.960057+00:00
895,2025-09-23,popularPlayers,653,J. Shepard,DAL,1.3,636.0,1.028432567982798,2026-06-06 03:05:40.960057+00:00
895,2025-09-23,highestBoostedValuePlayers,654,C. Williams,MIN,0.4,188.0,3.9256661236030284,2026-06-06 03:05:40.960057+00:00
895,2025-09-23,highestBoostedValuePlayers,658,A. Smith,DAL,0.7,118.0,3.707088823494423,2026-06-06 03:05:40.960057+00:00
895,2025-09-23,highestBoostedValuePlayers,660,K. McBride,MIN,0.7,168.0,3.2877801956563215,2026-06-06 03:05:40.960057+00:00
895,2025-09-23,highestBoostedValuePlayers,663,B. Carleton,POR,1.9,80.0,1.5598898407848576,2026-06-06 03:05:40.960057+00:00
895,2025-09-23,highestBoostedValuePlayers,668,N. Mack,PHO,1.6,8.0,1.8738311485143897,2026-06-06 03:05:40.960057+00:00
895,2025-09-23,highestBoostedValuePlayers,670,K. Copper,PHO,1.1,10.0,1.8199259102944543,2026-06-06 03:05:40.960057+00:00
895,2025-09-23,highestBoostedValuePlayers,698,D. Evans,LVA,2.4,27.0,2.098431222660824,2026-06-06 03:05:40.960057+00:00
895,2025-09-23,popularPlayers,726,J. Loyd,LVA,1.1,1200.0,1.244351995013698,2026-06-06 03:05:40.960057+00:00
895,2025-09-23,highestBoostedValuePlayers,736,S. Whitcomb,PHO,1.7,85.0,2.944353882551756,2026-06-06 03:05:40.960057+00:00
895,2025-09-23,highestBoostedValuePlayers,745,A. Thomas,PHO,0.1,356.0,4.698051035395878,2026-06-06 03:05:40.960057+00:00
895,2025-09-23,highestBoostedValuePlayers,758,S. Sabally,NYL,0.6,198.0,4.034743252182534,2026-06-06 03:05:40.960057+00:00
895,2025-09-23,popularPlayers,760,N. Howard,MIN,1.0,1900.0,1.2393068684744735,2026-06-06 03:05:40.960057+00:00
895,2025-09-23,mostCommon3xPlayers,4322751,A. Nye,ATL,3.0,145.0,0.0,2026-06-06 03:05:40.960057+00:00
895,2025-09-23,mostCommon3xPlayers,4322756,M. Timpson,IND,3.0,136.0,0.0,2026-06-06 03:05:40.960057+00:00
902,2025-09-26,highestBoostedValuePlayers,8,M. Kliundikova,TOR,3.0,15.0,2.773864390178126,2026-06-06 03:05:51.716974+00:00
902,2025-09-26,popularPlayers,172,O. Sims,DAL,1.3,913.0,0.26424769706569207,2026-06-06 03:05:51.716974+00:00
902,2025-09-26,highestBoostedValuePlayers,373,K. Westbeld,PHO,3.0,16.0,1.1961038552011158,2026-06-06 03:05:51.716974+00:00
902,2025-09-26,mostCommon3xPlayers,456,L. Held,PHO,3.0,104.0,0.0,2026-06-06 03:05:51.716974+00:00
902,2025-09-26,highestBoostedValuePlayers,597,J. Young,LVA,0.3,181.0,3.8893671561513146,2026-06-06 03:05:51.716974+00:00
902,2025-09-26,highestBoostedValuePlayers,598,A. Wilson,LVA,0.0,4100.0,3.1622852586659507,2026-06-06 03:05:51.716974+00:00
902,2025-09-26,highestBoostedValuePlayers,602,C. Gray,LVA,0.8,127.0,3.3476411378017503,2026-06-06 03:05:51.716974+00:00
902,2025-09-26,highestBoostedValuePlayers,626,K. Mitchell,IND,0.4,260.0,2.62652734528216,2026-06-06 03:05:51.716974+00:00
902,2025-09-26,highestBoostedValuePlayers,627,A. Boston,IND,0.2,222.0,2.6740982551410144,2026-06-06 03:05:51.716974+00:00
902,2025-09-26,highestBoostedValuePlayers,629,N. Smith,LVA,2.0,106.0,3.386799339335029,2026-06-06 03:05:51.716974+00:00
902,2025-09-26,highestBoostedValuePlayers,631,L. Hull,IND,1.8,63.0,3.88070188382014,2026-06-06 03:05:51.716974+00:00
902,2025-09-26,highestBoostedValuePlayers,650,N. Collier,MIN,0.0,2000.0,3.3620327726652897,2026-06-06 03:05:51.716974+00:00
902,2025-09-26,highestBoostedValuePlayers,652,N. Hiedeman,SEA,1.5,97.0,3.24897664308982,2026-06-06 03:05:51.716974+00:00
902,2025-09-26,highestBoostedValuePlayers,654,C. Williams,MIN,0.4,216.0,3.260557852142116,2026-06-06 03:05:51.716974+00:00
902,2025-09-26,popularPlayers,658,A. Smith,DAL,0.7,1400.0,0.30857630350568094,2026-06-06 03:05:51.716974+00:00
902,2025-09-26,highestBoostedValuePlayers,660,K. McBride,MIN,0.7,202.0,2.9267573976527803,2026-06-06 03:05:51.716974+00:00
902,2025-09-26,popularPlayers,663,B. Carleton,POR,1.9,778.0,0.5254214198475183,2026-06-06 03:05:51.716974+00:00
902,2025-09-26,highestBoostedValuePlayers,670,K. Copper,PHO,1.1,42.0,3.722166824303361,2026-06-06 03:05:51.716974+00:00
902,2025-09-26,highestBoostedValuePlayers,698,D. Evans,LVA,2.4,8.0,1.6438346725420314,2026-06-06 03:05:51.716974+00:00
902,2025-09-26,popularPlayers,726,J. Loyd,LVA,1.1,812.0,0.39577999999999997,2026-06-06 03:05:51.716974+00:00
902,2025-09-26,popularPlayers,736,S. Whitcomb,PHO,1.7,1100.0,1.133237609676327,2026-06-06 03:05:51.716974+00:00
902,2025-09-26,highestBoostedValuePlayers,745,A. Thomas,PHO,0.1,459.0,5.803332197498542,2026-06-06 03:05:51.716974+00:00
902,2025-09-26,highestBoostedValuePlayers,750,D. Bonner,PHO,1.5,31.0,2.062281042440709,2026-06-06 03:05:51.716974+00:00
902,2025-09-26,highestBoostedValuePlayers,758,S. Sabally,NYL,0.6,284.0,2.724074315872122,2026-06-06 03:05:51.716974+00:00
902,2025-09-26,popularPlayers,760,N. Howard,MIN,1.0,898.0,1.2018578547953294,2026-06-06 03:05:51.716974+00:00
902,2025-09-26,highestBoostedValuePlayers,4322738,M. Akoa Makani,PHO,2.0,23.0,1.7352967719717396,2026-06-06 03:05:51.716974+00:00
902,2025-09-26,highestBoostedValuePlayers,4322756,M. Timpson,IND,3.0,1.0,1.3719644136394977,2026-06-06 03:05:51.716974+00:00
907,2025-09-28,highestBoostedValuePlayers,8,M. Kliundikova,TOR,3.0,28.0,1.3044835776072818,2026-06-06 03:06:04.513080+00:00
907,2025-09-28,highestBoostedValuePlayers,172,O. Sims,DAL,1.3,5.0,2.556385153401186,2026-06-06 03:06:04.513080+00:00
907,2025-09-28,mostCommon3xPlayers,373,K. Westbeld,PHO,3.0,256.0,0.76654179165189,2026-06-06 03:06:04.513080+00:00
907,2025-09-28,mostCommon3xPlayers,456,L. Held,PHO,3.0,214.0,0.0,2026-06-06 03:06:04.513080+00:00
907,2025-09-28,highestBoostedValuePlayers,597,J. Young,LVA,0.3,215.0,4.508893429541845,2026-06-06 03:06:04.513080+00:00
907,2025-09-28,highestBoostedValuePlayers,598,A. Wilson,LVA,0.0,3800.0,6.723041793220516,2026-06-06 03:06:04.513080+00:00
907,2025-09-28,highestBoostedValuePlayers,602,C. Gray,LVA,0.8,148.0,2.8915248482057336,2026-06-06 03:06:04.513080+00:00
907,2025-09-28,highestBoostedValuePlayers,626,K. Mitchell,IND,0.4,201.0,3.1317829668361212,2026-06-06 03:06:04.513080+00:00
907,2025-09-28,highestBoostedValuePlayers,627,A. Boston,IND,0.2,208.0,5.598544286641064,2026-06-06 03:06:04.513080+00:00
907,2025-09-28,popularPlayers,629,N. Smith,LVA,2.0,1800.0,0.6097569918852319,2026-06-06 03:06:04.513080+00:00
907,2025-09-28,highestBoostedValuePlayers,631,L. Hull,IND,1.8,177.0,2.126953000267504,2026-06-06 03:06:04.513080+00:00
907,2025-09-28,highestBoostedValuePlayers,652,N. Hiedeman,SEA,1.5,169.0,1.2447758487698908,2026-06-06 03:06:04.513080+00:00
907,2025-09-28,highestBoostedValuePlayers,653,J. Shepard,DAL,1.3,156.0,2.7012879049027494,2026-06-06 03:06:04.513080+00:00
907,2025-09-28,highestBoostedValuePlayers,654,C. Williams,MIN,0.4,409.0,4.076525842455729,2026-06-06 03:06:04.513080+00:00
907,2025-09-28,highestBoostedValuePlayers,658,A. Smith,DAL,0.7,221.0,2.3435119295973172,2026-06-06 03:06:04.513080+00:00
907,2025-09-28,highestBoostedValuePlayers,660,K. McBride,MIN,0.7,299.0,4.979251885865226,2026-06-06 03:06:04.513080+00:00
907,2025-09-28,highestBoostedValuePlayers,663,B. Carleton,POR,1.9,129.0,1.1512393962055298,2026-06-06 03:06:04.513080+00:00
907,2025-09-28,highestBoostedValuePlayers,668,N. Mack,PHO,1.6,32.0,1.2216216610907573,2026-06-06 03:06:04.513080+00:00
907,2025-09-28,popularPlayers,670,K. Copper,PHO,1.1,1000.0,1.347424191929106,2026-06-06 03:06:04.513080+00:00
907,2025-09-28,popularPlayers,726,J. Loyd,LVA,1.1,677.0,1.2959286030468546,2026-06-06 03:06:04.513080+00:00
907,2025-09-28,highestBoostedValuePlayers,736,S. Whitcomb,PHO,1.7,138.0,1.613838613100292,2026-06-06 03:06:04.513080+00:00
907,2025-09-28,highestBoostedValuePlayers,745,A. Thomas,PHO,0.1,1200.0,4.194308353591672,2026-06-06 03:06:04.513080+00:00
907,2025-09-28,highestBoostedValuePlayers,750,D. Bonner,PHO,1.5,47.0,2.9901334371414987,2026-06-06 03:06:04.513080+00:00
907,2025-09-28,highestBoostedValuePlayers,758,S. Sabally,NYL,0.6,491.0,3.3318522930475853,2026-06-06 03:06:04.513080+00:00
907,2025-09-28,popularPlayers,760,N. Howard,MIN,1.0,737.0,0.8969683343189108,2026-06-06 03:06:04.513080+00:00
913,2025-09-30,highestBoostedValuePlayers,172,O. Sims,DAL,1.3,113.0,3.558740479200849,2026-06-06 03:06:16.093491+00:00
913,2025-09-30,highestBoostedValuePlayers,594,K. Bell,LVA,3.0,,0.0,2026-06-06 03:06:16.093491+00:00
913,2025-09-30,highestBoostedValuePlayers,597,J. Young,LVA,0.3,294.0,7.108292092225722,2026-06-06 03:06:16.093491+00:00
913,2025-09-30,highestBoostedValuePlayers,598,A. Wilson,LVA,0.0,6000.0,7.500015276214883,2026-06-06 03:06:16.093491+00:00
913,2025-09-30,highestBoostedValuePlayers,599,M. Gustafson,POR,3.0,1.0,1.2808497859497134,2026-06-06 03:06:16.093491+00:00
913,2025-09-30,highestBoostedValuePlayers,602,C. Gray,LVA,0.8,259.0,4.435639243898277,2026-06-06 03:06:16.093491+00:00
913,2025-09-30,highestBoostedValuePlayers,603,K. Stokes,GSV,3.0,,0.0,2026-06-06 03:06:16.093491+00:00
913,2025-09-30,highestBoostedValuePlayers,626,K. Mitchell,IND,0.4,401.0,1.9127772374070429,2026-06-06 03:06:16.093491+00:00
913,2025-09-30,highestBoostedValuePlayers,627,A. Boston,IND,0.2,419.0,2.8615424983460938,2026-06-06 03:06:16.093491+00:00
913,2025-09-30,highestBoostedValuePlayers,629,N. Smith,LVA,2.0,161.0,1.308663664067211,2026-06-06 03:06:16.093491+00:00
913,2025-09-30,highestBoostedValuePlayers,631,L. Hull,IND,1.8,240.0,1.4112418620918579,2026-06-06 03:06:16.093491+00:00
913,2025-09-30,highestBoostedValuePlayers,671,S. Cunningham,IND,1.8,,0.0,2026-06-06 03:06:16.093491+00:00
913,2025-09-30,highestBoostedValuePlayers,698,D. Evans,LVA,2.4,87.0,0.05815058069580006,2026-06-06 03:06:16.093491+00:00
913,2025-09-30,highestBoostedValuePlayers,699,B. Turner,LVA,3.0,4.0,1.0097941217024538,2026-06-06 03:06:16.093491+00:00
913,2025-09-30,highestBoostedValuePlayers,726,J. Loyd,LVA,1.1,158.0,1.7922643775900429,2026-06-06 03:06:16.093491+00:00
913,2025-09-30,highestBoostedValuePlayers,760,N. Howard,MIN,1.0,145.0,3.0224972259958425,2026-06-06 03:06:16.093491+00:00
913,2025-09-30,highestBoostedValuePlayers,4322751,A. Nye,ATL,3.0,,0.0,2026-06-06 03:06:16.093491+00:00
913,2025-09-30,highestBoostedValuePlayers,4322756,M. Timpson,IND,3.0,,0.0,2026-06-06 03:06:16.093491+00:00
921,2025-10-03,highestBoostedValuePlayers,373,K. Westbeld,PHO,3.0,63.0,0.5303266084349827,2026-06-06 03:06:26.968896+00:00
921,2025-10-03,highestBoostedValuePlayers,456,L. Held,PHO,3.0,,0.0,2026-06-06 03:06:26.968896+00:00
921,2025-10-03,highestBoostedValuePlayers,594,K. Bell,LVA,3.0,62.0,0.6945990812294531,2026-06-06 03:06:26.968896+00:00
921,2025-10-03,highestBoostedValuePlayers,597,J. Young,LVA,0.3,377.0,2.467756840084402,2026-06-06 03:06:26.968896+00:00
921,2025-10-03,highestBoostedValuePlayers,598,A. Wilson,LVA,0.0,6700.0,5.230110683787976,2026-06-06 03:06:26.968896+00:00
921,2025-10-03,highestBoostedValuePlayers,599,M. Gustafson,POR,3.0,2.0,0.5741391899844739,2026-06-06 03:06:26.968896+00:00
921,2025-10-03,highestBoostedValuePlayers,602,C. Gray,LVA,0.8,246.0,3.443571361325428,2026-06-06 03:06:26.968896+00:00
921,2025-10-03,highestBoostedValuePlayers,603,K. Stokes,GSV,3.0,,0.0,2026-06-06 03:06:26.968896+00:00
921,2025-10-03,highestBoostedValuePlayers,629,N. Smith,LVA,2.0,113.0,1.1746081111083004,2026-06-06 03:06:26.968896+00:00
921,2025-10-03,highestBoostedValuePlayers,668,N. Mack,PHO,1.6,85.0,1.2953022716389846,2026-06-06 03:06:26.968896+00:00
921,2025-10-03,highestBoostedValuePlayers,670,K. Copper,PHO,1.1,176.0,4.463386054275884,2026-06-06 03:06:26.968896+00:00
921,2025-10-03,highestBoostedValuePlayers,698,D. Evans,LVA,2.4,73.0,4.741167252925306,2026-06-06 03:06:26.968896+00:00
921,2025-10-03,highestBoostedValuePlayers,726,J. Loyd,LVA,1.1,157.0,2.5256644960250636,2026-06-06 03:06:26.968896+00:00
921,2025-10-03,highestBoostedValuePlayers,736,S. Whitcomb,PHO,1.7,77.0,1.2047458123195316,2026-06-06 03:06:26.968896+00:00
921,2025-10-03,highestBoostedValuePlayers,745,A. Thomas,PHO,0.1,553.0,4.165483833654177,2026-06-06 03:06:26.968896+00:00
921,2025-10-03,highestBoostedValuePlayers,750,D. Bonner,PHO,1.5,118.0,2.4743977822472636,2026-06-06 03:06:26.968896+00:00
921,2025-10-03,highestBoostedValuePlayers,758,S. Sabally,NYL,0.6,318.0,3.534608504897569,2026-06-06 03:06:26.968896+00:00
921,2025-10-03,highestBoostedValuePlayers,4322738,M. Akoa Makani,PHO,2.0,71.0,2.060906935092154,2026-06-06 03:06:26.968896+00:00
921,2025-10-03,highestBoostedValuePlayers,4322751,A. Nye,ATL,3.0,,0.0,2026-06-06 03:06:26.968896+00:00
927,2025-10-05,highestBoostedValuePlayers,373,K. Westbeld,PHO,3.0,58.0,0.26811039999999997,2026-06-06 03:06:36.391832+00:00
927,2025-10-05,popularPlayers,456,L. Held,PHO,3.0,399.0,0.0,2026-06-06 03:06:36.391832+00:00
927,2025-10-05,highestBoostedValuePlayers,594,K. Bell,LVA,3.0,68.0,0.25540697702869336,2026-06-06 03:06:36.391832+00:00
927,2025-10-05,highestBoostedValuePlayers,597,J. Young,LVA,0.3,250.0,5.606757238085469,2026-06-06 03:06:36.391832+00:00
927,2025-10-05,highestBoostedValuePlayers,598,A. Wilson,LVA,0.0,5400.0,5.026000929033466,2026-06-06 03:06:36.391832+00:00
927,2025-10-05,highestBoostedValuePlayers,599,M. Gustafson,POR,3.0,1.0,0.22350372008167754,2026-06-06 03:06:36.391832+00:00
927,2025-10-05,highestBoostedValuePlayers,602,C. Gray,LVA,0.8,194.0,4.666937370164583,2026-06-06 03:06:36.391832+00:00
927,2025-10-05,popularPlayers,603,K. Stokes,GSV,3.0,381.0,0.0,2026-06-06 03:06:36.391832+00:00
927,2025-10-05,highestBoostedValuePlayers,608,C. Parker-Tyus,LVA,3.0,17.0,0.09,2026-06-06 03:06:36.391832+00:00
927,2025-10-05,highestBoostedValuePlayers,629,N. Smith,LVA,2.0,96.0,1.031593635287246,2026-06-06 03:06:36.391832+00:00
927,2025-10-05,highestBoostedValuePlayers,668,N. Mack,PHO,1.6,85.0,2.01293650664215,2026-06-06 03:06:36.391832+00:00
927,2025-10-05,highestBoostedValuePlayers,670,K. Copper,PHO,1.1,185.0,3.1823978152899306,2026-06-06 03:06:36.391832+00:00
927,2025-10-05,highestBoostedValuePlayers,698,D. Evans,LVA,2.4,114.0,0.8642507638015838,2026-06-06 03:06:36.391832+00:00
927,2025-10-05,highestBoostedValuePlayers,726,J. Loyd,LVA,1.1,143.0,2.756481011599357,2026-06-06 03:06:36.391832+00:00
927,2025-10-05,highestBoostedValuePlayers,733,K. Williams,PHO,2.5,4.0,0.32460127457482923,2026-06-06 03:06:36.391832+00:00
927,2025-10-05,highestBoostedValuePlayers,736,S. Whitcomb,PHO,1.7,99.0,0.4186127294754399,2026-06-06 03:06:36.391832+00:00
927,2025-10-05,highestBoostedValuePlayers,745,A. Thomas,PHO,0.1,433.0,2.5453148902915688,2026-06-06 03:06:36.391832+00:00
927,2025-10-05,highestBoostedValuePlayers,750,D. Bonner,PHO,1.5,89.0,0.8067500891194528,2026-06-06 03:06:36.391832+00:00
927,2025-10-05,highestBoostedValuePlayers,758,S. Sabally,NYL,0.6,263.0,2.948909646173933,2026-06-06 03:06:36.391832+00:00
927,2025-10-05,highestBoostedValuePlayers,4322738,M. Akoa Makani,PHO,2.0,79.0,2.215669514653544,2026-06-06 03:06:36.391832+00:00
927,2025-10-05,popularPlayers,4322751,A. Nye,ATL,3.0,392.0,0.0,2026-06-06 03:06:36.391832+00:00
936,2025-10-08,highestBoostedValuePlayers,373,K. Westbeld,PHO,3.0,78.0,0.41856321457823764,2026-06-06 03:06:46.917516+00:00
936,2025-10-08,highestBoostedValuePlayers,456,L. Held,PHO,3.0,,0.0,2026-06-06 03:06:46.917516+00:00
936,2025-10-08,highestBoostedValuePlayers,594,K. Bell,LVA,3.0,66.0,0.4402325,2026-06-06 03:06:46.917516+00:00
936,2025-10-08,highestBoostedValuePlayers,597,J. Young,LVA,0.3,399.0,5.807883167436697,2026-06-06 03:06:46.917516+00:00
936,2025-10-08,highestBoostedValuePlayers,598,A. Wilson,LVA,0.0,6600.0,6.9187769472737335,2026-06-06 03:06:46.917516+00:00
936,2025-10-08,highestBoostedValuePlayers,599,M. Gustafson,POR,3.0,2.0,0.062459999999999995,2026-06-06 03:06:46.917516+00:00
936,2025-10-08,highestBoostedValuePlayers,602,C. Gray,LVA,0.8,288.0,3.797550622152478,2026-06-06 03:06:46.917516+00:00
936,2025-10-08,highestBoostedValuePlayers,603,K. Stokes,GSV,3.0,,0.0,2026-06-06 03:06:46.917516+00:00
936,2025-10-08,highestBoostedValuePlayers,629,N. Smith,LVA,2.0,97.0,1.601198765785641,2026-06-06 03:06:46.917516+00:00
936,2025-10-08,highestBoostedValuePlayers,668,N. Mack,PHO,1.6,97.0,0.5720207444182405,2026-06-06 03:06:46.917516+00:00
936,2025-10-08,highestBoostedValuePlayers,670,K. Copper,PHO,1.1,265.0,2.296963983937666,2026-06-06 03:06:46.917516+00:00
936,2025-10-08,highestBoostedValuePlayers,698,D. Evans,LVA,2.4,100.0,1.1601915728835988,2026-06-06 03:06:46.917516+00:00
936,2025-10-08,highestBoostedValuePlayers,726,J. Loyd,LVA,1.1,182.0,3.370857857184477,2026-06-06 03:06:46.917516+00:00
936,2025-10-08,highestBoostedValuePlayers,736,S. Whitcomb,PHO,1.7,108.0,0.6411183546475939,2026-06-06 03:06:46.917516+00:00
936,2025-10-08,highestBoostedValuePlayers,745,A. Thomas,PHO,0.1,514.0,3.918279146052255,2026-06-06 03:06:46.917516+00:00
936,2025-10-08,highestBoostedValuePlayers,750,D. Bonner,PHO,1.5,126.0,4.443980007678476,2026-06-06 03:06:46.917516+00:00
936,2025-10-08,highestBoostedValuePlayers,758,S. Sabally,NYL,0.6,224.0,3.3004498919246044,2026-06-06 03:06:46.917516+00:00
936,2025-10-08,highestBoostedValuePlayers,4322738,M. Akoa Makani,PHO,2.0,78.0,0.5747599271677096,2026-06-06 03:06:46.917516+00:00
936,2025-10-08,highestBoostedValuePlayers,4322751,A. Nye,ATL,3.0,,0.0,2026-06-06 03:06:46.917516+00:00
944,2025-10-10,highestBoostedValuePlayers,373,K. Westbeld,PHO,3.0,64.0,0.5852319360462674,2026-06-06 03:06:56.918493+00:00
944,2025-10-10,highestBoostedValuePlayers,456,L. Held,PHO,3.0,64.0,0.4136758280226903,2026-06-06 03:06:56.918493+00:00
944,2025-10-10,highestBoostedValuePlayers,594,K. Bell,LVA,3.0,65.0,0.6846249483843363,2026-06-06 03:06:56.918493+00:00
944,2025-10-10,highestBoostedValuePlayers,597,J. Young,LVA,0.3,331.0,4.094939098579074,2026-06-06 03:06:56.918493+00:00
944,2025-10-10,highestBoostedValuePlayers,598,A. Wilson,LVA,0.0,7000.0,6.043277944359024,2026-06-06 03:06:56.918493+00:00
944,2025-10-10,highestBoostedValuePlayers,599,M. Gustafson,POR,3.0,1.0,0.09,2026-06-06 03:06:56.918493+00:00
944,2025-10-10,highestBoostedValuePlayers,602,C. Gray,LVA,0.8,245.0,4.318150799742232,2026-06-06 03:06:56.918493+00:00
944,2025-10-10,highestBoostedValuePlayers,603,K. Stokes,GSV,3.0,,0.0,2026-06-06 03:06:56.918493+00:00
944,2025-10-10,highestBoostedValuePlayers,629,N. Smith,LVA,2.0,109.0,1.1095759207900275,2026-06-06 03:06:56.918493+00:00
944,2025-10-10,highestBoostedValuePlayers,668,N. Mack,PHO,1.6,,0.0,2026-06-06 03:06:56.918493+00:00
944,2025-10-10,highestBoostedValuePlayers,670,K. Copper,PHO,1.1,222.0,3.5199280177654186,2026-06-06 03:06:56.918493+00:00
944,2025-10-10,highestBoostedValuePlayers,698,D. Evans,LVA,2.4,104.0,1.8058564274248199,2026-06-06 03:06:56.918493+00:00
944,2025-10-10,highestBoostedValuePlayers,726,J. Loyd,LVA,1.1,203.0,2.7222008522246566,2026-06-06 03:06:56.918493+00:00
944,2025-10-10,highestBoostedValuePlayers,736,S. Whitcomb,PHO,1.7,112.0,0.7757962391300286,2026-06-06 03:06:56.918493+00:00
944,2025-10-10,highestBoostedValuePlayers,745,A. Thomas,PHO,0.1,423.0,3.034359377807635,2026-06-06 03:06:56.918493+00:00
944,2025-10-10,highestBoostedValuePlayers,750,D. Bonner,PHO,1.5,182.0,2.252254479525051,2026-06-06 03:06:56.918493+00:00
944,2025-10-10,popularPlayers,758,S. Sabally,NYL,0.6,261.0,0.0,2026-06-06 03:06:56.918493+00:00
944,2025-10-10,highestBoostedValuePlayers,4322738,M. Akoa Makani,PHO,2.0,82.0,2.0715526913609947,2026-06-06 03:06:56.918493+00:00
944,2025-10-10,highestBoostedValuePlayers,4322751,A. Nye,ATL,3.0,,0.0,2026-06-06 03:06:56.918493+00:00
1755,2026-05-08,highestBoostedValuePlayers,184,G. Williams,GSV,0.0,376.0,2.096182323911061,2026-06-05 05:19:18.264647+00:00
1755,2026-05-08,highestBoostedValuePlayers,303,M. Johannes,NYL,0.0,23.0,3.8969867217628806,2026-06-05 05:19:18.264647+00:00
1755,2026-05-08,highestBoostedValuePlayers,603,K. Stokes,GSV,0.0,75.0,2.517003868147879,2026-06-05 05:19:18.264647+00:00
1755,2026-05-08,popularPlayers,628,T. Fágbénlé,TOR,0.0,1000.0,-0.08783544610162988,2026-06-05 05:19:18.264647+00:00
1755,2026-05-08,highestBoostedValuePlayers,636,N. Sabally,TOR,0.0,3.0,2.2462835170571247,2026-06-05 05:19:18.264647+00:00
1755,2026-05-08,highestBoostedValuePlayers,639,B. Stewart,NYL,0.0,3600.0,5.674745405682822,2026-06-05 05:19:18.264647+00:00
1755,2026-05-08,highestBoostedValuePlayers,641,K. Thornton,GSV,0.0,109.0,2.4449089792241194,2026-06-05 05:19:18.264647+00:00
1755,2026-05-08,highestBoostedValuePlayers,643,J. Jones,NYL,0.0,328.0,2.0214862380213012,2026-06-05 05:19:18.264647+00:00
1755,2026-05-08,popularPlayers,652,N. Hiedeman,SEA,0.0,1700.0,1.7085904366746028,2026-06-05 05:19:18.264647+00:00
1755,2026-05-08,highestBoostedValuePlayers,664,B. Griner,CON,0.0,485.0,1.997918400274866,2026-06-05 05:19:18.264647+00:00
1755,2026-05-08,highestBoostedValuePlayers,679,B. Sykes,TOR,0.0,303.0,2.3186691406317865,2026-06-05 05:19:18.264647+00:00
1755,2026-05-08,highestBoostedValuePlayers,691,S. Austin,WAS,0.0,145.0,4.219591395463012,2026-06-05 05:19:18.264647+00:00
1755,2026-05-08,highestBoostedValuePlayers,697,M. Mabrey,TOR,0.0,174.0,3.5457859464689876,2026-06-05 05:19:18.264647+00:00
1755,2026-05-08,highestBoostedValuePlayers,709,Z. Cooke,SEA,0.0,90.0,2.4287661757651735,2026-06-05 05:19:18.264647+00:00
1755,2026-05-08,popularPlayers,713,J. Allemand,TOR,0.0,1100.0,1.0383155756958746,2026-06-05 05:19:18.264647+00:00
1755,2026-05-08,highestBoostedValuePlayers,729,J. Melbourne,SEA,0.0,57.0,2.864125932567174,2026-06-05 05:19:18.264647+00:00
1755,2026-05-08,popularPlayers,749,O. Nelson-Ododa,CON,0.0,945.0,0.6631347391506344,2026-06-05 05:19:18.264647+00:00
1755,2026-05-08,highestBoostedValuePlayers,759,V. Burton,GSV,0.0,634.0,3.923910196218241,2026-06-05 05:19:18.264647+00:00
1755,2026-05-08,popularPlayers,366584,T. Hayes,GSV,0.0,588.0,0.31951309254390675,2026-06-05 05:19:18.264647+00:00
1755,2026-05-08,highestBoostedValuePlayers,4322741,S. Citron,WAS,0.0,412.0,5.307580020069369,2026-06-05 05:19:18.264647+00:00
1755,2026-05-08,highestBoostedValuePlayers,4322742,D. Malonga,SEA,0.0,134.0,2.8684022664518034,2026-06-05 05:19:18.264647+00:00
1755,2026-05-08,highestBoostedValuePlayers,4322743,K. Iriafen,WAS,0.0,296.0,3.0481865736299603,2026-06-05 05:19:18.264647+00:00
1755,2026-05-08,popularPlayers,4322745,A. Morrow,CON,0.0,1500.0,1.2715899767064314,2026-06-05 05:19:18.264647+00:00
1755,2026-05-08,popularPlayers,4322746,S. Rivers,CON,0.0,894.0,0.890734849951717,2026-06-05 05:19:18.264647+00:00
1755,2026-05-08,highestBoostedValuePlayers,4322793,K. Chen,GSV,0.0,37.0,2.4604138114872534,2026-06-05 05:19:18.264647+00:00
1755,2026-05-08,highestBoostedValuePlayers,4322797,J. Salaün,GSV,0.0,172.0,3.3729479850016424,2026-06-05 05:19:18.264647+00:00
1760,2026-05-09,highestBoostedValuePlayers,172,O. Sims,DAL,0.0,58.0,3.196631166761603,2026-06-05 05:19:18.264647+00:00
1760,2026-05-09,popularPlayers,336,L. Geiselsöder,POR,0.0,816.0,2.1869483895739394,2026-06-05 05:19:18.264647+00:00
1760,2026-05-09,popularPlayers,457,A. Maley,NYL,0.0,553.0,0.209035,2026-06-05 05:19:18.264647+00:00
1760,2026-05-09,popularPlayers,515,E. Hof,MIN,0.0,604.0,0.26295710882751827,2026-06-05 05:19:18.264647+00:00
1760,2026-05-09,popularPlayers,563,M. Caldwell,MIN,0.0,1000.0,0.8235004205947588,2026-06-05 05:19:18.264647+00:00
1760,2026-05-09,popularPlayers,594,K. Bell,LVA,0.0,675.0,0.39095916862828217,2026-06-05 05:19:18.264647+00:00
1760,2026-05-09,popularPlayers,597,J. Young,LVA,0.0,2500.0,1.7072634624043992,2026-06-05 05:19:18.264647+00:00
1760,2026-05-09,highestBoostedValuePlayers,598,A. Wilson,LVA,0.0,4800.0,3.478632419622877,2026-06-05 05:19:18.264647+00:00
1760,2026-05-09,popularPlayers,599,M. Gustafson,POR,0.0,1000.0,1.1360520234631408,2026-06-05 05:19:18.264647+00:00
1760,2026-05-09,popularPlayers,602,C. Gray,LVA,0.0,1800.0,1.3093622525282913,2026-06-05 05:19:18.264647+00:00
1760,2026-05-09,highestBoostedValuePlayers,605,A. Gray,ATL,0.0,212.0,3.6934717710740226,2026-06-05 05:19:18.264647+00:00
1760,2026-05-09,popularPlayers,606,J. Canada,ATL,0.0,628.0,2.03185923303027,2026-06-05 05:19:18.264647+00:00
1760,2026-05-09,highestBoostedValuePlayers,616,R. Howard,ATL,0.0,85.0,3.548173399244453,2026-06-05 05:19:18.264647+00:00
1760,2026-05-09,highestBoostedValuePlayers,617,N. Hillmon,ATL,0.0,43.0,3.440708983121367,2026-06-05 05:19:18.264647+00:00
1760,2026-05-09,highestBoostedValuePlayers,624,C. Clark,IND,0.0,1000.0,2.982995659262969,2026-06-05 05:19:18.264647+00:00
1760,2026-05-09,highestBoostedValuePlayers,626,K. Mitchell,IND,0.0,14.0,4.9161620485535975,2026-06-05 05:19:18.264647+00:00
1760,2026-05-09,highestBoostedValuePlayers,627,A. Boston,IND,0.0,33.0,4.840272398950171,2026-06-05 05:19:18.264647+00:00
1760,2026-05-09,highestBoostedValuePlayers,653,J. Shepard,DAL,0.0,2.0,4.4362756058550845,2026-06-05 05:19:18.264647+00:00
1760,2026-05-09,highestBoostedValuePlayers,654,C. Williams,MIN,0.0,114.0,3.132070251957209,2026-06-05 05:19:18.264647+00:00
1760,2026-05-09,popularPlayers,660,K. McBride,MIN,0.0,840.0,2.8932204853130927,2026-06-05 05:19:18.264647+00:00
1760,2026-05-09,highestBoostedValuePlayers,668,N. Mack,PHO,0.0,1.0,3.455997594262456,2026-06-05 05:19:18.264647+00:00
1760,2026-05-09,highestBoostedValuePlayers,701,A. Reese,ATL,0.0,699.0,3.376915157333699,2026-06-05 05:19:18.264647+00:00
1760,2026-05-09,highestBoostedValuePlayers,705,K. Cardoso,CHI,0.0,42.0,3.942155035600602,2026-06-05 05:19:18.264647+00:00
1760,2026-05-09,highestBoostedValuePlayers,723,R. Jackson,CHI,0.0,51.0,3.164590416941018,2026-06-05 05:19:18.264647+00:00
1760,2026-05-09,highestBoostedValuePlayers,734,S. Diggins,CHI,0.0,58.0,5.864156465729881,2026-06-05 05:19:18.264647+00:00
1760,2026-05-09,highestBoostedValuePlayers,745,A. Thomas,PHO,0.0,295.0,5.430801195512733,2026-06-05 05:19:18.264647+00:00
1760,2026-05-09,highestBoostedValuePlayers,750,D. Bonner,PHO,0.0,2.0,3.3312293871977725,2026-06-05 05:19:18.264647+00:00
1760,2026-05-09,highestBoostedValuePlayers,757,J. Sheldon,CHI,0.0,21.0,3.493741386648301,2026-06-05 05:19:18.264647+00:00
1760,2026-05-09,highestBoostedValuePlayers,4322740,P. Bueckers,DAL,0.0,352.0,4.2671678346346456,2026-06-05 05:19:18.264647+00:00
1760,2026-05-09,highestBoostedValuePlayers,4322854,O. Miles,MIN,0.0,9.0,4.339882859597176,2026-06-05 05:19:18.264647+00:00
1767,2026-05-10,highestBoostedValuePlayers,184,G. Williams,GSV,1.3,98.0,3.7715052887880605,2026-06-05 05:19:18.264647+00:00
1767,2026-05-10,highestBoostedValuePlayers,303,M. Johannes,NYL,0.2,125.0,4.206926092854565,2026-06-05 05:19:18.264647+00:00
1767,2026-05-10,highestBoostedValuePlayers,449,R. Gardner,NYL,2.8,2.0,1.9035147879536751,2026-06-05 05:19:18.264647+00:00
1767,2026-05-10,popularPlayers,596,K. Plum,LAS,0.0,2500.0,3.315165503531806,2026-06-05 05:19:18.264647+00:00
1767,2026-05-10,highestBoostedValuePlayers,597,J. Young,LVA,1.9,828.0,5.333291377050322,2026-06-05 05:19:18.264647+00:00
1767,2026-05-10,popularPlayers,598,A. Wilson,LVA,0.3,6000.0,3.15580606185412,2026-06-05 05:19:18.264647+00:00
1767,2026-05-10,highestBoostedValuePlayers,602,C. Gray,LVA,2.8,293.0,2.0463354122822923,2026-06-05 05:19:18.264647+00:00
1767,2026-05-10,popularPlayers,603,K. Stokes,GSV,0.9,778.0,0.598538,2026-06-05 05:19:18.264647+00:00
1767,2026-05-10,highestBoostedValuePlayers,615,L. Amihere,GSV,3.0,17.0,3.705050434341864,2026-06-05 05:19:18.264647+00:00
1767,2026-05-10,highestBoostedValuePlayers,629,N. Smith,LVA,1.1,36.0,3.13070781366409,2026-06-05 05:19:18.264647+00:00
1767,2026-05-10,popularPlayers,639,B. Stewart,NYL,0.0,3600.0,4.228775055476407,2026-06-05 05:19:18.264647+00:00
1767,2026-05-10,highestBoostedValuePlayers,641,K. Thornton,GSV,1.0,82.0,3.145140068124236,2026-06-05 05:19:18.264647+00:00
1767,2026-05-10,highestBoostedValuePlayers,664,B. Griner,CON,1.5,11.0,2.6972445752933703,2026-06-05 05:19:18.264647+00:00
1767,2026-05-10,popularPlayers,668,N. Mack,PHO,0.3,1100.0,1.8450560335378974,2026-06-05 05:19:18.264647+00:00
1767,2026-05-10,popularPlayers,670,K. Copper,PHO,3.0,2100.0,1.682657316526434,2026-06-05 05:19:18.264647+00:00
1767,2026-05-10,popularPlayers,691,S. Austin,WAS,0.1,1000.0,3.2000574800316306,2026-06-05 05:19:18.264647+00:00
1767,2026-05-10,highestBoostedValuePlayers,699,B. Turner,LVA,3.0,5.0,2.2470243026198347,2026-06-05 05:19:18.264647+00:00
1767,2026-05-10,highestBoostedValuePlayers,703,C. Carter,LVA,2.7,42.0,3.628952871771037,2026-06-05 05:19:18.264647+00:00
1767,2026-05-10,popularPlayers,716,C. Brink,LAS,0.0,1700.0,-0.06724820000000002,2026-06-05 05:19:18.264647+00:00
1767,2026-05-10,highestBoostedValuePlayers,719,S. Talbot,LVA,3.0,1.0,2.272742217952536,2026-06-05 05:19:18.264647+00:00
1767,2026-05-10,mostCommon3xPlayers,726,J. Loyd,LVA,3.0,260.0,1.4644909168596199,2026-06-05 05:19:18.264647+00:00
1767,2026-05-10,highestBoostedValuePlayers,729,J. Melbourne,SEA,0.7,61.0,4.149980412813685,2026-06-05 05:19:18.264647+00:00
1767,2026-05-10,popularPlayers,745,A. Thomas,PHO,0.0,3300.0,4.069120599020495,2026-06-05 05:19:18.264647+00:00
1767,2026-05-10,popularPlayers,750,D. Bonner,PHO,0.4,1400.0,1.8584144436230576,2026-06-05 05:19:18.264647+00:00
1767,2026-05-10,highestBoostedValuePlayers,759,V. Burton,GSV,0.2,279.0,5.107338764213844,2026-06-05 05:19:18.264647+00:00
1767,2026-05-10,popularPlayers,4322741,S. Citron,WAS,0.0,1700.0,3.014377464937508,2026-06-05 05:19:18.264647+00:00
1767,2026-05-10,highestBoostedValuePlayers,4322743,K. Iriafen,WAS,0.5,152.0,4.289987515783423,2026-06-05 05:19:18.264647+00:00
1767,2026-05-10,highestBoostedValuePlayers,4322744,G. Amoore,WAS,3.0,5.0,2.036862069681806,2026-06-05 05:19:18.264647+00:00
1767,2026-05-10,highestBoostedValuePlayers,4322745,A. Morrow,CON,3.0,16.0,3.3816908197284685,2026-06-05 05:19:18.264647+00:00
1767,2026-05-10,mostCommon3xPlayers,4322746,S. Rivers,CON,3.0,428.0,0.36688451783139775,2026-06-05 05:19:18.264647+00:00
1767,2026-05-10,highestBoostedValuePlayers,4322797,J. Salaün,GSV,0.4,149.0,4.412674008872414,2026-06-05 05:19:18.264647+00:00
1767,2026-05-10,highestBoostedValuePlayers,4322859,F. Johnson,SEA,2.1,21.0,3.2852464138984088,2026-06-05 05:19:18.264647+00:00
1767,2026-05-10,highestBoostedValuePlayers,4322905,P. Astier,NYL,1.5,2.0,4.685286852051758,2026-06-05 05:19:18.264647+00:00
1767,2026-05-10,popularPlayers,4322918,J. Nogic,PHO,0.1,928.0,1.8680937584063215,2026-06-05 05:19:18.264647+00:00
1774,2026-05-12,popularPlayers,172,O. Sims,DAL,0.5,1200.0,1.3965400897866698,2026-06-05 05:19:18.264647+00:00
1774,2026-05-12,highestBoostedValuePlayers,303,M. Johannes,NYL,0.1,310.0,3.937184930142254,2026-06-05 05:19:18.264647+00:00
1774,2026-05-12,highestBoostedValuePlayers,336,L. Geiselsöder,POR,1.2,7.0,2.4999588646475064,2026-06-05 05:19:18.264647+00:00
1774,2026-05-12,highestBoostedValuePlayers,449,R. Gardner,NYL,2.1,204.0,2.3999706952015045,2026-06-05 05:19:18.264647+00:00
1774,2026-05-12,mostCommon3xPlayers,553,H. Xu,NYL,3.0,415.0,0.0,2026-06-05 05:19:18.264647+00:00
1774,2026-05-12,highestBoostedValuePlayers,605,A. Gray,ATL,0.2,324.0,3.818328589432449,2026-06-05 05:19:18.264647+00:00
1774,2026-05-12,highestBoostedValuePlayers,606,J. Canada,ATL,1.4,39.0,4.979752898649584,2026-06-05 05:19:18.264647+00:00
1774,2026-05-12,highestBoostedValuePlayers,609,N. Coffey,MIN,1.3,12.0,2.6495636509375315,2026-06-05 05:19:18.264647+00:00
1774,2026-05-12,popularPlayers,616,R. Howard,ATL,0.3,1500.0,3.1107826910839074,2026-06-05 05:19:18.264647+00:00
1774,2026-05-12,highestBoostedValuePlayers,639,B. Stewart,NYL,0.0,2400.0,4.620078766022942,2026-06-05 05:19:18.264647+00:00
1774,2026-05-12,highestBoostedValuePlayers,643,J. Jones,NYL,1.3,765.0,3.412622195957586,2026-06-05 05:19:18.264647+00:00
1774,2026-05-12,popularPlayers,653,J. Shepard,DAL,0.0,1100.0,2.347189715613858,2026-06-05 05:19:18.264647+00:00
1774,2026-05-12,highestBoostedValuePlayers,654,C. Williams,MIN,0.5,67.0,3.070168025566361,2026-06-05 05:19:18.264647+00:00
1774,2026-05-12,highestBoostedValuePlayers,663,B. Carleton,POR,0.6,30.0,4.564077420371496,2026-06-05 05:19:18.264647+00:00
1774,2026-05-12,highestBoostedValuePlayers,668,N. Mack,PHO,0.8,188.0,3.177868477467477,2026-06-05 05:19:18.264647+00:00
1774,2026-05-12,highestBoostedValuePlayers,670,K. Copper,PHO,3.0,123.0,4.250591554825805,2026-06-05 05:19:18.264647+00:00
1774,2026-05-12,highestBoostedValuePlayers,687,E. Engstler,POR,2.2,4.0,1.7845870840426878,2026-06-05 05:19:18.264647+00:00
1774,2026-05-12,highestBoostedValuePlayers,701,A. Reese,ATL,0.4,719.0,3.322808316893286,2026-06-05 05:19:18.264647+00:00
1774,2026-05-12,popularPlayers,745,A. Thomas,PHO,0.0,4000.0,2.527683457660855,2026-06-05 05:19:18.264647+00:00
1774,2026-05-12,highestBoostedValuePlayers,750,D. Bonner,PHO,0.8,226.0,3.2771172649753204,2026-06-05 05:19:18.264647+00:00
1774,2026-05-12,highestBoostedValuePlayers,760,N. Howard,MIN,3.0,19.0,2.4467192799390207,2026-06-05 05:19:18.264647+00:00
1774,2026-05-12,highestBoostedValuePlayers,762,C. Leite,POR,0.8,39.0,4.104621585756791,2026-06-05 05:19:18.264647+00:00
1774,2026-05-12,mostCommon3xPlayers,765,M. Siegrist,DAL,3.0,546.0,0.5157763644675256,2026-06-05 05:19:18.264647+00:00
1774,2026-05-12,popularPlayers,767,A. Ogunbowale,DAL,0.4,1800.0,2.3273778399598326,2026-06-05 05:19:18.264647+00:00
1774,2026-05-12,popularPlayers,4322740,P. Bueckers,DAL,0.0,4700.0,2.6275866830884436,2026-06-05 05:19:18.264647+00:00
1774,2026-05-12,highestBoostedValuePlayers,4322792,K. Linskens,PHO,3.0,2.0,1.778796020701355,2026-06-05 05:19:18.264647+00:00
1774,2026-05-12,popularPlayers,4322854,O. Miles,MIN,0.0,1800.0,3.2572388995163055,2026-06-05 05:19:18.264647+00:00
1774,2026-05-12,mostCommon3xPlayers,4322856,A. Fudd,DAL,3.0,276.0,0.0,2026-06-05 05:19:18.264647+00:00
1774,2026-05-12,highestBoostedValuePlayers,4322905,P. Astier,NYL,0.4,231.0,4.453241671745415,2026-06-05 05:19:18.264647+00:00
1774,2026-05-12,highestBoostedValuePlayers,4322906,E. Cechova,MIN,1.6,2.0,2.102353505660978,2026-06-05 05:19:18.264647+00:00
1774,2026-05-12,popularPlayers,4322918,J. Nogic,PHO,0.6,1300.0,1.299697247755624,2026-06-05 05:19:18.264647+00:00
1777,2026-05-13,popularPlayers,184,G. Williams,GSV,0.6,1500.0,2.6124918577413845,2026-06-05 05:19:18.264647+00:00
1777,2026-05-13,highestBoostedValuePlayers,399,K. Charles,GSV,3.0,23.0,2.2490932352306343,2026-06-05 05:19:18.264647+00:00
1777,2026-05-13,popularPlayers,596,K. Plum,LAS,0.4,3300.0,2.775638547016998,2026-06-05 05:19:18.264647+00:00
1777,2026-05-13,popularPlayers,597,J. Young,LVA,0.3,1600.0,2.687418552703028,2026-06-05 05:19:18.264647+00:00
1777,2026-05-13,highestBoostedValuePlayers,598,A. Wilson,LVA,0.4,2400.0,4.161126861814593,2026-06-05 05:19:18.264647+00:00
1777,2026-05-13,highestBoostedValuePlayers,602,C. Gray,LVA,2.0,386.0,2.156112357494983,2026-06-05 05:19:18.264647+00:00
1777,2026-05-13,highestBoostedValuePlayers,603,K. Stokes,GSV,2.2,16.0,3.4507626260441957,2026-06-05 05:19:18.264647+00:00
1777,2026-05-13,highestBoostedValuePlayers,608,C. Parker-Tyus,LVA,3.0,1.0,2.5915617769348147,2026-06-05 05:19:18.264647+00:00
1777,2026-05-13,mostCommon3xPlayers,622,E. Wheeler,LAS,3.0,546.0,1.2689708058715736,2026-06-05 05:19:18.264647+00:00
1777,2026-05-13,highestBoostedValuePlayers,624,C. Clark,IND,0.6,1800.0,4.226796915480544,2026-06-05 05:19:18.264647+00:00
1777,2026-05-13,popularPlayers,626,K. Mitchell,IND,0.0,1900.0,3.1039841398818697,2026-06-05 05:19:18.264647+00:00
1777,2026-05-13,popularPlayers,627,A. Boston,IND,0.0,2100.0,1.6093340814684869,2026-06-05 05:19:18.264647+00:00
1777,2026-05-13,popularPlayers,629,N. Smith,LVA,0.8,856.0,1.247671094784573,2026-06-05 05:19:18.264647+00:00
1777,2026-05-13,highestBoostedValuePlayers,636,N. Sabally,TOR,1.2,2.0,2.59008022562793,2026-06-05 05:19:18.264647+00:00
1777,2026-05-13,popularPlayers,641,K. Thornton,GSV,0.7,1200.0,0.8518199999999999,2026-06-05 05:19:18.264647+00:00
1777,2026-05-13,highestBoostedValuePlayers,671,S. Cunningham,IND,2.7,24.0,2.6905027146776734,2026-06-05 05:19:18.264647+00:00
1777,2026-05-13,highestBoostedValuePlayers,679,B. Sykes,TOR,1.1,112.0,3.869001438606477,2026-06-05 05:19:18.264647+00:00
1777,2026-05-13,highestBoostedValuePlayers,685,S. Dolson,SEA,3.0,1.0,2.3623127426061132,2026-06-05 05:19:18.264647+00:00
1777,2026-05-13,highestBoostedValuePlayers,697,M. Mabrey,TOR,0.3,44.0,5.401873004500804,2026-06-05 05:19:18.264647+00:00
1777,2026-05-13,highestBoostedValuePlayers,703,C. Carter,LVA,0.9,150.0,5.803491241898993,2026-06-05 05:19:18.264647+00:00
1777,2026-05-13,highestBoostedValuePlayers,713,J. Allemand,TOR,3.0,3.0,1.9788452295506342,2026-06-05 05:19:18.264647+00:00
1777,2026-05-13,mostCommon3xPlayers,714,R. Burrell,LAS,3.0,604.0,1.5888455293840122,2026-06-05 05:19:18.264647+00:00
1777,2026-05-13,popularPlayers,716,C. Brink,LAS,0.0,1500.0,2.0413718751688172,2026-06-05 05:19:18.264647+00:00
1777,2026-05-13,highestBoostedValuePlayers,718,D. Hamby,LAS,3.0,260.0,2.420294701461735,2026-06-05 05:19:18.264647+00:00
1777,2026-05-13,highestBoostedValuePlayers,723,R. Jackson,CHI,0.5,33.0,3.5829669183769117,2026-06-05 05:19:18.264647+00:00
1777,2026-05-13,popularPlayers,729,J. Melbourne,SEA,0.3,778.0,2.6464182766636593,2026-06-05 05:19:18.264647+00:00
1777,2026-05-13,highestBoostedValuePlayers,734,S. Diggins,CHI,0.0,361.0,4.171250797330384,2026-06-05 05:19:18.264647+00:00
1777,2026-05-13,highestBoostedValuePlayers,749,O. Nelson-Ododa,CON,3.0,4.0,2.302560671956196,2026-06-05 05:19:18.264647+00:00
1777,2026-05-13,popularPlayers,759,V. Burton,GSV,0.0,1700.0,1.7199240428447633,2026-06-05 05:19:18.264647+00:00
1777,2026-05-13,highestBoostedValuePlayers,4322742,D. Malonga,SEA,1.0,363.0,3.784806460588318,2026-06-05 05:19:18.264647+00:00
1777,2026-05-13,popularPlayers,4322745,A. Morrow,CON,1.1,1300.0,2.593243920121929,2026-06-05 05:19:18.264647+00:00
1777,2026-05-13,highestBoostedValuePlayers,4322794,M. Conde,TOR,3.0,2.0,3.3171996348207666,2026-06-05 05:19:18.264647+00:00
1777,2026-05-13,popularPlayers,4322797,J. Salaün,GSV,0.2,1300.0,0.7625689012888511,2026-06-05 05:19:18.264647+00:00
1777,2026-05-13,popularPlayers,4322859,F. Johnson,SEA,1.0,1400.0,1.088565540106194,2026-06-05 05:19:18.264647+00:00
1777,2026-05-13,highestBoostedValuePlayers,4322861,K. Rice,TOR,3.0,2.0,2.0479213034503743,2026-06-05 05:19:18.264647+00:00
1784,2026-05-14,highestBoostedValuePlayers,172,O. Sims,DAL,1.1,147.0,2.497399771200634,2026-06-05 05:19:18.264647+00:00
1784,2026-05-14,highestBoostedValuePlayers,303,M. Johannes,NYL,0.1,468.0,2.9361533045951664,2026-06-05 05:19:18.264647+00:00
1784,2026-05-14,popularPlayers,336,L. Geiselsöder,POR,1.1,1700.0,1.3212880324065894,2026-06-05 05:19:18.264647+00:00
1784,2026-05-14,highestBoostedValuePlayers,449,R. Gardner,NYL,1.6,164.0,3.1077929437344554,2026-06-05 05:19:18.264647+00:00
1784,2026-05-14,mostCommon3xPlayers,553,H. Xu,NYL,3.0,259.0,0.789472601327084,2026-06-05 05:19:18.264647+00:00
1784,2026-05-14,highestBoostedValuePlayers,599,M. Gustafson,POR,3.0,39.0,2.0626550919057687,2026-06-05 05:19:18.264647+00:00
1784,2026-05-14,highestBoostedValuePlayers,609,N. Coffey,MIN,1.0,121.0,4.019601848808291,2026-06-05 05:19:18.264647+00:00
1784,2026-05-14,highestBoostedValuePlayers,620,N. Puoch,POR,3.0,27.0,2.4829822664692234,2026-06-05 05:19:18.264647+00:00
1784,2026-05-14,highestBoostedValuePlayers,638,B. Laney-Hamilton,NYL,2.6,166.0,1.8594204226105764,2026-06-05 05:19:18.264647+00:00
1784,2026-05-14,highestBoostedValuePlayers,639,B. Stewart,NYL,0.0,3900.0,2.9713016348493992,2026-06-05 05:19:18.264647+00:00
1784,2026-05-14,highestBoostedValuePlayers,643,J. Jones,NYL,0.9,302.0,1.9949482866186938,2026-06-05 05:19:18.264647+00:00
1784,2026-05-14,popularPlayers,653,J. Shepard,DAL,0.4,1300.0,2.1049305098953517,2026-06-05 05:19:18.264647+00:00
1784,2026-05-14,highestBoostedValuePlayers,654,C. Williams,MIN,0.5,219.0,5.147993071211431,2026-06-05 05:19:18.264647+00:00
1784,2026-05-14,highestBoostedValuePlayers,658,A. Smith,DAL,2.7,11.0,2.358489675731852,2026-06-05 05:19:18.264647+00:00
1784,2026-05-14,highestBoostedValuePlayers,660,K. McBride,MIN,1.0,218.0,2.1070095741771757,2026-06-05 05:19:18.264647+00:00
1784,2026-05-14,popularPlayers,663,B. Carleton,POR,0.2,2400.0,2.0557369666095378,2026-06-05 05:19:18.264647+00:00
1784,2026-05-14,highestBoostedValuePlayers,687,E. Engstler,POR,2.0,150.0,2.0252327673372252,2026-06-05 05:19:18.264647+00:00
1784,2026-05-14,highestBoostedValuePlayers,760,N. Howard,MIN,2.4,25.0,4.366489497528347,2026-06-05 05:19:18.264647+00:00
1784,2026-05-14,highestBoostedValuePlayers,765,M. Siegrist,DAL,3.0,3.0,3.4708801942135854,2026-06-05 05:19:18.264647+00:00
1784,2026-05-14,popularPlayers,767,A. Ogunbowale,DAL,0.7,2500.0,0.8069040775461727,2026-06-05 05:19:18.264647+00:00
1784,2026-05-14,highestBoostedValuePlayers,4322740,P. Bueckers,DAL,0.3,1300.0,4.749251949936753,2026-06-05 05:19:18.264647+00:00
1784,2026-05-14,popularPlayers,4322748,S. Barker,POR,1.2,1700.0,0.9651071296172049,2026-06-05 05:19:18.264647+00:00
1784,2026-05-14,highestBoostedValuePlayers,4322854,O. Miles,MIN,0.2,358.0,3.0423440555276575,2026-06-05 05:19:18.264647+00:00
1784,2026-05-14,mostCommon3xPlayers,4322856,A. Fudd,DAL,3.0,511.0,0.9810400232791624,2026-06-05 05:19:18.264647+00:00
1784,2026-05-14,highestBoostedValuePlayers,4322905,P. Astier,NYL,0.2,370.0,3.8714203592918817,2026-06-05 05:19:18.264647+00:00
1787,2026-05-15,highestBoostedValuePlayers,596,K. Plum,LAS,0.5,418.0,6.38222345809762,2026-06-05 05:19:18.264647+00:00
1787,2026-05-15,popularPlayers,597,J. Young,LVA,0.4,1100.0,2.4129711950645314,2026-06-05 05:19:18.264647+00:00
1787,2026-05-15,highestBoostedValuePlayers,598,A. Wilson,LVA,0.3,1900.0,9.480452075269294,2026-06-05 05:19:18.264647+00:00
1787,2026-05-15,highestBoostedValuePlayers,602,C. Gray,LVA,1.7,191.0,3.535782810955557,2026-06-05 05:19:18.264647+00:00
1787,2026-05-15,highestBoostedValuePlayers,622,E. Wheeler,LAS,3.0,3.0,2.498549324713381,2026-06-05 05:19:18.264647+00:00
1787,2026-05-15,highestBoostedValuePlayers,624,C. Clark,IND,0.3,1000.0,5.301462067678918,2026-06-05 05:19:18.264647+00:00
1787,2026-05-15,popularPlayers,626,K. Mitchell,IND,0.1,1400.0,2.3424824323642865,2026-06-05 05:19:18.264647+00:00
1787,2026-05-15,highestBoostedValuePlayers,631,L. Hull,IND,3.0,1.0,2.1611972599020373,2026-06-05 05:19:18.264647+00:00
1787,2026-05-15,highestBoostedValuePlayers,635,K. Burke,CON,2.5,3.0,2.6426169270192577,2026-06-05 05:19:18.264647+00:00
1787,2026-05-15,highestBoostedValuePlayers,636,N. Sabally,TOR,1.0,39.0,3.8158062738314835,2026-06-05 05:19:18.264647+00:00
1787,2026-05-15,popularPlayers,668,N. Mack,PHO,0.7,909.0,2.8844846274607834,2026-06-05 05:19:18.264647+00:00
1787,2026-05-15,popularPlayers,670,K. Copper,PHO,1.2,1800.0,2.9895064513577903,2026-06-05 05:19:18.264647+00:00
1787,2026-05-15,highestBoostedValuePlayers,677,N. Cloud,CHI,3.0,2.0,2.3949057402467,2026-06-05 05:19:18.264647+00:00
1787,2026-05-15,highestBoostedValuePlayers,679,B. Sykes,TOR,0.5,60.0,4.514116009639552,2026-06-05 05:19:18.264647+00:00
1787,2026-05-15,popularPlayers,697,M. Mabrey,TOR,0.0,1700.0,0.43890384178798797,2026-06-05 05:19:18.264647+00:00
1787,2026-05-15,popularPlayers,703,C. Carter,LVA,0.3,1300.0,2.833447334021337,2026-06-05 05:19:18.264647+00:00
1787,2026-05-15,highestBoostedValuePlayers,712,M. Billings,IND,2.3,122.0,4.029639974640794,2026-06-05 05:19:18.264647+00:00
1787,2026-05-15,mostCommon3xPlayers,714,R. Burrell,LAS,3.0,857.0,1.7742357081843463,2026-06-05 05:19:18.264647+00:00
1787,2026-05-15,popularPlayers,716,C. Brink,LAS,1.4,1800.0,1.894809520632999,2026-06-05 05:19:18.264647+00:00
1787,2026-05-15,highestBoostedValuePlayers,718,D. Hamby,LAS,1.7,371.0,4.0926820506521135,2026-06-05 05:19:18.264647+00:00
1787,2026-05-15,highestBoostedValuePlayers,723,R. Jackson,CHI,0.4,173.0,4.753075099794031,2026-06-05 05:19:18.264647+00:00
1787,2026-05-15,popularPlayers,726,J. Loyd,LVA,2.9,967.0,1.2927024652993073,2026-06-05 05:19:18.264647+00:00
1787,2026-05-15,popularPlayers,734,S. Diggins,CHI,0.0,1600.0,0.7902998281668822,2026-06-05 05:19:18.264647+00:00
1787,2026-05-15,highestBoostedValuePlayers,738,N. Ogwumike,LAS,0.8,55.0,3.8109532042271903,2026-06-05 05:19:18.264647+00:00
1787,2026-05-15,popularPlayers,745,A. Thomas,PHO,0.1,2300.0,3.6674514998894505,2026-06-05 05:19:18.264647+00:00
1787,2026-05-15,popularPlayers,750,D. Bonner,PHO,0.7,1100.0,1.4698815866878399,2026-06-05 05:19:18.264647+00:00
1787,2026-05-15,popularPlayers,757,J. Sheldon,CHI,0.3,928.0,1.2312646166356866,2026-06-05 05:19:18.264647+00:00
1787,2026-05-15,highestBoostedValuePlayers,4322741,S. Citron,WAS,0.1,235.0,6.110265321945575,2026-06-05 05:19:18.264647+00:00
1787,2026-05-15,popularPlayers,4322743,K. Iriafen,WAS,0.2,989.0,4.264150660911857,2026-06-05 05:19:18.264647+00:00
1787,2026-05-15,highestBoostedValuePlayers,4322746,S. Rivers,CON,3.0,2.0,3.4589345048736493,2026-06-05 05:19:18.264647+00:00
1787,2026-05-15,highestBoostedValuePlayers,4322749,H. Van Lith,CON,2.2,34.0,2.662653339411245,2026-06-05 05:19:18.264647+00:00
1787,2026-05-15,highestBoostedValuePlayers,4322852,L. Juškaitė,TOR,0.0,1.0,3.4938397237686547,2026-06-05 05:19:18.264647+00:00
1787,2026-05-15,mostCommon3xPlayers,4322861,K. Rice,TOR,3.0,223.0,1.4959302194944255,2026-06-05 05:19:18.264647+00:00
1787,2026-05-15,mostCommon3xPlayers,4322870,C. Prosper,WAS,3.0,203.0,-0.12862940989529426,2026-06-05 05:19:18.264647+00:00
1787,2026-05-15,highestBoostedValuePlayers,4322872,C. Leger-Walker,CON,3.0,1.0,2.3293774840194006,2026-06-05 05:19:18.264647+00:00
1787,2026-05-15,highestBoostedValuePlayers,4322918,J. Nogic,PHO,1.0,134.0,4.159760538167697,2026-06-05 05:19:18.264647+00:00
1797,2026-05-17,highestBoostedValuePlayers,596,K. Plum,LAS,0.1,544.0,4.531019880422572,2026-06-05 05:19:18.264647+00:00
1797,2026-05-17,popularPlayers,597,J. Young,LVA,0.5,1200.0,2.848671468786845,2026-06-05 05:19:18.264647+00:00
1797,2026-05-17,popularPlayers,598,A. Wilson,LVA,0.0,5100.0,2.6469780458208194,2026-06-05 05:19:18.264647+00:00
1797,2026-05-17,highestBoostedValuePlayers,602,C. Gray,LVA,1.1,194.0,5.351479586207669,2026-06-05 05:19:18.264647+00:00
1797,2026-05-17,mostCommon3xPlayers,608,C. Parker-Tyus,LVA,3.0,50.0,0.8262065540876857,2026-06-05 05:19:18.264647+00:00
1797,2026-05-17,popularPlayers,609,N. Coffey,MIN,0.6,1100.0,0.5505104284664036,2026-06-05 05:19:18.264647+00:00
1797,2026-05-17,highestBoostedValuePlayers,624,C. Clark,IND,0.1,1400.0,4.564261890189385,2026-06-05 05:19:18.264647+00:00
1797,2026-05-17,popularPlayers,626,K. Mitchell,IND,0.3,2100.0,2.74377313389146,2026-06-05 05:19:18.264647+00:00
1797,2026-05-17,highestBoostedValuePlayers,629,N. Smith,LVA,1.6,5.0,2.721767049806729,2026-06-05 05:19:18.264647+00:00
1797,2026-05-17,mostCommon3xPlayers,631,L. Hull,IND,3.0,62.0,1.8050620018735946,2026-06-05 05:19:18.264647+00:00
1797,2026-05-17,popularPlayers,636,N. Sabally,TOR,0.6,940.0,2.2159036781410584,2026-06-05 05:19:18.264647+00:00
1797,2026-05-17,highestBoostedValuePlayers,652,N. Hiedeman,SEA,2.4,5.0,2.4825524659652176,2026-06-05 05:19:18.264647+00:00
1797,2026-05-17,popularPlayers,654,C. Williams,MIN,0.2,1700.0,2.58774772301336,2026-06-05 05:19:18.264647+00:00
1797,2026-05-17,highestBoostedValuePlayers,660,K. McBride,MIN,1.1,25.0,3.888786598333015,2026-06-05 05:19:18.264647+00:00
1797,2026-05-17,highestBoostedValuePlayers,671,S. Cunningham,IND,1.8,17.0,2.6899173515354002,2026-06-05 05:19:18.264647+00:00
1797,2026-05-17,highestBoostedValuePlayers,677,N. Cloud,CHI,2.4,14.0,2.1509799932530185,2026-06-05 05:19:18.264647+00:00
1797,2026-05-17,highestBoostedValuePlayers,679,B. Sykes,TOR,0.3,218.0,5.649141675852948,2026-06-05 05:19:18.264647+00:00
1797,2026-05-17,highestBoostedValuePlayers,689,M. Hines-Allen,IND,2.3,6.0,2.56047626761523,2026-06-05 05:19:18.264647+00:00
1797,2026-05-17,popularPlayers,697,M. Mabrey,TOR,0.5,1700.0,2.2989284997546964,2026-06-05 05:19:18.264647+00:00
1797,2026-05-17,popularPlayers,701,A. Reese,ATL,0.4,2500.0,1.1752902718420724,2026-06-05 05:19:18.264647+00:00
1797,2026-05-17,popularPlayers,703,C. Carter,LVA,0.4,1200.0,3.053937517902941,2026-06-05 05:19:18.264647+00:00
1797,2026-05-17,highestBoostedValuePlayers,705,K. Cardoso,CHI,0.9,51.0,3.5294911429782285,2026-06-05 05:19:18.264647+00:00
1797,2026-05-17,highestBoostedValuePlayers,709,Z. Cooke,SEA,2.6,2.0,2.159266424061386,2026-06-05 05:19:18.264647+00:00
1797,2026-05-17,popularPlayers,716,C. Brink,LAS,1.5,2200.0,1.4539353937139634,2026-06-05 05:19:18.264647+00:00
1797,2026-05-17,highestBoostedValuePlayers,718,D. Hamby,LAS,0.8,82.0,4.540501773898741,2026-06-05 05:19:18.264647+00:00
1797,2026-05-17,popularPlayers,723,R. Jackson,CHI,0.2,1800.0,0.5684815826557837,2026-06-05 05:19:18.264647+00:00
1797,2026-05-17,mostCommon3xPlayers,731,M. Holmes,SEA,3.0,95.0,0.7520680150995812,2026-06-05 05:19:18.264647+00:00
1797,2026-05-17,popularPlayers,738,N. Ogwumike,LAS,0.6,1500.0,2.4203429567477905,2026-06-05 05:19:18.264647+00:00
1797,2026-05-17,highestBoostedValuePlayers,760,N. Howard,MIN,1.0,75.0,3.7233440712593984,2026-06-05 05:19:18.264647+00:00
1797,2026-05-17,highestBoostedValuePlayers,4322755,T. Paopao,ATL,3.0,3.0,3.104578999804454,2026-06-05 05:19:18.264647+00:00
1797,2026-05-17,popularPlayers,4322854,O. Miles,MIN,0.3,1700.0,2.4066936708389335,2026-06-05 05:19:18.264647+00:00
1797,2026-05-17,highestBoostedValuePlayers,4322858,G. Jaquez,CHI,1.6,19.0,2.875759642999453,2026-06-05 05:19:18.264647+00:00
1797,2026-05-17,highestBoostedValuePlayers,4322859,F. Johnson,SEA,1.5,38.0,2.977158840953429,2026-06-05 05:19:18.264647+00:00
1797,2026-05-17,highestBoostedValuePlayers,4322861,K. Rice,TOR,2.8,10.0,3.1717933768945055,2026-06-05 05:19:18.264647+00:00
1797,2026-05-17,highestBoostedValuePlayers,4322865,M. Okot,ATL,3.0,3.0,2.8282464818893964,2026-06-05 05:19:18.264647+00:00
1797,2026-05-17,highestBoostedValuePlayers,4322893,G. VanSlooten,IND,3.0,3.0,1.9167415023209673,2026-06-05 05:19:18.264647+00:00
1798,2026-05-18,popularPlayers,172,O. Sims,DAL,1.0,1400.0,0.06748761883962855,2026-06-05 05:19:18.264647+00:00
1798,2026-05-18,popularPlayers,336,L. Geiselsöder,POR,1.4,1400.0,0.7692749041031061,2026-06-05 05:19:18.264647+00:00
1798,2026-05-18,mostCommon3xPlayers,599,M. Gustafson,POR,3.0,360.0,0.6418331045158968,2026-06-05 05:19:18.264647+00:00
1798,2026-05-18,highestBoostedValuePlayers,620,N. Puoch,POR,2.3,43.0,1.7212167671776952,2026-06-05 05:19:18.264647+00:00
1798,2026-05-18,popularPlayers,635,K. Burke,CON,1.9,1400.0,1.368854114253975,2026-06-05 05:19:18.264647+00:00
1798,2026-05-18,highestBoostedValuePlayers,653,J. Shepard,DAL,0.6,182.0,4.095524739831299,2026-06-05 05:19:18.264647+00:00
1798,2026-05-18,popularPlayers,658,A. Smith,DAL,1.9,1500.0,0.7820784300516932,2026-06-05 05:19:18.264647+00:00
1798,2026-05-18,popularPlayers,661,D. Miller,CON,2.3,1300.0,0.7667365672550763,2026-06-05 05:19:18.264647+00:00
1798,2026-05-18,highestBoostedValuePlayers,663,B. Carleton,POR,0.5,425.0,3.664788198168231,2026-06-05 05:19:18.264647+00:00
1798,2026-05-18,highestBoostedValuePlayers,664,B. Griner,CON,1.1,70.0,3.090302552978366,2026-06-05 05:19:18.264647+00:00
1798,2026-05-18,highestBoostedValuePlayers,683,A. Edwards,CON,3.0,4.0,2.3878091944478252,2026-06-05 05:19:18.264647+00:00
1798,2026-05-18,highestBoostedValuePlayers,687,E. Engstler,POR,1.8,247.0,2.8016944683410596,2026-06-05 05:19:18.264647+00:00
1798,2026-05-18,popularPlayers,691,S. Austin,WAS,0.2,2300.0,1.2805935898708447,2026-06-05 05:19:18.264647+00:00
1798,2026-05-18,highestBoostedValuePlayers,755,A. Kuier,DAL,3.0,1.0,3.3139297325644956,2026-06-05 05:19:18.264647+00:00
1798,2026-05-18,highestBoostedValuePlayers,765,M. Siegrist,DAL,1.9,152.0,1.6868650655084085,2026-06-05 05:19:18.264647+00:00
1798,2026-05-18,highestBoostedValuePlayers,767,A. Ogunbowale,DAL,1.3,339.0,3.255309213759985,2026-06-05 05:19:18.264647+00:00
1798,2026-05-18,highestBoostedValuePlayers,4322740,P. Bueckers,DAL,0.2,2300.0,3.6724076577937828,2026-06-05 05:19:18.264647+00:00
1798,2026-05-18,popularPlayers,4322741,S. Citron,WAS,0.0,3900.0,0.3064436257862725,2026-06-05 05:19:18.264647+00:00
1798,2026-05-18,popularPlayers,4322743,K. Iriafen,WAS,0.2,3100.0,2.218473213441584,2026-06-05 05:19:18.264647+00:00
1798,2026-05-18,popularPlayers,4322744,G. Amoore,WAS,2.7,942.0,0.38650578569488325,2026-06-05 05:19:18.264647+00:00
1798,2026-05-18,highestBoostedValuePlayers,4322745,A. Morrow,CON,1.0,751.0,3.5750215197366306,2026-06-05 05:19:18.264647+00:00
1798,2026-05-18,highestBoostedValuePlayers,4322746,S. Rivers,CON,2.3,179.0,3.4941665130460646,2026-06-05 05:19:18.264647+00:00
1798,2026-05-18,highestBoostedValuePlayers,4322748,S. Barker,POR,1.8,184.0,3.4678036095888176,2026-06-05 05:19:18.264647+00:00
1798,2026-05-18,highestBoostedValuePlayers,4322749,H. Van Lith,CON,1.7,448.0,1.6546539358724768,2026-06-05 05:19:18.264647+00:00
1798,2026-05-18,highestBoostedValuePlayers,4322750,A. James,DAL,2.7,7.0,1.5322938808701345,2026-06-05 05:19:18.264647+00:00
1798,2026-05-18,highestBoostedValuePlayers,4322761,L. Olsen,WAS,3.0,8.0,1.256725619299779,2026-06-05 05:19:18.264647+00:00
1798,2026-05-18,highestBoostedValuePlayers,4322856,A. Fudd,DAL,3.0,25.0,2.4804530653833314,2026-06-05 05:19:18.264647+00:00
1798,2026-05-18,highestBoostedValuePlayers,4322857,L. Betts,WAS,3.0,13.0,1.404501893490407,2026-06-05 05:19:18.264647+00:00
1798,2026-05-18,mostCommon3xPlayers,4322868,G. Kneepkens,CON,3.0,312.0,0.3894190201127249,2026-06-05 05:19:18.264647+00:00
1798,2026-05-18,highestBoostedValuePlayers,4322870,C. Prosper,WAS,3.0,1.0,1.1606088879394612,2026-06-05 05:19:18.264647+00:00
1798,2026-05-18,mostCommon3xPlayers,4322872,C. Leger-Walker,CON,3.0,305.0,0.7034110038512569,2026-06-05 05:19:18.264647+00:00
1806,2026-05-19,highestBoostedValuePlayers,41,V. Ayayi,PHO,3.0,129.0,1.2064978805890534,2026-06-05 05:19:18.264647+00:00
1806,2026-05-19,highestBoostedValuePlayers,129,N. Milic,TOR,3.0,77.0,0.5080040796711072,2026-06-05 05:19:18.264647+00:00
1806,2026-05-19,highestBoostedValuePlayers,456,L. Held,TOR,0.0,13.0,0.4545202847738963,2026-06-05 05:19:18.264647+00:00
1806,2026-05-19,highestBoostedValuePlayers,636,N. Sabally,TOR,0.8,,0.0,2026-06-05 05:19:18.264647+00:00
1806,2026-05-19,highestBoostedValuePlayers,668,N. Mack,PHO,0.7,322.0,3.3362453849314493,2026-06-05 05:19:18.264647+00:00
1806,2026-05-19,highestBoostedValuePlayers,670,K. Copper,PHO,1.0,428.0,2.282947318613179,2026-06-05 05:19:18.264647+00:00
1806,2026-05-19,highestBoostedValuePlayers,679,B. Sykes,TOR,0.1,2600.0,6.174589982325139,2026-06-05 05:19:18.264647+00:00
1806,2026-05-19,highestBoostedValuePlayers,697,M. Mabrey,TOR,0.6,577.0,5.1146689589280125,2026-06-05 05:19:18.264647+00:00
1806,2026-05-19,highestBoostedValuePlayers,725,K. Nurse,TOR,3.0,149.0,0.27,2026-06-05 05:19:18.264647+00:00
1806,2026-05-19,highestBoostedValuePlayers,733,K. Williams,PHO,3.0,139.0,0.9335990534029893,2026-06-05 05:19:18.264647+00:00
1806,2026-05-19,highestBoostedValuePlayers,745,A. Thomas,PHO,0.2,2500.0,4.586565851183534,2026-06-05 05:19:18.264647+00:00
1806,2026-05-19,highestBoostedValuePlayers,750,D. Bonner,PHO,0.9,357.0,2.0568491109760685,2026-06-05 05:19:18.264647+00:00
1806,2026-05-19,highestBoostedValuePlayers,4322792,K. Linskens,PHO,3.0,119.0,0.58027,2026-06-05 05:19:18.264647+00:00
1806,2026-05-19,highestBoostedValuePlayers,4322794,M. Conde,TOR,2.6,135.0,0.8812331272941102,2026-06-05 05:19:18.264647+00:00
1806,2026-05-19,highestBoostedValuePlayers,4322852,L. Juškaitė,TOR,1.4,147.0,1.4357248167065966,2026-06-05 05:19:18.264647+00:00
1806,2026-05-19,highestBoostedValuePlayers,4322861,K. Rice,TOR,1.8,330.0,3.4648952920377774,2026-06-05 05:19:18.264647+00:00
1806,2026-05-19,highestBoostedValuePlayers,4322879,T. Key,TOR,3.0,126.0,0.27724543060861206,2026-06-05 05:19:18.264647+00:00
1806,2026-05-19,highestBoostedValuePlayers,4322903,Q. Carter,PHO,3.0,,0.0,2026-06-05 05:19:18.264647+00:00
1806,2026-05-19,highestBoostedValuePlayers,4322904,N. Brochant,PHO,3.0,109.0,1.1973566748109294,2026-06-05 05:19:18.264647+00:00
1806,2026-05-19,highestBoostedValuePlayers,4322918,J. Nogic,PHO,0.7,292.0,1.5232779897714068,2026-06-05 05:19:18.264647+00:00
1810,2026-05-20,highestBoostedValuePlayers,599,M. Gustafson,POR,3.0,1.0,1.6050582594512288,2026-06-05 05:19:18.264647+00:00
1810,2026-05-20,popularPlayers,624,C. Clark,IND,0.0,2600.0,0.0,2026-06-05 05:19:18.264647+00:00
1810,2026-05-20,highestBoostedValuePlayers,626,K. Mitchell,IND,0.4,416.0,3.599695331587346,2026-06-05 05:19:18.264647+00:00
1810,2026-05-20,highestBoostedValuePlayers,627,A. Boston,IND,0.7,330.0,4.428467750597174,2026-06-05 05:19:18.264647+00:00
1810,2026-05-20,highestBoostedValuePlayers,631,L. Hull,IND,2.6,4.0,3.1641024328999205,2026-06-05 05:19:18.264647+00:00
1810,2026-05-20,highestBoostedValuePlayers,635,K. Burke,CON,2.0,142.0,3.587771832219999,2026-06-05 05:19:18.264647+00:00
1810,2026-05-20,highestBoostedValuePlayers,652,N. Hiedeman,SEA,1.9,91.0,3.79828928172638,2026-06-05 05:19:18.264647+00:00
1810,2026-05-20,highestBoostedValuePlayers,653,J. Shepard,DAL,0.4,259.0,5.100659512106095,2026-06-05 05:19:18.264647+00:00
1810,2026-05-20,highestBoostedValuePlayers,658,A. Smith,DAL,2.4,11.0,2.0746331548703107,2026-06-05 05:19:18.264647+00:00
1810,2026-05-20,popularPlayers,663,B. Carleton,POR,0.4,1700.0,2.3050725885035734,2026-06-05 05:19:18.264647+00:00
1810,2026-05-20,popularPlayers,664,B. Griner,CON,0.8,976.0,0.0,2026-06-05 05:19:18.264647+00:00
1810,2026-05-20,highestBoostedValuePlayers,677,N. Cloud,CHI,1.9,15.0,3.5209214280722896,2026-06-05 05:19:18.264647+00:00
1810,2026-05-20,highestBoostedValuePlayers,705,K. Cardoso,CHI,0.7,263.0,6.14207120478368,2026-06-05 05:19:18.264647+00:00
1810,2026-05-20,highestBoostedValuePlayers,708,E. Williams,CHI,3.0,4.0,1.6380670186632054,2026-06-05 05:19:18.264647+00:00
1810,2026-05-20,highestBoostedValuePlayers,724,L. Yueru,DAL,3.0,1.0,2.484188812971537,2026-06-05 05:19:18.264647+00:00
1810,2026-05-20,popularPlayers,729,J. Melbourne,SEA,0.7,1400.0,1.1244424307195502,2026-06-05 05:19:18.264647+00:00
1810,2026-05-20,highestBoostedValuePlayers,731,M. Holmes,SEA,3.0,5.0,4.487136663761406,2026-06-05 05:19:18.264647+00:00
1810,2026-05-20,popularPlayers,734,S. Diggins,CHI,0.3,2300.0,2.398951045249524,2026-06-05 05:19:18.264647+00:00
1810,2026-05-20,mostCommon3xPlayers,739,J. Horston,SEA,3.0,104.0,0.5848262,2026-06-05 05:19:18.264647+00:00
1810,2026-05-20,highestBoostedValuePlayers,747,T. Harris,IND,3.0,1.0,1.8765072056115233,2026-06-05 05:19:18.264647+00:00
1810,2026-05-20,popularPlayers,757,J. Sheldon,CHI,0.8,1200.0,0.47409763582257364,2026-06-05 05:19:18.264647+00:00
1810,2026-05-20,highestBoostedValuePlayers,767,A. Ogunbowale,DAL,1.0,488.0,3.682059170692703,2026-06-05 05:19:18.264647+00:00
1810,2026-05-20,popularPlayers,4322740,P. Bueckers,DAL,0.2,5400.0,3.256388786214325,2026-06-05 05:19:18.264647+00:00
1810,2026-05-20,popularPlayers,4322745,A. Morrow,CON,0.8,2900.0,0.1549247659362124,2026-06-05 05:19:18.264647+00:00
1810,2026-05-20,popularPlayers,4322746,S. Rivers,CON,1.6,2200.0,1.4028505920466148,2026-06-05 05:19:18.264647+00:00
1810,2026-05-20,popularPlayers,4322748,S. Barker,POR,1.2,1000.0,1.5558006740652777,2026-06-05 05:19:18.264647+00:00
1810,2026-05-20,popularPlayers,4322749,H. Van Lith,CON,1.7,2200.0,0.13334487900197825,2026-06-05 05:19:18.264647+00:00
1810,2026-05-20,mostCommon3xPlayers,4322758,A. Coulibaly,CHI,3.0,163.0,0.3692072418990051,2026-06-05 05:19:18.264647+00:00
1810,2026-05-20,highestBoostedValuePlayers,4322856,A. Fudd,DAL,2.6,46.0,1.66313745457357,2026-06-05 05:19:18.264647+00:00
1810,2026-05-20,highestBoostedValuePlayers,4322858,G. Jaquez,CHI,1.3,266.0,2.2056356939635435,2026-06-05 05:19:18.264647+00:00
1810,2026-05-20,popularPlayers,4322859,F. Johnson,SEA,1.2,3100.0,1.3517115219510225,2026-06-05 05:19:18.264647+00:00
1810,2026-05-20,highestBoostedValuePlayers,4322866,N. Angloma,CON,3.0,1.0,3.185855428515141,2026-06-05 05:19:18.264647+00:00
1810,2026-05-20,highestBoostedValuePlayers,4322872,C. Leger-Walker,CON,3.0,12.0,3.2075965096698495,2026-06-05 05:19:18.264647+00:00
1810,2026-05-20,highestBoostedValuePlayers,4322915,R. Beers,CON,3.0,9.0,2.7891841021694073,2026-06-05 05:19:18.264647+00:00
1814,2026-05-21,mostCommon3xPlayers,41,V. Ayayi,PHO,3.0,167.0,0.18,2026-06-05 05:19:18.264647+00:00
1814,2026-05-21,highestBoostedValuePlayers,184,G. Williams,GSV,0.7,24.0,2.553755273493408,2026-06-05 05:19:18.264647+00:00
1814,2026-05-21,popularPlayers,303,M. Johannes,NYL,0.2,1400.0,0.2718278803476216,2026-06-05 05:19:18.264647+00:00
1814,2026-05-21,highestBoostedValuePlayers,399,K. Charles,GSV,2.2,1.0,2.3032784379247095,2026-06-05 05:19:18.264647+00:00
1814,2026-05-21,highestBoostedValuePlayers,563,M. Caldwell,MIN,3.0,1.0,3.5967175926159483,2026-06-05 05:19:18.264647+00:00
1814,2026-05-21,highestBoostedValuePlayers,596,K. Plum,LAS,0.0,1100.0,3.698449570921279,2026-06-05 05:19:18.264647+00:00
1814,2026-05-21,popularPlayers,639,B. Stewart,NYL,0.0,3500.0,3.3367862794007417,2026-06-05 05:19:18.264647+00:00
1814,2026-05-21,highestBoostedValuePlayers,641,K. Thornton,GSV,1.3,74.0,2.86172898257578,2026-06-05 05:19:18.264647+00:00
1814,2026-05-21,highestBoostedValuePlayers,643,J. Jones,NYL,1.0,22.0,2.7749723895353577,2026-06-05 05:19:18.264647+00:00
1814,2026-05-21,highestBoostedValuePlayers,654,C. Williams,MIN,0.3,191.0,3.139288743867821,2026-06-05 05:19:18.264647+00:00
1814,2026-05-21,highestBoostedValuePlayers,660,K. McBride,MIN,0.8,85.0,2.6171938632497773,2026-06-05 05:19:18.264647+00:00
1814,2026-05-21,highestBoostedValuePlayers,668,N. Mack,PHO,0.6,170.0,3.0880342357011297,2026-06-05 05:19:18.264647+00:00
1814,2026-05-21,popularPlayers,670,K. Copper,PHO,1.0,2700.0,2.1603055944595404,2026-06-05 05:19:18.264647+00:00
1814,2026-05-21,popularPlayers,679,B. Sykes,TOR,0.0,2400.0,1.25205040667413,2026-06-05 05:19:18.264647+00:00
1814,2026-05-21,highestBoostedValuePlayers,682,A. Atkins,LAS,3.0,51.0,2.5454469496727983,2026-06-05 05:19:18.264647+00:00
1814,2026-05-21,popularPlayers,697,M. Mabrey,TOR,0.4,2100.0,0.16679591771563523,2026-06-05 05:19:18.264647+00:00
1814,2026-05-21,highestBoostedValuePlayers,714,R. Burrell,LAS,3.0,37.0,1.5627312513939677,2026-06-05 05:19:18.264647+00:00
1814,2026-05-21,popularPlayers,716,C. Brink,LAS,1.7,2300.0,1.7239508491228364,2026-06-05 05:19:18.264647+00:00
1814,2026-05-21,highestBoostedValuePlayers,718,D. Hamby,LAS,0.5,281.0,6.4757259747356715,2026-06-05 05:19:18.264647+00:00
1814,2026-05-21,highestBoostedValuePlayers,725,K. Nurse,TOR,3.0,3.0,3.348099288117091,2026-06-05 05:19:18.264647+00:00
1814,2026-05-21,mostCommon3xPlayers,733,K. Williams,PHO,3.0,169.0,0.37886966674393907,2026-06-05 05:19:18.264647+00:00
1814,2026-05-21,highestBoostedValuePlayers,738,N. Ogwumike,LAS,0.7,235.0,2.6113993956968127,2026-06-05 05:19:18.264647+00:00
1814,2026-05-21,highestBoostedValuePlayers,745,A. Thomas,PHO,0.1,691.0,4.393443231304213,2026-06-05 05:19:18.264647+00:00
1814,2026-05-21,popularPlayers,750,D. Bonner,PHO,1.0,1400.0,2.1963496386466947,2026-06-05 05:19:18.264647+00:00
1814,2026-05-21,highestBoostedValuePlayers,759,V. Burton,GSV,0.3,241.0,3.262973241387841,2026-06-05 05:19:18.264647+00:00
1814,2026-05-21,popularPlayers,760,N. Howard,MIN,0.7,1900.0,2.3176467032199213,2026-06-05 05:19:18.264647+00:00
1814,2026-05-21,highestBoostedValuePlayers,366584,T. Hayes,GSV,3.0,6.0,1.492079855412893,2026-06-05 05:19:18.264647+00:00
1814,2026-05-21,highestBoostedValuePlayers,4322854,O. Miles,MIN,0.4,217.0,3.01720644955753,2026-06-05 05:19:18.264647+00:00
1814,2026-05-21,highestBoostedValuePlayers,4322861,K. Rice,TOR,1.3,35.0,2.7843533124348507,2026-06-05 05:19:18.264647+00:00
1814,2026-05-21,popularPlayers,4322905,P. Astier,NYL,0.2,1200.0,1.8693581135119974,2026-06-05 05:19:18.264647+00:00
1814,2026-05-21,highestBoostedValuePlayers,4322918,J. Nogic,PHO,0.9,185.0,2.5183128605334395,2026-06-05 05:19:18.264647+00:00
1816,2026-05-22,highestBoostedValuePlayers,172,O. Sims,DAL,1.9,4.0,3.22943495053128,2026-06-05 05:19:18.264647+00:00
1816,2026-05-22,popularPlayers,184,G. Williams,GSV,0.7,1300.0,1.426136568945519,2026-06-05 05:19:18.264647+00:00
1816,2026-05-22,highestBoostedValuePlayers,605,A. Gray,ATL,0.3,575.0,2.7918461332268336,2026-06-05 05:19:18.264647+00:00
1816,2026-05-22,popularPlayers,606,J. Canada,ATL,0.3,986.0,2.3810687985429198,2026-06-05 05:19:18.264647+00:00
1816,2026-05-22,highestBoostedValuePlayers,616,R. Howard,ATL,0.4,192.0,6.012372869648888,2026-06-05 05:19:18.264647+00:00
1816,2026-05-22,highestBoostedValuePlayers,624,C. Clark,IND,0.0,852.0,3.552857945775477,2026-06-05 05:19:18.264647+00:00
1816,2026-05-22,popularPlayers,626,K. Mitchell,IND,0.4,2400.0,2.490679040599865,2026-06-05 05:19:18.264647+00:00
1816,2026-05-22,highestBoostedValuePlayers,627,A. Boston,IND,0.4,341.0,4.924401956122761,2026-06-05 05:19:18.264647+00:00
1816,2026-05-22,popularPlayers,635,K. Burke,CON,1.5,1300.0,1.4487421717894768,2026-06-05 05:19:18.264647+00:00
1816,2026-05-22,popularPlayers,641,K. Thornton,GSV,1.1,822.0,1.3260330290124165,2026-06-05 05:19:18.264647+00:00
1816,2026-05-22,highestBoostedValuePlayers,652,N. Hiedeman,SEA,1.3,381.0,2.163346096366886,2026-06-05 05:19:18.264647+00:00
1816,2026-05-22,popularPlayers,653,J. Shepard,DAL,0.3,1500.0,2.1536414156215584,2026-06-05 05:19:18.264647+00:00
1816,2026-05-22,highestBoostedValuePlayers,661,D. Miller,CON,3.0,38.0,1.8266076657893195,2026-06-05 05:19:18.264647+00:00
1816,2026-05-22,highestBoostedValuePlayers,671,S. Cunningham,IND,1.8,41.0,1.5742604837952006,2026-06-05 05:19:18.264647+00:00
1816,2026-05-22,highestBoostedValuePlayers,683,A. Edwards,CON,2.2,48.0,2.6837839307526976,2026-06-05 05:19:18.264647+00:00
1816,2026-05-22,highestBoostedValuePlayers,685,S. Dolson,SEA,2.3,52.0,1.8206196949376288,2026-06-05 05:19:18.264647+00:00
1816,2026-05-22,popularPlayers,701,A. Reese,ATL,0.8,2600.0,1.9588427812755191,2026-06-05 05:19:18.264647+00:00
1816,2026-05-22,highestBoostedValuePlayers,709,Z. Cooke,SEA,2.6,40.0,3.8754197588885386,2026-06-05 05:19:18.264647+00:00
1816,2026-05-22,popularPlayers,729,J. Melbourne,SEA,1.0,1100.0,1.7732817954938445,2026-06-05 05:19:18.264647+00:00
1816,2026-05-22,highestBoostedValuePlayers,739,J. Horston,SEA,3.0,1.0,1.664887201408893,2026-06-05 05:19:18.264647+00:00
1816,2026-05-22,mostCommon3xPlayers,747,T. Harris,IND,3.0,172.0,-0.22058999999999998,2026-06-05 05:19:18.264647+00:00
1816,2026-05-22,highestBoostedValuePlayers,755,A. Kuier,DAL,2.7,3.0,2.85920454803656,2026-06-05 05:19:18.264647+00:00
1816,2026-05-22,highestBoostedValuePlayers,759,V. Burton,GSV,0.3,282.0,2.6688760404960137,2026-06-05 05:19:18.264647+00:00
1816,2026-05-22,popularPlayers,767,A. Ogunbowale,DAL,0.8,1900.0,0.11250642802889231,2026-06-05 05:19:18.264647+00:00
1816,2026-05-22,highestBoostedValuePlayers,366584,T. Hayes,GSV,3.0,3.0,3.692056541170505,2026-06-05 05:19:18.264647+00:00
1816,2026-05-22,popularPlayers,4322740,P. Bueckers,DAL,0.2,3900.0,1.8560556399251802,2026-06-05 05:19:18.264647+00:00
1816,2026-05-22,popularPlayers,4322745,A. Morrow,CON,1.2,1600.0,0.8783553356010264,2026-06-05 05:19:18.264647+00:00
1816,2026-05-22,popularPlayers,4322746,S. Rivers,CON,1.7,1100.0,0.7672659578559454,2026-06-05 05:19:18.264647+00:00
1816,2026-05-22,popularPlayers,4322749,H. Van Lith,CON,2.3,1700.0,0.6469875087035618,2026-06-05 05:19:18.264647+00:00
1816,2026-05-22,highestBoostedValuePlayers,4322750,A. James,DAL,2.8,3.0,2.848379288654663,2026-06-05 05:19:18.264647+00:00
1816,2026-05-22,highestBoostedValuePlayers,4322793,K. Chen,GSV,3.0,11.0,3.294503159133893,2026-06-05 05:19:18.264647+00:00
1816,2026-05-22,popularPlayers,4322797,J. Salaün,GSV,0.7,779.0,0.9361867496262126,2026-06-05 05:19:18.264647+00:00
1816,2026-05-22,highestBoostedValuePlayers,4322856,A. Fudd,DAL,2.4,30.0,1.7425370342863153,2026-06-05 05:19:18.264647+00:00
1816,2026-05-22,highestBoostedValuePlayers,4322859,F. Johnson,SEA,1.4,219.0,3.26951405703348,2026-06-05 05:19:18.264647+00:00
1816,2026-05-22,mostCommon3xPlayers,4322868,G. Kneepkens,CON,3.0,179.0,0.5354000582934767,2026-06-05 05:19:18.264647+00:00
1816,2026-05-22,highestBoostedValuePlayers,4322872,C. Leger-Walker,CON,2.7,51.0,1.7119490740122825,2026-06-05 05:19:18.264647+00:00
1816,2026-05-22,mostCommon3xPlayers,4322915,R. Beers,CON,3.0,320.0,1.0728977766838614,2026-06-05 05:19:18.264647+00:00
1823,2026-05-23,highestBoostedValuePlayers,596,K. Plum,LAS,0.1,510.0,8.727708165726167,2026-06-05 05:19:18.264647+00:00
1823,2026-05-23,popularPlayers,597,J. Young,LVA,0.6,1900.0,0.38946251674042465,2026-06-05 05:19:18.264647+00:00
1823,2026-05-23,highestBoostedValuePlayers,598,A. Wilson,LVA,0.0,4000.0,5.613349012828481,2026-06-05 05:19:18.264647+00:00
1823,2026-05-23,highestBoostedValuePlayers,599,M. Gustafson,POR,3.0,2.0,2.687683554572423,2026-06-05 05:19:18.264647+00:00
1823,2026-05-23,highestBoostedValuePlayers,602,C. Gray,LVA,0.6,261.0,2.922553209354681,2026-06-05 05:19:18.264647+00:00
1823,2026-05-23,mostCommon3xPlayers,604,K. Martin,LAS,3.0,113.0,0.1365122714097835,2026-06-05 05:19:18.264647+00:00
1823,2026-05-23,mostCommon3xPlayers,608,C. Parker-Tyus,LVA,3.0,204.0,0.0,2026-06-05 05:19:18.264647+00:00
1823,2026-05-23,highestBoostedValuePlayers,622,E. Wheeler,LAS,2.2,53.0,3.5638756437984243,2026-06-05 05:19:18.264647+00:00
1823,2026-05-23,highestBoostedValuePlayers,629,N. Smith,LVA,1.4,56.0,4.823833767047781,2026-06-05 05:19:18.264647+00:00
1823,2026-05-23,highestBoostedValuePlayers,654,C. Williams,MIN,0.4,125.0,3.8328670144944654,2026-06-05 05:19:18.264647+00:00
1823,2026-05-23,highestBoostedValuePlayers,660,K. McBride,MIN,0.8,124.0,3.014626797110687,2026-06-05 05:19:18.264647+00:00
1823,2026-05-23,popularPlayers,663,B. Carleton,POR,0.5,1200.0,2.694720050182179,2026-06-05 05:19:18.264647+00:00
1823,2026-05-23,popularPlayers,677,N. Cloud,CHI,1.3,793.0,0.9112849022833247,2026-06-05 05:19:18.264647+00:00
1823,2026-05-23,popularPlayers,679,B. Sykes,TOR,0.1,2000.0,0.7132378887833097,2026-06-05 05:19:18.264647+00:00
1823,2026-05-23,highestBoostedValuePlayers,682,A. Atkins,LAS,2.0,51.0,1.885423081752661,2026-06-05 05:19:18.264647+00:00
1823,2026-05-23,highestBoostedValuePlayers,687,E. Engstler,POR,1.9,33.0,3.318552494802738,2026-06-05 05:19:18.264647+00:00
1823,2026-05-23,highestBoostedValuePlayers,697,M. Mabrey,TOR,0.7,174.0,4.20968959138693,2026-06-05 05:19:18.264647+00:00
1823,2026-05-23,mostCommon3xPlayers,699,B. Turner,LVA,3.0,95.0,0.4587227023634478,2026-06-05 05:19:18.264647+00:00
1823,2026-05-23,highestBoostedValuePlayers,703,C. Carter,LVA,0.4,272.0,4.4007645567111044,2026-06-05 05:19:18.264647+00:00
1823,2026-05-23,popularPlayers,705,K. Cardoso,CHI,0.3,1200.0,2.7565367744169573,2026-06-05 05:19:18.264647+00:00
1823,2026-05-23,highestBoostedValuePlayers,714,R. Burrell,LAS,2.8,14.0,1.7469242205053912,2026-06-05 05:19:18.264647+00:00
1823,2026-05-23,highestBoostedValuePlayers,716,C. Brink,LAS,1.8,247.0,2.1760986257016564,2026-06-05 05:19:18.264647+00:00
1823,2026-05-23,popularPlayers,718,D. Hamby,LAS,0.2,2100.0,2.649236539553485,2026-06-05 05:19:18.264647+00:00
1823,2026-05-23,mostCommon3xPlayers,719,S. Talbot,LVA,3.0,126.0,0.9597627763856289,2026-06-05 05:19:18.264647+00:00
1823,2026-05-23,mostCommon3xPlayers,725,K. Nurse,TOR,3.0,229.0,0.6187476063703996,2026-06-05 05:19:18.264647+00:00
1823,2026-05-23,highestBoostedValuePlayers,726,J. Loyd,LVA,2.8,27.0,1.6623287821294659,2026-06-05 05:19:18.264647+00:00
1823,2026-05-23,popularPlayers,734,S. Diggins,CHI,0.4,844.0,2.6532646965948157,2026-06-05 05:19:18.264647+00:00
1823,2026-05-23,highestBoostedValuePlayers,760,N. Howard,MIN,0.8,98.0,5.585961372416102,2026-06-05 05:19:18.264647+00:00
1823,2026-05-23,highestBoostedValuePlayers,762,C. Leite,POR,1.1,266.0,2.9616811607387215,2026-06-05 05:19:18.264647+00:00
1823,2026-05-23,highestBoostedValuePlayers,4322748,S. Barker,POR,1.4,52.0,2.1103588517370966,2026-06-05 05:19:18.264647+00:00
1823,2026-05-23,popularPlayers,4322854,O. Miles,MIN,0.4,977.0,2.902224136742334,2026-06-05 05:19:18.264647+00:00
1823,2026-05-23,highestBoostedValuePlayers,4322861,K. Rice,TOR,1.2,184.0,3.9383445868995324,2026-06-05 05:19:18.264647+00:00
1823,2026-05-23,highestBoostedValuePlayers,4322887,S. Williams,POR,3.0,2.0,1.9246828656688022,2026-06-05 05:19:18.264647+00:00
1829,2026-05-24,popularPlayers,303,M. Johannes,NYL,0.5,874.0,1.1417508191174182,2026-06-05 05:19:18.264647+00:00
1829,2026-05-24,popularPlayers,605,A. Gray,ATL,0.3,1500.0,1.6854610365702394,2026-06-05 05:19:18.264647+00:00
1829,2026-05-24,highestBoostedValuePlayers,606,J. Canada,ATL,0.5,9.0,5.142151322316711,2026-06-05 05:19:18.264647+00:00
1829,2026-05-24,highestBoostedValuePlayers,616,R. Howard,ATL,0.1,95.0,3.5777497439308004,2026-06-05 05:19:18.264647+00:00
1829,2026-05-24,popularPlayers,617,N. Hillmon,ATL,2.6,767.0,0.8393934250020333,2026-06-05 05:19:18.264647+00:00
1829,2026-05-24,popularPlayers,637,S. Ionescu,NYL,0.0,1600.0,2.9336818350991583,2026-06-05 05:19:18.264647+00:00
1829,2026-05-24,popularPlayers,639,B. Stewart,NYL,0.1,3100.0,3.036099871787756,2026-06-05 05:19:18.264647+00:00
1829,2026-05-24,highestBoostedValuePlayers,643,J. Jones,NYL,0.9,29.0,2.6535999061542683,2026-06-05 05:19:18.264647+00:00
1829,2026-05-24,highestBoostedValuePlayers,652,N. Hiedeman,SEA,1.3,177.0,4.7408562761704625,2026-06-05 05:19:18.264647+00:00
1829,2026-05-24,highestBoostedValuePlayers,653,J. Shepard,DAL,0.4,161.0,3.695173484631933,2026-06-05 05:19:18.264647+00:00
1829,2026-05-24,highestBoostedValuePlayers,670,K. Copper,PHO,1.1,238.0,2.399488213992569,2026-06-05 05:19:18.264647+00:00
1829,2026-05-24,highestBoostedValuePlayers,685,S. Dolson,SEA,2.2,41.0,3.118089667295733,2026-06-05 05:19:18.264647+00:00
1829,2026-05-24,popularPlayers,691,S. Austin,WAS,0.4,1500.0,2.6384863824438973,2026-06-05 05:19:18.264647+00:00
1829,2026-05-24,highestBoostedValuePlayers,701,A. Reese,ATL,1.0,466.0,4.281332919018328,2026-06-05 05:19:18.264647+00:00
1829,2026-05-24,popularPlayers,709,Z. Cooke,SEA,1.7,900.0,0.8507044522664914,2026-06-05 05:19:18.264647+00:00
1829,2026-05-24,highestBoostedValuePlayers,710,L. Brown,SEA,2.2,22.0,1.6907825614436613,2026-06-05 05:19:18.264647+00:00
1829,2026-05-24,popularPlayers,729,J. Melbourne,SEA,1.1,918.0,1.7670481331897978,2026-06-05 05:19:18.264647+00:00
1829,2026-05-24,mostCommon3xPlayers,739,J. Horston,SEA,3.0,165.0,1.05078435178199,2026-06-05 05:19:18.264647+00:00
1829,2026-05-24,highestBoostedValuePlayers,745,A. Thomas,PHO,0.1,598.0,4.607202215189143,2026-06-05 05:19:18.264647+00:00
1829,2026-05-24,highestBoostedValuePlayers,755,A. Kuier,DAL,2.0,2.0,2.1282441825155924,2026-06-05 05:19:18.264647+00:00
1829,2026-05-24,highestBoostedValuePlayers,758,S. Sabally,NYL,3.0,27.0,2.930387133834446,2026-06-05 05:19:18.264647+00:00
1829,2026-05-24,highestBoostedValuePlayers,767,A. Ogunbowale,DAL,1.2,146.0,3.2693179172326845,2026-06-05 05:19:18.264647+00:00
1829,2026-05-24,highestBoostedValuePlayers,4322740,P. Bueckers,DAL,0.4,969.0,3.8551316018478103,2026-06-05 05:19:18.264647+00:00
1829,2026-05-24,popularPlayers,4322741,S. Citron,WAS,0.2,2400.0,2.554901088332818,2026-06-05 05:19:18.264647+00:00
1829,2026-05-24,popularPlayers,4322743,K. Iriafen,WAS,0.3,1800.0,2.4329618452102815,2026-06-05 05:19:18.264647+00:00
1829,2026-05-24,highestBoostedValuePlayers,4322744,G. Amoore,WAS,3.0,25.0,2.5714011377021966,2026-06-05 05:19:18.264647+00:00
1829,2026-05-24,highestBoostedValuePlayers,4322792,K. Linskens,PHO,3.0,1.0,1.9668269893558357,2026-06-05 05:19:18.264647+00:00
1829,2026-05-24,highestBoostedValuePlayers,4322856,A. Fudd,DAL,2.3,38.0,5.927458930768312,2026-06-05 05:19:18.264647+00:00
1829,2026-05-24,mostCommon3xPlayers,4322857,L. Betts,WAS,3.0,254.0,0.35910713892595014,2026-06-05 05:19:18.264647+00:00
1829,2026-05-24,highestBoostedValuePlayers,4322859,F. Johnson,SEA,1.1,231.0,2.583713207522401,2026-06-05 05:19:18.264647+00:00
1829,2026-05-24,highestBoostedValuePlayers,4322863,A. Dugalić,WAS,3.0,15.0,2.4318343495899692,2026-06-05 05:19:18.264647+00:00
1829,2026-05-24,mostCommon3xPlayers,4322864,C. McMahon,WAS,3.0,237.0,0.9004137779494918,2026-06-05 05:19:18.264647+00:00
1829,2026-05-24,highestBoostedValuePlayers,4322904,N. Brochant,PHO,3.0,2.0,2.0015924075313705,2026-06-05 05:19:18.264647+00:00
1829,2026-05-24,popularPlayers,4322905,P. Astier,NYL,0.4,829.0,1.0867276980131122,2026-06-05 05:19:18.264647+00:00
1831,2026-05-25,highestBoostedValuePlayers,184,G. Williams,GSV,0.9,563.0,2.5192581055001866,2026-06-05 05:19:18.264647+00:00
1831,2026-05-25,highestBoostedValuePlayers,303,M. Johannes,NYL,0.7,216.0,2.4382807000932134,2026-06-05 05:19:18.264647+00:00
1831,2026-05-25,highestBoostedValuePlayers,336,L. Geiselsöder,POR,2.7,6.0,1.80701485654388,2026-06-05 05:19:18.264647+00:00
1831,2026-05-25,highestBoostedValuePlayers,399,K. Charles,GSV,2.1,28.0,2.38191787689888,2026-06-05 05:19:18.264647+00:00
1831,2026-05-25,highestBoostedValuePlayers,553,H. Xu,NYL,3.0,4.0,2.2341684724314193,2026-06-05 05:19:18.264647+00:00
1831,2026-05-25,highestBoostedValuePlayers,599,M. Gustafson,POR,2.4,3.0,1.4352809738110208,2026-06-05 05:19:18.264647+00:00
1831,2026-05-25,highestBoostedValuePlayers,615,L. Amihere,GSV,2.2,30.0,2.550199239177952,2026-06-05 05:19:18.264647+00:00
1831,2026-05-25,highestBoostedValuePlayers,620,N. Puoch,POR,3.0,4.0,1.6516684392635,2026-06-05 05:19:18.264647+00:00
1831,2026-05-25,popularPlayers,635,K. Burke,CON,1.6,1100.0,0.4924635109163926,2026-06-05 05:19:18.264647+00:00
1831,2026-05-25,popularPlayers,637,S. Ionescu,NYL,0.6,2000.0,0.0,2026-06-05 05:19:18.264647+00:00
1831,2026-05-25,highestBoostedValuePlayers,639,B. Stewart,NYL,0.1,2900.0,3.7458617499513363,2026-06-05 05:19:18.264647+00:00
1831,2026-05-25,highestBoostedValuePlayers,641,K. Thornton,GSV,1.3,212.0,1.915669151699357,2026-06-05 05:19:18.264647+00:00
1831,2026-05-25,highestBoostedValuePlayers,643,J. Jones,NYL,0.9,245.0,3.666578087673067,2026-06-05 05:19:18.264647+00:00
1831,2026-05-25,popularPlayers,663,B. Carleton,POR,0.5,2400.0,1.970620955649936,2026-06-05 05:19:18.264647+00:00
1831,2026-05-25,highestBoostedValuePlayers,687,E. Engstler,POR,1.5,131.0,3.5421084591171295,2026-06-05 05:19:18.264647+00:00
1831,2026-05-25,highestBoostedValuePlayers,749,O. Nelson-Ododa,CON,2.5,1.0,1.592289972429005,2026-06-05 05:19:18.264647+00:00
1831,2026-05-25,popularPlayers,758,S. Sabally,NYL,1.4,2100.0,0.0003851004166666527,2026-06-05 05:19:18.264647+00:00
1831,2026-05-25,highestBoostedValuePlayers,759,V. Burton,GSV,0.4,811.0,3.169022090428326,2026-06-05 05:19:18.264647+00:00
1831,2026-05-25,popularPlayers,762,C. Leite,POR,0.9,1500.0,2.0433344630826324,2026-06-05 05:19:18.264647+00:00
1831,2026-05-25,highestBoostedValuePlayers,366584,T. Hayes,GSV,1.7,158.0,1.675544806006526,2026-06-05 05:19:18.264647+00:00
1831,2026-05-25,highestBoostedValuePlayers,4322745,A. Morrow,CON,1.4,231.0,2.236346921852555,2026-06-05 05:19:18.264647+00:00
1831,2026-05-25,popularPlayers,4322746,S. Rivers,CON,2.0,1200.0,0.5728851,2026-06-05 05:19:18.264647+00:00
1831,2026-05-25,highestBoostedValuePlayers,4322748,S. Barker,POR,1.4,168.0,1.7737012295964976,2026-06-05 05:19:18.264647+00:00
1831,2026-05-25,popularPlayers,4322749,H. Van Lith,CON,2.6,1800.0,0.9662170525247998,2026-06-05 05:19:18.264647+00:00
1831,2026-05-25,highestBoostedValuePlayers,4322793,K. Chen,GSV,2.3,50.0,1.678587422919872,2026-06-05 05:19:18.264647+00:00
1831,2026-05-25,popularPlayers,4322797,J. Salaün,GSV,1.0,1300.0,1.4567058179832617,2026-06-05 05:19:18.264647+00:00
1831,2026-05-25,mostCommon3xPlayers,4322866,N. Angloma,CON,3.0,122.0,0.3717393017415489,2026-06-05 05:19:18.264647+00:00
1831,2026-05-25,highestBoostedValuePlayers,4322868,G. Kneepkens,CON,3.0,9.0,1.255287305773596,2026-06-05 05:19:18.264647+00:00
1831,2026-05-25,highestBoostedValuePlayers,4322872,C. Leger-Walker,CON,2.6,131.0,1.5408436251487034,2026-06-05 05:19:18.264647+00:00
1831,2026-05-25,mostCommon3xPlayers,4322887,S. Williams,POR,3.0,45.0,1.1043144285508533,2026-06-05 05:19:18.264647+00:00
1831,2026-05-25,popularPlayers,4322905,P. Astier,NYL,0.6,1600.0,0.8335550709202137,2026-06-05 05:19:18.264647+00:00
1831,2026-05-25,mostCommon3xPlayers,4322915,R. Beers,CON,3.0,200.0,0.6128853501831731,2026-06-05 05:19:18.264647+00:00
1840,2026-05-27,highestBoostedValuePlayers,303,M. Johannes,NYL,0.8,216.0,4.984892702818066,2026-06-05 05:19:18.264647+00:00
1840,2026-05-27,popularPlayers,606,J. Canada,ATL,0.3,1400.0,1.240917458432437,2026-06-05 05:19:18.264647+00:00
1840,2026-05-27,highestBoostedValuePlayers,609,N. Coffey,MIN,1.3,9.0,3.36138021368621,2026-06-05 05:19:18.264647+00:00
1840,2026-05-27,highestBoostedValuePlayers,617,N. Hillmon,ATL,3.0,4.0,2.5407725118420297,2026-06-05 05:19:18.264647+00:00
1840,2026-05-27,highestBoostedValuePlayers,636,N. Sabally,TOR,0.9,16.0,6.790121678367087,2026-06-05 05:19:18.264647+00:00
1840,2026-05-27,popularPlayers,639,B. Stewart,NYL,0.1,3900.0,1.539244243224758,2026-06-05 05:19:18.264647+00:00
1840,2026-05-27,highestBoostedValuePlayers,643,J. Jones,NYL,0.8,255.0,4.530164811479282,2026-06-05 05:19:18.264647+00:00
1840,2026-05-27,popularPlayers,652,N. Hiedeman,SEA,0.9,1500.0,0.7395377629122325,2026-06-05 05:19:18.264647+00:00
1840,2026-05-27,highestBoostedValuePlayers,654,C. Williams,MIN,0.3,344.0,4.696153836157695,2026-06-05 05:19:18.264647+00:00
1840,2026-05-27,popularPlayers,663,B. Carleton,POR,0.6,1500.0,2.808842969377293,2026-06-05 05:19:18.264647+00:00
1840,2026-05-27,popularPlayers,670,K. Copper,PHO,1.0,1700.0,2.3053331104724717,2026-06-05 05:19:18.264647+00:00
1840,2026-05-27,highestBoostedValuePlayers,677,N. Cloud,CHI,1.6,450.0,4.335736596460293,2026-06-05 05:19:18.264647+00:00
1840,2026-05-27,popularPlayers,679,B. Sykes,TOR,0.3,2100.0,3.559538862329861,2026-06-05 05:19:18.264647+00:00
1840,2026-05-27,highestBoostedValuePlayers,691,S. Austin,WAS,0.5,41.0,4.7998670424056264,2026-06-05 05:19:18.264647+00:00
1840,2026-05-27,highestBoostedValuePlayers,697,M. Mabrey,TOR,0.6,279.0,5.4290671027220405,2026-06-05 05:19:18.264647+00:00
1840,2026-05-27,highestBoostedValuePlayers,700,M. Onyenwere,WAS,3.0,1.0,2.5701503972498103,2026-06-05 05:19:18.264647+00:00
1840,2026-05-27,popularPlayers,701,A. Reese,ATL,0.7,3700.0,2.965052197448487,2026-06-05 05:19:18.264647+00:00
1840,2026-05-27,popularPlayers,705,K. Cardoso,CHI,0.4,1800.0,0.9048658321133694,2026-06-05 05:19:18.264647+00:00
1840,2026-05-27,highestBoostedValuePlayers,708,E. Williams,CHI,3.0,2.0,3.0730216893328333,2026-06-05 05:19:18.264647+00:00
1840,2026-05-27,highestBoostedValuePlayers,711,A. Stevens,CHI,3.0,12.0,1.7590872514428615,2026-06-05 05:19:18.264647+00:00
1840,2026-05-27,highestBoostedValuePlayers,734,S. Diggins,CHI,0.5,33.0,5.660714387785181,2026-06-05 05:19:18.264647+00:00
1840,2026-05-27,popularPlayers,745,A. Thomas,PHO,0.1,3300.0,3.5180887714258358,2026-06-05 05:19:18.264647+00:00
1840,2026-05-27,highestBoostedValuePlayers,749,O. Nelson-Ododa,CON,2.4,1.0,2.1078853779967917,2026-06-05 05:19:18.264647+00:00
1840,2026-05-27,highestBoostedValuePlayers,760,N. Howard,MIN,0.5,293.0,5.503382817174155,2026-06-05 05:19:18.264647+00:00
1840,2026-05-27,popularPlayers,4322741,S. Citron,WAS,0.3,2400.0,1.9798552498946187,2026-06-05 05:19:18.264647+00:00
1840,2026-05-27,popularPlayers,4322744,G. Amoore,WAS,2.6,1300.0,0.7084549761168616,2026-06-05 05:19:18.264647+00:00
1840,2026-05-27,highestBoostedValuePlayers,4322745,A. Morrow,CON,1.4,166.0,3.4825360909108296,2026-06-05 05:19:18.264647+00:00
1840,2026-05-27,highestBoostedValuePlayers,4322852,L. Juškaitė,TOR,2.3,1.0,2.1323002964552016,2026-06-05 05:19:18.264647+00:00
1840,2026-05-27,highestBoostedValuePlayers,4322854,O. Miles,MIN,0.5,296.0,3.7472123921769227,2026-06-05 05:19:18.264647+00:00
1840,2026-05-27,mostCommon3xPlayers,4322855,A. Fam,SEA,3.0,683.0,1.2246417676609083,2026-06-05 05:19:18.264647+00:00
1840,2026-05-27,highestBoostedValuePlayers,4322861,K. Rice,TOR,0.9,335.0,3.5985214678095696,2026-06-05 05:19:18.264647+00:00
1840,2026-05-27,highestBoostedValuePlayers,4322900,S. Taylor,CHI,3.0,1.0,3.6322299393965856,2026-06-05 05:19:18.264647+00:00
1840,2026-05-27,mostCommon3xPlayers,4322904,N. Brochant,PHO,3.0,136.0,1.1017932417913743,2026-06-05 05:19:18.264647+00:00
1840,2026-05-27,popularPlayers,4322905,P. Astier,NYL,0.8,1000.0,2.672173117576607,2026-06-05 05:19:18.264647+00:00
1845,2026-05-28,highestBoostedValuePlayers,184,G. Williams,GSV,0.9,205.0,4.178817083597098,2026-06-05 05:19:18.264647+00:00
1845,2026-05-28,popularPlayers,399,K. Charles,GSV,1.9,948.0,1.4976484189546009,2026-06-05 05:19:18.264647+00:00
1845,2026-05-28,highestBoostedValuePlayers,597,J. Young,LVA,0.9,173.0,3.417097741959862,2026-06-05 05:19:18.264647+00:00
1845,2026-05-28,highestBoostedValuePlayers,598,A. Wilson,LVA,0.0,4300.0,3.5939017428377853,2026-06-05 05:19:18.264647+00:00
1845,2026-05-28,highestBoostedValuePlayers,602,C. Gray,LVA,0.6,205.0,2.6902501493796405,2026-06-05 05:19:18.264647+00:00
1845,2026-05-28,highestBoostedValuePlayers,603,K. Stokes,GSV,1.7,125.0,1.6685801459171279,2026-06-05 05:19:18.264647+00:00
1845,2026-05-28,highestBoostedValuePlayers,608,C. Parker-Tyus,LVA,3.0,1.0,1.35442173024652,2026-06-05 05:19:18.264647+00:00
1845,2026-05-28,popularPlayers,624,C. Clark,IND,0.1,2700.0,2.6542098429406753,2026-06-05 05:19:18.264647+00:00
1845,2026-05-28,popularPlayers,626,K. Mitchell,IND,0.5,2800.0,2.2176105685057683,2026-06-05 05:19:18.264647+00:00
1845,2026-05-28,popularPlayers,627,A. Boston,IND,0.3,3100.0,2.546515082653843,2026-06-05 05:19:18.264647+00:00
1845,2026-05-28,highestBoostedValuePlayers,629,N. Smith,LVA,0.9,124.0,2.697524655401764,2026-06-05 05:19:18.264647+00:00
1845,2026-05-28,popularPlayers,641,K. Thornton,GSV,1.3,1100.0,0.04073,2026-06-05 05:19:18.264647+00:00
1845,2026-05-28,highestBoostedValuePlayers,653,J. Shepard,DAL,0.4,174.0,5.651443586917403,2026-06-05 05:19:18.264647+00:00
1845,2026-05-28,highestBoostedValuePlayers,657,C. Zandalasini,GSV,3.0,4.0,1.2615576692260084,2026-06-05 05:19:18.264647+00:00
1845,2026-05-28,highestBoostedValuePlayers,671,S. Cunningham,IND,1.9,56.0,1.7844635381588443,2026-06-05 05:19:18.264647+00:00
1845,2026-05-28,popularPlayers,703,C. Carter,LVA,0.3,2100.0,2.450850825373435,2026-06-05 05:19:18.264647+00:00
1845,2026-05-28,highestBoostedValuePlayers,712,M. Billings,IND,1.8,24.0,1.6672044120761105,2026-06-05 05:19:18.264647+00:00
1845,2026-05-28,highestBoostedValuePlayers,726,J. Loyd,LVA,2.6,9.0,1.750373562163287,2026-06-05 05:19:18.264647+00:00
1845,2026-05-28,mostCommon3xPlayers,747,T. Harris,IND,3.0,121.0,0.0,2026-06-05 05:19:18.264647+00:00
1845,2026-05-28,highestBoostedValuePlayers,755,A. Kuier,DAL,1.9,123.0,1.9931932711548495,2026-06-05 05:19:18.264647+00:00
1845,2026-05-28,highestBoostedValuePlayers,759,V. Burton,GSV,0.4,302.0,5.525199725812157,2026-06-05 05:19:18.264647+00:00
1845,2026-05-28,highestBoostedValuePlayers,765,M. Siegrist,DAL,3.0,9.0,1.93817691467631,2026-06-05 05:19:18.264647+00:00
1845,2026-05-28,popularPlayers,767,A. Ogunbowale,DAL,1.0,1300.0,0.34059836013044426,2026-06-05 05:19:18.264647+00:00
1845,2026-05-28,popularPlayers,366584,T. Hayes,GSV,1.8,1000.0,-0.13083,2026-06-05 05:19:18.264647+00:00
1845,2026-05-28,highestBoostedValuePlayers,4322740,P. Bueckers,DAL,0.3,282.0,4.0161928553811155,2026-06-05 05:19:18.264647+00:00
1845,2026-05-28,highestBoostedValuePlayers,4322756,M. Timpson,IND,3.0,12.0,2.323239694079226,2026-06-05 05:19:18.264647+00:00
1845,2026-05-28,highestBoostedValuePlayers,4322797,J. Salaün,GSV,1.2,135.0,4.305160209088842,2026-06-05 05:19:18.264647+00:00
1845,2026-05-28,highestBoostedValuePlayers,4322856,A. Fudd,DAL,1.1,332.0,4.019961799495219,2026-06-05 05:19:18.264647+00:00
1845,2026-05-28,highestBoostedValuePlayers,4322862,R. Johnson,IND,3.0,19.0,2.8814779454918114,2026-06-05 05:19:18.264647+00:00
1845,2026-05-28,mostCommon3xPlayers,4322893,G. VanSlooten,IND,3.0,135.0,0.0,2026-06-05 05:19:18.264647+00:00
1847,2026-05-29,popularPlayers,303,M. Johannes,NYL,0.6,1400.0,0.697129761523445,2026-06-05 05:19:18.264647+00:00
1847,2026-05-29,highestBoostedValuePlayers,553,H. Xu,NYL,3.0,9.0,1.9784152310643996,2026-06-05 05:19:18.264647+00:00
1847,2026-05-29,highestBoostedValuePlayers,599,M. Gustafson,POR,2.3,28.0,1.943657219110475,2026-06-05 05:19:18.264647+00:00
1847,2026-05-29,popularPlayers,605,A. Gray,ATL,0.5,1100.0,2.4520713400863103,2026-06-05 05:19:18.264647+00:00
1847,2026-05-29,popularPlayers,606,J. Canada,ATL,0.5,1300.0,1.816680366106959,2026-06-05 05:19:18.264647+00:00
1847,2026-05-29,highestBoostedValuePlayers,609,N. Coffey,MIN,1.1,15.0,4.193813189909186,2026-06-05 05:19:18.264647+00:00
1847,2026-05-29,highestBoostedValuePlayers,616,R. Howard,ATL,0.3,210.0,4.340646777231382,2026-06-05 05:19:18.264647+00:00
1847,2026-05-29,highestBoostedValuePlayers,617,N. Hillmon,ATL,2.4,41.0,4.04856987808191,2026-06-05 05:19:18.264647+00:00
1847,2026-05-29,mostCommon3xPlayers,618,I. Borlase,ATL,3.0,143.0,0.2574011341242331,2026-06-05 05:19:18.264647+00:00
1847,2026-05-29,highestBoostedValuePlayers,622,E. Wheeler,LAS,1.6,191.0,3.7743356341091117,2026-06-05 05:19:18.264647+00:00
1847,2026-05-29,highestBoostedValuePlayers,638,B. Laney-Hamilton,NYL,2.3,1.0,2.3757777407356335,2026-06-05 05:19:18.264647+00:00
1847,2026-05-29,popularPlayers,639,B. Stewart,NYL,0.3,2900.0,2.3700103414356968,2026-06-05 05:19:18.264647+00:00
1847,2026-05-29,popularPlayers,643,J. Jones,NYL,0.6,1500.0,2.6267005538121064,2026-06-05 05:19:18.264647+00:00
1847,2026-05-29,popularPlayers,654,C. Williams,MIN,0.2,1600.0,2.320221211117621,2026-06-05 05:19:18.264647+00:00
1847,2026-05-29,highestBoostedValuePlayers,668,N. Mack,PHO,0.7,145.0,2.8977530192240613,2026-06-05 05:19:18.264647+00:00
1847,2026-05-29,popularPlayers,670,K. Copper,PHO,1.1,790.0,1.810796349616727,2026-06-05 05:19:18.264647+00:00
1847,2026-05-29,popularPlayers,682,A. Atkins,LAS,1.9,1200.0,1.1513723809358387,2026-06-05 05:19:18.264647+00:00
1847,2026-05-29,highestBoostedValuePlayers,691,S. Austin,WAS,0.4,188.0,3.9708574647891206,2026-06-05 05:19:18.264647+00:00
1847,2026-05-29,highestBoostedValuePlayers,701,A. Reese,ATL,0.7,853.0,3.7180026643430537,2026-06-05 05:19:18.264647+00:00
1847,2026-05-29,highestBoostedValuePlayers,716,C. Brink,LAS,1.7,259.0,2.4784335481336313,2026-06-05 05:19:18.264647+00:00
1847,2026-05-29,highestBoostedValuePlayers,718,D. Hamby,LAS,0.3,327.0,4.421081821392096,2026-06-05 05:19:18.264647+00:00
1847,2026-05-29,popularPlayers,734,S. Diggins,CHI,0.3,1500.0,1.9404587993201023,2026-06-05 05:19:18.264647+00:00
1847,2026-05-29,highestBoostedValuePlayers,738,N. Ogwumike,LAS,0.7,15.0,4.007189791933768,2026-06-05 05:19:18.264647+00:00
1847,2026-05-29,popularPlayers,745,A. Thomas,PHO,0.1,2600.0,3.584044469123299,2026-06-05 05:19:18.264647+00:00
1847,2026-05-29,popularPlayers,758,S. Sabally,NYL,2.8,1300.0,0.6381586466933689,2026-06-05 05:19:18.264647+00:00
1847,2026-05-29,highestBoostedValuePlayers,760,N. Howard,MIN,0.3,505.0,3.444232107901476,2026-06-05 05:19:18.264647+00:00
1847,2026-05-29,highestBoostedValuePlayers,4322715,H. Winterburn,POR,3.0,24.0,1.8734024099547153,2026-06-05 05:19:18.264647+00:00
1847,2026-05-29,highestBoostedValuePlayers,4322738,M. Akoa Makani,PHO,1.9,1.0,2.495474694406592,2026-06-05 05:19:18.264647+00:00
1847,2026-05-29,highestBoostedValuePlayers,4322741,S. Citron,WAS,0.4,316.0,4.081719824753075,2026-06-05 05:19:18.264647+00:00
1847,2026-05-29,highestBoostedValuePlayers,4322854,O. Miles,MIN,0.4,257.0,3.4925969393752476,2026-06-05 05:19:18.264647+00:00
1847,2026-05-29,highestBoostedValuePlayers,4322863,A. Dugalić,WAS,3.0,1.0,2.3842663095961854,2026-06-05 05:19:18.264647+00:00
1847,2026-05-29,mostCommon3xPlayers,4322865,M. Okot,ATL,3.0,131.0,0.6775802812469599,2026-06-05 05:19:18.264647+00:00
1847,2026-05-29,mostCommon3xPlayers,4322882,I. Nivar,ATL,3.0,126.0,0.9239599699773332,2026-06-05 05:19:18.264647+00:00
1847,2026-05-29,mostCommon3xPlayers,4322887,S. Williams,POR,3.0,141.0,1.10701701517213,2026-06-05 05:19:18.264647+00:00
1847,2026-05-29,highestBoostedValuePlayers,4322905,P. Astier,NYL,0.8,132.0,3.572752564765373,2026-06-05 05:19:18.264647+00:00
1854,2026-05-30,mostCommon3xPlayers,336,L. Geiselsöder,POR,3.0,448.0,0.15672189369974057,2026-06-05 05:19:18.264647+00:00
1854,2026-05-30,highestBoostedValuePlayers,599,M. Gustafson,POR,2.2,85.0,4.0832204026471,2026-06-05 05:19:18.264647+00:00
1854,2026-05-30,highestBoostedValuePlayers,622,E. Wheeler,LAS,1.2,429.0,2.304869531600772,2026-06-05 05:19:18.264647+00:00
1854,2026-05-30,popularPlayers,624,C. Clark,IND,0.2,2200.0,1.729148833050741,2026-06-05 05:19:18.264647+00:00
1854,2026-05-30,popularPlayers,626,K. Mitchell,IND,0.5,2900.0,2.508185522379135,2026-06-05 05:19:18.264647+00:00
1854,2026-05-30,popularPlayers,627,A. Boston,IND,0.4,3100.0,2.4349801204467103,2026-06-05 05:19:18.264647+00:00
1854,2026-05-30,highestBoostedValuePlayers,635,K. Burke,CON,2.2,66.0,3.422081283984841,2026-06-05 05:19:18.264647+00:00
1854,2026-05-30,popularPlayers,636,N. Sabally,TOR,0.4,767.0,1.7378212562566184,2026-06-05 05:19:18.264647+00:00
1854,2026-05-30,highestBoostedValuePlayers,652,N. Hiedeman,SEA,1.1,93.0,3.5552065244672986,2026-06-05 05:19:18.264647+00:00
1854,2026-05-30,highestBoostedValuePlayers,661,D. Miller,CON,3.0,4.0,2.1958224243517868,2026-06-05 05:19:18.264647+00:00
1854,2026-05-30,highestBoostedValuePlayers,663,B. Carleton,POR,0.6,45.0,3.496449340490791,2026-06-05 05:19:18.264647+00:00
1854,2026-05-30,highestBoostedValuePlayers,671,S. Cunningham,IND,1.9,112.0,2.4369926280993366,2026-06-05 05:19:18.264647+00:00
1854,2026-05-30,popularPlayers,679,B. Sykes,TOR,0.3,1500.0,2.3725047194207662,2026-06-05 05:19:18.264647+00:00
1854,2026-05-30,highestBoostedValuePlayers,682,A. Atkins,LAS,1.9,195.0,3.590387937618534,2026-06-05 05:19:18.264647+00:00
1854,2026-05-30,highestBoostedValuePlayers,685,S. Dolson,SEA,2.0,4.0,2.1450713339342804,2026-06-05 05:19:18.264647+00:00
1854,2026-05-30,highestBoostedValuePlayers,687,E. Engstler,POR,1.6,155.0,5.585039297775614,2026-06-05 05:19:18.264647+00:00
1854,2026-05-30,popularPlayers,697,M. Mabrey,TOR,0.4,1700.0,3.0516215178682553,2026-06-05 05:19:18.264647+00:00
1854,2026-05-30,highestBoostedValuePlayers,714,R. Burrell,LAS,2.9,4.0,2.282091453661637,2026-06-05 05:19:18.264647+00:00
1854,2026-05-30,popularPlayers,716,C. Brink,LAS,1.5,2400.0,0.3499717212863142,2026-06-05 05:19:18.264647+00:00
1854,2026-05-30,popularPlayers,718,D. Hamby,LAS,0.2,3000.0,2.6384389247278657,2026-06-05 05:19:18.264647+00:00
1854,2026-05-30,popularPlayers,738,N. Ogwumike,LAS,0.6,2200.0,2.4898156314561186,2026-06-05 05:19:18.264647+00:00
1854,2026-05-30,highestBoostedValuePlayers,739,J. Horston,SEA,3.0,2.0,2.876744356350934,2026-06-05 05:19:18.264647+00:00
1854,2026-05-30,highestBoostedValuePlayers,762,C. Leite,POR,1.2,240.0,4.222998835528061,2026-06-05 05:19:18.264647+00:00
1854,2026-05-30,highestBoostedValuePlayers,4322745,A. Morrow,CON,1.2,343.0,3.617235091976868,2026-06-05 05:19:18.264647+00:00
1854,2026-05-30,highestBoostedValuePlayers,4322748,S. Barker,POR,1.6,155.0,2.693125212076593,2026-06-05 05:19:18.264647+00:00
1854,2026-05-30,highestBoostedValuePlayers,4322756,M. Timpson,IND,3.0,15.0,2.4993990202591188,2026-06-05 05:19:18.264647+00:00
1854,2026-05-30,highestBoostedValuePlayers,4322794,M. Conde,TOR,3.0,1.0,2.599150203374224,2026-06-05 05:19:18.264647+00:00
1854,2026-05-30,highestBoostedValuePlayers,4322852,L. Juškaitė,TOR,2.1,1.0,3.115221104560962,2026-06-05 05:19:18.264647+00:00
1854,2026-05-30,mostCommon3xPlayers,4322855,A. Fam,SEA,3.0,154.0,1.1165237611321945,2026-06-05 05:19:18.264647+00:00
1854,2026-05-30,popularPlayers,4322859,F. Johnson,SEA,1.2,1100.0,1.6233324437136984,2026-06-05 05:19:18.264647+00:00
1854,2026-05-30,highestBoostedValuePlayers,4322861,K. Rice,TOR,0.8,203.0,3.1073000175027783,2026-06-05 05:19:18.264647+00:00
1854,2026-05-30,popularPlayers,4322862,R. Johnson,IND,3.0,666.0,0.3813271209823808,2026-06-05 05:19:18.264647+00:00
1854,2026-05-30,highestBoostedValuePlayers,4322873,F. Buhner,POR,3.0,15.0,1.5552164375911162,2026-06-05 05:19:18.264647+00:00
1855,2026-05-31,highestBoostedValuePlayers,184,G. Williams,GSV,0.7,239.0,3.0485055338831604,2026-06-05 05:19:18.264647+00:00
1855,2026-05-31,highestBoostedValuePlayers,399,K. Charles,GSV,1.9,,-0.19991522951795052,2026-06-05 05:19:18.264647+00:00
1855,2026-05-31,highestBoostedValuePlayers,594,K. Bell,LVA,3.0,54.0,1.1107921689626363,2026-06-05 05:19:18.264647+00:00
1855,2026-05-31,highestBoostedValuePlayers,597,J. Young,LVA,0.8,208.0,5.726570778206284,2026-06-05 05:19:18.264647+00:00
1855,2026-05-31,highestBoostedValuePlayers,598,A. Wilson,LVA,0.0,4100.0,6.28896831546918,2026-06-05 05:19:18.264647+00:00
1855,2026-05-31,highestBoostedValuePlayers,602,C. Gray,LVA,0.7,231.0,1.5704908054863969,2026-06-05 05:19:18.264647+00:00
1855,2026-05-31,highestBoostedValuePlayers,603,K. Stokes,GSV,1.8,81.0,0.8441232000000001,2026-06-05 05:19:18.264647+00:00
1855,2026-05-31,highestBoostedValuePlayers,608,C. Parker-Tyus,LVA,3.0,,0.0,2026-06-05 05:19:18.264647+00:00
1855,2026-05-31,highestBoostedValuePlayers,615,L. Amihere,GSV,2.1,78.0,0.893766539578729,2026-06-05 05:19:18.264647+00:00
1855,2026-05-31,highestBoostedValuePlayers,629,N. Smith,LVA,0.9,131.0,2.9823615319439365,2026-06-05 05:19:18.264647+00:00
1855,2026-05-31,highestBoostedValuePlayers,641,K. Thornton,GSV,1.7,107.0,2.1726473835134144,2026-06-05 05:19:18.264647+00:00
1855,2026-05-31,highestBoostedValuePlayers,657,C. Zandalasini,GSV,3.0,62.0,1.1863910343946285,2026-06-05 05:19:18.264647+00:00
1855,2026-05-31,highestBoostedValuePlayers,699,B. Turner,LVA,3.0,64.0,0.8961191848125324,2026-06-05 05:19:18.264647+00:00
1855,2026-05-31,highestBoostedValuePlayers,703,C. Carter,LVA,0.4,225.0,1.0521800105653885,2026-06-05 05:19:18.264647+00:00
1855,2026-05-31,highestBoostedValuePlayers,719,S. Talbot,LVA,3.0,87.0,3.231013582830745,2026-06-05 05:19:18.264647+00:00
1855,2026-05-31,popularPlayers,726,J. Loyd,LVA,2.5,316.0,0.0,2026-06-05 05:19:18.264647+00:00
1855,2026-05-31,highestBoostedValuePlayers,759,V. Burton,GSV,0.3,391.0,1.9641991231870655,2026-06-05 05:19:18.264647+00:00
1855,2026-05-31,highestBoostedValuePlayers,366584,T. Hayes,GSV,1.8,94.0,0.6919124863916611,2026-06-05 05:19:18.264647+00:00
1855,2026-05-31,highestBoostedValuePlayers,4322793,K. Chen,GSV,2.4,86.0,1.2608284422271459,2026-06-05 05:19:18.264647+00:00
1855,2026-05-31,highestBoostedValuePlayers,4322797,J. Salaün,GSV,0.9,128.0,2.6735749951997763,2026-06-05 05:19:18.264647+00:00
1855,2026-05-31,highestBoostedValuePlayers,4322799,J. Jocytė,GSV,3.0,5.0,0.8371991837410889,2026-06-05 05:19:18.264647+00:00
1858,2026-06-01,mostCommon3xPlayers,563,M. Caldwell,MIN,3.0,177.0,0.6858690882496457,2026-06-05 06:01:07.926621+00:00
1858,2026-06-01,highestBoostedValuePlayers,600,A. Clark,DAL,3.0,1.0,1.7386440967487273,2026-06-05 06:01:07.926621+00:00
1858,2026-06-01,highestBoostedValuePlayers,609,N. Coffey,MIN,0.9,195.0,2.333887594090293,2026-06-05 06:01:07.926621+00:00
1858,2026-06-01,popularPlayers,652,N. Hiedeman,SEA,1.0,1500.0,1.1431162519540752,2026-06-05 06:01:07.926621+00:00
1858,2026-06-01,highestBoostedValuePlayers,653,J. Shepard,DAL,0.2,1000.0,2.5000441724507976,2026-06-05 06:01:07.926621+00:00
1858,2026-06-01,highestBoostedValuePlayers,654,C. Williams,MIN,0.3,384.0,6.400831739798398,2026-06-05 06:01:07.926621+00:00
1858,2026-06-01,highestBoostedValuePlayers,660,K. McBride,MIN,0.8,218.0,2.3881178962574916,2026-06-05 06:01:07.926621+00:00
1858,2026-06-01,popularPlayers,668,N. Mack,PHO,0.7,1400.0,1.8962663806322038,2026-06-05 06:01:07.926621+00:00
1858,2026-06-01,highestBoostedValuePlayers,670,K. Copper,PHO,1.1,248.0,2.002388935182919,2026-06-05 06:01:07.926621+00:00
1858,2026-06-01,popularPlayers,685,S. Dolson,SEA,1.9,1100.0,0.50505873601127,2026-06-05 06:01:07.926621+00:00
1858,2026-06-01,highestBoostedValuePlayers,739,J. Horston,SEA,3.0,9.0,1.2872749994419876,2026-06-05 06:01:07.926621+00:00
1858,2026-06-01,popularPlayers,745,A. Thomas,PHO,0.1,3700.0,1.2771191791106582,2026-06-05 06:01:07.926621+00:00
1858,2026-06-01,popularPlayers,750,D. Bonner,PHO,1.6,1000.0,-0.03336965458457162,2026-06-05 06:01:07.926621+00:00
1858,2026-06-01,highestBoostedValuePlayers,760,N. Howard,MIN,0.3,417.0,2.9396611062358193,2026-06-05 06:01:07.926621+00:00
1858,2026-06-01,highestBoostedValuePlayers,765,M. Siegrist,DAL,2.8,8.0,2.705582345090901,2026-06-05 06:01:07.926621+00:00
1858,2026-06-01,highestBoostedValuePlayers,767,A. Ogunbowale,DAL,1.3,161.0,1.6134378038682757,2026-06-05 06:01:07.926621+00:00
1858,2026-06-01,highestBoostedValuePlayers,4322738,M. Akoa Makani,PHO,1.3,24.0,1.6837452453929846,2026-06-05 06:01:07.926621+00:00
1858,2026-06-01,highestBoostedValuePlayers,4322740,P. Bueckers,DAL,0.3,1800.0,2.9156939236792097,2026-06-05 06:01:07.926621+00:00
1858,2026-06-01,highestBoostedValuePlayers,4322750,A. James,DAL,2.9,6.0,2.9425159650064177,2026-06-05 06:01:07.926621+00:00
1858,2026-06-01,highestBoostedValuePlayers,4322753,A. Kosu,MIN,3.0,13.0,3.3085831962210777,2026-06-05 06:01:07.926621+00:00
1858,2026-06-01,highestBoostedValuePlayers,4322792,K. Linskens,PHO,3.0,15.0,1.4779077199494488,2026-06-05 06:01:07.926621+00:00
1858,2026-06-01,highestBoostedValuePlayers,4322854,O. Miles,MIN,0.4,344.0,5.180246519768193,2026-06-05 06:01:07.926621+00:00
1858,2026-06-01,highestBoostedValuePlayers,4322855,A. Fam,SEA,3.0,17.0,2.1857419867174994,2026-06-05 06:01:07.926621+00:00
1858,2026-06-01,popularPlayers,4322856,A. Fudd,DAL,0.9,3100.0,1.6301696341564236,2026-06-05 06:01:07.926621+00:00
1858,2026-06-01,highestBoostedValuePlayers,4322859,F. Johnson,SEA,1.2,141.0,2.1754646095485444,2026-06-05 06:01:07.926621+00:00
1858,2026-06-01,highestBoostedValuePlayers,4322901,A. Delaere,MIN,3.0,17.0,3.202277607994994,2026-06-05 06:01:07.926621+00:00
1858,2026-06-01,highestBoostedValuePlayers,4322904,N. Brochant,PHO,3.0,22.0,1.4401649177130273,2026-06-05 06:01:07.926621+00:00
1858,2026-06-01,popularPlayers,4322918,J. Nogic,PHO,1.5,817.0,0.5794924948123443,2026-06-05 06:01:07.926621+00:00
1861,2026-06-02,popularPlayers,184,G. Williams,GSV,0.7,2200.0,1.7086888378072107,2026-06-06 06:03:13.774211+00:00
1861,2026-06-02,highestBoostedValuePlayers,597,J. Young,LVA,0.5,273.0,3.7814617271673634,2026-06-06 06:03:13.774211+00:00
1861,2026-06-02,highestBoostedValuePlayers,598,A. Wilson,LVA,0.0,4400.0,5.691146070319612,2026-06-06 06:03:13.774211+00:00
1861,2026-06-02,highestBoostedValuePlayers,602,C. Gray,LVA,0.8,254.0,3.775824680843955,2026-06-06 06:03:13.774211+00:00
1861,2026-06-02,highestBoostedValuePlayers,603,K. Stokes,GSV,2.0,26.0,2.6552249339008567,2026-06-06 06:03:13.774211+00:00
1861,2026-06-02,highestBoostedValuePlayers,605,A. Gray,ATL,0.6,30.0,4.28954411255717,2026-06-06 06:03:13.774211+00:00
1861,2026-06-02,highestBoostedValuePlayers,606,J. Canada,ATL,0.6,118.0,3.7127849006631686,2026-06-06 06:03:13.774211+00:00
1861,2026-06-02,highestBoostedValuePlayers,616,R. Howard,ATL,0.2,238.0,6.770001146009752,2026-06-06 06:03:13.774211+00:00
1861,2026-06-02,highestBoostedValuePlayers,641,K. Thornton,GSV,1.7,33.0,3.9980806559116653,2026-06-06 06:03:13.774211+00:00
1861,2026-06-02,highestBoostedValuePlayers,657,C. Zandalasini,GSV,3.0,4.0,2.480463948820572,2026-06-06 06:03:13.774211+00:00
1861,2026-06-02,popularPlayers,663,B. Carleton,POR,0.6,1500.0,2.2111806277884574,2026-06-06 06:03:13.774211+00:00
1861,2026-06-02,popularPlayers,682,A. Atkins,LAS,1.6,1100.0,2.0699194052285677,2026-06-06 06:03:13.774211+00:00
1861,2026-06-02,highestBoostedValuePlayers,687,E. Engstler,POR,1.1,282.0,3.2628026743420606,2026-06-06 06:03:13.774211+00:00
1861,2026-06-02,popularPlayers,691,S. Austin,WAS,0.3,1700.0,2.4861139831589467,2026-06-06 06:03:13.774211+00:00
1861,2026-06-02,highestBoostedValuePlayers,700,M. Onyenwere,WAS,2.7,182.0,2.3074342253727025,2026-06-06 06:03:13.774211+00:00
1861,2026-06-02,highestBoostedValuePlayers,701,A. Reese,ATL,0.6,397.0,3.638234384068338,2026-06-06 06:03:13.774211+00:00
1861,2026-06-02,highestBoostedValuePlayers,705,K. Cardoso,CHI,0.6,157.0,4.260276014515831,2026-06-06 06:03:13.774211+00:00
1861,2026-06-02,highestBoostedValuePlayers,708,E. Williams,CHI,2.5,8.0,2.6840807098651194,2026-06-06 06:03:13.774211+00:00
1861,2026-06-02,mostCommon3xPlayers,711,A. Stevens,CHI,3.0,547.0,1.6495442527289657,2026-06-06 06:03:13.774211+00:00
1861,2026-06-02,highestBoostedValuePlayers,714,R. Burrell,LAS,2.5,12.0,2.732019551681855,2026-06-06 06:03:13.774211+00:00
1861,2026-06-02,highestBoostedValuePlayers,716,C. Brink,LAS,1.9,298.0,2.523121562276136,2026-06-06 06:03:13.774211+00:00
1861,2026-06-02,popularPlayers,718,D. Hamby,LAS,0.3,2200.0,1.4341237847509645,2026-06-06 06:03:13.774211+00:00
1861,2026-06-02,popularPlayers,719,S. Talbot,LVA,3.0,1100.0,1.6410105647525486,2026-06-06 06:03:13.774211+00:00
1861,2026-06-02,popularPlayers,734,S. Diggins,CHI,0.4,1500.0,1.692178022192524,2026-06-06 06:03:13.774211+00:00
1861,2026-06-02,highestBoostedValuePlayers,759,V. Burton,GSV,0.4,58.0,3.641533164344893,2026-06-06 06:03:13.774211+00:00
1861,2026-06-02,popularPlayers,762,C. Leite,POR,0.9,670.0,1.7364863433618332,2026-06-06 06:03:13.774211+00:00
1861,2026-06-02,popularPlayers,4322743,K. Iriafen,WAS,0.6,1400.0,3.1109285302872993,2026-06-06 06:03:13.774211+00:00
1861,2026-06-02,mostCommon3xPlayers,4322744,G. Amoore,WAS,3.0,518.0,0.8721507514327744,2026-06-06 06:03:13.774211+00:00
1861,2026-06-02,highestBoostedValuePlayers,4322745,A. Morrow,CON,1.0,149.0,4.2491458093229255,2026-06-06 06:03:13.774211+00:00
1861,2026-06-02,highestBoostedValuePlayers,4322797,J. Salaün,GSV,0.9,41.0,3.0055377260536287,2026-06-06 06:03:13.774211+00:00
1861,2026-06-02,highestBoostedValuePlayers,4322864,C. McMahon,WAS,3.0,1.0,2.733033782056425,2026-06-06 06:03:13.774211+00:00
1863,2026-06-03,highestBoostedValuePlayers,303,M. Johannes,NYL,0.7,249.0,2.7296671332471463,2026-06-07 06:04:47.183987+00:00
1863,2026-06-03,highestBoostedValuePlayers,636,N. Sabally,TOR,0.6,176.0,2.3571662422369726,2026-06-07 06:04:47.183987+00:00
1863,2026-06-03,highestBoostedValuePlayers,639,B. Stewart,NYL,0.3,1600.0,3.755543746645694,2026-06-07 06:04:47.183987+00:00
1863,2026-06-03,highestBoostedValuePlayers,643,J. Jones,NYL,0.6,467.0,6.4006870184431,2026-06-07 06:04:47.183987+00:00
1863,2026-06-03,highestBoostedValuePlayers,647,L. Fiebich,NYL,3.0,9.0,3.2014897662783124,2026-06-07 06:04:47.183987+00:00
1863,2026-06-03,highestBoostedValuePlayers,652,N. Hiedeman,SEA,1.1,215.0,3.302136866704302,2026-06-07 06:04:47.183987+00:00
1863,2026-06-03,highestBoostedValuePlayers,668,N. Mack,PHO,0.8,228.0,4.613768354699293,2026-06-07 06:04:47.183987+00:00
1863,2026-06-03,highestBoostedValuePlayers,670,K. Copper,PHO,1.1,455.0,2.6890525721284724,2026-06-07 06:04:47.183987+00:00
1863,2026-06-03,highestBoostedValuePlayers,679,B. Sykes,TOR,0.4,371.0,2.8582717939637345,2026-06-07 06:04:47.183987+00:00
1863,2026-06-03,popularPlayers,685,S. Dolson,SEA,2.1,959.0,0.0783529038517936,2026-06-07 06:04:47.183987+00:00
1863,2026-06-03,highestBoostedValuePlayers,697,M. Mabrey,TOR,0.4,483.0,2.9725776214024706,2026-06-07 06:04:47.183987+00:00
1863,2026-06-03,highestBoostedValuePlayers,713,J. Allemand,TOR,2.2,2.0,1.7695561821274752,2026-06-07 06:04:47.183987+00:00
1863,2026-06-03,popularPlayers,729,J. Melbourne,SEA,1.4,1100.0,1.3385256797399236,2026-06-07 06:04:47.183987+00:00
1863,2026-06-03,highestBoostedValuePlayers,731,M. Holmes,SEA,2.4,146.0,1.501468100313334,2026-06-07 06:04:47.183987+00:00
1863,2026-06-03,popularPlayers,739,J. Horston,SEA,3.0,1000.0,0.9714952789163345,2026-06-07 06:04:47.183987+00:00
1863,2026-06-03,popularPlayers,745,A. Thomas,PHO,0.2,3900.0,2.4233396246215557,2026-06-07 06:04:47.183987+00:00
1863,2026-06-03,highestBoostedValuePlayers,750,D. Bonner,PHO,1.6,175.0,1.6596996555684347,2026-06-07 06:04:47.183987+00:00
1863,2026-06-03,highestBoostedValuePlayers,758,S. Sabally,NYL,3.0,30.0,1.6362575091878653,2026-06-07 06:04:47.183987+00:00
1863,2026-06-03,highestBoostedValuePlayers,4322738,M. Akoa Makani,PHO,1.5,37.0,2.165423106897078,2026-06-07 06:04:47.183987+00:00
1863,2026-06-03,mostCommon3xPlayers,4322792,K. Linskens,PHO,3.0,225.0,0.0,2026-06-07 06:04:47.183987+00:00
1863,2026-06-03,highestBoostedValuePlayers,4322794,M. Conde,TOR,2.6,7.0,1.640602645954948,2026-06-07 06:04:47.183987+00:00
1863,2026-06-03,highestBoostedValuePlayers,4322852,L. Juškaitė,TOR,1.8,152.0,1.9810829187159675,2026-06-07 06:04:47.183987+00:00
1863,2026-06-03,highestBoostedValuePlayers,4322855,A. Fam,SEA,2.5,65.0,3.187641580313988,2026-06-07 06:04:47.183987+00:00
1863,2026-06-03,popularPlayers,4322859,F. Johnson,SEA,1.2,2000.0,1.5008947609536591,2026-06-07 06:04:47.183987+00:00
1863,2026-06-03,popularPlayers,4322861,K. Rice,TOR,0.8,2300.0,1.092901989979436,2026-06-07 06:04:47.183987+00:00
1863,2026-06-03,highestBoostedValuePlayers,4322904,N. Brochant,PHO,3.0,29.0,1.301690082746209,2026-06-07 06:04:47.183987+00:00
1863,2026-06-03,highestBoostedValuePlayers,4322905,P. Astier,NYL,0.7,197.0,2.6998900907679504,2026-06-07 06:04:47.183987+00:00
1867,2026-06-04,highestBoostedValuePlayers,184,G. Williams,GSV,0.8,299.0,2.319524420429936,2026-06-09 06:05:15.505682+00:00
1867,2026-06-04,highestBoostedValuePlayers,563,M. Caldwell,MIN,3.0,17.0,1.186415561719381,2026-06-09 06:05:15.505682+00:00
1867,2026-06-04,highestBoostedValuePlayers,603,K. Stokes,GSV,1.8,129.0,1.961721751662384,2026-06-09 06:05:15.505682+00:00
1867,2026-06-04,popularPlayers,605,A. Gray,ATL,0.5,2500.0,2.100183253475649,2026-06-09 06:05:15.505682+00:00
1867,2026-06-04,highestBoostedValuePlayers,606,J. Canada,ATL,0.5,143.0,2.6016854100887197,2026-06-09 06:05:15.505682+00:00
1867,2026-06-04,highestBoostedValuePlayers,609,N. Coffey,MIN,0.9,199.0,2.671000458184366,2026-06-09 06:05:15.505682+00:00
1867,2026-06-04,popularPlayers,616,R. Howard,ATL,0.1,2700.0,1.4147600916836343,2026-06-09 06:05:15.505682+00:00
1867,2026-06-04,highestBoostedValuePlayers,617,N. Hillmon,ATL,1.8,93.0,2.2625989880347914,2026-06-09 06:05:15.505682+00:00
1867,2026-06-04,highestBoostedValuePlayers,624,C. Clark,IND,0.3,968.0,3.277235291192768,2026-06-09 06:05:15.505682+00:00
1867,2026-06-04,highestBoostedValuePlayers,626,K. Mitchell,IND,0.6,231.0,4.668940248385448,2026-06-09 06:05:15.505682+00:00
1867,2026-06-04,highestBoostedValuePlayers,627,A. Boston,IND,0.4,319.0,2.947096374683024,2026-06-09 06:05:15.505682+00:00
1867,2026-06-04,popularPlayers,641,K. Thornton,GSV,1.3,1600.0,1.5793680801812435,2026-06-09 06:05:15.505682+00:00
1867,2026-06-04,popularPlayers,654,C. Williams,MIN,0.2,2800.0,2.57384780263431,2026-06-09 06:05:15.505682+00:00
1867,2026-06-04,highestBoostedValuePlayers,657,C. Zandalasini,GSV,2.5,36.0,2.9030297652214068,2026-06-09 06:05:15.505682+00:00
1867,2026-06-04,highestBoostedValuePlayers,660,K. McBride,MIN,0.9,182.0,3.2364887498942276,2026-06-09 06:05:15.505682+00:00
1867,2026-06-04,popularPlayers,671,S. Cunningham,IND,1.7,1400.0,0.932233807913764,2026-06-09 06:05:15.505682+00:00
1867,2026-06-04,highestBoostedValuePlayers,689,M. Hines-Allen,IND,2.9,3.0,1.8878589152801457,2026-06-09 06:05:15.505682+00:00
1867,2026-06-04,highestBoostedValuePlayers,701,A. Reese,ATL,0.5,566.0,2.3481654092003366,2026-06-09 06:05:15.505682+00:00
1867,2026-06-04,popularPlayers,759,V. Burton,GSV,0.3,2300.0,1.802942732178185,2026-06-09 06:05:15.505682+00:00
1867,2026-06-04,popularPlayers,760,N. Howard,MIN,0.3,1900.0,2.1536431287022415,2026-06-09 06:05:15.505682+00:00
1867,2026-06-04,highestBoostedValuePlayers,366584,T. Hayes,GSV,2.3,14.0,3.3042137132584086,2026-06-09 06:05:15.505682+00:00
1867,2026-06-04,highestBoostedValuePlayers,4322753,A. Kosu,MIN,3.0,12.0,1.4217328847145607,2026-06-09 06:05:15.505682+00:00
1867,2026-06-04,mostCommon3xPlayers,4322756,M. Timpson,IND,3.0,577.0,0.05205149999999998,2026-06-09 06:05:15.505682+00:00
1867,2026-06-04,highestBoostedValuePlayers,4322793,K. Chen,GSV,2.4,124.0,2.0165318268505863,2026-06-09 06:05:15.505682+00:00
1867,2026-06-04,highestBoostedValuePlayers,4322797,J. Salaün,GSV,0.8,161.0,3.589537051349902,2026-06-09 06:05:15.505682+00:00
1867,2026-06-04,highestBoostedValuePlayers,4322854,O. Miles,MIN,0.3,630.0,7.330841197907144,2026-06-09 06:05:15.505682+00:00
1867,2026-06-04,highestBoostedValuePlayers,4322862,R. Johnson,IND,3.0,8.0,1.5797808285432229,2026-06-09 06:05:15.505682+00:00
1867,2026-06-04,highestBoostedValuePlayers,4322865,M. Okot,ATL,3.0,1.0,1.4910183478963552,2026-06-09 06:05:15.505682+00:00
1867,2026-06-04,mostCommon3xPlayers,4322901,A. Delaere,MIN,3.0,141.0,-0.22005,2026-06-09 06:05:15.505682+00:00
1871,2026-06-05,mostCommon3xPlayers,456,L. Held,PHO,3.0,79.0,1.3716802447040968,2026-06-10 06:04:32.784809+00:00
1871,2026-06-05,popularPlayers,596,K. Plum,LAS,0.0,827.0,4.17782439267307,2026-06-10 06:04:32.784809+00:00
1871,2026-06-05,popularPlayers,599,M. Gustafson,POR,1.6,1400.0,0.6755131631299595,2026-06-10 06:04:32.784809+00:00
1871,2026-06-05,highestBoostedValuePlayers,653,J. Shepard,DAL,0.3,646.0,4.979533903433606,2026-06-10 06:04:32.784809+00:00
1871,2026-06-05,mostCommon3xPlayers,658,A. Smith,DAL,3.0,375.0,0.47954752706469317,2026-06-10 06:04:32.784809+00:00
1871,2026-06-05,highestBoostedValuePlayers,661,D. Miller,CON,3.0,5.0,2.690503817207754,2026-06-10 06:04:32.784809+00:00
1871,2026-06-05,popularPlayers,663,B. Carleton,POR,0.6,1800.0,0.8184321938735158,2026-06-10 06:04:32.784809+00:00
1871,2026-06-05,highestBoostedValuePlayers,664,B. Griner,CON,1.1,4.0,4.156166728089645,2026-06-10 06:04:32.784809+00:00
1871,2026-06-05,popularPlayers,668,N. Mack,PHO,0.6,1800.0,3.2182350963872084,2026-06-10 06:04:32.784809+00:00
1871,2026-06-05,highestBoostedValuePlayers,682,A. Atkins,LAS,1.5,84.0,3.2095828694374227,2026-06-10 06:04:32.784809+00:00
1871,2026-06-05,highestBoostedValuePlayers,686,K. Samuelson,POR,3.0,2.0,2.5095722422341553,2026-06-10 06:04:32.784809+00:00
1871,2026-06-05,popularPlayers,687,E. Engstler,POR,1.0,1600.0,1.1264271941592596,2026-06-10 06:04:32.784809+00:00
1871,2026-06-05,popularPlayers,705,K. Cardoso,CHI,0.5,1700.0,2.364162221601507,2026-06-10 06:04:32.784809+00:00
1871,2026-06-05,highestBoostedValuePlayers,708,E. Williams,CHI,2.2,1.0,2.6436412725627436,2026-06-10 06:04:32.784809+00:00
1871,2026-06-05,highestBoostedValuePlayers,711,A. Stevens,CHI,3.0,7.0,2.6701381472442676,2026-06-10 06:04:32.784809+00:00
1871,2026-06-05,popularPlayers,716,C. Brink,LAS,1.7,2100.0,1.3431246560883474,2026-06-10 06:04:32.784809+00:00
1871,2026-06-05,popularPlayers,718,D. Hamby,LAS,0.4,2200.0,2.790474500375042,2026-06-10 06:04:32.784809+00:00
1871,2026-06-05,highestBoostedValuePlayers,734,S. Diggins,CHI,0.5,244.0,3.785485623541243,2026-06-10 06:04:32.784809+00:00
1871,2026-06-05,highestBoostedValuePlayers,738,N. Ogwumike,LAS,0.6,273.0,3.976843618414482,2026-06-10 06:04:32.784809+00:00
1871,2026-06-05,highestBoostedValuePlayers,741,R. Banham,CHI,3.0,1.0,1.9548096213272068,2026-06-10 06:04:32.784809+00:00
1871,2026-06-05,highestBoostedValuePlayers,750,D. Bonner,PHO,1.7,39.0,4.898077693909198,2026-06-10 06:04:32.784809+00:00
1871,2026-06-05,popularPlayers,762,C. Leite,POR,1.0,1500.0,1.3429718196125753,2026-06-10 06:04:32.784809+00:00
1871,2026-06-05,highestBoostedValuePlayers,765,M. Siegrist,DAL,2.4,7.0,3.786518544568113,2026-06-10 06:04:32.784809+00:00
1871,2026-06-05,highestBoostedValuePlayers,767,A. Ogunbowale,DAL,1.4,210.0,5.229676553180455,2026-06-10 06:04:32.784809+00:00
1871,2026-06-05,highestBoostedValuePlayers,4322738,M. Akoa Makani,PHO,1.4,15.0,2.7179029858790984,2026-06-10 06:04:32.784809+00:00
1871,2026-06-05,highestBoostedValuePlayers,4322740,P. Bueckers,DAL,0.3,2500.0,5.47943559852502,2026-06-10 06:04:32.784809+00:00
1871,2026-06-05,highestBoostedValuePlayers,4322745,A. Morrow,CON,0.9,743.0,3.306126383742028,2026-06-10 06:04:32.784809+00:00
1871,2026-06-05,highestBoostedValuePlayers,4322746,S. Rivers,CON,2.4,8.0,2.5987368109415465,2026-06-10 06:04:32.784809+00:00
1871,2026-06-05,highestBoostedValuePlayers,4322748,S. Barker,POR,1.5,153.0,2.9075136670966533,2026-06-10 06:04:32.784809+00:00
1871,2026-06-05,popularPlayers,4322856,A. Fudd,DAL,1.0,2700.0,2.4963275796838382,2026-06-10 06:04:32.784809+00:00
1871,2026-06-05,highestBoostedValuePlayers,4322904,N. Brochant,PHO,3.0,3.0,2.0897892523426522,2026-06-10 06:04:32.784809+00:00
1871,2026-06-05,highestBoostedValuePlayers,4322918,J. Nogic,PHO,1.8,147.0,2.737641785254,2026-06-10 06:04:32.784809+00:00
1872,2026-06-06,highestBoostedValuePlayers,184,G. Williams,GSV,0.8,38.0,4.724269451263034,2026-06-11 06:02:07.485886+00:00
1872,2026-06-06,popularPlayers,303,M. Johannes,NYL,0.7,1300.0,1.0039194309989705,2026-06-11 06:02:07.485886+00:00
1872,2026-06-06,mostCommon3xPlayers,553,H. Xu,NYL,3.0,157.0,0.8250780240850712,2026-06-11 06:02:07.485886+00:00
1872,2026-06-06,highestBoostedValuePlayers,597,J. Young,LVA,0.5,146.0,5.189942121063546,2026-06-11 06:02:07.485886+00:00
1872,2026-06-06,highestBoostedValuePlayers,598,A. Wilson,LVA,0.0,2900.0,5.639315331385871,2026-06-11 06:02:07.485886+00:00
1872,2026-06-06,highestBoostedValuePlayers,602,C. Gray,LVA,0.7,142.0,3.0126955481276423,2026-06-11 06:02:07.485886+00:00
1872,2026-06-06,popularPlayers,605,A. Gray,ATL,0.6,1600.0,2.8818440722764707,2026-06-11 06:02:07.485886+00:00
1872,2026-06-06,popularPlayers,606,J. Canada,ATL,0.6,836.0,2.6768881101128947,2026-06-11 06:02:07.485886+00:00
1872,2026-06-06,highestBoostedValuePlayers,609,N. Coffey,MIN,0.9,3.0,3.3572555823008616,2026-06-11 06:02:07.485886+00:00
1872,2026-06-06,highestBoostedValuePlayers,616,R. Howard,ATL,0.2,239.0,4.077607849069092,2026-06-11 06:02:07.485886+00:00
1872,2026-06-06,popularPlayers,617,N. Hillmon,ATL,1.7,1000.0,1.824203733298049,2026-06-11 06:02:07.485886+00:00
1872,2026-06-06,popularPlayers,624,C. Clark,IND,0.3,1400.0,2.822755301396637,2026-06-11 06:02:07.485886+00:00
1872,2026-06-06,popularPlayers,626,K. Mitchell,IND,0.5,2000.0,2.756430141251745,2026-06-11 06:02:07.485886+00:00
1872,2026-06-06,popularPlayers,627,A. Boston,IND,0.4,1100.0,2.8637693909626822,2026-06-11 06:02:07.485886+00:00
1872,2026-06-06,highestBoostedValuePlayers,631,L. Hull,IND,2.7,14.0,1.645579656585968,2026-06-11 06:02:07.485886+00:00
1872,2026-06-06,highestBoostedValuePlayers,639,B. Stewart,NYL,0.3,526.0,4.682762189819563,2026-06-11 06:02:07.485886+00:00
1872,2026-06-06,highestBoostedValuePlayers,641,K. Thornton,GSV,1.4,7.0,2.574400269211628,2026-06-11 06:02:07.485886+00:00
1872,2026-06-06,popularPlayers,643,J. Jones,NYL,0.4,1600.0,2.711538038107738,2026-06-11 06:02:07.485886+00:00
1872,2026-06-06,highestBoostedValuePlayers,647,L. Fiebich,NYL,2.2,9.0,1.935788346096464,2026-06-11 06:02:07.485886+00:00
1872,2026-06-06,highestBoostedValuePlayers,649,S. Koné,ATL,3.0,1.0,2.437132605083045,2026-06-11 06:02:07.485886+00:00
1872,2026-06-06,highestBoostedValuePlayers,652,N. Hiedeman,SEA,1.0,14.0,3.1166592594280127,2026-06-11 06:02:07.485886+00:00
1872,2026-06-06,popularPlayers,654,C. Williams,MIN,0.2,917.0,3.1069023779706892,2026-06-11 06:02:07.485886+00:00
1872,2026-06-06,popularPlayers,691,S. Austin,WAS,0.4,1100.0,2.107476495169352,2026-06-11 06:02:07.485886+00:00
1872,2026-06-06,highestBoostedValuePlayers,701,A. Reese,ATL,0.6,290.0,4.407648819905927,2026-06-11 06:02:07.485886+00:00
1872,2026-06-06,highestBoostedValuePlayers,712,M. Billings,IND,2.4,31.0,3.3685487385731396,2026-06-11 06:02:07.485886+00:00
1872,2026-06-06,highestBoostedValuePlayers,719,S. Talbot,LVA,2.8,3.0,1.6499168353060072,2026-06-11 06:02:07.485886+00:00
1872,2026-06-06,mostCommon3xPlayers,739,J. Horston,SEA,3.0,249.0,0.9297068734440762,2026-06-11 06:02:07.485886+00:00
1872,2026-06-06,highestBoostedValuePlayers,758,S. Sabally,NYL,3.0,37.0,1.631666624164575,2026-06-11 06:02:07.485886+00:00
1872,2026-06-06,popularPlayers,759,V. Burton,GSV,0.4,1100.0,2.708649189140256,2026-06-11 06:02:07.485886+00:00
1872,2026-06-06,highestBoostedValuePlayers,760,N. Howard,MIN,0.4,116.0,5.256305200517349,2026-06-11 06:02:07.485886+00:00
1872,2026-06-06,highestBoostedValuePlayers,4322743,K. Iriafen,WAS,0.5,61.0,3.3288699334959206,2026-06-11 06:02:07.485886+00:00
1872,2026-06-06,highestBoostedValuePlayers,4322755,T. Paopao,ATL,3.0,1.0,1.8655716109963227,2026-06-11 06:02:07.485886+00:00
1872,2026-06-06,popularPlayers,4322797,J. Salaün,GSV,0.8,1100.0,1.8583329698836673,2026-06-11 06:02:07.485886+00:00
1872,2026-06-06,highestBoostedValuePlayers,4322854,O. Miles,MIN,0.2,464.0,4.2760148693368745,2026-06-11 06:02:07.485886+00:00
1872,2026-06-06,mostCommon3xPlayers,4322862,R. Johnson,IND,3.0,467.0,1.4097486496927343,2026-06-11 06:02:07.485886+00:00
1872,2026-06-06,mostCommon3xPlayers,4322864,C. McMahon,WAS,3.0,191.0,0.5628661664575297,2026-06-11 06:02:07.485886+00:00
1872,2026-06-06,popularPlayers,4322905,P. Astier,NYL,0.7,1000.0,2.1367494166714223,2026-06-11 06:02:07.485886+00:00
1876,2026-06-07,mostCommon3xPlayers,336,L. Geiselsöder,POR,3.0,445.0,0.878758602230275,2026-06-11 06:02:04.133683+00:00
1876,2026-06-07,highestBoostedValuePlayers,596,K. Plum,LAS,0.0,3100.0,4.79308787604721,2026-06-11 06:02:04.133683+00:00
1876,2026-06-07,highestBoostedValuePlayers,599,M. Gustafson,POR,1.8,149.0,3.207213270213634,2026-06-11 06:02:04.133683+00:00
1876,2026-06-07,highestBoostedValuePlayers,604,K. Martin,LAS,3.0,2.0,1.2218286632271276,2026-06-11 06:02:04.133683+00:00
1876,2026-06-07,mostCommon3xPlayers,620,N. Puoch,POR,3.0,206.0,0.6351747087579336,2026-06-11 06:02:04.133683+00:00
1876,2026-06-07,highestBoostedValuePlayers,622,E. Wheeler,LAS,1.5,137.0,1.6880188138352894,2026-06-11 06:02:04.133683+00:00
1876,2026-06-07,highestBoostedValuePlayers,636,N. Sabally,TOR,0.6,159.0,3.0645576890724544,2026-06-11 06:02:04.133683+00:00
1876,2026-06-07,popularPlayers,663,B. Carleton,POR,0.8,1900.0,1.0076420630755796,2026-06-11 06:02:04.133683+00:00
1876,2026-06-07,popularPlayers,677,N. Cloud,CHI,1.1,1100.0,1.0013406967807963,2026-06-11 06:02:04.133683+00:00
1876,2026-06-07,highestBoostedValuePlayers,679,B. Sykes,TOR,0.4,564.0,4.3388943352399885,2026-06-11 06:02:04.133683+00:00
1876,2026-06-07,popularPlayers,682,A. Atkins,LAS,1.3,1900.0,0.8908319498444481,2026-06-11 06:02:04.133683+00:00
1876,2026-06-07,highestBoostedValuePlayers,686,K. Samuelson,POR,3.0,11.0,1.2590262295611674,2026-06-11 06:02:04.133683+00:00
1876,2026-06-07,popularPlayers,687,E. Engstler,POR,1.1,1500.0,1.4506576474642547,2026-06-11 06:02:04.133683+00:00
1876,2026-06-07,highestBoostedValuePlayers,696,I. Harrison,TOR,0.0,1.0,2.9974584657238226,2026-06-11 06:02:04.133683+00:00
1876,2026-06-07,highestBoostedValuePlayers,697,M. Mabrey,TOR,0.4,351.0,2.4966484234920405,2026-06-11 06:02:04.133683+00:00
1876,2026-06-07,popularPlayers,705,K. Cardoso,CHI,0.6,2100.0,1.5627004402817435,2026-06-11 06:02:04.133683+00:00
1876,2026-06-07,highestBoostedValuePlayers,708,E. Williams,CHI,2.0,77.0,1.6869053820443587,2026-06-11 06:02:04.133683+00:00
1876,2026-06-07,highestBoostedValuePlayers,711,A. Stevens,CHI,2.3,9.0,2.8250109617861106,2026-06-11 06:02:04.133683+00:00
1876,2026-06-07,highestBoostedValuePlayers,713,J. Allemand,TOR,2.1,52.0,1.5050112316316322,2026-06-11 06:02:04.133683+00:00
1876,2026-06-07,highestBoostedValuePlayers,714,R. Burrell,LAS,2.2,48.0,1.7008458878360346,2026-06-11 06:02:04.133683+00:00
1876,2026-06-07,popularPlayers,716,C. Brink,LAS,1.8,2000.0,0.20685000000000003,2026-06-11 06:02:04.133683+00:00
1876,2026-06-07,highestBoostedValuePlayers,718,D. Hamby,LAS,0.4,386.0,4.856006513311564,2026-06-11 06:02:04.133683+00:00
1876,2026-06-07,popularPlayers,734,S. Diggins,CHI,0.4,2100.0,0.9040349760624864,2026-06-11 06:02:04.133683+00:00
1876,2026-06-07,highestBoostedValuePlayers,738,N. Ogwumike,LAS,0.5,401.0,4.723879388504933,2026-06-11 06:02:04.133683+00:00
1876,2026-06-07,mostCommon3xPlayers,741,R. Banham,CHI,3.0,308.0,0.2559227127643687,2026-06-11 06:02:04.133683+00:00
1876,2026-06-07,popularPlayers,762,C. Leite,POR,1.1,1800.0,1.2970153635050812,2026-06-11 06:02:04.133683+00:00
1876,2026-06-07,mostCommon3xPlayers,4322715,H. Winterburn,POR,3.0,194.0,0.0,2026-06-11 06:02:04.133683+00:00
1876,2026-06-07,highestBoostedValuePlayers,4322748,S. Barker,POR,1.4,38.0,1.5514838198063419,2026-06-11 06:02:04.133683+00:00
1876,2026-06-07,highestBoostedValuePlayers,4322794,M. Conde,TOR,2.6,1.0,1.2541802705981173,2026-06-11 06:02:04.133683+00:00
1876,2026-06-07,highestBoostedValuePlayers,4322852,L. Juškaitė,TOR,1.7,96.0,1.6421481312271962,2026-06-11 06:02:04.133683+00:00
1876,2026-06-07,highestBoostedValuePlayers,4322858,G. Jaquez,CHI,1.4,1.0,1.4871051565156557,2026-06-11 06:02:04.133683+00:00
1876,2026-06-07,highestBoostedValuePlayers,4322873,F. Buhner,POR,3.0,27.0,1.4300107402353825,2026-06-11 06:02:04.133683+00:00
1876,2026-06-07,mostCommon3xPlayers,4322877,C. Gray,LAS,3.0,207.0,-0.13549999999999998,2026-06-11 06:02:04.133683+00:00
1877,2026-06-08,popularPlayers,303,M. Johannes,NYL,0.9,1200.0,1.2895622547325287,2026-06-12 06:03:12.384552+00:00
1877,2026-06-08,highestBoostedValuePlayers,553,H. Xu,NYL,3.0,3.0,2.9603836092350337,2026-06-12 06:03:12.384552+00:00
1877,2026-06-08,highestBoostedValuePlayers,597,J. Young,LVA,0.4,314.0,5.0025872458844285,2026-06-12 06:03:12.384552+00:00
1877,2026-06-08,highestBoostedValuePlayers,598,A. Wilson,LVA,0.0,5100.0,8.256765179214161,2026-06-12 06:03:12.384552+00:00
1877,2026-06-08,highestBoostedValuePlayers,602,C. Gray,LVA,0.7,260.0,3.2462940546907757,2026-06-12 06:03:12.384552+00:00
1877,2026-06-08,mostCommon3xPlayers,608,C. Parker-Tyus,LVA,3.0,184.0,0.6633668973716633,2026-06-12 06:03:12.384552+00:00
1877,2026-06-08,popularPlayers,624,C. Clark,IND,0.3,1500.0,3.050359345945848,2026-06-12 06:03:12.384552+00:00
1877,2026-06-08,popularPlayers,626,K. Mitchell,IND,0.5,2300.0,2.4769988404680396,2026-06-12 06:03:12.384552+00:00
1877,2026-06-08,highestBoostedValuePlayers,629,N. Smith,LVA,1.1,162.0,3.3595189059952144,2026-06-12 06:03:12.384552+00:00
1877,2026-06-08,highestBoostedValuePlayers,639,B. Stewart,NYL,0.3,447.0,4.952356009968859,2026-06-12 06:03:12.384552+00:00
1877,2026-06-08,popularPlayers,643,J. Jones,NYL,0.5,1300.0,0.0,2026-06-12 06:03:12.384552+00:00
1877,2026-06-08,highestBoostedValuePlayers,652,N. Hiedeman,SEA,1.0,157.0,3.627006695185012,2026-06-12 06:03:12.384552+00:00
1877,2026-06-08,highestBoostedValuePlayers,661,D. Miller,CON,2.7,8.0,1.713455749815955,2026-06-12 06:03:12.384552+00:00
1877,2026-06-08,highestBoostedValuePlayers,671,S. Cunningham,IND,2.1,9.0,2.0443672498466445,2026-06-12 06:03:12.384552+00:00
1877,2026-06-08,highestBoostedValuePlayers,683,A. Edwards,CON,2.4,2.0,2.6339776901373186,2026-06-12 06:03:12.384552+00:00
1877,2026-06-08,popularPlayers,691,S. Austin,WAS,0.5,1200.0,2.0298591089101663,2026-06-12 06:03:12.384552+00:00
1877,2026-06-08,mostCommon3xPlayers,699,B. Turner,LVA,3.0,160.0,0.23463,2026-06-12 06:03:12.384552+00:00
1877,2026-06-08,highestBoostedValuePlayers,700,M. Onyenwere,WAS,2.8,2.0,2.3520409354765754,2026-06-12 06:03:12.384552+00:00
1877,2026-06-08,mostCommon3xPlayers,709,Z. Cooke,SEA,3.0,191.0,1.1204614383337947,2026-06-12 06:03:12.384552+00:00
1877,2026-06-08,popularPlayers,729,J. Melbourne,SEA,1.5,1000.0,1.652909512554557,2026-06-12 06:03:12.384552+00:00
1877,2026-06-08,mostCommon3xPlayers,739,J. Horston,SEA,3.0,183.0,1.3901501222541672,2026-06-12 06:03:12.384552+00:00
1877,2026-06-08,highestBoostedValuePlayers,744,L. Lacan,CON,2.1,71.0,2.105999366907008,2026-06-12 06:03:12.384552+00:00
1877,2026-06-08,highestBoostedValuePlayers,749,O. Nelson-Ododa,CON,2.5,4.0,3.1828760637978224,2026-06-12 06:03:12.384552+00:00
1877,2026-06-08,popularPlayers,758,S. Sabally,NYL,2.8,989.0,1.162323606275253,2026-06-12 06:03:12.384552+00:00
1877,2026-06-08,popularPlayers,4322741,S. Citron,WAS,0.4,1900.0,2.7046824008520027,2026-06-12 06:03:12.384552+00:00
1877,2026-06-08,highestBoostedValuePlayers,4322742,D. Malonga,SEA,1.0,38.0,3.1252126884687033,2026-06-12 06:03:12.384552+00:00
1877,2026-06-08,popularPlayers,4322743,K. Iriafen,WAS,0.5,1500.0,0.5414959054897664,2026-06-12 06:03:12.384552+00:00
1877,2026-06-08,highestBoostedValuePlayers,4322744,G. Amoore,WAS,3.0,6.0,2.561034208797471,2026-06-12 06:03:12.384552+00:00
1877,2026-06-08,popularPlayers,4322745,A. Morrow,CON,0.8,951.0,0.0,2026-06-12 06:03:12.384552+00:00
1877,2026-06-08,highestBoostedValuePlayers,4322746,S. Rivers,CON,2.2,11.0,2.4384571109223314,2026-06-12 06:03:12.384552+00:00
1877,2026-06-08,highestBoostedValuePlayers,4322855,A. Fam,SEA,2.0,111.0,2.0593218033907936,2026-06-12 06:03:12.384552+00:00
1877,2026-06-08,highestBoostedValuePlayers,4322857,L. Betts,WAS,3.0,3.0,1.5305026173131795,2026-06-12 06:03:12.384552+00:00
1877,2026-06-08,highestBoostedValuePlayers,4322859,F. Johnson,SEA,1.3,197.0,3.2004744813899784,2026-06-12 06:03:12.384552+00:00
1877,2026-06-08,highestBoostedValuePlayers,4322863,A. Dugalić,WAS,3.0,1.0,1.7337180129897871,2026-06-12 06:03:12.384552+00:00
1877,2026-06-08,popularPlayers,4322905,P. Astier,NYL,0.8,1100.0,1.1656385291985123,2026-06-12 06:03:12.384552+00:00
1880,2026-06-09,mostCommon3xPlayers,41,V. Ayayi,PHO,3.0,79.0,0.0,2026-06-12 06:03:10.063235+00:00
1880,2026-06-09,highestBoostedValuePlayers,184,G. Williams,GSV,0.7,276.0,3.48918721283041,2026-06-12 06:03:10.063235+00:00
1880,2026-06-09,highestBoostedValuePlayers,399,K. Charles,GSV,2.2,15.0,1.7494641144561032,2026-06-12 06:03:10.063235+00:00
1880,2026-06-09,highestBoostedValuePlayers,605,A. Gray,ATL,0.6,286.0,2.616548158386014,2026-06-12 06:03:10.063235+00:00
1880,2026-06-09,popularPlayers,609,N. Coffey,MIN,0.8,978.0,1.6911746998050832,2026-06-12 06:03:10.063235+00:00
1880,2026-06-09,highestBoostedValuePlayers,616,R. Howard,ATL,0.2,373.0,3.802210136226495,2026-06-12 06:03:10.063235+00:00
1880,2026-06-09,highestBoostedValuePlayers,617,N. Hillmon,ATL,1.7,8.0,3.1604726559423657,2026-06-12 06:03:10.063235+00:00
1880,2026-06-09,mostCommon3xPlayers,618,I. Borlase,ATL,3.0,104.0,0.25514962227606697,2026-06-12 06:03:10.063235+00:00
1880,2026-06-09,highestBoostedValuePlayers,641,K. Thornton,GSV,1.3,53.0,2.6239802390520137,2026-06-12 06:03:10.063235+00:00
1880,2026-06-09,popularPlayers,653,J. Shepard,DAL,0.2,1900.0,2.7719718485084077,2026-06-12 06:03:10.063235+00:00
1880,2026-06-09,highestBoostedValuePlayers,654,C. Williams,MIN,0.3,301.0,3.551511463999909,2026-06-12 06:03:10.063235+00:00
1880,2026-06-09,highestBoostedValuePlayers,660,K. McBride,MIN,0.9,139.0,5.051270219914208,2026-06-12 06:03:10.063235+00:00
1880,2026-06-09,popularPlayers,668,N. Mack,PHO,0.6,1400.0,2.092589268031338,2026-06-12 06:03:10.063235+00:00
1880,2026-06-09,highestBoostedValuePlayers,677,N. Cloud,CHI,1.3,6.0,4.853387372428096,2026-06-12 06:03:10.063235+00:00
1880,2026-06-09,highestBoostedValuePlayers,701,A. Reese,ATL,0.5,927.0,3.782776060867018,2026-06-12 06:03:10.063235+00:00
1880,2026-06-09,highestBoostedValuePlayers,705,K. Cardoso,CHI,0.6,155.0,3.9841637019849343,2026-06-12 06:03:10.063235+00:00
1880,2026-06-09,popularPlayers,711,A. Stevens,CHI,1.9,1700.0,1.6189652777241428,2026-06-12 06:03:10.063235+00:00
1880,2026-06-09,popularPlayers,734,S. Diggins,CHI,0.6,1100.0,2.287184321963481,2026-06-12 06:03:10.063235+00:00
1880,2026-06-09,highestBoostedValuePlayers,745,A. Thomas,PHO,0.3,297.0,4.727871607698698,2026-06-12 06:03:10.063235+00:00
1880,2026-06-09,highestBoostedValuePlayers,759,V. Burton,GSV,0.4,365.0,4.828821112112814,2026-06-12 06:03:10.063235+00:00
1880,2026-06-09,highestBoostedValuePlayers,760,N. Howard,MIN,0.3,443.0,4.421737483649089,2026-06-12 06:03:10.063235+00:00
1880,2026-06-09,highestBoostedValuePlayers,765,M. Siegrist,DAL,1.9,24.0,1.7393416346567163,2026-06-12 06:03:10.063235+00:00
1880,2026-06-09,highestBoostedValuePlayers,767,A. Ogunbowale,DAL,1.0,187.0,4.137832556696289,2026-06-12 06:03:10.063235+00:00
1880,2026-06-09,highestBoostedValuePlayers,4322738,M. Akoa Makani,PHO,1.3,30.0,3.6448369484225793,2026-06-12 06:03:10.063235+00:00
1880,2026-06-09,popularPlayers,4322740,P. Bueckers,DAL,0.2,4200.0,2.412672360859324,2026-06-12 06:03:10.063235+00:00
1880,2026-06-09,highestBoostedValuePlayers,4322753,A. Kosu,MIN,3.0,2.0,1.8075384624612407,2026-06-12 06:03:10.063235+00:00
1880,2026-06-09,mostCommon3xPlayers,4322755,T. Paopao,ATL,3.0,85.0,0.08491740405735584,2026-06-12 06:03:10.063235+00:00
1880,2026-06-09,mostCommon3xPlayers,4322792,K. Linskens,PHO,3.0,84.0,0.0,2026-06-12 06:03:10.063235+00:00
1880,2026-06-09,popularPlayers,4322797,J. Salaün,GSV,0.8,1200.0,1.9498955412673176,2026-06-12 06:03:10.063235+00:00
1880,2026-06-09,highestBoostedValuePlayers,4322854,O. Miles,MIN,0.2,1700.0,4.503626353454385,2026-06-12 06:03:10.063235+00:00
1880,2026-06-09,popularPlayers,4322856,A. Fudd,DAL,1.0,1200.0,0.5329429129288703,2026-06-12 06:03:10.063235+00:00
1880,2026-06-09,highestBoostedValuePlayers,4322904,N. Brochant,PHO,3.0,17.0,2.9354019764899104,2026-06-12 06:03:10.063235+00:00
1884,2026-06-10,highestBoostedValuePlayers,596,K. Plum,LAS,0.0,3300.0,4.634316857852582,2026-06-13 06:01:19.651190+00:00
1884,2026-06-10,mostCommon3xPlayers,604,K. Martin,LAS,3.0,194.0,0.0,2026-06-13 06:01:19.651190+00:00
1884,2026-06-10,popularPlayers,622,E. Wheeler,LAS,1.5,1100.0,0.955233990818716,2026-06-13 06:01:19.651190+00:00
1884,2026-06-10,mostCommon3xPlayers,623,K. Samuelson,SEA,3.0,185.0,0.13318948085757829,2026-06-13 06:01:19.651190+00:00
1884,2026-06-10,highestBoostedValuePlayers,635,K. Burke,CON,2.1,91.0,2.468241847120194,2026-06-13 06:01:19.651190+00:00
1884,2026-06-10,highestBoostedValuePlayers,636,N. Sabally,TOR,0.6,179.0,3.009551183533859,2026-06-13 06:01:19.651190+00:00
1884,2026-06-10,highestBoostedValuePlayers,652,N. Hiedeman,SEA,0.9,287.0,2.918292739638978,2026-06-13 06:01:19.651190+00:00
1884,2026-06-10,highestBoostedValuePlayers,661,D. Miller,CON,2.6,119.0,1.5765631032481662,2026-06-13 06:01:19.651190+00:00
1884,2026-06-10,highestBoostedValuePlayers,679,B. Sykes,TOR,0.3,1100.0,6.736768596736662,2026-06-13 06:01:19.651190+00:00
1884,2026-06-10,highestBoostedValuePlayers,682,A. Atkins,LAS,1.5,196.0,2.565581003183877,2026-06-13 06:01:19.651190+00:00
1884,2026-06-10,highestBoostedValuePlayers,683,A. Edwards,CON,2.1,27.0,3.524579755472421,2026-06-13 06:01:19.651190+00:00
1884,2026-06-10,popularPlayers,685,S. Dolson,SEA,2.6,840.0,0.5874765357289774,2026-06-13 06:01:19.651190+00:00
1884,2026-06-10,highestBoostedValuePlayers,697,M. Mabrey,TOR,0.5,375.0,2.5385076159292876,2026-06-13 06:01:19.651190+00:00
1884,2026-06-10,mostCommon3xPlayers,709,Z. Cooke,SEA,3.0,250.0,0.8436852675910351,2026-06-13 06:01:19.651190+00:00
1884,2026-06-10,highestBoostedValuePlayers,713,J. Allemand,TOR,2.2,2.0,1.5422126644639196,2026-06-13 06:01:19.651190+00:00
1884,2026-06-10,popularPlayers,714,R. Burrell,LAS,2.1,1100.0,1.3063472226365715,2026-06-13 06:01:19.651190+00:00
1884,2026-06-10,highestBoostedValuePlayers,716,C. Brink,LAS,2.1,320.0,3.857296048595032,2026-06-13 06:01:19.651190+00:00
1884,2026-06-10,popularPlayers,718,D. Hamby,LAS,0.4,3100.0,1.864488326971025,2026-06-13 06:01:19.651190+00:00
1884,2026-06-10,popularPlayers,729,J. Melbourne,SEA,1.5,1100.0,1.112409572695633,2026-06-13 06:01:19.651190+00:00
1884,2026-06-10,highestBoostedValuePlayers,738,N. Ogwumike,LAS,0.4,525.0,3.870887823285896,2026-06-13 06:01:19.651190+00:00
1884,2026-06-10,highestBoostedValuePlayers,739,J. Horston,SEA,3.0,31.0,3.0532412331760117,2026-06-13 06:01:19.651190+00:00
1884,2026-06-10,highestBoostedValuePlayers,744,L. Lacan,CON,1.8,33.0,4.594701011846056,2026-06-13 06:01:19.651190+00:00
1884,2026-06-10,highestBoostedValuePlayers,749,O. Nelson-Ododa,CON,2.1,16.0,1.9648987801034417,2026-06-13 06:01:19.651190+00:00
1884,2026-06-10,popularPlayers,4322742,D. Malonga,SEA,0.9,984.0,1.9543424400718357,2026-06-13 06:01:19.651190+00:00
1884,2026-06-10,highestBoostedValuePlayers,4322746,S. Rivers,CON,2.0,193.0,4.196701652875283,2026-06-13 06:01:19.651190+00:00
1884,2026-06-10,highestBoostedValuePlayers,4322852,L. Juškaitė,TOR,1.7,109.0,4.814470900920179,2026-06-13 06:01:19.651190+00:00
1884,2026-06-10,highestBoostedValuePlayers,4322855,A. Fam,SEA,1.9,196.0,2.6208143557269077,2026-06-13 06:01:19.651190+00:00
1884,2026-06-10,highestBoostedValuePlayers,4322859,F. Johnson,SEA,1.2,238.0,4.053666174026238,2026-06-13 06:01:19.651190+00:00
1884,2026-06-10,highestBoostedValuePlayers,4322877,C. Gray,LAS,3.0,25.0,1.223303257091869,2026-06-13 06:01:19.651190+00:00
1887,2026-06-11,mostCommon3xPlayers,336,L. Geiselsöder,POR,3.0,51.0,0.8080634573931598,2026-06-14 06:04:08.196943+00:00
1887,2026-06-11,highestBoostedValuePlayers,456,L. Held,PHO,3.0,1.0,2.9143122596984767,2026-06-14 06:04:08.196943+00:00
1887,2026-06-11,highestBoostedValuePlayers,597,J. Young,LVA,0.3,219.0,6.3387800194103106,2026-06-14 06:04:08.196943+00:00
1887,2026-06-11,highestBoostedValuePlayers,598,A. Wilson,LVA,0.0,4800.0,5.449939511880681,2026-06-14 06:04:08.196943+00:00
1887,2026-06-11,popularPlayers,599,M. Gustafson,POR,1.6,1000.0,2.0862819410759395,2026-06-14 06:04:08.196943+00:00
1887,2026-06-11,highestBoostedValuePlayers,602,C. Gray,LVA,0.6,169.0,5.5595802791333115,2026-06-14 06:04:08.196943+00:00
1887,2026-06-11,popularPlayers,605,A. Gray,ATL,0.6,1100.0,3.0464857418840166,2026-06-14 06:04:08.196943+00:00
1887,2026-06-11,mostCommon3xPlayers,608,C. Parker-Tyus,LVA,3.0,54.0,0.5754617659807489,2026-06-14 06:04:08.196943+00:00
1887,2026-06-11,highestBoostedValuePlayers,616,R. Howard,ATL,0.2,133.0,4.6762063010161885,2026-06-14 06:04:08.196943+00:00
1887,2026-06-11,highestBoostedValuePlayers,624,C. Clark,IND,0.4,294.0,5.179215746555094,2026-06-14 06:04:08.196943+00:00
1887,2026-06-11,popularPlayers,626,K. Mitchell,IND,0.5,1300.0,3.0814460444705865,2026-06-14 06:04:08.196943+00:00
1887,2026-06-11,highestBoostedValuePlayers,627,A. Boston,IND,0.5,150.0,6.4303351604323025,2026-06-14 06:04:08.196943+00:00
1887,2026-06-11,highestBoostedValuePlayers,631,L. Hull,IND,2.7,4.0,2.8630285043462496,2026-06-14 06:04:08.196943+00:00
1887,2026-06-11,popularPlayers,639,B. Stewart,NYL,0.2,2900.0,3.6885968581037702,2026-06-14 06:04:08.196943+00:00
1887,2026-06-11,highestBoostedValuePlayers,643,J. Jones,NYL,0.5,115.0,3.986989599202266,2026-06-14 06:04:08.196943+00:00
1887,2026-06-11,highestBoostedValuePlayers,653,J. Shepard,DAL,0.3,196.0,5.789488730247636,2026-06-14 06:04:08.196943+00:00
1887,2026-06-11,popularPlayers,668,N. Mack,PHO,0.7,826.0,1.7852936314934553,2026-06-14 06:04:08.196943+00:00
1887,2026-06-11,popularPlayers,670,K. Copper,PHO,1.2,800.0,1.07678292645098,2026-06-14 06:04:08.196943+00:00
1887,2026-06-11,mostCommon3xPlayers,686,K. Samuelson,POR,3.0,62.0,0.725792961511884,2026-06-14 06:04:08.196943+00:00
1887,2026-06-11,highestBoostedValuePlayers,689,M. Hines-Allen,IND,3.0,10.0,1.9099715172033158,2026-06-14 06:04:08.196943+00:00
1887,2026-06-11,highestBoostedValuePlayers,701,A. Reese,ATL,0.5,270.0,4.4838444372859545,2026-06-14 06:04:08.196943+00:00
1887,2026-06-11,popularPlayers,705,K. Cardoso,CHI,0.6,849.0,1.0522408786713513,2026-06-14 06:04:08.196943+00:00
1887,2026-06-11,highestBoostedValuePlayers,711,A. Stevens,CHI,1.9,9.0,3.3695170730486237,2026-06-14 06:04:08.196943+00:00
1887,2026-06-11,highestBoostedValuePlayers,719,S. Talbot,LVA,2.8,7.0,3.2214044962583825,2026-06-14 06:04:08.196943+00:00
1887,2026-06-11,popularPlayers,745,A. Thomas,PHO,0.2,1900.0,2.4639388527811743,2026-06-14 06:04:08.196943+00:00
1887,2026-06-11,highestBoostedValuePlayers,758,S. Sabally,NYL,2.9,3.0,2.9010584252920766,2026-06-14 06:04:08.196943+00:00
1887,2026-06-11,highestBoostedValuePlayers,762,C. Leite,POR,1.2,4.0,4.504426829975524,2026-06-14 06:04:08.196943+00:00
1887,2026-06-11,popularPlayers,765,M. Siegrist,DAL,1.9,809.0,-0.26489999999999997,2026-06-14 06:04:08.196943+00:00
1887,2026-06-11,highestBoostedValuePlayers,4322740,P. Bueckers,DAL,0.3,472.0,7.216981699882025,2026-06-14 06:04:08.196943+00:00
1887,2026-06-11,highestBoostedValuePlayers,4322856,A. Fudd,DAL,1.2,55.0,3.553872492006007,2026-06-14 06:04:08.196943+00:00
1887,2026-06-11,mostCommon3xPlayers,4322887,S. Williams,POR,3.0,44.0,0.3707280286739599,2026-06-14 06:04:08.196943+00:00
1887,2026-06-11,popularPlayers,4322904,N. Brochant,PHO,3.0,1100.0,1.0366823244867691,2026-06-14 06:04:08.196943+00:00
1887,2026-06-11,highestBoostedValuePlayers,4322905,P. Astier,NYL,0.9,117.0,3.9513065411398736,2026-06-14 06:04:08.196943+00:00
1887,2026-06-11,highestBoostedValuePlayers,4322926,T. Oblak,POR,2.6,8.0,2.570646846793004,2026-06-14 06:04:08.196943+00:00
1892,2026-06-12,highestBoostedValuePlayers,184,G. Williams,GSV,0.6,558.0,2.649071066743379,2026-06-15 06:01:25.982388+00:00
1892,2026-06-12,popularPlayers,399,K. Charles,GSV,2.1,932.0,0.7971501666666666,2026-06-15 06:01:25.982388+00:00
1892,2026-06-12,popularPlayers,603,K. Stokes,GSV,1.9,921.0,1.3977473794441584,2026-06-15 06:01:25.982388+00:00
1892,2026-06-12,highestBoostedValuePlayers,623,K. Samuelson,SEA,3.0,20.0,1.1690954267554405,2026-06-15 06:01:25.982388+00:00
1892,2026-06-12,popularPlayers,641,K. Thornton,GSV,1.3,1600.0,1.2802402755688536,2026-06-15 06:01:25.982388+00:00
1892,2026-06-12,highestBoostedValuePlayers,652,N. Hiedeman,SEA,0.9,301.0,4.973339873668066,2026-06-15 06:01:25.982388+00:00
1892,2026-06-12,highestBoostedValuePlayers,679,B. Sykes,TOR,0.2,2500.0,2.826052588256033,2026-06-15 06:01:25.982388+00:00
1892,2026-06-12,popularPlayers,685,S. Dolson,SEA,2.8,840.0,0.45814442651070264,2026-06-15 06:01:25.982388+00:00
1892,2026-06-12,popularPlayers,691,S. Austin,WAS,0.5,2600.0,1.6498421839676656,2026-06-15 06:01:25.982388+00:00
1892,2026-06-12,highestBoostedValuePlayers,696,I. Harrison,TOR,1.3,5.0,3.4965759504700853,2026-06-15 06:01:25.982388+00:00
1892,2026-06-12,highestBoostedValuePlayers,697,M. Mabrey,TOR,0.5,422.0,4.05974324224531,2026-06-15 06:01:25.982388+00:00
1892,2026-06-12,highestBoostedValuePlayers,700,M. Onyenwere,WAS,2.3,5.0,3.1388829674636853,2026-06-15 06:01:25.982388+00:00
1892,2026-06-12,mostCommon3xPlayers,709,Z. Cooke,SEA,3.0,210.0,0.0,2026-06-15 06:01:25.982388+00:00
1892,2026-06-12,highestBoostedValuePlayers,713,J. Allemand,TOR,2.2,3.0,2.133037460167402,2026-06-15 06:01:25.982388+00:00
1892,2026-06-12,popularPlayers,729,J. Melbourne,SEA,1.6,995.0,1.4458947183405073,2026-06-15 06:01:25.982388+00:00
1892,2026-06-12,popularPlayers,731,M. Holmes,SEA,3.0,719.0,0.2313917205380116,2026-06-15 06:01:25.982388+00:00
1892,2026-06-12,highestBoostedValuePlayers,739,J. Horston,SEA,3.0,117.0,2.3922600571476087,2026-06-15 06:01:25.982388+00:00
1892,2026-06-12,highestBoostedValuePlayers,759,V. Burton,GSV,0.4,1100.0,3.5451562900113447,2026-06-15 06:01:25.982388+00:00
1892,2026-06-12,highestBoostedValuePlayers,366584,T. Hayes,GSV,2.0,34.0,2.861426598657267,2026-06-15 06:01:25.982388+00:00
1892,2026-06-12,highestBoostedValuePlayers,4322741,S. Citron,WAS,0.5,453.0,3.3504727376754397,2026-06-15 06:01:25.982388+00:00
1892,2026-06-12,highestBoostedValuePlayers,4322742,D. Malonga,SEA,1.0,75.0,2.17610240752266,2026-06-15 06:01:25.982388+00:00
1892,2026-06-12,mostCommon3xPlayers,4322744,G. Amoore,WAS,3.0,462.0,1.049445522312397,2026-06-15 06:01:25.982388+00:00
1892,2026-06-12,highestBoostedValuePlayers,4322794,M. Conde,TOR,2.7,4.0,1.4030474208294639,2026-06-15 06:01:25.982388+00:00
1892,2026-06-12,highestBoostedValuePlayers,4322797,J. Salaün,GSV,0.9,248.0,3.794609131890059,2026-06-15 06:01:25.982388+00:00
1892,2026-06-12,popularPlayers,4322852,L. Juškaitė,TOR,1.4,1600.0,1.10266681542288,2026-06-15 06:01:25.982388+00:00
1892,2026-06-12,highestBoostedValuePlayers,4322855,A. Fam,SEA,1.7,68.0,1.5962048124001362,2026-06-15 06:01:25.982388+00:00
1892,2026-06-12,highestBoostedValuePlayers,4322857,L. Betts,WAS,3.0,8.0,3.6135886033762854,2026-06-15 06:01:25.982388+00:00
1892,2026-06-12,popularPlayers,4322859,F. Johnson,SEA,1.1,2900.0,0.7050840595392277,2026-06-15 06:01:25.982388+00:00
1892,2026-06-12,highestBoostedValuePlayers,4322863,A. Dugalić,WAS,2.9,10.0,1.363540575001825,2026-06-15 06:01:25.982388+00:00
1892,2026-06-12,highestBoostedValuePlayers,4322864,C. McMahon,WAS,3.0,2.0,2.073224753684387,2026-06-15 06:01:25.982388+00:00
1892,2026-06-12,highestBoostedValuePlayers,4322879,T. Key,TOR,3.0,2.0,1.7511853098134642,2026-06-15 06:01:25.982388+00:00
1898,2026-06-13,mostCommon3xPlayers,41,V. Ayayi,PHO,3.0,64.0,0.0,2026-06-16 06:03:26.650822+00:00
1898,2026-06-13,mostCommon3xPlayers,456,L. Held,PHO,3.0,68.0,1.2483473487551864,2026-06-16 06:03:26.650822+00:00
1898,2026-06-13,highestBoostedValuePlayers,596,K. Plum,LAS,0.0,680.0,7.443149634252748,2026-06-16 06:03:26.650822+00:00
1898,2026-06-13,highestBoostedValuePlayers,597,J. Young,LVA,0.2,194.0,4.267222833019029,2026-06-16 06:03:26.650822+00:00
1898,2026-06-13,highestBoostedValuePlayers,598,A. Wilson,LVA,0.0,4400.0,5.064297858533018,2026-06-16 06:03:26.650822+00:00
1898,2026-06-13,highestBoostedValuePlayers,599,M. Gustafson,POR,1.6,10.0,3.683390252236486,2026-06-16 06:03:26.650822+00:00
1898,2026-06-13,highestBoostedValuePlayers,602,C. Gray,LVA,0.5,151.0,4.85650743411756,2026-06-16 06:03:26.650822+00:00
1898,2026-06-13,mostCommon3xPlayers,604,K. Martin,LAS,3.0,62.0,0.0,2026-06-16 06:03:26.650822+00:00
1898,2026-06-13,leaderboard_lineup,622,E. Wheeler,UNK,1.6,,2.064128863197457,2026-06-15 06:01:20.879325+00:00
1898,2026-06-13,popularPlayers,624,C. Clark,IND,0.3,1900.0,3.755085857329235,2026-06-16 06:03:26.650822+00:00
1898,2026-06-13,popularPlayers,626,K. Mitchell,IND,0.5,1200.0,2.8025628216735763,2026-06-16 06:03:26.650822+00:00
1898,2026-06-13,popularPlayers,627,A. Boston,IND,0.3,1600.0,4.028541282905892,2026-06-16 06:03:26.650822+00:00
1898,2026-06-13,popularPlayers,653,J. Shepard,DAL,0.2,1800.0,3.223969743776497,2026-06-16 06:03:26.650822+00:00
1898,2026-06-13,popularPlayers,654,C. Williams,MIN,0.3,1200.0,2.996904221916211,2026-06-16 06:03:26.650822+00:00
1898,2026-06-13,highestBoostedValuePlayers,660,K. McBride,MIN,0.7,131.0,3.4723382294955516,2026-06-16 06:03:26.650822+00:00
1898,2026-06-13,leaderboard_lineup,661,D. Miller,UNK,2.6,,0.4828258820300833,2026-06-15 06:01:20.879325+00:00
1898,2026-06-13,popularPlayers,663,B. Carleton,POR,0.9,943.0,2.9642723776559885,2026-06-16 06:03:26.650822+00:00
1898,2026-06-13,highestBoostedValuePlayers,668,N. Mack,PHO,0.7,138.0,4.971748475622289,2026-06-16 06:03:26.650822+00:00
1898,2026-06-13,highestBoostedValuePlayers,670,K. Copper,PHO,1.3,33.0,7.287590730264528,2026-06-16 06:03:26.650822+00:00
1898,2026-06-13,leaderboard_lineup,682,A. Atkins,UNK,1.4,,1.6525033260877895,2026-06-15 06:01:20.879325+00:00
1898,2026-06-13,highestBoostedValuePlayers,687,E. Engstler,POR,1.2,23.0,3.140721966024053,2026-06-16 06:03:26.650822+00:00
1898,2026-06-13,highestBoostedValuePlayers,712,M. Billings,IND,2.3,3.0,3.069837654750163,2026-06-16 06:03:26.650822+00:00
1898,2026-06-13,highestBoostedValuePlayers,714,R. Burrell,LAS,2.2,11.0,5.703664004728224,2026-06-16 06:03:26.650822+00:00
1898,2026-06-13,highestBoostedValuePlayers,716,C. Brink,LAS,1.7,213.0,3.2085531829491845,2026-06-16 06:03:26.650822+00:00
1898,2026-06-13,popularPlayers,718,D. Hamby,LAS,0.4,1300.0,1.7202391451043126,2026-06-16 06:03:26.650822+00:00
1898,2026-06-13,highestBoostedValuePlayers,726,J. Loyd,LVA,2.7,2.0,2.5430572787181878,2026-06-16 06:03:26.650822+00:00
1898,2026-06-13,highestBoostedValuePlayers,738,N. Ogwumike,LAS,0.4,174.0,5.56796737174109,2026-06-16 06:03:26.650822+00:00
1898,2026-06-13,highestBoostedValuePlayers,744,L. Lacan,CON,1.1,6.0,3.475554348098502,2026-06-16 06:03:26.650822+00:00
1898,2026-06-13,popularPlayers,745,A. Thomas,PHO,0.3,2300.0,4.048766294840597,2026-06-16 06:03:26.650822+00:00
1898,2026-06-13,leaderboard_lineup,750,D. Bonner,UNK,1.4,,1.6617137206197699,2026-06-15 06:01:20.879325+00:00
1898,2026-06-13,highestBoostedValuePlayers,755,A. Kuier,DAL,2.1,2.0,2.2893210593783473,2026-06-16 06:03:26.650822+00:00
1898,2026-06-13,highestBoostedValuePlayers,760,N. Howard,MIN,0.3,175.0,4.8858255914452275,2026-06-16 06:03:26.650822+00:00
1898,2026-06-13,leaderboard_lineup,767,A. Ogunbowale,UNK,1.0,,3.018375587377364,2026-06-15 06:01:20.879325+00:00
1898,2026-06-13,leaderboard_lineup,4322738,M. Akoa Makani,UNK,1.2,,2.7177897377350297,2026-06-15 06:01:20.879325+00:00
1898,2026-06-13,popularPlayers,4322745,A. Morrow,CON,0.8,941.0,1.5551895614205364,2026-06-16 06:03:26.650822+00:00
1898,2026-06-13,highestBoostedValuePlayers,4322746,S. Rivers,CON,1.7,8.0,2.5536868231617587,2026-06-16 06:03:26.650822+00:00
1898,2026-06-13,highestBoostedValuePlayers,4322750,A. James,DAL,2.3,6.0,3.345401313606405,2026-06-16 06:03:26.650822+00:00
1898,2026-06-13,mostCommon3xPlayers,4322753,A. Kosu,MIN,3.0,242.0,0.36,2026-06-16 06:03:26.650822+00:00
1898,2026-06-13,popularPlayers,4322854,O. Miles,MIN,0.1,2600.0,3.380512764410128,2026-06-16 06:03:26.650822+00:00
1898,2026-06-13,highestBoostedValuePlayers,4322856,A. Fudd,DAL,1.1,93.0,3.8266680072251438,2026-06-16 06:03:26.650822+00:00
1898,2026-06-13,mostCommon3xPlayers,4322904,N. Brochant,PHO,3.0,682.0,0.9029458658864091,2026-06-16 06:03:26.650822+00:00
1904,2026-06-14,highestBoostedValuePlayers,303,M. Johannes,NYL,1.0,158.0,1.6808968371167603,2026-06-18 06:01:03.758290+00:00
1904,2026-06-14,popularPlayers,449,R. Gardner,NYL,2.6,510.0,0.9374,2026-06-18 06:01:03.758290+00:00
1904,2026-06-14,highestBoostedValuePlayers,605,A. Gray,ATL,0.6,244.0,6.007021251448218,2026-06-18 06:01:03.758290+00:00
1904,2026-06-14,highestBoostedValuePlayers,606,J. Canada,ATL,0.7,122.0,3.3948337747401136,2026-06-18 06:01:03.758290+00:00
1904,2026-06-14,highestBoostedValuePlayers,616,R. Howard,ATL,0.1,561.0,4.651802268054224,2026-06-18 06:01:03.758290+00:00
1904,2026-06-14,highestBoostedValuePlayers,617,N. Hillmon,ATL,1.6,113.0,2.2333849614700165,2026-06-18 06:01:03.758290+00:00
1904,2026-06-14,highestBoostedValuePlayers,618,I. Borlase,ATL,3.0,1.0,2.656356968750578,2026-06-18 06:01:03.758290+00:00
1904,2026-06-14,highestBoostedValuePlayers,628,T. Fágbénlé,TOR,3.0,1.0,1.5829507577367237,2026-06-18 06:01:03.758290+00:00
1904,2026-06-14,popularPlayers,637,S. Ionescu,NYL,0.6,1700.0,1.0265323593092446,2026-06-18 06:01:03.758290+00:00
1904,2026-06-14,highestBoostedValuePlayers,639,B. Stewart,NYL,0.2,1800.0,4.074942119552475,2026-06-18 06:01:03.758290+00:00
1904,2026-06-14,highestBoostedValuePlayers,643,J. Jones,NYL,0.4,193.0,3.822709341465128,2026-06-18 06:01:03.758290+00:00
1904,2026-06-14,highestBoostedValuePlayers,647,L. Fiebich,NYL,2.8,3.0,1.955221911330109,2026-06-18 06:01:03.758290+00:00
1904,2026-06-14,popularPlayers,679,B. Sykes,TOR,0.3,2600.0,1.5351073542970215,2026-06-18 06:01:03.758290+00:00
1904,2026-06-14,popularPlayers,691,S. Austin,WAS,0.6,1100.0,1.7548234137547873,2026-06-18 06:01:03.758290+00:00
1904,2026-06-14,highestBoostedValuePlayers,696,I. Harrison,TOR,0.9,5.0,2.5919363007578773,2026-06-18 06:01:03.758290+00:00
1904,2026-06-14,popularPlayers,697,M. Mabrey,TOR,0.5,1700.0,1.6136477077829212,2026-06-18 06:01:03.758290+00:00
1904,2026-06-14,highestBoostedValuePlayers,700,M. Onyenwere,WAS,1.9,210.0,2.7547362527772874,2026-06-18 06:01:03.758290+00:00
1904,2026-06-14,highestBoostedValuePlayers,701,A. Reese,ATL,0.4,682.0,3.830716839847015,2026-06-18 06:01:03.758290+00:00
1904,2026-06-14,highestBoostedValuePlayers,713,J. Allemand,TOR,2.0,70.0,4.227482144133504,2026-06-18 06:01:03.758290+00:00
1904,2026-06-14,highestBoostedValuePlayers,758,S. Sabally,NYL,2.3,23.0,1.2441253524429638,2026-06-18 06:01:03.758290+00:00
1904,2026-06-14,popularPlayers,4322741,S. Citron,WAS,0.4,1800.0,1.6154346512207949,2026-06-18 06:01:03.758290+00:00
1904,2026-06-14,mostCommon3xPlayers,4322744,G. Amoore,WAS,3.0,207.0,0.7396689939879586,2026-06-18 06:01:03.758290+00:00
1904,2026-06-14,mostCommon3xPlayers,4322755,T. Paopao,ATL,3.0,44.0,0.6703138431088044,2026-06-18 06:01:03.758290+00:00
1904,2026-06-14,highestBoostedValuePlayers,4322794,M. Conde,TOR,2.7,69.0,2.123815624462594,2026-06-18 06:01:03.758290+00:00
1904,2026-06-14,popularPlayers,4322852,L. Juškaitė,TOR,1.5,740.0,0.8356254396041228,2026-06-18 06:01:03.758290+00:00
1904,2026-06-14,highestBoostedValuePlayers,4322857,L. Betts,WAS,3.0,23.0,1.7027990627072056,2026-06-18 06:01:03.758290+00:00
1904,2026-06-14,highestBoostedValuePlayers,4322864,C. McMahon,WAS,3.0,1.0,1.4240373421930463,2026-06-18 06:01:03.758290+00:00
1904,2026-06-14,mostCommon3xPlayers,4322865,M. Okot,ATL,3.0,18.0,0.2075225,2026-06-18 06:01:03.758290+00:00
1904,2026-06-14,highestBoostedValuePlayers,4322905,P. Astier,NYL,0.8,135.0,2.2780779914439107,2026-06-18 06:01:03.758290+00:00
1904,2026-06-14,highestBoostedValuePlayers,4322939,A. Flórez,WAS,2.2,5.0,1.5292096580459356,2026-06-18 06:01:03.758290+00:00
1906,2026-06-15,popularPlayers,184,G. Williams,GSV,0.7,2400.0,1.8423081643591495,2026-07-03 03:43:00.234436+00:00
1906,2026-06-15,highestBoostedValuePlayers,336,L. Geiselsöder,POR,3.0,2.0,1.7619181647191515,2026-07-03 03:43:00.234436+00:00
1906,2026-06-15,highestBoostedValuePlayers,399,K. Charles,GSV,2.3,14.0,3.4210312880843405,2026-07-03 03:43:00.234436+00:00
1906,2026-06-15,highestBoostedValuePlayers,563,M. Caldwell,MIN,3.0,3.0,2.832599719428228,2026-07-03 03:43:00.234436+00:00
1906,2026-06-15,popularPlayers,596,K. Plum,LAS,0.0,3900.0,0.8776046504618962,2026-07-03 03:43:00.234436+00:00
1906,2026-06-15,popularPlayers,597,J. Young,LVA,0.2,2100.0,1.102372866856016,2026-07-03 03:43:00.234436+00:00
1906,2026-06-15,popularPlayers,598,A. Wilson,LVA,0.0,6000.0,2.554215214201061,2026-07-03 03:43:00.234436+00:00
1906,2026-06-15,popularPlayers,599,M. Gustafson,POR,1.4,855.0,1.4807473686947905,2026-07-03 03:43:00.234436+00:00
1906,2026-06-15,popularPlayers,602,C. Gray,LVA,0.4,1700.0,1.3052783052401806,2026-07-03 03:43:00.234436+00:00
1906,2026-06-15,highestBoostedValuePlayers,603,K. Stokes,GSV,2.0,15.0,1.9357983520012283,2026-07-03 03:43:00.234436+00:00
1906,2026-06-15,mostCommon3xPlayers,604,K. Martin,LAS,3.0,89.0,0.9191054160838172,2026-07-03 03:43:00.234436+00:00
1906,2026-06-15,highestBoostedValuePlayers,608,C. Parker-Tyus,LVA,3.0,3.0,1.457981839093089,2026-07-03 03:43:00.234436+00:00
1906,2026-06-15,highestBoostedValuePlayers,609,N. Coffey,MIN,1.0,97.0,4.9496901760445144,2026-07-03 03:43:00.234436+00:00
1906,2026-06-15,popularPlayers,629,N. Smith,LVA,0.9,784.0,1.4957610146640055,2026-07-03 03:43:00.234436+00:00
1906,2026-06-15,highestBoostedValuePlayers,641,K. Thornton,GSV,1.4,30.0,2.08694755507291,2026-07-03 03:43:00.234436+00:00
1906,2026-06-15,highestBoostedValuePlayers,653,J. Shepard,DAL,0.2,169.0,5.216459224182178,2026-07-03 03:43:00.234436+00:00
1906,2026-06-15,popularPlayers,654,C. Williams,MIN,0.3,1200.0,2.967935433334998,2026-07-03 03:43:00.234436+00:00
1906,2026-06-15,highestBoostedValuePlayers,657,C. Zandalasini,GSV,2.8,11.0,2.254900453202129,2026-07-03 03:43:00.234436+00:00
1906,2026-06-15,mostCommon3xPlayers,658,A. Smith,DAL,3.0,70.0,0.5448665203326685,2026-07-03 03:43:00.234436+00:00
1906,2026-06-15,popularPlayers,660,K. McBride,MIN,0.7,1000.0,2.409973594724908,2026-07-03 03:43:00.234436+00:00
1906,2026-06-15,popularPlayers,663,B. Carleton,POR,0.9,873.0,0.6229903047768319,2026-07-03 03:43:00.234436+00:00
1906,2026-06-15,leaderboard_lineup,682,A. Atkins,UNK,1.5,,0.8803781918457728,2026-06-16 06:03:19.763276+00:00
1906,2026-06-15,highestBoostedValuePlayers,714,R. Burrell,LAS,1.6,21.0,2.1452485060409363,2026-07-03 03:43:00.234436+00:00
1906,2026-06-15,popularPlayers,716,C. Brink,LAS,1.5,2100.0,1.3375040709072592,2026-07-03 03:43:00.234436+00:00
1906,2026-06-15,popularPlayers,718,D. Hamby,LAS,0.5,1200.0,1.7815624817704856,2026-07-03 03:43:00.234436+00:00
1906,2026-06-15,leaderboard_lineup,719,S. Talbot,UNK,2.5,,1.2187405791009456,2026-06-16 06:03:19.763276+00:00
1906,2026-06-15,highestBoostedValuePlayers,726,J. Loyd,LVA,2.4,3.0,3.2555756252890236,2026-07-03 03:43:00.234436+00:00
1906,2026-06-15,popularPlayers,738,N. Ogwumike,LAS,0.3,1600.0,1.6025653525494128,2026-07-03 03:43:00.234436+00:00
1906,2026-06-15,leaderboard_lineup,755,A. Kuier,UNK,1.9,,1.6290421050637207,2026-06-16 06:03:19.763276+00:00
1906,2026-06-15,highestBoostedValuePlayers,759,V. Burton,GSV,0.4,210.0,2.9096832877110845,2026-07-03 03:43:00.234436+00:00
1906,2026-06-15,popularPlayers,760,N. Howard,MIN,0.2,1500.0,3.1465021780799014,2026-07-03 03:43:00.234436+00:00
1906,2026-06-15,highestBoostedValuePlayers,767,A. Ogunbowale,DAL,1.0,9.0,5.10743460817106,2026-07-03 03:43:00.234436+00:00
1906,2026-06-15,highestBoostedValuePlayers,4322740,P. Bueckers,DAL,0.2,257.0,3.4137174794606753,2026-07-03 03:43:00.234436+00:00
1906,2026-06-15,highestBoostedValuePlayers,4322750,A. James,DAL,2.0,5.0,2.6013642414410314,2026-07-03 03:43:00.234436+00:00
1906,2026-06-15,highestBoostedValuePlayers,4322753,A. Kosu,MIN,3.0,9.0,2.475593935824103,2026-07-03 03:43:00.234436+00:00
1906,2026-06-15,leaderboard_lineup,4322793,K. Chen,UNK,2.9,,1.3006086469976659,2026-06-16 06:03:19.763276+00:00
1906,2026-06-15,popularPlayers,4322797,J. Salaün,GSV,0.8,1100.0,1.6749922914240185,2026-07-03 03:43:00.234436+00:00
1906,2026-06-15,mostCommon3xPlayers,4322799,J. Jocytė,GSV,3.0,56.0,-0.23915999999999996,2026-07-03 03:43:00.234436+00:00
1906,2026-06-15,highestBoostedValuePlayers,4322854,O. Miles,MIN,0.2,411.0,3.227283885980674,2026-07-03 03:43:00.234436+00:00
1906,2026-06-15,highestBoostedValuePlayers,4322856,A. Fudd,DAL,0.9,51.0,3.285502912350371,2026-07-03 03:43:00.234436+00:00
1906,2026-06-15,mostCommon3xPlayers,4322877,C. Gray,LAS,3.0,89.0,-0.4132094,2026-07-03 03:43:00.234436+00:00
1906,2026-06-15,highestBoostedValuePlayers,4322901,A. Delaere,MIN,3.0,6.0,2.754061335523089,2026-07-03 03:43:00.234436+00:00
1906,2026-06-15,highestBoostedValuePlayers,4322926,T. Oblak,POR,2.4,2.0,1.9588930690173334,2026-07-03 03:43:00.234436+00:00
1910,2026-06-16,highestBoostedValuePlayers,624,C. Clark,IND,0.3,3000.0,4.8596871987263475,2026-07-03 03:42:49.776552+00:00
1910,2026-06-16,highestBoostedValuePlayers,626,K. Mitchell,IND,0.5,544.0,4.5155843107252815,2026-07-03 03:42:49.776552+00:00
1910,2026-06-16,highestBoostedValuePlayers,627,A. Boston,IND,0.3,1000.0,4.585623353710292,2026-07-03 03:42:49.776552+00:00
1910,2026-06-16,highestBoostedValuePlayers,628,T. Fágbénlé,TOR,3.0,7.0,0.9437848872841186,2026-07-03 03:42:49.776552+00:00
1910,2026-06-16,highestBoostedValuePlayers,631,L. Hull,IND,2.5,171.0,0.8940926478758707,2026-07-03 03:42:49.776552+00:00
1910,2026-06-16,highestBoostedValuePlayers,632,D. Dantas,IND,3.0,1.0,0.6831219999999999,2026-07-03 03:42:49.776552+00:00
1910,2026-06-16,popularPlayers,636,N. Sabally,TOR,0.6,73.0,0.0,2026-07-03 03:42:49.776552+00:00
1910,2026-06-16,highestBoostedValuePlayers,671,S. Cunningham,IND,1.9,304.0,5.068929050369565,2026-07-03 03:42:49.776552+00:00
1910,2026-06-16,highestBoostedValuePlayers,679,B. Sykes,TOR,0.3,1400.0,2.1283196124634314,2026-07-03 03:42:49.776552+00:00
1910,2026-06-16,highestBoostedValuePlayers,689,M. Hines-Allen,IND,2.9,116.0,0.885045447679738,2026-07-03 03:42:49.776552+00:00
1910,2026-06-16,highestBoostedValuePlayers,696,I. Harrison,TOR,0.9,211.0,2.9577057105723537,2026-07-03 03:42:49.776552+00:00
1910,2026-06-16,highestBoostedValuePlayers,697,M. Mabrey,TOR,0.5,484.0,3.4758898607598594,2026-07-03 03:42:49.776552+00:00
1910,2026-06-16,highestBoostedValuePlayers,712,M. Billings,IND,2.0,124.0,1.3710982710729909,2026-07-03 03:42:49.776552+00:00
1910,2026-06-16,highestBoostedValuePlayers,713,J. Allemand,TOR,1.5,221.0,0.1281809363097975,2026-07-03 03:42:49.776552+00:00
1910,2026-06-16,highestBoostedValuePlayers,725,K. Nurse,TOR,3.0,98.0,0.7647441084339763,2026-07-03 03:42:49.776552+00:00
1910,2026-06-16,popularPlayers,747,T. Harris,IND,3.0,646.0,0.0,2026-07-03 03:42:49.776552+00:00
1910,2026-06-16,highestBoostedValuePlayers,4322756,M. Timpson,IND,3.0,120.0,1.1129788854248392,2026-07-03 03:42:49.776552+00:00
1910,2026-06-16,highestBoostedValuePlayers,4322794,M. Conde,TOR,2.6,102.0,2.4917286970136248,2026-07-03 03:42:49.776552+00:00
1910,2026-06-16,highestBoostedValuePlayers,4322852,L. Juškaitė,TOR,1.6,139.0,3.9928600545855937,2026-07-03 03:42:49.776552+00:00
1910,2026-06-16,highestBoostedValuePlayers,4322862,R. Johnson,IND,3.0,30.0,0.7369404079877507,2026-07-03 03:42:49.776552+00:00
1910,2026-06-16,highestBoostedValuePlayers,4322879,T. Key,TOR,3.0,102.0,0.1159408449055972,2026-07-03 03:42:49.776552+00:00
1910,2026-06-16,highestBoostedValuePlayers,4323147,T. Pouye,TOR,3.0,3.0,1.24696030026026,2026-07-03 03:42:49.776552+00:00
1915,2026-06-17,highestBoostedValuePlayers,184,G. Williams,GSV,0.7,28.0,4.355220707156387,2026-07-03 03:42:35.575589+00:00
1915,2026-06-17,highestBoostedValuePlayers,563,M. Caldwell,MIN,3.0,1.0,2.3687806225134485,2026-07-03 03:42:35.575589+00:00
1915,2026-06-17,highestBoostedValuePlayers,597,J. Young,LVA,0.3,191.0,5.747991007767491,2026-07-03 03:42:35.575589+00:00
1915,2026-06-17,highestBoostedValuePlayers,598,A. Wilson,LVA,0.0,4200.0,6.972216991828614,2026-07-03 03:42:35.575589+00:00
1915,2026-06-17,popularPlayers,602,C. Gray,LVA,0.5,1300.0,2.1740355633063806,2026-07-03 03:42:35.575589+00:00
1915,2026-06-17,highestBoostedValuePlayers,629,N. Smith,LVA,1.0,3.0,4.730057842248179,2026-07-03 03:42:35.575589+00:00
1915,2026-06-17,popularPlayers,637,S. Ionescu,NYL,1.5,2500.0,1.5709509175910596,2026-07-03 03:42:35.575589+00:00
1915,2026-06-17,popularPlayers,639,B. Stewart,NYL,0.2,2700.0,4.554085998901854,2026-07-03 03:42:35.575589+00:00
1915,2026-06-17,leaderboard_lineup,641,K. Thornton,UNK,1.4,,2.7198101785089945,2026-06-18 06:00:53.613668+00:00
1915,2026-06-17,popularPlayers,643,J. Jones,NYL,0.4,933.0,3.3232511754741854,2026-07-03 03:42:35.575589+00:00
1915,2026-06-17,leaderboard_lineup,647,L. Fiebich,UNK,2.6,,1.5609151875917482,2026-06-18 06:00:53.613668+00:00
1915,2026-06-17,popularPlayers,652,N. Hiedeman,SEA,0.7,1200.0,3.5231522494933594,2026-07-03 03:42:35.575589+00:00
1915,2026-06-17,popularPlayers,653,J. Shepard,DAL,0.2,1800.0,3.8428108214153216,2026-07-03 03:42:35.575589+00:00
1915,2026-06-17,popularPlayers,654,C. Williams,MIN,0.3,1100.0,2.1808655941963444,2026-07-03 03:42:35.575589+00:00
1915,2026-06-17,popularPlayers,660,K. McBride,MIN,0.7,1000.0,2.593393730880876,2026-07-03 03:42:35.575589+00:00
1915,2026-06-17,highestBoostedValuePlayers,663,B. Carleton,POR,1.0,7.0,5.035577233449544,2026-07-03 03:42:35.575589+00:00
1915,2026-06-17,popularPlayers,668,N. Mack,PHO,0.6,825.0,0.9515256704166666,2026-07-03 03:42:35.575589+00:00
1915,2026-06-17,highestBoostedValuePlayers,670,K. Copper,PHO,0.9,12.0,3.9191236288104,2026-07-03 03:42:35.575589+00:00
1915,2026-06-17,highestBoostedValuePlayers,700,M. Onyenwere,WAS,1.7,5.0,3.3666002235697454,2026-07-03 03:42:35.575589+00:00
1915,2026-06-17,popularPlayers,711,A. Stevens,CHI,1.6,793.0,0.28970097152570906,2026-07-03 03:42:35.575589+00:00
1915,2026-06-17,leaderboard_lineup,714,R. Burrell,UNK,1.6,,2.629953550482791,2026-06-18 06:00:53.613668+00:00
1915,2026-06-17,popularPlayers,718,D. Hamby,LAS,0.5,978.0,3.0602073610422784,2026-07-03 03:42:35.575589+00:00
1915,2026-06-17,highestBoostedValuePlayers,734,S. Diggins,CHI,0.6,6.0,5.11663896300655,2026-07-03 03:42:35.575589+00:00
1915,2026-06-17,popularPlayers,738,N. Ogwumike,LAS,0.4,1200.0,1.6680193436430581,2026-07-03 03:42:35.575589+00:00
1915,2026-06-17,popularPlayers,745,A. Thomas,PHO,0.2,1800.0,2.8062826490431174,2026-07-03 03:42:35.575589+00:00
1915,2026-06-17,highestBoostedValuePlayers,758,S. Sabally,NYL,2.4,1.0,3.1406943362320665,2026-07-03 03:42:35.575589+00:00
1915,2026-06-17,popularPlayers,759,V. Burton,GSV,0.4,1300.0,3.3357250594278467,2026-07-03 03:42:35.575589+00:00
1915,2026-06-17,popularPlayers,760,N. Howard,MIN,0.3,1400.0,3.1923549218256047,2026-07-03 03:42:35.575589+00:00
1915,2026-06-17,highestBoostedValuePlayers,762,C. Leite,POR,1.1,11.0,5.4339612608276155,2026-07-03 03:42:35.575589+00:00
1915,2026-06-17,highestBoostedValuePlayers,767,A. Ogunbowale,DAL,0.8,58.0,3.8592538116861137,2026-07-03 03:42:35.575589+00:00
1915,2026-06-17,popularPlayers,4322740,P. Bueckers,DAL,0.2,3500.0,3.39105945473065,2026-07-03 03:42:35.575589+00:00
1915,2026-06-17,highestBoostedValuePlayers,4322741,S. Citron,WAS,0.5,25.0,4.815801112477222,2026-07-03 03:42:35.575589+00:00
1915,2026-06-17,highestBoostedValuePlayers,4322742,D. Malonga,SEA,1.0,6.0,6.255959447713022,2026-07-03 03:42:35.575589+00:00
1915,2026-06-17,mostCommon3xPlayers,4322744,G. Amoore,WAS,3.0,49.0,1.1467067961611292,2026-07-03 03:42:35.575589+00:00
1915,2026-06-17,mostCommon3xPlayers,4322753,A. Kosu,MIN,3.0,35.0,0.18959297647882484,2026-07-03 03:42:35.575589+00:00
1915,2026-06-17,highestBoostedValuePlayers,4322793,K. Chen,GSV,2.9,3.0,2.7131966558576477,2026-07-03 03:42:35.575589+00:00
1915,2026-06-17,highestBoostedValuePlayers,4322854,O. Miles,MIN,0.2,410.0,6.627163474416508,2026-07-03 03:42:35.575589+00:00
1915,2026-06-17,highestBoostedValuePlayers,4322855,A. Fam,SEA,1.7,1.0,3.194503386069056,2026-07-03 03:42:35.575589+00:00
1915,2026-06-17,leaderboard_lineup,4322856,A. Fudd,UNK,0.9,,2.4966554333417483,2026-06-18 06:00:53.613668+00:00
1915,2026-06-17,highestBoostedValuePlayers,4322857,L. Betts,WAS,3.0,17.0,2.4957443823680605,2026-07-03 03:42:35.575589+00:00
1915,2026-06-17,highestBoostedValuePlayers,4322858,G. Jaquez,CHI,1.7,1.0,4.626306003337947,2026-07-03 03:42:35.575589+00:00
1915,2026-06-17,mostCommon3xPlayers,4322863,A. Dugalić,WAS,3.0,243.0,1.6156997569997957,2026-07-03 03:42:35.575589+00:00
1915,2026-06-17,mostCommon3xPlayers,4322864,C. McMahon,WAS,3.0,54.0,1.2396761811205146,2026-07-03 03:42:35.575589+00:00
1915,2026-06-17,highestBoostedValuePlayers,4322900,S. Taylor,CHI,1.3,1.0,4.7763044100202405,2026-07-03 03:42:35.575589+00:00
1918,2026-06-18,highestBoostedValuePlayers,605,A. Gray,ATL,0.5,386.0,3.2439977289949518,2026-07-03 03:42:27.527619+00:00
1918,2026-06-18,highestBoostedValuePlayers,606,J. Canada,ATL,0.6,166.0,3.9016122489600047,2026-07-03 03:42:27.527619+00:00
1918,2026-06-18,highestBoostedValuePlayers,616,R. Howard,ATL,0.1,1500.0,4.141702493611152,2026-07-03 03:42:27.527619+00:00
1918,2026-06-18,highestBoostedValuePlayers,617,N. Hillmon,ATL,1.6,120.0,3.2587549816323587,2026-07-03 03:42:27.527619+00:00
1918,2026-06-18,highestBoostedValuePlayers,618,I. Borlase,ATL,3.0,92.0,1.5077537569454407,2026-07-03 03:42:27.527619+00:00
1918,2026-06-18,highestBoostedValuePlayers,624,C. Clark,IND,0.2,2300.0,3.6068078441621116,2026-07-03 03:42:27.527619+00:00
1918,2026-06-18,highestBoostedValuePlayers,626,K. Mitchell,IND,0.5,473.0,4.175329889620646,2026-07-03 03:42:27.527619+00:00
1918,2026-06-18,highestBoostedValuePlayers,627,A. Boston,IND,0.3,756.0,3.9983415531098987,2026-07-03 03:42:27.527619+00:00
1918,2026-06-18,highestBoostedValuePlayers,631,L. Hull,IND,2.6,127.0,0.4221299304432042,2026-07-03 03:42:27.527619+00:00
1918,2026-06-18,highestBoostedValuePlayers,649,S. Koné,ATL,3.0,3.0,0.31909025616619635,2026-07-03 03:42:27.527619+00:00
1918,2026-06-18,highestBoostedValuePlayers,671,S. Cunningham,IND,1.5,326.0,2.1561312728978357,2026-07-03 03:42:27.527619+00:00
1918,2026-06-18,highestBoostedValuePlayers,689,M. Hines-Allen,IND,3.0,85.0,0.09,2026-07-03 03:42:27.527619+00:00
1918,2026-06-18,highestBoostedValuePlayers,701,A. Reese,ATL,0.4,976.0,3.2065558276016377,2026-07-03 03:42:27.527619+00:00
1918,2026-06-18,highestBoostedValuePlayers,712,M. Billings,IND,2.1,102.0,1.2977404205861398,2026-07-03 03:42:27.527619+00:00
1918,2026-06-18,highestBoostedValuePlayers,747,T. Harris,IND,3.0,83.0,0.7154361537732062,2026-07-03 03:42:27.527619+00:00
1918,2026-06-18,highestBoostedValuePlayers,4322755,T. Paopao,ATL,3.0,105.0,1.3992714174062866,2026-07-03 03:42:27.527619+00:00
1918,2026-06-18,highestBoostedValuePlayers,4322756,M. Timpson,IND,3.0,86.0,1.6969539342933841,2026-07-03 03:42:27.527619+00:00
1918,2026-06-18,highestBoostedValuePlayers,4322862,R. Johnson,IND,3.0,,-0.44414,2026-07-03 03:42:27.527619+00:00
1918,2026-06-18,highestBoostedValuePlayers,4322865,M. Okot,ATL,3.0,67.0,0.22811534680350692,2026-07-03 03:42:27.527619+00:00
1918,2026-06-18,popularPlayers,4322882,I. Nivar,ATL,3.0,429.0,0.0,2026-07-03 03:42:27.527619+00:00
1918,2026-06-18,highestBoostedValuePlayers,4322893,G. VanSlooten,IND,3.0,,0.0,2026-07-03 03:42:27.527619+00:00
1921,2026-06-19,popularPlayers,184,G. Williams,GSV,0.6,2100.0,2.447024494134452,2026-07-03 03:42:16.140232+00:00
1921,2026-06-19,popularPlayers,303,M. Johannes,NYL,1.1,913.0,1.8408916653161222,2026-07-03 03:42:16.140232+00:00
1921,2026-06-19,mostCommon3xPlayers,563,M. Caldwell,MIN,3.0,282.0,-0.05388000000000001,2026-07-03 03:42:16.140232+00:00
1921,2026-06-19,highestBoostedValuePlayers,609,N. Coffey,MIN,0.8,138.0,4.638760173766903,2026-07-03 03:42:16.140232+00:00
1921,2026-06-19,highestBoostedValuePlayers,628,T. Fágbénlé,TOR,3.0,106.0,4.941097962263208,2026-07-03 03:42:16.140232+00:00
1921,2026-06-19,highestBoostedValuePlayers,635,K. Burke,CON,2.1,7.0,3.672355535617293,2026-07-03 03:42:16.140232+00:00
1921,2026-06-19,popularPlayers,637,S. Ionescu,NYL,1.7,2700.0,1.1563965373995788,2026-07-03 03:42:16.140232+00:00
1921,2026-06-19,highestBoostedValuePlayers,639,B. Stewart,NYL,0.2,1500.0,4.353258387677078,2026-07-03 03:42:16.140232+00:00
1921,2026-06-19,popularPlayers,641,K. Thornton,GSV,1.3,1100.0,1.7823660306502427,2026-07-03 03:42:16.140232+00:00
1921,2026-06-19,popularPlayers,643,J. Jones,NYL,0.4,1400.0,2.2392250419372663,2026-07-03 03:42:16.140232+00:00
1921,2026-06-19,highestBoostedValuePlayers,647,L. Fiebich,NYL,2.5,4.0,3.3255998823858386,2026-07-03 03:42:16.140232+00:00
1921,2026-06-19,highestBoostedValuePlayers,654,C. Williams,MIN,0.3,298.0,4.882789451560115,2026-07-03 03:42:16.140232+00:00
1921,2026-06-19,highestBoostedValuePlayers,657,C. Zandalasini,GSV,2.9,19.0,4.01790881536442,2026-07-03 03:42:16.140232+00:00
1921,2026-06-19,popularPlayers,660,K. McBride,MIN,0.7,1400.0,2.950877936517899,2026-07-03 03:42:16.140232+00:00
1921,2026-06-19,highestBoostedValuePlayers,661,D. Miller,CON,2.7,5.0,1.7827565813917228,2026-07-03 03:42:16.140232+00:00
1921,2026-06-19,highestBoostedValuePlayers,664,B. Griner,CON,1.0,4.0,3.4708068403298156,2026-07-03 03:42:16.140232+00:00
1921,2026-06-19,highestBoostedValuePlayers,696,I. Harrison,TOR,0.8,7.0,3.2882946579660683,2026-07-03 03:42:16.140232+00:00
1921,2026-06-19,highestBoostedValuePlayers,697,M. Mabrey,TOR,0.5,381.0,6.3710501920131595,2026-07-03 03:42:16.140232+00:00
1921,2026-06-19,leaderboard_lineup,700,M. Onyenwere,UNK,1.4,,1.0887701836831207,2026-06-20 06:03:16.462906+00:00
1921,2026-06-19,highestBoostedValuePlayers,713,J. Allemand,TOR,1.8,5.0,2.154983704949154,2026-07-03 03:42:16.140232+00:00
1921,2026-06-19,mostCommon3xPlayers,725,K. Nurse,TOR,3.0,179.0,0.0,2026-07-03 03:42:16.140232+00:00
1921,2026-06-19,highestBoostedValuePlayers,744,L. Lacan,CON,1.0,23.0,2.6701276735405264,2026-07-03 03:42:16.140232+00:00
1921,2026-06-19,highestBoostedValuePlayers,749,O. Nelson-Ododa,CON,2.0,3.0,2.5084632408087773,2026-07-03 03:42:16.140232+00:00
1921,2026-06-19,popularPlayers,758,S. Sabally,NYL,2.0,731.0,1.71692846936623,2026-07-03 03:42:16.140232+00:00
1921,2026-06-19,popularPlayers,759,V. Burton,GSV,0.4,2000.0,2.1681608290803758,2026-07-03 03:42:16.140232+00:00
1921,2026-06-19,popularPlayers,760,N. Howard,MIN,0.3,2200.0,2.96755302403283,2026-07-03 03:42:16.140232+00:00
1921,2026-06-19,highestBoostedValuePlayers,4322741,S. Citron,WAS,0.4,321.0,4.588643915606569,2026-07-03 03:42:16.140232+00:00
1921,2026-06-19,highestBoostedValuePlayers,4322743,K. Iriafen,WAS,0.7,11.0,3.243821329507036,2026-07-03 03:42:16.140232+00:00
1921,2026-06-19,highestBoostedValuePlayers,4322744,G. Amoore,WAS,3.0,4.0,2.0298965658762596,2026-07-03 03:42:16.140232+00:00
1921,2026-06-19,highestBoostedValuePlayers,4322745,A. Morrow,CON,0.9,149.0,2.9250610332385523,2026-07-03 03:42:16.140232+00:00
1921,2026-06-19,mostCommon3xPlayers,4322753,A. Kosu,MIN,3.0,113.0,1.3691414155879629,2026-07-03 03:42:16.140232+00:00
1921,2026-06-19,highestBoostedValuePlayers,4322794,M. Conde,TOR,2.4,7.0,4.068892838043996,2026-07-03 03:42:16.140232+00:00
1921,2026-06-19,popularPlayers,4322797,J. Salaün,GSV,0.9,1100.0,2.530556401962655,2026-07-03 03:42:16.140232+00:00
1921,2026-06-19,leaderboard_lineup,4322852,L. Juškaitė,UNK,1.4,,2.1805260900040024,2026-06-20 06:03:16.462906+00:00
1921,2026-06-19,popularPlayers,4322854,O. Miles,MIN,0.1,4200.0,2.3094874646602648,2026-07-03 03:42:16.140232+00:00
1921,2026-06-19,highestBoostedValuePlayers,4322857,L. Betts,WAS,2.8,7.0,1.9553721923056313,2026-07-03 03:42:16.140232+00:00
1921,2026-06-19,mostCommon3xPlayers,4322863,A. Dugalić,WAS,3.0,546.0,0.24246861990077004,2026-07-03 03:42:16.140232+00:00
1921,2026-06-19,popularPlayers,4322905,P. Astier,NYL,0.8,873.0,0.29132672770555335,2026-07-03 03:42:16.140232+00:00
1925,2026-06-20,highestBoostedValuePlayers,41,V. Ayayi,PHO,3.0,1.0,3.2425340190912624,2026-07-03 03:42:04.509255+00:00
1925,2026-06-20,mostCommon3xPlayers,456,L. Held,PHO,3.0,143.0,1.3596459415492725,2026-07-03 03:42:04.509255+00:00
1925,2026-06-20,highestBoostedValuePlayers,605,A. Gray,ATL,0.4,157.0,3.831773002880979,2026-07-03 03:42:04.509255+00:00
1925,2026-06-20,highestBoostedValuePlayers,606,J. Canada,ATL,0.6,93.0,5.056212870974078,2026-07-03 03:42:04.509255+00:00
1925,2026-06-20,highestBoostedValuePlayers,616,R. Howard,ATL,0.1,707.0,4.170001048284751,2026-07-03 03:42:04.509255+00:00
1925,2026-06-20,highestBoostedValuePlayers,617,N. Hillmon,ATL,1.4,115.0,4.096659303721653,2026-07-03 03:42:04.509255+00:00
1925,2026-06-20,highestBoostedValuePlayers,623,K. Samuelson,SEA,3.0,1.0,1.8388272641439725,2026-07-03 03:42:04.509255+00:00
1925,2026-06-20,highestBoostedValuePlayers,624,C. Clark,IND,0.2,873.0,4.851472930158034,2026-07-03 03:42:04.509255+00:00
1925,2026-06-20,popularPlayers,626,K. Mitchell,IND,0.4,1200.0,2.886657799378346,2026-07-03 03:42:04.509255+00:00
1925,2026-06-20,popularPlayers,627,A. Boston,IND,0.3,1500.0,2.892872625108669,2026-07-03 03:42:04.509255+00:00
1925,2026-06-20,highestBoostedValuePlayers,652,N. Hiedeman,SEA,0.7,174.0,3.077336953338392,2026-07-03 03:42:04.509255+00:00
1925,2026-06-20,popularPlayers,653,J. Shepard,DAL,0.2,2600.0,2.9764874566610984,2026-07-03 03:42:04.509255+00:00
1925,2026-06-20,popularPlayers,668,N. Mack,PHO,0.7,755.0,2.161291752436257,2026-07-03 03:42:04.509255+00:00
1925,2026-06-20,highestBoostedValuePlayers,670,K. Copper,PHO,0.8,195.0,3.269581264929528,2026-07-03 03:42:04.509255+00:00
1925,2026-06-20,leaderboard_lineup,671,S. Cunningham,UNK,1.5,,1.5137042050947345,2026-06-21 06:00:49.427821+00:00
1925,2026-06-20,highestBoostedValuePlayers,677,N. Cloud,CHI,1.1,65.0,2.7560763038953557,2026-07-03 03:42:04.509255+00:00
1925,2026-06-20,highestBoostedValuePlayers,685,S. Dolson,SEA,3.0,3.0,1.4428013328020073,2026-07-03 03:42:04.509255+00:00
1925,2026-06-20,leaderboard_lineup,689,M. Hines-Allen,UNK,3.0,,0.9146106487009317,2026-06-21 06:00:49.427821+00:00
1925,2026-06-20,highestBoostedValuePlayers,701,A. Reese,ATL,0.4,413.0,3.1556738954598154,2026-07-03 03:42:04.509255+00:00
1925,2026-06-20,highestBoostedValuePlayers,705,K. Cardoso,CHI,0.7,164.0,4.333047399168785,2026-07-03 03:42:04.509255+00:00
1925,2026-06-20,mostCommon3xPlayers,709,Z. Cooke,SEA,3.0,39.0,1.3247234877497338,2026-07-03 03:42:04.509255+00:00
1925,2026-06-20,highestBoostedValuePlayers,711,A. Stevens,CHI,1.8,38.0,3.0203713481862544,2026-07-03 03:42:04.509255+00:00
1925,2026-06-20,highestBoostedValuePlayers,724,L. Yueru,DAL,3.0,1.0,1.5943228665044606,2026-07-03 03:42:04.509255+00:00
1925,2026-06-20,popularPlayers,734,S. Diggins,CHI,0.5,1600.0,2.776815770397141,2026-07-03 03:42:04.509255+00:00
1925,2026-06-20,mostCommon3xPlayers,741,R. Banham,CHI,3.0,106.0,0.0,2026-07-03 03:42:04.509255+00:00
1925,2026-06-20,popularPlayers,745,A. Thomas,PHO,0.3,2100.0,2.947341405039962,2026-07-03 03:42:04.509255+00:00
1925,2026-06-20,leaderboard_lineup,755,A. Kuier,UNK,2.2,,0.3191552206212929,2026-06-21 06:00:49.427821+00:00
1925,2026-06-20,popularPlayers,767,A. Ogunbowale,DAL,0.8,2000.0,1.7350641121910397,2026-07-03 03:42:04.509255+00:00
1925,2026-06-20,highestBoostedValuePlayers,4322740,P. Bueckers,DAL,0.2,1300.0,4.642925616713806,2026-07-03 03:42:04.509255+00:00
1925,2026-06-20,highestBoostedValuePlayers,4322755,T. Paopao,ATL,3.0,1.0,1.5065125104845447,2026-07-03 03:42:04.509255+00:00
1925,2026-06-20,mostCommon3xPlayers,4322756,M. Timpson,IND,3.0,123.0,0.3184326,2026-07-03 03:42:04.509255+00:00
1925,2026-06-20,popularPlayers,4322855,A. Fam,SEA,1.5,1200.0,2.0455822019755945,2026-07-03 03:42:04.509255+00:00
1925,2026-06-20,highestBoostedValuePlayers,4322856,A. Fudd,DAL,0.9,250.0,2.903560013411211,2026-07-03 03:42:04.509255+00:00
1925,2026-06-20,popularPlayers,4322859,F. Johnson,SEA,1.3,903.0,1.8273564757816754,2026-07-03 03:42:04.509255+00:00
1925,2026-06-20,highestBoostedValuePlayers,4322862,R. Johnson,IND,3.0,2.0,1.827181604104783,2026-07-03 03:42:04.509255+00:00
1925,2026-06-20,popularPlayers,4322900,S. Taylor,CHI,1.0,815.0,1.6539493874425224,2026-07-03 03:42:04.509255+00:00
1925,2026-06-20,highestBoostedValuePlayers,4322904,N. Brochant,PHO,3.0,2.0,4.5860970929732,2026-07-03 03:42:04.509255+00:00
1929,2026-06-21,popularPlayers,184,G. Williams,GSV,0.7,1300.0,1.3403765434107067,2026-07-03 03:41:53.278363+00:00
1929,2026-06-21,leaderboard_lineup,449,R. Gardner,UNK,2.8,,0.7415847148501545,2026-06-22 06:02:39.349383+00:00
1929,2026-06-21,mostCommon3xPlayers,553,H. Xu,NYL,3.0,135.0,0.17869,2026-07-03 03:41:53.278363+00:00
1929,2026-06-21,popularPlayers,596,K. Plum,LAS,0.0,2800.0,2.7287820515632406,2026-07-03 03:41:53.278363+00:00
1929,2026-06-21,highestBoostedValuePlayers,597,J. Young,LVA,0.2,166.0,4.88058088886195,2026-07-03 03:41:53.278363+00:00
1929,2026-06-21,highestBoostedValuePlayers,598,A. Wilson,LVA,0.0,3700.0,3.8733866009565756,2026-07-03 03:41:53.278363+00:00
1929,2026-06-21,highestBoostedValuePlayers,602,C. Gray,LVA,0.5,111.0,3.4945444352226454,2026-07-03 03:41:53.278363+00:00
1929,2026-06-21,highestBoostedValuePlayers,609,N. Coffey,MIN,0.7,119.0,3.267152178511516,2026-07-03 03:41:53.278363+00:00
1929,2026-06-21,highestBoostedValuePlayers,615,L. Amihere,GSV,2.7,1.0,1.8191285570917943,2026-07-03 03:41:53.278363+00:00
1929,2026-06-21,highestBoostedValuePlayers,622,E. Wheeler,LAS,1.8,29.0,3.605360328551713,2026-07-03 03:41:53.278363+00:00
1929,2026-06-21,popularPlayers,637,S. Ionescu,NYL,2.0,3200.0,0.8254230181443489,2026-07-03 03:41:53.278363+00:00
1929,2026-06-21,mostCommon3xPlayers,638,B. Laney-Hamilton,NYL,3.0,81.0,0.0,2026-07-03 03:41:53.278363+00:00
1929,2026-06-21,highestBoostedValuePlayers,639,B. Stewart,NYL,0.2,562.0,3.684883595453701,2026-07-03 03:41:53.278363+00:00
1929,2026-06-21,highestBoostedValuePlayers,643,J. Jones,NYL,0.4,177.0,4.960313260828866,2026-07-03 03:41:53.278363+00:00
1929,2026-06-21,popularPlayers,647,L. Fiebich,NYL,2.0,878.0,1.5966286100892337,2026-07-03 03:41:53.278363+00:00
1929,2026-06-21,popularPlayers,654,C. Williams,MIN,0.3,1300.0,2.7686469011050727,2026-07-03 03:41:53.278363+00:00
1929,2026-06-21,highestBoostedValuePlayers,657,C. Zandalasini,GSV,2.3,7.0,1.9022718572682582,2026-07-03 03:41:53.278363+00:00
1929,2026-06-21,popularPlayers,660,K. McBride,MIN,0.7,997.0,1.8951738047468996,2026-07-03 03:41:53.278363+00:00
1929,2026-06-21,highestBoostedValuePlayers,682,A. Atkins,LAS,1.7,41.0,2.410542456259825,2026-07-03 03:41:53.278363+00:00
1929,2026-06-21,leaderboard_lineup,691,S. Austin,UNK,0.7,,2.4303228813616324,2026-06-22 06:02:39.349383+00:00
1929,2026-06-21,highestBoostedValuePlayers,714,R. Burrell,LAS,1.5,45.0,2.6622219980129294,2026-07-03 03:41:53.278363+00:00
1929,2026-06-21,popularPlayers,718,D. Hamby,LAS,0.5,1100.0,2.6930935958269253,2026-07-03 03:41:53.278363+00:00
1929,2026-06-21,highestBoostedValuePlayers,726,J. Loyd,LVA,2.1,2.0,2.2303986092556105,2026-07-03 03:41:53.278363+00:00
1929,2026-06-21,mostCommon3xPlayers,733,K. Williams,LAS,3.0,67.0,0.4408923788513968,2026-07-03 03:41:53.278363+00:00
1929,2026-06-21,highestBoostedValuePlayers,738,N. Ogwumike,LAS,0.5,141.0,5.568460436660918,2026-07-03 03:41:53.278363+00:00
1929,2026-06-21,highestBoostedValuePlayers,758,S. Sabally,NYL,2.0,37.0,3.044862329239621,2026-07-03 03:41:53.278363+00:00
1929,2026-06-21,popularPlayers,759,V. Burton,GSV,0.4,993.0,0.8596017209942006,2026-07-03 03:41:53.278363+00:00
1929,2026-06-21,highestBoostedValuePlayers,760,N. Howard,MIN,0.3,175.0,3.5539697055845365,2026-07-03 03:41:53.278363+00:00
1929,2026-06-21,highestBoostedValuePlayers,4322741,S. Citron,WAS,0.4,206.0,3.4824860088730567,2026-07-03 03:41:53.278363+00:00
1929,2026-06-21,leaderboard_lineup,4322743,K. Iriafen,UNK,0.7,,2.6518911934433054,2026-06-22 06:02:39.349383+00:00
1929,2026-06-21,highestBoostedValuePlayers,4322744,G. Amoore,WAS,3.0,4.0,1.5795247780165935,2026-07-03 03:41:53.278363+00:00
1929,2026-06-21,mostCommon3xPlayers,4322753,A. Kosu,MIN,3.0,73.0,0.11668,2026-07-03 03:41:53.278363+00:00
1929,2026-06-21,leaderboard_lineup,4322797,J. Salaün,UNK,0.9,,0.3875604256903075,2026-06-22 06:02:39.349383+00:00
1929,2026-06-21,highestBoostedValuePlayers,4322854,O. Miles,MIN,0.1,543.0,3.998425913881239,2026-07-03 03:41:53.278363+00:00
1929,2026-06-21,highestBoostedValuePlayers,4322864,C. McMahon,WAS,3.0,4.0,3.3174105688005984,2026-07-03 03:41:53.278363+00:00
1929,2026-06-21,highestBoostedValuePlayers,4322905,P. Astier,NYL,0.9,121.0,3.3297483928547624,2026-07-03 03:41:53.278363+00:00
1934,2026-06-22,mostCommon3xPlayers,41,V. Ayayi,PHO,3.0,170.0,1.492739728103299,2026-07-03 03:41:41.528223+00:00
1934,2026-06-22,mostCommon3xPlayers,456,L. Held,PHO,3.0,544.0,1.322614583919899,2026-07-03 03:41:41.528223+00:00
1934,2026-06-22,popularPlayers,605,A. Gray,ATL,0.4,1400.0,3.498004241331496,2026-07-03 03:41:41.528223+00:00
1934,2026-06-22,highestBoostedValuePlayers,606,J. Canada,ATL,0.5,183.0,4.384377102423324,2026-07-03 03:41:41.528223+00:00
1934,2026-06-22,popularPlayers,616,R. Howard,ATL,0.1,2000.0,3.3958401331299064,2026-07-03 03:41:41.528223+00:00
1934,2026-06-22,leaderboard_lineup,623,K. Samuelson,UNK,3.0,,1.1665651306074143,2026-06-23 06:00:16.336789+00:00
1934,2026-06-22,highestBoostedValuePlayers,624,C. Clark,IND,0.2,1600.0,4.420001274475498,2026-07-03 03:41:41.528223+00:00
1934,2026-06-22,popularPlayers,626,K. Mitchell,IND,0.5,1700.0,2.721975940949928,2026-07-03 03:41:41.528223+00:00
1934,2026-06-22,popularPlayers,627,A. Boston,IND,0.3,2000.0,1.792201662616917,2026-07-03 03:41:41.528223+00:00
1934,2026-06-22,highestBoostedValuePlayers,652,N. Hiedeman,SEA,0.7,173.0,4.833773032316054,2026-07-03 03:41:41.528223+00:00
1934,2026-06-22,highestBoostedValuePlayers,653,J. Shepard,DAL,0.2,371.0,4.188111925155331,2026-07-03 03:41:41.528223+00:00
1934,2026-06-22,highestBoostedValuePlayers,664,B. Griner,CON,0.9,5.0,3.2131078768102275,2026-07-03 03:41:41.528223+00:00
1934,2026-06-22,leaderboard_lineup,665,S. Sutton,UNK,1.8,,0.7916814724722256,2026-06-23 06:00:16.336789+00:00
1934,2026-06-22,popularPlayers,670,K. Copper,PHO,0.8,1600.0,2.4580014088568762,2026-07-03 03:41:41.528223+00:00
1934,2026-06-22,highestBoostedValuePlayers,683,A. Edwards,CON,1.9,1.0,2.4718444619097304,2026-07-03 03:41:41.528223+00:00
1934,2026-06-22,mostCommon3xPlayers,685,S. Dolson,SEA,3.0,105.0,0.09,2026-07-03 03:41:41.528223+00:00
1934,2026-06-22,highestBoostedValuePlayers,696,I. Harrison,TOR,0.7,6.0,3.391097182979025,2026-07-03 03:41:41.528223+00:00
1934,2026-06-22,popularPlayers,697,M. Mabrey,TOR,0.4,1900.0,3.0188632293893005,2026-07-03 03:41:41.528223+00:00
1934,2026-06-22,popularPlayers,701,A. Reese,ATL,0.4,3200.0,1.7954362567103255,2026-07-03 03:41:41.528223+00:00
1934,2026-06-22,popularPlayers,705,K. Cardoso,CHI,0.6,1000.0,3.2014062377718475,2026-07-03 03:41:41.528223+00:00
1934,2026-06-22,highestBoostedValuePlayers,709,Z. Cooke,SEA,3.0,9.0,2.555256657282246,2026-07-03 03:41:41.528223+00:00
1934,2026-06-22,popularPlayers,711,A. Stevens,CHI,1.6,1200.0,1.5559071997477805,2026-07-03 03:41:41.528223+00:00
1934,2026-06-22,highestBoostedValuePlayers,712,M. Billings,IND,2.2,8.0,3.3903076803399412,2026-07-03 03:41:41.528223+00:00
1934,2026-06-22,highestBoostedValuePlayers,724,L. Yueru,DAL,3.0,2.0,2.4138693252997565,2026-07-03 03:41:41.528223+00:00
1934,2026-06-22,mostCommon3xPlayers,731,M. Holmes,SEA,3.0,73.0,0.0,2026-07-03 03:41:41.528223+00:00
1934,2026-06-22,popularPlayers,734,S. Diggins,CHI,0.5,1000.0,1.3771607457880692,2026-07-03 03:41:41.528223+00:00
1934,2026-06-22,highestBoostedValuePlayers,745,A. Thomas,PHO,0.3,357.0,4.185618396640155,2026-07-03 03:41:41.528223+00:00
1934,2026-06-22,highestBoostedValuePlayers,749,O. Nelson-Ododa,CON,1.9,2.0,3.4940831313890617,2026-07-03 03:41:41.528223+00:00
1934,2026-06-22,leaderboard_lineup,755,A. Kuier,UNK,2.4,,0.8723431148244241,2026-06-23 06:00:16.336789+00:00
1934,2026-06-22,leaderboard_lineup,765,M. Siegrist,UNK,2.3,,1.2309447433269851,2026-06-23 06:00:16.336789+00:00
1934,2026-06-22,popularPlayers,767,A. Ogunbowale,DAL,0.8,1500.0,0.9639949890328783,2026-07-03 03:41:41.528223+00:00
1934,2026-06-22,highestBoostedValuePlayers,4322740,P. Bueckers,DAL,0.2,1400.0,5.128117941398883,2026-07-03 03:41:41.528223+00:00
1934,2026-06-22,highestBoostedValuePlayers,4322742,D. Malonga,SEA,0.7,35.0,5.920942856016845,2026-07-03 03:41:41.528223+00:00
1934,2026-06-22,highestBoostedValuePlayers,4322750,A. James,DAL,2.1,17.0,4.936349172810398,2026-07-03 03:41:41.528223+00:00
1934,2026-06-22,popularPlayers,4322794,M. Conde,TOR,2.0,1300.0,0.9579186845694515,2026-07-03 03:41:41.528223+00:00
1934,2026-06-22,highestBoostedValuePlayers,4322855,A. Fam,SEA,1.5,260.0,4.446174135560404,2026-07-03 03:41:41.528223+00:00
1934,2026-06-22,highestBoostedValuePlayers,4322856,A. Fudd,DAL,0.9,272.0,5.697413777181503,2026-07-03 03:41:41.528223+00:00
1934,2026-06-22,highestBoostedValuePlayers,4322859,F. Johnson,SEA,1.3,50.0,3.589066492006588,2026-07-03 03:41:41.528223+00:00
1934,2026-06-22,highestBoostedValuePlayers,4322865,M. Okot,ATL,3.0,1.0,3.383861163632308,2026-07-03 03:41:41.528223+00:00
1934,2026-06-22,highestBoostedValuePlayers,4322872,C. Leger-Walker,CON,3.0,8.0,2.3924799173153017,2026-07-03 03:41:41.528223+00:00
1934,2026-06-22,popularPlayers,4322904,N. Brochant,PHO,2.7,940.0,1.8455436959367384,2026-07-03 03:41:41.528223+00:00
1936,2026-06-23,highestBoostedValuePlayers,303,M. Johannes,NYL,1.2,119.0,1.4892238529690052,2026-07-03 03:41:33.615738+00:00
1936,2026-06-23,highestBoostedValuePlayers,449,R. Gardner,NYL,3.0,,0.0,2026-07-03 03:41:33.615738+00:00
1936,2026-06-23,highestBoostedValuePlayers,553,H. Xu,NYL,3.0,87.0,1.8383267806154493,2026-07-03 03:41:33.615738+00:00
1936,2026-06-23,highestBoostedValuePlayers,594,K. Bell,LVA,3.0,84.0,0.8325792955299117,2026-07-03 03:41:33.615738+00:00
1936,2026-06-23,highestBoostedValuePlayers,597,J. Young,LVA,0.2,332.0,3.8256464378867188,2026-07-03 03:41:33.615738+00:00
1936,2026-06-23,highestBoostedValuePlayers,598,A. Wilson,LVA,0.0,5600.0,3.416323897258968,2026-07-03 03:41:33.615738+00:00
1936,2026-06-23,highestBoostedValuePlayers,602,C. Gray,LVA,0.5,247.0,3.11761242830943,2026-07-03 03:41:33.615738+00:00
1936,2026-06-23,highestBoostedValuePlayers,608,C. Parker-Tyus,LVA,3.0,66.0,2.7615002462318,2026-07-03 03:41:33.615738+00:00
1936,2026-06-23,highestBoostedValuePlayers,629,N. Smith,LVA,0.9,150.0,1.4848382691559705,2026-07-03 03:41:33.615738+00:00
1936,2026-06-23,highestBoostedValuePlayers,637,S. Ionescu,NYL,2.3,306.0,3.7183266374936066,2026-07-03 03:41:33.615738+00:00
1936,2026-06-23,highestBoostedValuePlayers,638,B. Laney-Hamilton,NYL,3.0,86.0,0.1749851746671292,2026-07-03 03:41:33.615738+00:00
1936,2026-06-23,highestBoostedValuePlayers,639,B. Stewart,NYL,0.2,477.0,4.020451525914865,2026-07-03 03:41:33.615738+00:00
1936,2026-06-23,highestBoostedValuePlayers,643,J. Jones,NYL,0.4,228.0,2.651179603405929,2026-07-03 03:41:33.615738+00:00
1936,2026-06-23,highestBoostedValuePlayers,647,L. Fiebich,NYL,2.0,97.0,2.2164556646238864,2026-07-03 03:41:33.615738+00:00
1936,2026-06-23,highestBoostedValuePlayers,699,B. Turner,LVA,3.0,,0.0,2026-07-03 03:41:33.615738+00:00
1936,2026-06-23,highestBoostedValuePlayers,703,C. Carter,LVA,0.7,,0.0,2026-07-03 03:41:33.615738+00:00
1936,2026-06-23,highestBoostedValuePlayers,719,S. Talbot,LVA,2.8,83.0,0.5857165585579865,2026-07-03 03:41:33.615738+00:00
1936,2026-06-23,highestBoostedValuePlayers,726,J. Loyd,LVA,2.0,123.0,0.6260441942742684,2026-07-03 03:41:33.615738+00:00
1936,2026-06-23,highestBoostedValuePlayers,758,S. Sabally,NYL,1.8,173.0,0.6307389135398425,2026-07-03 03:41:33.615738+00:00
1936,2026-06-23,highestBoostedValuePlayers,4322905,P. Astier,NYL,0.9,154.0,1.6033175452702355,2026-07-03 03:41:33.615738+00:00
1939,2026-06-24,highestBoostedValuePlayers,41,V. Ayayi,PHO,3.0,2.0,3.253604215591155,2026-07-03 03:41:24.114253+00:00
1939,2026-06-24,highestBoostedValuePlayers,184,G. Williams,GSV,0.7,206.0,5.30280047101166,2026-07-03 03:41:24.114253+00:00
1939,2026-06-24,mostCommon3xPlayers,456,L. Held,PHO,3.0,801.0,1.4241251296866404,2026-07-03 03:41:24.114253+00:00
1939,2026-06-24,highestBoostedValuePlayers,599,M. Gustafson,POR,1.5,13.0,3.506693745278897,2026-07-03 03:41:24.114253+00:00
1939,2026-06-24,popularPlayers,605,A. Gray,ATL,0.4,1700.0,0.9903458605208009,2026-07-03 03:41:24.114253+00:00
1939,2026-06-24,popularPlayers,606,J. Canada,ATL,0.5,1500.0,1.578357745529942,2026-07-03 03:41:24.114253+00:00
1939,2026-06-24,popularPlayers,609,N. Coffey,MIN,0.7,1000.0,2.6960785532521885,2026-07-03 03:41:24.114253+00:00
1939,2026-06-24,popularPlayers,616,R. Howard,ATL,0.1,2100.0,2.277416992508896,2026-07-03 03:41:24.114253+00:00
1939,2026-06-24,popularPlayers,624,C. Clark,IND,0.2,2900.0,3.112710736566721,2026-07-03 03:41:24.114253+00:00
1939,2026-06-24,highestBoostedValuePlayers,626,K. Mitchell,IND,0.5,218.0,5.727537463848906,2026-07-03 03:41:24.114253+00:00
1939,2026-06-24,highestBoostedValuePlayers,627,A. Boston,IND,0.3,271.0,4.405985953475181,2026-07-03 03:41:24.114253+00:00
1939,2026-06-24,highestBoostedValuePlayers,641,K. Thornton,GSV,1.4,24.0,2.662277759703167,2026-07-03 03:41:24.114253+00:00
1939,2026-06-24,popularPlayers,654,C. Williams,MIN,0.3,1100.0,1.3546717146102067,2026-07-03 03:41:24.114253+00:00
1939,2026-06-24,highestBoostedValuePlayers,657,C. Zandalasini,GSV,2.2,36.0,2.360827915139558,2026-07-03 03:41:24.114253+00:00
1939,2026-06-24,highestBoostedValuePlayers,670,K. Copper,PHO,0.8,151.0,4.170712282839484,2026-07-03 03:41:24.114253+00:00
1939,2026-06-24,popularPlayers,701,A. Reese,ATL,0.4,2800.0,3.0705031045476736,2026-07-03 03:41:24.114253+00:00
1939,2026-06-24,highestBoostedValuePlayers,705,K. Cardoso,CHI,0.6,153.0,3.3568400127282176,2026-07-03 03:41:24.114253+00:00
1939,2026-06-24,highestBoostedValuePlayers,711,A. Stevens,CHI,1.7,333.0,3.0122929748087373,2026-07-03 03:41:24.114253+00:00
1939,2026-06-24,popularPlayers,734,S. Diggins,CHI,0.6,946.0,2.714226111702586,2026-07-03 03:41:24.114253+00:00
1939,2026-06-24,highestBoostedValuePlayers,745,A. Thomas,PHO,0.3,329.0,4.850487660994465,2026-07-03 03:41:24.114253+00:00
1939,2026-06-24,highestBoostedValuePlayers,750,D. Bonner,PHO,1.5,3.0,3.071119662921802,2026-07-03 03:41:24.114253+00:00
1939,2026-06-24,highestBoostedValuePlayers,757,J. Sheldon,CHI,2.6,2.0,3.0724752417142516,2026-07-03 03:41:24.114253+00:00
1939,2026-06-24,popularPlayers,759,V. Burton,GSV,0.5,1300.0,2.8615885665227556,2026-07-03 03:41:24.114253+00:00
1939,2026-06-24,highestBoostedValuePlayers,760,N. Howard,MIN,0.3,214.0,4.574801409796508,2026-07-03 03:41:24.114253+00:00
1939,2026-06-24,highestBoostedValuePlayers,4322741,S. Citron,WAS,0.4,259.0,5.537431524869713,2026-07-03 03:41:24.114253+00:00
1939,2026-06-24,highestBoostedValuePlayers,4322743,K. Iriafen,WAS,0.7,16.0,3.3556362315690236,2026-07-03 03:41:24.114253+00:00
1939,2026-06-24,mostCommon3xPlayers,4322744,G. Amoore,WAS,3.0,667.0,0.5218201993632717,2026-07-03 03:41:24.114253+00:00
1939,2026-06-24,highestBoostedValuePlayers,4322748,S. Barker,POR,1.5,15.0,2.6802389977913195,2026-07-03 03:41:24.114253+00:00
1939,2026-06-24,mostCommon3xPlayers,4322755,T. Paopao,ATL,3.0,84.0,0.387138638943646,2026-07-03 03:41:24.114253+00:00
1939,2026-06-24,popularPlayers,4322854,O. Miles,MIN,0.1,3000.0,3.786159217446583,2026-07-03 03:41:24.114253+00:00
1939,2026-06-24,highestBoostedValuePlayers,4322862,R. Johnson,IND,3.0,4.0,2.2997260230236214,2026-07-03 03:41:24.114253+00:00
1939,2026-06-24,leaderboard_lineup,4322864,C. McMahon,UNK,2.5,,1.099355156107708,2026-06-25 06:02:29.986624+00:00
1939,2026-06-24,highestBoostedValuePlayers,4322865,M. Okot,ATL,3.0,11.0,2.9214287722487184,2026-07-03 03:41:24.114253+00:00
1939,2026-06-24,leaderboard_lineup,4322900,S. Taylor,UNK,1.2,,2.6151431383951778,2026-06-25 06:02:29.986624+00:00
1939,2026-06-24,highestBoostedValuePlayers,4322904,N. Brochant,PHO,2.6,5.0,4.170107308550096,2026-07-03 03:41:24.114253+00:00
1943,2026-06-25,mostCommon3xPlayers,216,R. Carrera,NYL,3.0,158.0,1.3857690005615664,2026-07-03 03:41:12.097473+00:00
1943,2026-06-25,highestBoostedValuePlayers,449,R. Gardner,NYL,3.0,1.0,1.9454278668148695,2026-07-03 03:41:12.097473+00:00
1943,2026-06-25,highestBoostedValuePlayers,553,H. Xu,NYL,3.0,13.0,1.9208648293685564,2026-07-03 03:41:12.097473+00:00
1943,2026-06-25,highestBoostedValuePlayers,597,J. Young,LVA,0.2,250.0,3.96750981616175,2026-07-03 03:41:12.097473+00:00
1943,2026-06-25,highestBoostedValuePlayers,598,A. Wilson,LVA,0.0,3800.0,4.612930072932711,2026-07-03 03:41:12.097473+00:00
1943,2026-06-25,popularPlayers,602,C. Gray,LVA,0.5,1500.0,2.512032343656433,2026-07-03 03:41:12.097473+00:00
1943,2026-06-25,highestBoostedValuePlayers,608,C. Parker-Tyus,LVA,3.0,10.0,2.4969729549628186,2026-07-03 03:41:12.097473+00:00
1943,2026-06-25,popularPlayers,629,N. Smith,LVA,0.9,837.0,1.7897745633826283,2026-07-03 03:41:12.097473+00:00
1943,2026-06-25,leaderboard_lineup,636,N. Sabally,UNK,0.6,,1.2207249264606037,2026-06-26 06:01:54.785912+00:00
1943,2026-06-25,highestBoostedValuePlayers,637,S. Ionescu,NYL,1.6,531.0,2.4238570641488866,2026-07-03 03:41:12.097473+00:00
1943,2026-06-25,mostCommon3xPlayers,638,B. Laney-Hamilton,NYL,3.0,60.0,0.1361520986850443,2026-07-03 03:41:12.097473+00:00
1943,2026-06-25,popularPlayers,639,B. Stewart,NYL,0.2,1900.0,0.0,2026-07-03 03:41:12.097473+00:00
1943,2026-06-25,highestBoostedValuePlayers,643,J. Jones,NYL,0.4,185.0,4.841768651447971,2026-07-03 03:41:12.097473+00:00
1943,2026-06-25,highestBoostedValuePlayers,647,L. Fiebich,NYL,1.9,8.0,3.205031267807306,2026-07-03 03:41:12.097473+00:00
1943,2026-06-25,popularPlayers,652,N. Hiedeman,SEA,0.6,1500.0,1.961217510541604,2026-07-03 03:41:12.097473+00:00
1943,2026-06-25,highestBoostedValuePlayers,653,J. Shepard,DAL,0.2,258.0,4.1744806216834585,2026-07-03 03:41:12.097473+00:00
1943,2026-06-25,mostCommon3xPlayers,685,S. Dolson,SEA,3.0,33.0,0.03902999999999995,2026-07-03 03:41:12.097473+00:00
1943,2026-06-25,leaderboard_lineup,696,I. Harrison,UNK,0.7,,2.3350552098173565,2026-06-26 06:01:54.785912+00:00
1943,2026-06-25,highestBoostedValuePlayers,697,M. Mabrey,TOR,0.4,223.0,11.242367772213782,2026-07-03 03:41:12.097473+00:00
1943,2026-06-25,highestBoostedValuePlayers,713,J. Allemand,TOR,1.8,1.0,6.83923390556011,2026-07-03 03:41:12.097473+00:00
1943,2026-06-25,highestBoostedValuePlayers,714,R. Burrell,LAS,1.5,24.0,2.629532797006116,2026-07-03 03:41:12.097473+00:00
1943,2026-06-25,highestBoostedValuePlayers,718,D. Hamby,LAS,0.5,151.0,3.6223045263191906,2026-07-03 03:41:12.097473+00:00
1943,2026-06-25,leaderboard_lineup,726,J. Loyd,UNK,2.2,,1.4476445787447259,2026-06-26 06:01:54.785912+00:00
1943,2026-06-25,highestBoostedValuePlayers,729,J. Melbourne,SEA,1.8,18.0,3.9711743693232657,2026-07-03 03:41:12.097473+00:00
1943,2026-06-25,highestBoostedValuePlayers,738,N. Ogwumike,LAS,0.4,166.0,3.7085895129139503,2026-07-03 03:41:12.097473+00:00
1943,2026-06-25,popularPlayers,767,A. Ogunbowale,DAL,0.9,1200.0,0.5488242700882507,2026-07-03 03:41:12.097473+00:00
1943,2026-06-25,highestBoostedValuePlayers,4322740,P. Bueckers,DAL,0.1,736.0,4.407961338135335,2026-07-03 03:41:12.097473+00:00
1943,2026-06-25,highestBoostedValuePlayers,4322742,D. Malonga,SEA,0.5,95.0,4.1485685820650025,2026-07-03 03:41:12.097473+00:00
1943,2026-06-25,popularPlayers,4322794,M. Conde,TOR,2.1,916.0,2.1036421178767375,2026-07-03 03:41:12.097473+00:00
1943,2026-06-25,highestBoostedValuePlayers,4322852,L. Juškaitė,TOR,1.4,4.0,3.4638584816193463,2026-07-03 03:41:12.097473+00:00
1943,2026-06-25,highestBoostedValuePlayers,4322855,A. Fam,SEA,1.3,199.0,2.912570785536592,2026-07-03 03:41:12.097473+00:00
1943,2026-06-25,popularPlayers,4322856,A. Fudd,DAL,0.7,1900.0,1.3384288814921532,2026-07-03 03:41:12.097473+00:00
1943,2026-06-25,highestBoostedValuePlayers,4322859,F. Johnson,SEA,1.2,124.0,5.311257183635738,2026-07-03 03:41:12.097473+00:00
1943,2026-06-25,popularPlayers,4322905,P. Astier,NYL,0.9,904.0,1.7907663250702144,2026-07-03 03:41:12.097473+00:00
1947,2026-06-26,highestBoostedValuePlayers,184,G. Williams,GSV,0.6,374.0,2.8856230284456683,2026-07-03 03:40:57.507940+00:00
1947,2026-06-26,popularPlayers,599,M. Gustafson,POR,1.4,1400.0,2.0393973514280237,2026-07-03 03:40:57.507940+00:00
1947,2026-06-26,highestBoostedValuePlayers,603,K. Stokes,GSV,2.2,17.0,3.1555575408717584,2026-07-03 03:40:57.507940+00:00
1947,2026-06-26,popularPlayers,605,A. Gray,ATL,0.5,1900.0,2.476423227267879,2026-07-03 03:40:57.507940+00:00
1947,2026-06-26,highestBoostedValuePlayers,606,J. Canada,ATL,0.5,287.0,4.363155202009797,2026-07-03 03:40:57.507940+00:00
1947,2026-06-26,popularPlayers,616,R. Howard,ATL,0.2,2700.0,2.2770652675626915,2026-07-03 03:40:57.507940+00:00
1947,2026-06-26,popularPlayers,617,N. Hillmon,ATL,1.5,996.0,0.4154938263264117,2026-07-03 03:40:57.507940+00:00
1947,2026-06-26,mostCommon3xPlayers,618,I. Borlase,ATL,3.0,101.0,0.5674392274903372,2026-07-03 03:40:57.507940+00:00
1947,2026-06-26,highestBoostedValuePlayers,635,K. Burke,CON,1.8,8.0,2.4327986108838644,2026-07-03 03:40:57.507940+00:00
1947,2026-06-26,popularPlayers,641,K. Thornton,GSV,1.4,954.0,0.18,2026-07-03 03:40:57.507940+00:00
1947,2026-06-26,mostCommon3xPlayers,649,S. Koné,ATL,3.0,79.0,0.0,2026-07-03 03:40:57.507940+00:00
1947,2026-06-26,leaderboard_lineup,657,C. Zandalasini,UNK,2.1,,0.7262962895934695,2026-06-27 06:02:44.241298+00:00
1947,2026-06-26,leaderboard_lineup,661,D. Miller,UNK,2.6,,0.9302486102531863,2026-06-27 06:02:44.241298+00:00
1947,2026-06-26,highestBoostedValuePlayers,663,B. Carleton,POR,0.9,150.0,2.67640375784142,2026-07-03 03:40:57.507940+00:00
1947,2026-06-26,leaderboard_lineup,664,B. Griner,UNK,0.8,,1.7809161505936466,2026-06-27 06:02:44.241298+00:00
1947,2026-06-26,leaderboard_lineup,677,N. Cloud,UNK,1.2,,1.8292383816512032,2026-06-27 06:02:44.241298+00:00
1947,2026-06-26,popularPlayers,691,S. Austin,WAS,0.7,1100.0,0.7388499653204629,2026-07-03 03:40:57.507940+00:00
1947,2026-06-26,highestBoostedValuePlayers,701,A. Reese,ATL,0.5,1400.0,4.039634434788553,2026-07-03 03:40:57.507940+00:00
1947,2026-06-26,highestBoostedValuePlayers,705,K. Cardoso,CHI,0.6,215.0,7.02973781412159,2026-07-03 03:40:57.507940+00:00
1947,2026-06-26,highestBoostedValuePlayers,708,E. Williams,CHI,2.4,1.0,2.4560868149176374,2026-07-03 03:40:57.507940+00:00
1947,2026-06-26,highestBoostedValuePlayers,711,A. Stevens,CHI,1.5,215.0,3.7076760190943188,2026-07-03 03:40:57.507940+00:00
1947,2026-06-26,highestBoostedValuePlayers,734,S. Diggins,CHI,0.6,213.0,3.7466830377998206,2026-07-03 03:40:57.507940+00:00
1947,2026-06-26,highestBoostedValuePlayers,744,L. Lacan,CON,0.9,38.0,2.81399100125811,2026-07-03 03:40:57.507940+00:00
1947,2026-06-26,highestBoostedValuePlayers,749,O. Nelson-Ododa,CON,1.7,14.0,3.837321358945217,2026-07-03 03:40:57.507940+00:00
1947,2026-06-26,highestBoostedValuePlayers,757,J. Sheldon,CHI,2.4,3.0,2.2379326881956025,2026-07-03 03:40:57.507940+00:00
1947,2026-06-26,popularPlayers,759,V. Burton,GSV,0.5,1900.0,2.1483112672354543,2026-07-03 03:40:57.507940+00:00
1947,2026-06-26,popularPlayers,762,C. Leite,POR,0.9,975.0,2.0409439894383317,2026-07-03 03:40:57.507940+00:00
1947,2026-06-26,highestBoostedValuePlayers,366584,T. Hayes,GSV,2.3,20.0,1.7464021592166434,2026-07-03 03:40:57.507940+00:00
1947,2026-06-26,popularPlayers,4322741,S. Citron,WAS,0.3,3100.0,2.3934839623326667,2026-07-03 03:40:57.507940+00:00
1947,2026-06-26,popularPlayers,4322743,K. Iriafen,WAS,0.6,1400.0,2.5397359603763796,2026-07-03 03:40:57.507940+00:00
1947,2026-06-26,highestBoostedValuePlayers,4322744,G. Amoore,WAS,3.0,6.0,1.9406460133204297,2026-07-03 03:40:57.507940+00:00
1947,2026-06-26,highestBoostedValuePlayers,4322748,S. Barker,POR,1.5,113.0,2.7024523097875557,2026-07-03 03:40:57.507940+00:00
1947,2026-06-26,mostCommon3xPlayers,4322755,T. Paopao,ATL,3.0,127.0,0.5444480876894913,2026-07-03 03:40:57.507940+00:00
1947,2026-06-26,popularPlayers,4322797,J. Salaün,GSV,1.1,931.0,1.8560692555705427,2026-07-03 03:40:57.507940+00:00
1947,2026-06-26,highestBoostedValuePlayers,4322857,L. Betts,WAS,2.9,7.0,1.4473025144551779,2026-07-03 03:40:57.507940+00:00
1947,2026-06-26,leaderboard_lineup,4322858,G. Jaquez,UNK,1.5,,0.6888004312555708,2026-06-27 06:02:44.241298+00:00
1947,2026-06-26,mostCommon3xPlayers,4322865,M. Okot,ATL,3.0,627.0,1.1838513832124533,2026-07-03 03:40:57.507940+00:00
1947,2026-06-26,highestBoostedValuePlayers,4322872,C. Leger-Walker,CON,2.8,6.0,2.9902951410175973,2026-07-03 03:40:57.507940+00:00
1947,2026-06-26,highestBoostedValuePlayers,4322873,F. Buhner,POR,3.0,1.0,1.865762012436617,2026-07-03 03:40:57.507940+00:00
1947,2026-06-26,highestBoostedValuePlayers,4322900,S. Taylor,CHI,1.1,10.0,6.235514422494389,2026-07-03 03:40:57.507940+00:00
1950,2026-06-27,highestBoostedValuePlayers,41,V. Ayayi,PHO,3.0,20.0,3.3341004602993176,2026-07-03 03:40:47.897424+00:00
1950,2026-06-27,highestBoostedValuePlayers,456,L. Held,PHO,3.0,1.0,2.454278223709657,2026-07-03 03:40:47.897424+00:00
1950,2026-06-27,popularPlayers,605,A. Gray,ATL,0.5,1900.0,2.135613688608661,2026-07-03 03:40:47.897424+00:00
1950,2026-06-27,popularPlayers,606,J. Canada,ATL,0.5,1500.0,2.623164889808189,2026-07-03 03:40:47.897424+00:00
1950,2026-06-27,highestBoostedValuePlayers,616,R. Howard,ATL,0.2,600.0,4.643427191838597,2026-07-03 03:40:47.897424+00:00
1950,2026-06-27,popularPlayers,622,E. Wheeler,LAS,1.6,658.0,0.7512585052503399,2026-07-03 03:40:47.897424+00:00
1950,2026-06-27,highestBoostedValuePlayers,626,K. Mitchell,IND,0.4,1000.0,4.481617804760902,2026-07-03 03:40:47.897424+00:00
1950,2026-06-27,highestBoostedValuePlayers,627,A. Boston,IND,0.3,723.0,4.229422661655245,2026-07-03 03:40:47.897424+00:00
1950,2026-06-27,highestBoostedValuePlayers,631,L. Hull,IND,3.0,15.0,2.1007844675002274,2026-07-03 03:40:47.897424+00:00
1950,2026-06-27,highestBoostedValuePlayers,652,N. Hiedeman,SEA,0.7,205.0,4.03316288273475,2026-07-03 03:40:47.897424+00:00
1950,2026-06-27,highestBoostedValuePlayers,670,K. Copper,PHO,0.7,378.0,4.077825742545276,2026-07-03 03:40:47.897424+00:00
1950,2026-06-27,popularPlayers,671,S. Cunningham,IND,1.7,837.0,1.2711310735463932,2026-07-03 03:40:47.897424+00:00
1950,2026-06-27,highestBoostedValuePlayers,682,A. Atkins,LAS,1.8,69.0,2.2256022282563888,2026-07-03 03:40:47.897424+00:00
1950,2026-06-27,highestBoostedValuePlayers,689,M. Hines-Allen,IND,3.0,1.0,1.9988455638631386,2026-07-03 03:40:47.897424+00:00
1950,2026-06-27,popularPlayers,697,M. Mabrey,TOR,0.2,2300.0,0.0,2026-07-03 03:40:47.897424+00:00
1950,2026-06-27,popularPlayers,701,A. Reese,ATL,0.4,3000.0,2.1162194893739517,2026-07-03 03:40:47.897424+00:00
1950,2026-06-27,highestBoostedValuePlayers,712,M. Billings,IND,2.0,2.0,3.303941209238692,2026-07-03 03:40:47.897424+00:00
1950,2026-06-27,highestBoostedValuePlayers,713,J. Allemand,TOR,1.3,41.0,3.849331708544474,2026-07-03 03:40:47.897424+00:00
1950,2026-06-27,popularPlayers,714,R. Burrell,LAS,1.4,1000.0,0.8893524952003573,2026-07-03 03:40:47.897424+00:00
1950,2026-06-27,popularPlayers,718,D. Hamby,LAS,0.5,1600.0,1.866941563777582,2026-07-03 03:40:47.897424+00:00
1950,2026-06-27,highestBoostedValuePlayers,725,K. Nurse,TOR,3.0,1.0,1.8728350849794189,2026-07-03 03:40:47.897424+00:00
1950,2026-06-27,highestBoostedValuePlayers,729,J. Melbourne,SEA,1.6,43.0,3.3401796913083714,2026-07-03 03:40:47.897424+00:00
1950,2026-06-27,popularPlayers,738,N. Ogwumike,LAS,0.4,2000.0,2.5333798961896172,2026-07-03 03:40:47.897424+00:00
1950,2026-06-27,highestBoostedValuePlayers,747,T. Harris,IND,3.0,2.0,2.779780459901778,2026-07-03 03:40:47.897424+00:00
1950,2026-06-27,highestBoostedValuePlayers,750,D. Bonner,PHO,1.4,150.0,3.4261784088129517,2026-07-03 03:40:47.897424+00:00
1950,2026-06-27,highestBoostedValuePlayers,4322742,D. Malonga,SEA,0.5,167.0,3.297400112178265,2026-07-03 03:40:47.897424+00:00
1950,2026-06-27,highestBoostedValuePlayers,4322794,M. Conde,TOR,2.1,16.0,2.914142183983478,2026-07-03 03:40:47.897424+00:00
1950,2026-06-27,highestBoostedValuePlayers,4322855,A. Fam,SEA,1.2,78.0,3.778335049017535,2026-07-03 03:40:47.897424+00:00
1950,2026-06-27,highestBoostedValuePlayers,4322859,F. Johnson,SEA,1.0,222.0,5.244070541265709,2026-07-03 03:40:47.897424+00:00
1950,2026-06-27,mostCommon3xPlayers,4322862,R. Johnson,IND,3.0,599.0,0.7558904695341118,2026-07-03 03:40:47.897424+00:00
1950,2026-06-27,mostCommon3xPlayers,4322865,M. Okot,ATL,3.0,249.0,0.9904025626142285,2026-07-03 03:40:47.897424+00:00
1950,2026-06-27,popularPlayers,4322904,N. Brochant,PHO,2.2,962.0,1.5080870274794596,2026-07-03 03:40:47.897424+00:00
1952,2026-06-28,popularPlayers,184,G. Williams,GSV,0.6,1800.0,0.6484724015748522,2026-07-03 03:40:39.647344+00:00
1952,2026-06-28,highestBoostedValuePlayers,399,K. Charles,GSV,2.5,13.0,2.2653841004301505,2026-07-03 03:40:39.647344+00:00
1952,2026-06-28,mostCommon3xPlayers,553,H. Xu,NYL,3.0,166.0,0.4838400693540949,2026-07-03 03:40:39.647344+00:00
1952,2026-06-28,highestBoostedValuePlayers,597,J. Young,LVA,0.2,217.0,6.98227688166525,2026-07-03 03:40:39.647344+00:00
1952,2026-06-28,highestBoostedValuePlayers,598,A. Wilson,LVA,0.0,3700.0,6.107326026997559,2026-07-03 03:40:39.647344+00:00
1952,2026-06-28,highestBoostedValuePlayers,599,M. Gustafson,POR,1.4,10.0,4.61639489342669,2026-07-03 03:40:39.647344+00:00
1952,2026-06-28,highestBoostedValuePlayers,602,C. Gray,LVA,0.5,150.0,3.940740980797201,2026-07-03 03:40:39.647344+00:00
1952,2026-06-28,leaderboard_lineup,603,K. Stokes,UNK,2.0,,1.653858856905699,2026-07-03 03:40:44.339253+00:00
1952,2026-06-28,mostCommon3xPlayers,608,C. Parker-Tyus,LVA,3.0,69.0,0.09,2026-07-03 03:40:39.647344+00:00
1952,2026-06-28,highestBoostedValuePlayers,609,N. Coffey,MIN,0.7,81.0,3.143383619298374,2026-07-03 03:40:39.647344+00:00
1952,2026-06-28,mostCommon3xPlayers,612,H. Jones,DAL,3.0,10.0,0.0,2026-07-03 03:40:39.647344+00:00
1952,2026-06-28,popularPlayers,637,S. Ionescu,NYL,1.5,3200.0,1.3853442335009227,2026-07-03 03:40:39.647344+00:00
1952,2026-06-28,mostCommon3xPlayers,638,B. Laney-Hamilton,NYL,3.0,70.0,-0.03566017323287782,2026-07-03 03:40:39.647344+00:00
1952,2026-06-28,popularPlayers,639,B. Stewart,NYL,0.2,2400.0,1.5528099274611507,2026-07-03 03:40:39.647344+00:00
1952,2026-06-28,popularPlayers,643,J. Jones,NYL,0.4,1200.0,2.763200690062313,2026-07-03 03:40:39.647344+00:00
1952,2026-06-28,popularPlayers,647,L. Fiebich,NYL,1.7,698.0,1.1089005616879895,2026-07-03 03:40:39.647344+00:00
1952,2026-06-28,popularPlayers,653,J. Shepard,DAL,0.2,897.0,2.778752995286091,2026-07-03 03:40:39.647344+00:00
1952,2026-06-28,leaderboard_lineup,660,K. McBride,UNK,0.7,,2.414928098327879,2026-07-03 03:40:44.339253+00:00
1952,2026-06-28,highestBoostedValuePlayers,663,B. Carleton,POR,0.9,17.0,3.124633145481824,2026-07-03 03:40:39.647344+00:00
1952,2026-06-28,highestBoostedValuePlayers,691,S. Austin,WAS,0.8,6.0,4.481872283721137,2026-07-03 03:40:39.647344+00:00
1952,2026-06-28,highestBoostedValuePlayers,700,M. Onyenwere,WAS,1.9,1.0,6.7747222947390116,2026-07-03 03:40:39.647344+00:00
1952,2026-06-28,highestBoostedValuePlayers,705,K. Cardoso,CHI,0.5,158.0,4.661192209386734,2026-07-03 03:40:39.647344+00:00
1952,2026-06-28,highestBoostedValuePlayers,708,E. Williams,CHI,2.2,5.0,2.0016892144626537,2026-07-03 03:40:39.647344+00:00
1952,2026-06-28,highestBoostedValuePlayers,711,A. Stevens,CHI,1.4,10.0,4.15119568391254,2026-07-03 03:40:39.647344+00:00
1952,2026-06-28,popularPlayers,734,S. Diggins,CHI,0.6,856.0,1.6785733772907092,2026-07-03 03:40:39.647344+00:00
1952,2026-06-28,popularPlayers,759,V. Burton,GSV,0.5,1200.0,3.256813824614977,2026-07-03 03:40:39.647344+00:00
1952,2026-06-28,highestBoostedValuePlayers,760,N. Howard,MIN,0.3,145.0,5.569190892623226,2026-07-03 03:40:39.647344+00:00
1952,2026-06-28,highestBoostedValuePlayers,762,C. Leite,POR,1.0,16.0,5.55065827915904,2026-07-03 03:40:39.647344+00:00
1952,2026-06-28,highestBoostedValuePlayers,765,M. Siegrist,DAL,2.5,2.0,2.013917627482179,2026-07-03 03:40:39.647344+00:00
1952,2026-06-28,highestBoostedValuePlayers,366584,T. Hayes,GSV,2.3,14.0,1.9830065171974358,2026-07-03 03:40:39.647344+00:00
1952,2026-06-28,popularPlayers,4322740,P. Bueckers,DAL,0.1,2500.0,3.4949580651656493,2026-07-03 03:40:39.647344+00:00
1952,2026-06-28,highestBoostedValuePlayers,4322741,S. Citron,WAS,0.4,154.0,4.262290052107972,2026-07-03 03:40:39.647344+00:00
1952,2026-06-28,highestBoostedValuePlayers,4322743,K. Iriafen,WAS,0.7,22.0,5.82919633453392,2026-07-03 03:40:39.647344+00:00
1952,2026-06-28,popularPlayers,4322744,G. Amoore,WAS,3.0,703.0,0.6286565363196944,2026-07-03 03:40:39.647344+00:00
1952,2026-06-28,highestBoostedValuePlayers,4322748,S. Barker,POR,1.4,2.0,3.1857927512899753,2026-07-03 03:40:39.647344+00:00
1952,2026-06-28,popularPlayers,4322854,O. Miles,MIN,0.1,1800.0,3.6739630781871457,2026-07-03 03:40:39.647344+00:00
1952,2026-06-28,highestBoostedValuePlayers,4322856,A. Fudd,DAL,0.8,154.0,3.3953628092412425,2026-07-03 03:40:39.647344+00:00
1952,2026-06-28,leaderboard_lineup,4322864,C. McMahon,UNK,2.7,,0.9894484678455886,2026-07-03 03:40:44.339253+00:00
1952,2026-06-28,popularPlayers,4322905,P. Astier,NYL,1.0,734.0,1.5621631463717067,2026-07-03 03:40:39.647344+00:00
1959,2026-06-30,highestBoostedValuePlayers,303,M. Johannes,NYL,1.4,180.0,1.6252402629522995,2026-07-05 06:04:41.784144+00:00
1959,2026-06-30,highestBoostedValuePlayers,449,R. Gardner,NYL,2.8,85.0,0.672245759257243,2026-07-05 06:04:41.784144+00:00
1959,2026-06-30,highestBoostedValuePlayers,553,H. Xu,NYL,3.0,,0.0,2026-07-05 06:04:41.784144+00:00
1959,2026-06-30,highestBoostedValuePlayers,594,K. Bell,LVA,3.0,100.0,1.2049670002897348,2026-07-05 06:04:41.784144+00:00
1959,2026-06-30,highestBoostedValuePlayers,597,J. Young,LVA,0.1,2500.0,5.298594156541892,2026-07-05 06:04:41.784144+00:00
1959,2026-06-30,highestBoostedValuePlayers,598,A. Wilson,LVA,0.0,,0.0,2026-07-05 06:04:41.784144+00:00
1959,2026-06-30,highestBoostedValuePlayers,602,C. Gray,LVA,0.5,437.0,1.1386386986433876,2026-07-05 06:04:41.784144+00:00
1959,2026-06-30,highestBoostedValuePlayers,608,C. Parker-Tyus,LVA,3.0,111.0,2.484113187760099,2026-07-05 06:04:41.784144+00:00
1959,2026-06-30,highestBoostedValuePlayers,629,N. Smith,LVA,1.0,160.0,1.9147057814289898,2026-07-05 06:04:41.784144+00:00
1959,2026-06-30,highestBoostedValuePlayers,637,S. Ionescu,NYL,1.6,456.0,4.4768566295828505,2026-07-05 06:04:41.784144+00:00
1959,2026-06-30,highestBoostedValuePlayers,638,B. Laney-Hamilton,NYL,3.0,,0.0,2026-07-05 06:04:41.784144+00:00
1959,2026-06-30,highestBoostedValuePlayers,639,B. Stewart,NYL,0.2,1400.0,5.510010518525497,2026-07-05 06:04:41.784144+00:00
1959,2026-06-30,highestBoostedValuePlayers,643,J. Jones,NYL,0.4,338.0,2.849154598768758,2026-07-05 06:04:41.784144+00:00
1959,2026-06-30,highestBoostedValuePlayers,647,L. Fiebich,NYL,1.8,152.0,1.7058259326715315,2026-07-05 06:04:41.784144+00:00
1959,2026-06-30,highestBoostedValuePlayers,699,B. Turner,LVA,3.0,98.0,0.09,2026-07-05 06:04:41.784144+00:00
1959,2026-06-30,highestBoostedValuePlayers,703,C. Carter,LVA,0.7,247.0,3.055567452434779,2026-07-05 06:04:41.784144+00:00
1959,2026-06-30,highestBoostedValuePlayers,719,S. Talbot,LVA,3.0,99.0,0.21397027997649937,2026-07-05 06:04:41.784144+00:00
1959,2026-06-30,highestBoostedValuePlayers,726,J. Loyd,LVA,2.2,144.0,1.291234331664416,2026-07-05 06:04:41.784144+00:00
1959,2026-06-30,highestBoostedValuePlayers,758,S. Sabally,NYL,2.0,,0.0,2026-07-05 06:04:41.784144+00:00
1959,2026-06-30,highestBoostedValuePlayers,4322905,P. Astier,NYL,1.0,173.0,2.956437694358261,2026-07-05 06:04:41.784144+00:00
1964,2026-07-02,highestBoostedValuePlayers,41,V. Ayayi,PHO,3.0,39.0,2.7085090387569077,2026-07-06 06:00:56.717050+00:00
1964,2026-07-02,highestBoostedValuePlayers,456,L. Held,PHO,3.0,13.0,3.1233999344302963,2026-07-06 06:00:56.717050+00:00
1964,2026-07-02,highestBoostedValuePlayers,605,A. Gray,ATL,0.5,298.0,2.889664147480198,2026-07-06 06:00:56.717050+00:00
1964,2026-07-02,popularPlayers,606,J. Canada,ATL,0.5,1200.0,2.383902628930248,2026-07-06 06:00:56.717050+00:00
1964,2026-07-02,highestBoostedValuePlayers,616,R. Howard,ATL,0.2,459.0,4.461997682729236,2026-07-06 06:00:56.717050+00:00
1964,2026-07-02,popularPlayers,652,N. Hiedeman,SEA,0.6,1400.0,1.9769517232868885,2026-07-06 06:00:56.717050+00:00
1964,2026-07-02,popularPlayers,653,J. Shepard,DAL,0.2,2000.0,2.018653513226608,2026-07-06 06:00:56.717050+00:00
1964,2026-07-02,highestBoostedValuePlayers,658,A. Smith,DAL,3.0,1.0,1.7251724358056493,2026-07-06 06:00:56.717050+00:00
1964,2026-07-02,highestBoostedValuePlayers,664,B. Griner,CON,0.9,15.0,2.268130090563814,2026-07-06 06:00:56.717050+00:00
1964,2026-07-02,highestBoostedValuePlayers,670,K. Copper,PHO,0.7,324.0,5.6515585076862696,2026-07-06 06:00:56.717050+00:00
1964,2026-07-02,highestBoostedValuePlayers,683,A. Edwards,CON,1.9,3.0,2.0004353614950903,2026-07-06 06:00:56.717050+00:00
1964,2026-07-02,mostCommon3xPlayers,685,S. Dolson,SEA,3.0,97.0,0.09,2026-07-06 06:00:56.717050+00:00
1964,2026-07-02,highestBoostedValuePlayers,691,S. Austin,WAS,0.7,167.0,4.226899654329533,2026-07-06 06:00:56.717050+00:00
1964,2026-07-02,highestBoostedValuePlayers,701,A. Reese,ATL,0.5,683.0,4.059204090109123,2026-07-06 06:00:56.717050+00:00
1964,2026-07-02,highestBoostedValuePlayers,729,J. Melbourne,SEA,1.5,130.0,2.0917723285366967,2026-07-06 06:00:56.717050+00:00
1964,2026-07-02,mostCommon3xPlayers,731,M. Holmes,SEA,3.0,70.0,0.18,2026-07-06 06:00:56.717050+00:00
1964,2026-07-02,highestBoostedValuePlayers,744,L. Lacan,CON,0.9,3.0,3.5727151598842144,2026-07-06 06:00:56.717050+00:00
1964,2026-07-02,highestBoostedValuePlayers,745,A. Thomas,PHO,0.2,688.0,4.517925131027071,2026-07-06 06:00:56.717050+00:00
1964,2026-07-02,highestBoostedValuePlayers,749,O. Nelson-Ododa,CON,1.5,27.0,1.951185360760848,2026-07-06 06:00:56.717050+00:00
1964,2026-07-02,highestBoostedValuePlayers,750,D. Bonner,PHO,1.3,162.0,2.2933480138385596,2026-07-06 06:00:56.717050+00:00
1964,2026-07-02,highestBoostedValuePlayers,765,M. Siegrist,DAL,2.4,1.0,1.9593245306267013,2026-07-06 06:00:56.717050+00:00
1964,2026-07-02,popularPlayers,767,A. Ogunbowale,DAL,1.1,1300.0,1.4151284641875275,2026-07-06 06:00:56.717050+00:00
1964,2026-07-02,highestBoostedValuePlayers,4322740,P. Bueckers,DAL,0.1,2300.0,4.594466162806649,2026-07-06 06:00:56.717050+00:00
1964,2026-07-02,popularPlayers,4322741,S. Citron,WAS,0.3,1000.0,0.0,2026-07-06 06:00:56.717050+00:00
1964,2026-07-02,popularPlayers,4322742,D. Malonga,SEA,0.5,2400.0,0.7155054947797989,2026-07-06 06:00:56.717050+00:00
1964,2026-07-02,popularPlayers,4322743,K. Iriafen,WAS,0.5,1600.0,2.399869742270522,2026-07-06 06:00:56.717050+00:00
1964,2026-07-02,mostCommon3xPlayers,4322744,G. Amoore,WAS,3.0,75.0,1.2238580439735793,2026-07-06 06:00:56.717050+00:00
1964,2026-07-02,highestBoostedValuePlayers,4322855,A. Fam,SEA,1.1,287.0,2.942190512724404,2026-07-06 06:00:56.717050+00:00
1964,2026-07-02,popularPlayers,4322856,A. Fudd,DAL,0.8,2200.0,0.8498198228871189,2026-07-06 06:00:56.717050+00:00
1964,2026-07-02,popularPlayers,4322859,F. Johnson,SEA,0.9,2200.0,1.871775558075242,2026-07-06 06:00:56.717050+00:00
1964,2026-07-02,highestBoostedValuePlayers,4322869,M. Suarez,PHO,3.0,1.0,1.2760260241353414,2026-07-03 03:40:22.529087+00:00
1964,2026-07-02,highestBoostedValuePlayers,4322872,C. Leger-Walker,CON,2.6,22.0,2.745078790929174,2026-07-06 06:00:56.717050+00:00
1964,2026-07-02,highestBoostedValuePlayers,4322939,A. Flórez,WAS,1.7,3.0,2.8103301090443207,2026-07-06 06:00:56.717050+00:00
1968,2026-07-03,leaderboard_lineup,303,M. Johannes,UNK,1.5,,0.8619204969504745,2026-07-04 06:03:51.579384+00:00
1968,2026-07-03,highestBoostedValuePlayers,553,H. Xu,NYL,3.0,5.0,1.3076741192813164,2026-07-07 06:03:21.944849+00:00
1968,2026-07-03,mostCommon3xPlayers,594,K. Bell,LVA,3.0,95.0,0.9856916447321978,2026-07-07 06:03:21.944849+00:00
1968,2026-07-03,popularPlayers,597,J. Young,LVA,0.1,4500.0,2.624752269728672,2026-07-07 06:03:21.944849+00:00
1968,2026-07-03,popularPlayers,598,A. Wilson,LVA,0.0,905.0,0.0,2026-07-07 06:03:21.944849+00:00
1968,2026-07-03,highestBoostedValuePlayers,602,C. Gray,LVA,0.6,300.0,3.45241478268731,2026-07-07 06:03:21.944849+00:00
1968,2026-07-03,highestBoostedValuePlayers,608,C. Parker-Tyus,LVA,3.0,34.0,1.5870633739096907,2026-07-07 06:03:21.944849+00:00
1968,2026-07-03,popularPlayers,609,N. Coffey,MIN,0.7,945.0,2.048695773668787,2026-07-07 06:03:21.944849+00:00
1968,2026-07-03,highestBoostedValuePlayers,629,N. Smith,LVA,1.0,113.0,5.299300419346874,2026-07-07 06:03:21.944849+00:00
1968,2026-07-03,highestBoostedValuePlayers,637,S. Ionescu,NYL,1.2,389.0,4.6579964454110385,2026-07-07 06:03:21.944849+00:00
1968,2026-07-03,highestBoostedValuePlayers,639,B. Stewart,NYL,0.2,785.0,6.913606787106107,2026-07-07 06:03:21.944849+00:00
1968,2026-07-03,highestBoostedValuePlayers,643,J. Jones,NYL,0.4,208.0,4.2730943879953305,2026-07-07 06:03:21.944849+00:00
1968,2026-07-03,highestBoostedValuePlayers,645,C. Vandersloot,CHI,0.8,3.0,2.214253285875809,2026-07-07 06:03:21.944849+00:00
1968,2026-07-03,highestBoostedValuePlayers,647,L. Fiebich,NYL,1.8,1.0,3.8157980188797835,2026-07-07 06:03:21.944849+00:00
1968,2026-07-03,popularPlayers,654,C. Williams,MIN,0.4,1200.0,2.4997870001599694,2026-07-07 06:03:21.944849+00:00
1968,2026-07-03,highestBoostedValuePlayers,660,K. McBride,MIN,0.7,125.0,2.588832509355517,2026-07-07 06:03:21.944849+00:00
1968,2026-07-03,highestBoostedValuePlayers,677,N. Cloud,CHI,1.3,130.0,2.860652930259612,2026-07-07 06:03:21.944849+00:00
1968,2026-07-03,popularPlayers,703,C. Carter,LVA,0.7,1500.0,0.8275733813048662,2026-07-07 06:03:21.944849+00:00
1968,2026-07-03,highestBoostedValuePlayers,705,K. Cardoso,CHI,0.4,267.0,3.290870510846401,2026-07-07 06:03:21.944849+00:00
1968,2026-07-03,highestBoostedValuePlayers,708,E. Williams,CHI,2.2,22.0,1.4596082014621352,2026-07-07 06:03:21.944849+00:00
1968,2026-07-03,popularPlayers,711,A. Stevens,CHI,1.2,2400.0,1.328709815053029,2026-07-07 06:03:21.944849+00:00
1968,2026-07-03,highestBoostedValuePlayers,719,S. Talbot,LVA,3.0,21.0,1.231258261578284,2026-07-07 06:03:21.944849+00:00
1968,2026-07-03,highestBoostedValuePlayers,726,J. Loyd,LVA,2.3,29.0,4.213183094438161,2026-07-07 06:03:21.944849+00:00
1968,2026-07-03,highestBoostedValuePlayers,734,S. Diggins,CHI,0.6,181.0,3.0370512249342334,2026-07-07 06:03:21.944849+00:00
1968,2026-07-03,mostCommon3xPlayers,741,R. Banham,CHI,3.0,105.0,0.0,2026-07-07 06:03:21.944849+00:00
1968,2026-07-03,popularPlayers,760,N. Howard,MIN,0.2,2000.0,1.507512932889531,2026-07-07 06:03:21.944849+00:00
1968,2026-07-03,highestBoostedValuePlayers,4322753,A. Kosu,MIN,3.0,1.0,2.397636365192504,2026-07-07 06:03:21.944849+00:00
1968,2026-07-03,mostCommon3xPlayers,4322758,A. Coulibaly,CHI,3.0,84.0,-0.054662300000000004,2026-07-07 06:03:21.944849+00:00
1968,2026-07-03,highestBoostedValuePlayers,4322762,L. King,MIN,3.0,1.0,1.2783826063096047,2026-07-07 06:03:21.944849+00:00
1968,2026-07-03,highestBoostedValuePlayers,4322854,O. Miles,MIN,0.2,808.0,2.9291217839095336,2026-07-07 06:03:21.944849+00:00
1968,2026-07-03,popularPlayers,4322900,S. Taylor,CHI,0.9,1000.0,0.8208493146564112,2026-07-07 06:03:21.944849+00:00
1968,2026-07-03,highestBoostedValuePlayers,4322905,P. Astier,NYL,1.0,105.0,2.972795742445171,2026-07-07 06:03:21.944849+00:00
1970,2026-07-04,highestBoostedValuePlayers,184,G. Williams,GSV,0.7,242.0,3.7771505798544225,2026-07-08 06:02:54.495033+00:00
1970,2026-07-04,mostCommon3xPlayers,336,L. Geiselsöder,POR,3.0,365.0,0.0,2026-07-08 06:02:54.495033+00:00
1970,2026-07-04,highestBoostedValuePlayers,399,K. Charles,GSV,2.3,5.0,3.0035137369877307,2026-07-08 06:02:54.495033+00:00
1970,2026-07-04,highestBoostedValuePlayers,599,M. Gustafson,POR,1.2,163.0,2.913202007351066,2026-07-08 06:02:54.495033+00:00
1970,2026-07-04,highestBoostedValuePlayers,603,K. Stokes,GSV,2.0,65.0,2.4613467309355546,2026-07-08 06:02:54.495033+00:00
1970,2026-07-04,highestBoostedValuePlayers,605,A. Gray,ATL,0.5,269.0,3.0806347277042367,2026-07-08 06:02:54.495033+00:00
1970,2026-07-04,highestBoostedValuePlayers,606,J. Canada,ATL,0.5,193.0,2.6578598352540053,2026-07-08 06:02:54.495033+00:00
1970,2026-07-04,highestBoostedValuePlayers,616,R. Howard,ATL,0.2,1400.0,3.9288822764252376,2026-07-08 06:02:54.495033+00:00
1970,2026-07-04,mostCommon3xPlayers,620,N. Puoch,POR,3.0,201.0,0.6191999811605179,2026-07-08 06:02:54.495033+00:00
1970,2026-07-04,highestBoostedValuePlayers,623,K. Samuelson,SEA,3.0,36.0,1.0807202642680829,2026-07-08 06:02:54.495033+00:00
1970,2026-07-04,popularPlayers,641,K. Thornton,GSV,1.6,540.0,1.0506177491085846,2026-07-08 06:02:54.495033+00:00
1970,2026-07-04,highestBoostedValuePlayers,652,N. Hiedeman,SEA,0.6,429.0,3.1593829640080675,2026-07-08 06:02:54.495033+00:00
1970,2026-07-04,highestBoostedValuePlayers,663,B. Carleton,POR,0.9,251.0,2.5672931268351626,2026-07-08 06:02:54.495033+00:00
1970,2026-07-04,mostCommon3xPlayers,685,S. Dolson,SEA,3.0,221.0,0.5263998221027577,2026-07-08 06:02:54.495033+00:00
1970,2026-07-04,popularPlayers,687,E. Engstler,POR,1.2,1100.0,1.222170999685492,2026-07-08 06:02:54.495033+00:00
1970,2026-07-04,highestBoostedValuePlayers,701,A. Reese,ATL,0.4,1200.0,3.6801179030960807,2026-07-08 06:02:54.495033+00:00
1970,2026-07-04,mostCommon3xPlayers,709,Z. Cooke,SEA,3.0,251.0,0.6671123513142238,2026-07-08 06:02:54.495033+00:00
1970,2026-07-04,popularPlayers,729,J. Melbourne,SEA,1.5,1000.0,1.3335133596104998,2026-07-08 06:02:54.495033+00:00
1970,2026-07-04,highestBoostedValuePlayers,735,E. Magbegor,SEA,2.7,10.0,1.4381459050055192,2026-07-08 06:02:54.495033+00:00
1970,2026-07-04,highestBoostedValuePlayers,759,V. Burton,GSV,0.5,257.0,3.6714095839792984,2026-07-08 06:02:54.495033+00:00
1970,2026-07-04,highestBoostedValuePlayers,762,C. Leite,POR,0.8,342.0,2.4856668060019858,2026-07-08 06:02:54.495033+00:00
1970,2026-07-04,leaderboard_lineup,366584,T. Hayes,UNK,2.2,,1.2590503369586479,2026-07-05 06:04:33.539717+00:00
1970,2026-07-04,highestBoostedValuePlayers,4322742,D. Malonga,SEA,0.6,597.0,3.103981896445478,2026-07-08 06:02:54.495033+00:00
1970,2026-07-04,highestBoostedValuePlayers,4322748,S. Barker,POR,1.4,166.0,1.7810498780580046,2026-07-08 06:02:54.495033+00:00
1970,2026-07-04,highestBoostedValuePlayers,4322797,J. Salaün,GSV,1.1,86.0,2.2611664251741295,2026-07-08 06:02:54.495033+00:00
1970,2026-07-04,highestBoostedValuePlayers,4322855,A. Fam,SEA,1.0,292.0,2.4111323734370846,2026-07-08 06:02:54.495033+00:00
1970,2026-07-04,popularPlayers,4322859,F. Johnson,SEA,0.9,2300.0,0.8034673731542682,2026-07-08 06:02:54.495033+00:00
1970,2026-07-04,highestBoostedValuePlayers,4322865,M. Okot,ATL,3.0,1.0,1.7278110885372078,2026-07-08 06:02:54.495033+00:00
1970,2026-07-04,highestBoostedValuePlayers,4322873,F. Buhner,POR,3.0,32.0,1.5821927231508197,2026-07-08 06:02:54.495033+00:00
1973,2026-07-05,popularPlayers,597,J. Young,LVA,0.1,3700.0,1.7992645046183033,2026-07-08 06:02:52.053408+00:00
1973,2026-07-05,highestBoostedValuePlayers,602,C. Gray,LVA,0.6,298.0,2.832203104053845,2026-07-08 06:02:52.053408+00:00
1973,2026-07-05,popularPlayers,608,C. Parker-Tyus,LVA,3.0,1200.0,0.8386580296902494,2026-07-08 06:02:52.053408+00:00
1973,2026-07-05,highestBoostedValuePlayers,626,K. Mitchell,IND,0.4,701.0,4.607622073158387,2026-07-08 06:02:52.053408+00:00
1973,2026-07-05,highestBoostedValuePlayers,627,A. Boston,IND,0.3,502.0,3.8716786413283772,2026-07-08 06:02:52.053408+00:00
1973,2026-07-05,highestBoostedValuePlayers,629,N. Smith,LVA,0.9,207.0,2.0799163327984247,2026-07-08 06:02:52.053408+00:00
1973,2026-07-05,highestBoostedValuePlayers,631,L. Hull,IND,2.8,41.0,2.07198075100079,2026-07-08 06:02:52.053408+00:00
1973,2026-07-05,highestBoostedValuePlayers,636,N. Sabally,TOR,0.8,103.0,3.0401603435043705,2026-07-08 06:02:52.053408+00:00
1973,2026-07-05,highestBoostedValuePlayers,653,J. Shepard,DAL,0.2,199.0,3.6518949722609935,2026-07-08 06:02:52.053408+00:00
1973,2026-07-05,highestBoostedValuePlayers,658,A. Smith,DAL,3.0,2.0,1.3249039977776278,2026-07-08 06:02:52.053408+00:00
1973,2026-07-05,popularPlayers,671,S. Cunningham,IND,1.7,777.0,1.2384251985756107,2026-07-08 06:02:52.053408+00:00
1973,2026-07-05,highestBoostedValuePlayers,697,M. Mabrey,TOR,0.2,404.0,4.104865991443387,2026-07-08 06:02:52.053408+00:00
1973,2026-07-05,popularPlayers,703,C. Carter,LVA,0.8,655.0,0.6031846143476073,2026-07-07 06:03:03.185026+00:00
1973,2026-07-05,highestBoostedValuePlayers,712,M. Billings,IND,1.8,118.0,2.1570206134934664,2026-07-08 06:02:52.053408+00:00
1973,2026-07-05,popularPlayers,713,J. Allemand,TOR,1.1,901.0,0.0,2026-07-08 06:02:52.053408+00:00
1973,2026-07-05,highestBoostedValuePlayers,719,S. Talbot,LVA,3.0,26.0,1.5032880876143888,2026-07-08 06:02:52.053408+00:00
1973,2026-07-05,highestBoostedValuePlayers,725,K. Nurse,TOR,3.0,2.0,1.469473043625641,2026-07-08 06:02:52.053408+00:00
1973,2026-07-05,highestBoostedValuePlayers,726,J. Loyd,LVA,2.0,312.0,1.8343203605289393,2026-07-08 06:02:52.053408+00:00
1973,2026-07-05,highestBoostedValuePlayers,747,T. Harris,IND,3.0,34.0,1.452361369057179,2026-07-08 06:02:52.053408+00:00
1973,2026-07-05,highestBoostedValuePlayers,755,A. Kuier,DAL,3.0,1.0,2.852508108126965,2026-07-08 06:02:52.053408+00:00
1973,2026-07-05,highestBoostedValuePlayers,767,A. Ogunbowale,DAL,1.1,134.0,2.2525119430342277,2026-07-08 06:02:52.053408+00:00
1973,2026-07-05,highestBoostedValuePlayers,4322740,P. Bueckers,DAL,0.1,1700.0,4.1321768533996055,2026-07-08 06:02:52.053408+00:00
1973,2026-07-05,popularPlayers,4322794,M. Conde,TOR,1.9,1500.0,1.3481513440913393,2026-07-08 06:02:52.053408+00:00
1973,2026-07-05,highestBoostedValuePlayers,4322852,L. Juškaitė,TOR,1.3,78.0,1.886218991486618,2026-07-08 06:02:52.053408+00:00
1973,2026-07-05,highestBoostedValuePlayers,4322856,A. Fudd,DAL,0.8,247.0,3.9804307201463045,2026-07-08 06:02:52.053408+00:00
1973,2026-07-05,highestBoostedValuePlayers,4322862,R. Johnson,IND,3.0,23.0,1.9642082913059233,2026-07-08 06:02:52.053408+00:00
1976,2026-07-06,popularPlayers,184,G. Williams,GSV,0.7,2300.0,0.7051226702896088,2026-07-10 06:02:10.420250+00:00
1976,2026-07-06,highestBoostedValuePlayers,399,K. Charles,GSV,2.2,3.0,2.191906110184938,2026-07-10 06:02:10.420250+00:00
1976,2026-07-06,mostCommon3xPlayers,563,M. Caldwell,MIN,3.0,500.0,0.5679603653071273,2026-07-10 06:02:10.420250+00:00
1976,2026-07-06,highestBoostedValuePlayers,603,K. Stokes,GSV,1.9,6.0,2.749151822284601,2026-07-10 06:02:10.420250+00:00
1976,2026-07-06,highestBoostedValuePlayers,604,K. Martin,LAS,3.0,1.0,1.5957188583817599,2026-07-10 06:02:10.420250+00:00
1976,2026-07-06,popularPlayers,609,N. Coffey,MIN,0.7,1300.0,2.0222030599291982,2026-07-10 06:02:10.420250+00:00
1976,2026-07-06,leaderboard_lineup,615,L. Amihere,UNK,3.0,,0.5399216,2026-07-07 06:02:58.748776+00:00
1976,2026-07-06,highestBoostedValuePlayers,623,K. Samuelson,SEA,3.0,12.0,1.9047543106105818,2026-07-10 06:02:10.420250+00:00
1976,2026-07-06,highestBoostedValuePlayers,635,K. Burke,CON,1.8,8.0,2.6134584447021667,2026-07-10 06:02:10.420250+00:00
1976,2026-07-06,popularPlayers,641,K. Thornton,GSV,1.6,815.0,0.4187570110912074,2026-07-10 06:02:10.420250+00:00
1976,2026-07-06,highestBoostedValuePlayers,652,N. Hiedeman,SEA,0.6,468.0,3.6292115692798728,2026-07-10 06:02:10.420250+00:00
1976,2026-07-06,highestBoostedValuePlayers,654,C. Williams,MIN,0.4,536.0,5.266935177574905,2026-07-10 06:02:10.420250+00:00
1976,2026-07-06,highestBoostedValuePlayers,660,K. McBride,MIN,0.8,283.0,3.574228443207827,2026-07-10 06:02:10.420250+00:00
1976,2026-07-06,leaderboard_lineup,661,D. Miller,UNK,2.7,,1.4308171593731032,2026-07-07 06:02:58.748776+00:00
1976,2026-07-06,highestBoostedValuePlayers,664,B. Griner,CON,0.9,12.0,6.820877303700907,2026-07-10 06:02:10.420250+00:00
1976,2026-07-06,popularPlayers,682,A. Atkins,LAS,1.8,593.0,0.6497396273881085,2026-07-10 06:02:10.420250+00:00
1976,2026-07-06,leaderboard_lineup,683,A. Edwards,UNK,1.9,,0.8473592567571836,2026-07-07 06:02:58.748776+00:00
1976,2026-07-06,highestBoostedValuePlayers,691,S. Austin,WAS,0.7,244.0,2.856524495580949,2026-07-10 06:02:10.420250+00:00
1976,2026-07-06,mostCommon3xPlayers,709,Z. Cooke,SEA,3.0,134.0,0.7524904089745672,2026-07-10 06:02:10.420250+00:00
1976,2026-07-06,popularPlayers,714,R. Burrell,LAS,1.5,1700.0,-0.0634939044332651,2026-07-10 06:02:10.420250+00:00
1976,2026-07-06,popularPlayers,718,D. Hamby,LAS,0.6,1900.0,2.237741872589718,2026-07-10 06:02:10.420250+00:00
1976,2026-07-06,highestBoostedValuePlayers,729,J. Melbourne,SEA,1.5,158.0,2.7283180118525787,2026-07-10 06:02:10.420250+00:00
1976,2026-07-06,popularPlayers,738,N. Ogwumike,LAS,0.4,2500.0,2.952279551042849,2026-07-10 06:02:10.420250+00:00
1976,2026-07-06,highestBoostedValuePlayers,739,J. Horston,SEA,3.0,18.0,1.7178691652681033,2026-07-10 06:02:10.420250+00:00
1976,2026-07-06,highestBoostedValuePlayers,744,L. Lacan,CON,0.8,165.0,3.700514449856792,2026-07-10 06:02:10.420250+00:00
1976,2026-07-06,highestBoostedValuePlayers,749,O. Nelson-Ododa,CON,1.5,30.0,3.0385960754427495,2026-07-10 06:02:10.420250+00:00
1976,2026-07-06,popularPlayers,759,V. Burton,GSV,0.5,1900.0,2.056447245130408,2026-07-10 06:02:10.420250+00:00
1976,2026-07-06,highestBoostedValuePlayers,760,N. Howard,MIN,0.3,1100.0,3.807371929010934,2026-07-10 06:02:10.420250+00:00
1976,2026-07-06,popularPlayers,4322742,D. Malonga,SEA,0.6,2300.0,0.6210220140991424,2026-07-10 06:02:10.420250+00:00
1976,2026-07-06,popularPlayers,4322743,K. Iriafen,WAS,0.6,1700.0,1.8590432080998842,2026-07-10 06:02:10.420250+00:00
1976,2026-07-06,highestBoostedValuePlayers,4322793,K. Chen,GSV,2.7,4.0,2.5567854056516777,2026-07-10 06:02:10.420250+00:00
1976,2026-07-06,popularPlayers,4322797,J. Salaün,GSV,1.1,901.0,1.4215969989820685,2026-07-10 06:02:10.420250+00:00
1976,2026-07-06,highestBoostedValuePlayers,4322855,A. Fam,SEA,1.0,228.0,2.6056545974738308,2026-07-10 06:02:10.420250+00:00
1976,2026-07-06,highestBoostedValuePlayers,4322857,L. Betts,WAS,3.0,2.0,1.6826256127030828,2026-07-10 06:02:10.420250+00:00
1976,2026-07-06,highestBoostedValuePlayers,4322859,F. Johnson,SEA,1.0,248.0,4.190788670934699,2026-07-10 06:02:10.420250+00:00
1976,2026-07-06,popularPlayers,4322872,C. Leger-Walker,CON,2.4,775.0,1.5544431973459354,2026-07-10 06:02:10.420250+00:00
1976,2026-07-06,highestBoostedValuePlayers,4322901,A. Delaere,MIN,3.0,1.0,1.6292794570695268,2026-07-10 06:02:10.420250+00:00
1976,2026-07-06,mostCommon3xPlayers,4322910,J. Park,LAS,3.0,122.0,-0.10164000000000002,2026-07-10 06:02:10.420250+00:00
1979,2026-07-07,highestBoostedValuePlayers,41,V. Ayayi,PHO,2.8,40.0,1.0475492326963494,2026-07-11 06:04:39.102022+00:00
1979,2026-07-07,popularPlayers,303,M. Johannes,NYL,1.5,744.0,1.0791552728836418,2026-07-11 06:04:39.102022+00:00
1979,2026-07-07,highestBoostedValuePlayers,449,R. Gardner,NYL,2.9,1.0,1.1449555200864348,2026-07-11 06:04:39.102022+00:00
1979,2026-07-07,popularPlayers,456,L. Held,PHO,2.9,1400.0,0.604312122985706,2026-07-11 06:04:39.102022+00:00
1979,2026-07-07,mostCommon3xPlayers,553,H. Xu,NYL,3.0,119.0,0.696626453381171,2026-07-11 06:04:39.102022+00:00
1979,2026-07-07,highestBoostedValuePlayers,637,S. Ionescu,NYL,1.0,775.0,2.200844665000158,2026-07-11 06:04:39.102022+00:00
1979,2026-07-07,highestBoostedValuePlayers,639,B. Stewart,NYL,0.1,1800.0,5.061797211036212,2026-07-11 06:04:39.102022+00:00
1979,2026-07-07,highestBoostedValuePlayers,643,J. Jones,NYL,0.4,197.0,3.1523346450404044,2026-07-11 06:04:39.102022+00:00
1979,2026-07-07,highestBoostedValuePlayers,653,J. Shepard,DAL,0.2,230.0,5.236157371732239,2026-07-11 06:04:39.102022+00:00
1979,2026-07-07,highestBoostedValuePlayers,658,A. Smith,DAL,3.0,1.0,1.5237527840906782,2026-07-11 06:04:39.102022+00:00
1979,2026-07-07,highestBoostedValuePlayers,670,K. Copper,PHO,0.6,519.0,2.8819461495408043,2026-07-11 06:04:39.102022+00:00
1979,2026-07-07,highestBoostedValuePlayers,677,N. Cloud,CHI,1.3,126.0,3.4857337311306837,2026-07-11 06:04:39.102022+00:00
1979,2026-07-07,highestBoostedValuePlayers,705,K. Cardoso,CHI,0.4,305.0,3.395053585963344,2026-07-11 06:04:39.102022+00:00
1979,2026-07-07,popularPlayers,708,E. Williams,CHI,2.2,660.0,0.9897650821941012,2026-07-11 06:04:39.102022+00:00
1979,2026-07-07,highestBoostedValuePlayers,711,A. Stevens,CHI,1.2,132.0,2.119058330389301,2026-07-11 06:04:39.102022+00:00
1979,2026-07-07,popularPlayers,734,S. Diggins,CHI,0.6,1300.0,0.0,2026-07-11 06:04:39.102022+00:00
1979,2026-07-07,highestBoostedValuePlayers,741,R. Banham,CHI,3.0,18.0,1.0639379403706204,2026-07-11 06:04:39.102022+00:00
1979,2026-07-07,highestBoostedValuePlayers,745,A. Thomas,PHO,0.2,563.0,2.686740086632859,2026-07-11 06:04:39.102022+00:00
1979,2026-07-07,highestBoostedValuePlayers,750,D. Bonner,PHO,1.3,118.0,2.2168812707560788,2026-07-11 06:04:39.102022+00:00
1979,2026-07-07,highestBoostedValuePlayers,755,A. Kuier,DAL,2.7,3.0,4.161690835539633,2026-07-11 06:04:39.102022+00:00
1979,2026-07-07,highestBoostedValuePlayers,757,J. Sheldon,CHI,2.4,17.0,1.0561072161972944,2026-07-11 06:04:39.102022+00:00
1979,2026-07-07,popularPlayers,767,A. Ogunbowale,DAL,1.1,968.0,1.2189200757379735,2026-07-11 06:04:39.102022+00:00
1979,2026-07-07,highestBoostedValuePlayers,4322740,P. Bueckers,DAL,0.1,2000.0,3.5096748844052583,2026-07-11 06:04:39.102022+00:00
1979,2026-07-07,highestBoostedValuePlayers,4322758,A. Coulibaly,CHI,3.0,3.0,1.5495017790907664,2026-07-11 06:04:39.102022+00:00
1979,2026-07-07,mostCommon3xPlayers,4322792,K. Linskens,PHO,3.0,88.0,-0.00011829999999998897,2026-07-11 06:04:39.102022+00:00
1979,2026-07-07,highestBoostedValuePlayers,4322856,A. Fudd,DAL,0.8,318.0,2.402975168614884,2026-07-11 06:04:39.102022+00:00
1979,2026-07-07,mostCommon3xPlayers,4322869,M. Suarez,PHO,3.0,20.0,-0.111713,2026-07-11 06:04:39.102022+00:00
1979,2026-07-07,highestBoostedValuePlayers,4322900,S. Taylor,CHI,1.0,119.0,2.1652303387857343,2026-07-11 06:04:39.102022+00:00
1979,2026-07-07,popularPlayers,4322905,P. Astier,NYL,0.9,852.0,0.4479470112134482,2026-07-11 06:04:39.102022+00:00
1983,2026-07-08,popularPlayers,184,G. Williams,GSV,0.7,1800.0,1.1465512234963446,2026-07-13 06:03:25.040245+00:00
1983,2026-07-08,mostCommon3xPlayers,563,M. Caldwell,MIN,3.0,103.0,1.3434146112424548,2026-07-13 06:03:25.040245+00:00
1983,2026-07-08,popularPlayers,603,K. Stokes,GSV,1.9,1300.0,0.14458922666666665,2026-07-13 06:03:25.040245+00:00
1983,2026-07-08,popularPlayers,609,N. Coffey,MIN,0.7,1200.0,0.11339759999999999,2026-07-13 06:03:25.040245+00:00
1983,2026-07-08,highestBoostedValuePlayers,622,E. Wheeler,LAS,1.8,46.0,2.7164989758174287,2026-07-13 06:03:25.040245+00:00
1983,2026-07-08,popularPlayers,624,C. Clark,IND,0.2,2500.0,1.1516808930945117,2026-07-13 06:03:25.040245+00:00
1983,2026-07-08,highestBoostedValuePlayers,626,K. Mitchell,IND,0.3,929.0,4.226771249766245,2026-07-13 06:03:25.040245+00:00
1983,2026-07-08,highestBoostedValuePlayers,631,L. Hull,IND,2.7,29.0,2.1643456228040847,2026-07-13 06:03:25.040245+00:00
1983,2026-07-08,highestBoostedValuePlayers,641,K. Thornton,GSV,1.7,139.0,3.5623139200011025,2026-07-13 06:03:25.040245+00:00
1983,2026-07-08,popularPlayers,654,C. Williams,MIN,0.4,3000.0,2.5209582269634776,2026-07-13 06:03:25.040245+00:00
1983,2026-07-08,highestBoostedValuePlayers,659,D. Juhász,MIN,3.0,15.0,2.495781019359257,2026-07-13 06:03:25.040245+00:00
1983,2026-07-08,highestBoostedValuePlayers,660,K. McBride,MIN,0.7,247.0,5.017695271816032,2026-07-13 06:03:25.040245+00:00
1983,2026-07-08,popularPlayers,664,B. Griner,CON,0.7,607.0,0.0,2026-07-13 06:03:25.040245+00:00
1983,2026-07-08,mostCommon3xPlayers,689,M. Hines-Allen,IND,3.0,514.0,0.52865,2026-07-13 06:03:25.040245+00:00
1983,2026-07-08,highestBoostedValuePlayers,696,I. Harrison,TOR,0.9,2.0,3.415519637522372,2026-07-13 06:03:25.040245+00:00
1983,2026-07-08,popularPlayers,697,M. Mabrey,TOR,0.2,3300.0,1.4914938360842576,2026-07-13 06:03:25.040245+00:00
1983,2026-07-08,highestBoostedValuePlayers,712,M. Billings,IND,1.8,50.0,2.531618661843421,2026-07-13 06:03:25.040245+00:00
1983,2026-07-08,highestBoostedValuePlayers,713,J. Allemand,TOR,1.1,75.0,2.718960074849453,2026-07-13 06:03:25.040245+00:00
1983,2026-07-08,highestBoostedValuePlayers,714,R. Burrell,LAS,1.5,84.0,3.334172125466444,2026-07-13 06:03:25.040245+00:00
1983,2026-07-08,highestBoostedValuePlayers,718,D. Hamby,LAS,0.6,238.0,3.8885150477107753,2026-07-13 06:03:25.040245+00:00
1983,2026-07-08,highestBoostedValuePlayers,738,N. Ogwumike,LAS,0.4,276.0,4.120124816170414,2026-07-13 06:03:25.040245+00:00
1983,2026-07-08,highestBoostedValuePlayers,744,L. Lacan,CON,0.8,77.0,3.853625399305524,2026-07-13 06:03:25.040245+00:00
1983,2026-07-08,highestBoostedValuePlayers,747,T. Harris,IND,3.0,7.0,2.1736451944642408,2026-07-13 06:03:25.040245+00:00
1983,2026-07-08,highestBoostedValuePlayers,749,O. Nelson-Ododa,CON,1.4,142.0,3.054546610785088,2026-07-13 06:03:25.040245+00:00
1983,2026-07-08,popularPlayers,759,V. Burton,GSV,0.5,1700.0,3.02878183780779,2026-07-13 06:03:25.040245+00:00
1983,2026-07-08,popularPlayers,760,N. Howard,MIN,0.3,2500.0,2.8878967471797106,2026-07-13 06:03:25.040245+00:00
1983,2026-07-08,highestBoostedValuePlayers,4322753,A. Kosu,MIN,3.0,3.0,1.6134881439531203,2026-07-13 06:03:25.040245+00:00
1983,2026-07-08,highestBoostedValuePlayers,4322756,M. Timpson,IND,3.0,20.0,1.941859240017132,2026-07-13 06:03:25.040245+00:00
1983,2026-07-08,highestBoostedValuePlayers,4322793,K. Chen,GSV,2.5,6.0,3.209286744270013,2026-07-13 06:03:25.040245+00:00
1983,2026-07-08,leaderboard_lineup,4322794,M. Conde,UNK,2.0,,0.8549919370604654,2026-07-09 06:04:23.799365+00:00
1983,2026-07-08,highestBoostedValuePlayers,4322797,J. Salaün,GSV,1.2,152.0,4.688715429992672,2026-07-13 06:03:25.040245+00:00
1983,2026-07-08,mostCommon3xPlayers,4322862,R. Johnson,IND,3.0,148.0,0.7719709996617873,2026-07-13 06:03:25.040245+00:00
1983,2026-07-08,popularPlayers,4322872,C. Leger-Walker,CON,2.4,623.0,1.698189794507108,2026-07-13 06:03:25.040245+00:00
1983,2026-07-08,mostCommon3xPlayers,4322901,A. Delaere,MIN,3.0,231.0,1.2402907411701682,2026-07-13 06:03:25.040245+00:00
1983,2026-07-08,highestBoostedValuePlayers,4322902,E. Hamzova,MIN,3.0,1.0,1.595273873573589,2026-07-13 06:03:25.040245+00:00
1985,2026-07-09,highestBoostedValuePlayers,41,V. Ayayi,PHO,2.8,22.0,1.8347062314979128,2026-07-13 06:03:23.381811+00:00
1985,2026-07-09,mostCommon3xPlayers,456,L. Held,PHO,3.0,479.0,0.7005100651544648,2026-07-13 06:03:23.381811+00:00
1985,2026-07-09,highestBoostedValuePlayers,597,J. Young,LVA,0.2,852.0,5.8735671393184266,2026-07-13 06:03:23.381811+00:00
1985,2026-07-09,highestBoostedValuePlayers,598,A. Wilson,LVA,0.0,1400.0,5.974962807654723,2026-07-13 06:03:23.381811+00:00
1985,2026-07-09,popularPlayers,599,M. Gustafson,POR,1.2,1400.0,1.8222537561061263,2026-07-13 06:03:23.381811+00:00
1985,2026-07-09,highestBoostedValuePlayers,602,C. Gray,LVA,0.6,256.0,2.6385585975935415,2026-07-13 06:03:23.381811+00:00
1985,2026-07-09,highestBoostedValuePlayers,605,A. Gray,ATL,0.5,264.0,3.697627497392452,2026-07-13 06:03:23.381811+00:00
1985,2026-07-09,highestBoostedValuePlayers,606,J. Canada,ATL,0.5,221.0,4.5290381458576245,2026-07-13 06:03:23.381811+00:00
1985,2026-07-09,mostCommon3xPlayers,608,C. Parker-Tyus,LVA,3.0,83.0,-0.45987,2026-07-13 06:03:23.381811+00:00
1985,2026-07-09,highestBoostedValuePlayers,616,R. Howard,ATL,0.2,585.0,3.6761805510685535,2026-07-13 06:03:23.381811+00:00
1985,2026-07-09,highestBoostedValuePlayers,626,K. Mitchell,IND,0.3,780.0,6.592241012365765,2026-07-13 06:03:23.381811+00:00
1985,2026-07-09,highestBoostedValuePlayers,627,A. Boston,IND,0.3,218.0,3.881883784300967,2026-07-13 06:03:23.381811+00:00
1985,2026-07-09,highestBoostedValuePlayers,629,N. Smith,LVA,0.9,141.0,2.487070797302914,2026-07-13 06:03:23.381811+00:00
1985,2026-07-09,leaderboard_lineup,631,L. Hull,UNK,2.6,,1.39865190707561,2026-07-10 06:02:01.227467+00:00
1985,2026-07-09,popularPlayers,652,N. Hiedeman,SEA,0.6,1200.0,1.9995912098331552,2026-07-13 06:03:23.381811+00:00
1985,2026-07-09,popularPlayers,663,B. Carleton,POR,0.9,994.0,1.9255501988952828,2026-07-13 06:03:23.381811+00:00
1985,2026-07-09,highestBoostedValuePlayers,670,K. Copper,PHO,0.6,437.0,4.2604523185750836,2026-07-13 06:03:23.381811+00:00
1985,2026-07-09,highestBoostedValuePlayers,687,E. Engstler,POR,1.2,131.0,2.364433074370543,2026-07-13 06:03:23.381811+00:00
1985,2026-07-09,highestBoostedValuePlayers,701,A. Reese,ATL,0.4,538.0,3.3766321399060866,2026-07-13 06:03:23.381811+00:00
1985,2026-07-09,popularPlayers,712,M. Billings,IND,1.7,785.0,0.3040091436025228,2026-07-13 06:03:23.381811+00:00
1985,2026-07-09,leaderboard_lineup,726,J. Loyd,UNK,2.0,,1.1796873306845328,2026-07-10 06:02:01.227467+00:00
1985,2026-07-09,highestBoostedValuePlayers,745,A. Thomas,PHO,0.2,66.0,5.418838956162607,2026-07-13 06:03:23.381811+00:00
1985,2026-07-09,highestBoostedValuePlayers,747,T. Harris,IND,3.0,6.0,4.039572569859888,2026-07-13 06:03:23.381811+00:00
1985,2026-07-09,popularPlayers,762,C. Leite,POR,0.8,1300.0,1.7588213270415325,2026-07-13 06:03:23.381811+00:00
1985,2026-07-09,highestBoostedValuePlayers,4322742,D. Malonga,SEA,0.7,38.0,2.6685501768660282,2026-07-13 06:03:23.381811+00:00
1985,2026-07-09,highestBoostedValuePlayers,4322748,S. Barker,POR,1.4,29.0,2.01581495905348,2026-07-13 06:03:23.381811+00:00
1985,2026-07-09,mostCommon3xPlayers,4322756,M. Timpson,IND,3.0,102.0,0.997646916292065,2026-07-13 06:03:23.381811+00:00
1985,2026-07-09,leaderboard_lineup,4322855,A. Fam,UNK,1.0,,1.6683148915888926,2026-07-10 06:02:01.227467+00:00
1985,2026-07-09,highestBoostedValuePlayers,4322859,F. Johnson,SEA,0.9,196.0,2.3749740837244198,2026-07-13 06:03:23.381811+00:00
1985,2026-07-09,highestBoostedValuePlayers,4322862,R. Johnson,IND,3.0,4.0,1.3481000743505793,2026-07-13 06:03:23.381811+00:00
1985,2026-07-09,mostCommon3xPlayers,4322873,F. Buhner,POR,3.0,79.0,0.5249859422246203,2026-07-13 06:03:23.381811+00:00
1985,2026-07-09,highestBoostedValuePlayers,4322926,T. Oblak,POR,3.0,3.0,1.7179428857171761,2026-07-13 06:03:23.381811+00:00
1989,2026-07-10,highestBoostedValuePlayers,593,E. Cannon,LAS,3.0,2.0,1.9272746930191644,2026-07-16 06:03:16.844790+00:00
1989,2026-07-10,highestBoostedValuePlayers,600,A. Clark,DAL,3.0,1.0,2.1368019816521113,2026-07-16 06:03:16.844790+00:00
1989,2026-07-10,popularPlayers,603,K. Stokes,GSV,2.0,679.0,1.595879244291959,2026-07-16 06:03:16.844790+00:00
1989,2026-07-10,highestBoostedValuePlayers,615,L. Amihere,GSV,3.0,2.0,2.372092081193824,2026-07-16 06:03:16.844790+00:00
1989,2026-07-10,highestBoostedValuePlayers,622,E. Wheeler,LAS,1.7,27.0,4.523122860464573,2026-07-16 06:03:16.844790+00:00
1989,2026-07-10,popularPlayers,641,K. Thornton,GSV,1.6,870.0,0.5107392682256365,2026-07-16 06:03:16.844790+00:00
1989,2026-07-10,highestBoostedValuePlayers,653,J. Shepard,DAL,0.2,754.0,4.810143664983621,2026-07-16 06:03:16.844790+00:00
1989,2026-07-10,mostCommon3xPlayers,658,A. Smith,DAL,3.0,94.0,-0.20685640000000002,2026-07-16 06:03:16.844790+00:00
1989,2026-07-10,highestBoostedValuePlayers,677,N. Cloud,CHI,1.2,169.0,2.7880253367930345,2026-07-16 06:03:16.844790+00:00
1989,2026-07-10,highestBoostedValuePlayers,682,A. Atkins,LAS,1.9,33.0,4.690848911391406,2026-07-16 06:03:16.844790+00:00
1989,2026-07-10,highestBoostedValuePlayers,696,I. Harrison,TOR,0.8,45.0,4.316815398948665,2026-07-16 06:03:16.844790+00:00
1989,2026-07-10,highestBoostedValuePlayers,697,M. Mabrey,TOR,0.3,530.0,5.609778371133834,2026-07-16 06:03:16.844790+00:00
1989,2026-07-10,popularPlayers,705,K. Cardoso,CHI,0.4,2400.0,3.2133370406633373,2026-07-16 06:03:16.844790+00:00
1989,2026-07-10,popularPlayers,711,A. Stevens,CHI,1.3,1200.0,2.20616179802581,2026-07-16 06:03:16.844790+00:00
1989,2026-07-10,leaderboard_lineup,713,J. Allemand,UNK,1.1,,2.3781574524261306,2026-07-11 06:04:31.675540+00:00
1989,2026-07-10,popularPlayers,714,R. Burrell,LAS,1.4,2000.0,2.5771045943136284,2026-07-16 06:03:16.844790+00:00
1989,2026-07-10,highestBoostedValuePlayers,718,D. Hamby,LAS,0.6,281.0,3.942546602226311,2026-07-16 06:03:16.844790+00:00
1989,2026-07-10,mostCommon3xPlayers,733,K. Williams,LAS,3.0,98.0,0.8408380567414138,2026-07-16 06:03:16.844790+00:00
1989,2026-07-10,highestBoostedValuePlayers,738,N. Ogwumike,LAS,0.4,430.0,5.166526922295067,2026-07-16 06:03:16.844790+00:00
1989,2026-07-10,mostCommon3xPlayers,741,R. Banham,CHI,3.0,97.0,0.36,2026-07-16 06:03:16.844790+00:00
1989,2026-07-10,popularPlayers,744,L. Lacan,CON,0.7,647.0,1.677400481451902,2026-07-16 06:03:16.844790+00:00
1989,2026-07-10,popularPlayers,749,O. Nelson-Ododa,CON,1.3,1300.0,2.4844885411662747,2026-07-16 06:03:16.844790+00:00
1989,2026-07-10,highestBoostedValuePlayers,757,J. Sheldon,CHI,2.5,16.0,1.966695910884038,2026-07-16 06:03:16.844790+00:00
1989,2026-07-10,highestBoostedValuePlayers,759,V. Burton,GSV,0.5,249.0,4.00331349374751,2026-07-16 06:03:16.844790+00:00
1989,2026-07-10,highestBoostedValuePlayers,767,A. Ogunbowale,DAL,1.2,187.0,4.030374279593245,2026-07-16 06:03:16.844790+00:00
1989,2026-07-10,highestBoostedValuePlayers,366584,T. Hayes,GSV,2.2,2.0,2.2237201043559423,2026-07-16 06:03:16.844790+00:00
1989,2026-07-10,highestBoostedValuePlayers,4322740,P. Bueckers,DAL,0.1,2300.0,7.960712849369633,2026-07-16 06:03:16.844790+00:00
1989,2026-07-10,mostCommon3xPlayers,4322758,A. Coulibaly,CHI,3.0,102.0,0.7842449863327379,2026-07-16 06:03:16.844790+00:00
1989,2026-07-10,popularPlayers,4322793,K. Chen,GSV,2.3,717.0,0.6332627803206126,2026-07-16 06:03:16.844790+00:00
1989,2026-07-10,highestBoostedValuePlayers,4322794,M. Conde,TOR,2.0,26.0,3.773987831331613,2026-07-16 06:03:16.844790+00:00
1989,2026-07-10,highestBoostedValuePlayers,4322797,J. Salaün,GSV,1.1,261.0,3.342328285869448,2026-07-16 06:03:16.844790+00:00
1989,2026-07-10,highestBoostedValuePlayers,4322852,L. Juškaitė,TOR,1.4,4.0,5.740786664907675,2026-07-16 06:03:16.844790+00:00
1989,2026-07-10,popularPlayers,4322856,A. Fudd,DAL,0.8,2000.0,1.9463812402008749,2026-07-16 06:03:16.844790+00:00
1989,2026-07-10,highestBoostedValuePlayers,4322858,G. Jaquez,CHI,2.0,25.0,2.3120193760492405,2026-07-16 06:03:16.844790+00:00
1989,2026-07-10,popularPlayers,4322872,C. Leger-Walker,CON,2.4,543.0,1.34629725101388,2026-07-16 06:03:16.844790+00:00
1989,2026-07-10,mostCommon3xPlayers,4322877,C. Gray,LAS,3.0,106.0,0.0,2026-07-16 06:03:16.844790+00:00
1991,2026-07-11,popularPlayers,41,V. Ayayi,PHO,2.7,1300.0,0.9736506120713874,2026-07-16 06:03:14.854489+00:00
1991,2026-07-11,highestBoostedValuePlayers,303,M. Johannes,NYL,1.6,8.0,2.5166794140159334,2026-07-16 06:03:14.854489+00:00
1991,2026-07-11,mostCommon3xPlayers,449,R. Gardner,NYL,3.0,253.0,0.5306427924300777,2026-07-16 06:03:14.854489+00:00
1991,2026-07-11,highestBoostedValuePlayers,456,L. Held,PHO,3.0,10.0,1.718674977806484,2026-07-16 06:03:14.854489+00:00
1991,2026-07-11,highestBoostedValuePlayers,594,K. Bell,LVA,3.0,16.0,1.6673169319691041,2026-07-16 06:03:14.854489+00:00
1991,2026-07-11,popularPlayers,597,J. Young,LVA,0.1,1800.0,2.64898048217283,2026-07-16 06:03:14.854489+00:00
1991,2026-07-11,highestBoostedValuePlayers,598,A. Wilson,LVA,0.0,3900.0,4.881525308714759,2026-07-16 06:03:14.854489+00:00
1991,2026-07-11,leaderboard_lineup,599,M. Gustafson,UNK,1.2,,2.469925198557662,2026-07-12 06:04:33.979294+00:00
1991,2026-07-11,highestBoostedValuePlayers,602,C. Gray,LVA,0.6,171.0,4.635190421579055,2026-07-16 06:03:14.854489+00:00
1991,2026-07-11,popularPlayers,605,A. Gray,ATL,0.5,1400.0,3.0916206670067075,2026-07-16 06:03:14.854489+00:00
1991,2026-07-11,highestBoostedValuePlayers,606,J. Canada,ATL,0.5,123.0,3.2380525609602886,2026-07-16 06:03:14.854489+00:00
1991,2026-07-11,highestBoostedValuePlayers,608,C. Parker-Tyus,LVA,3.0,8.0,2.751046112325049,2026-07-16 06:03:14.854489+00:00
1991,2026-07-11,popularPlayers,609,N. Coffey,MIN,0.8,604.0,1.6732260358360957,2026-07-16 06:03:14.854489+00:00
1991,2026-07-11,popularPlayers,616,R. Howard,ATL,0.2,2000.0,2.99532613980734,2026-07-16 06:03:14.854489+00:00
1991,2026-07-11,highestBoostedValuePlayers,617,N. Hillmon,ATL,1.7,31.0,3.049254121613163,2026-07-16 06:03:14.854489+00:00
1991,2026-07-11,popularPlayers,629,N. Smith,LVA,0.9,936.0,2.417584470976251,2026-07-16 06:03:14.854489+00:00
1991,2026-07-11,highestBoostedValuePlayers,637,S. Ionescu,NYL,1.0,184.0,4.987065793315685,2026-07-16 06:03:14.854489+00:00
1991,2026-07-11,popularPlayers,639,B. Stewart,NYL,0.1,2400.0,3.07792004928976,2026-07-16 06:03:14.854489+00:00
1991,2026-07-11,popularPlayers,643,J. Jones,NYL,0.4,664.0,3.2991484577760057,2026-07-16 06:03:14.854489+00:00
1991,2026-07-11,highestBoostedValuePlayers,649,S. Koné,ATL,3.0,1.0,1.912101801763711,2026-07-16 06:03:14.854489+00:00
1991,2026-07-11,popularPlayers,654,C. Williams,MIN,0.4,637.0,2.46428736944636,2026-07-16 06:03:14.854489+00:00
1991,2026-07-11,highestBoostedValuePlayers,660,K. McBride,MIN,0.7,89.0,5.032484206534421,2026-07-16 06:03:14.854489+00:00
1991,2026-07-11,highestBoostedValuePlayers,663,B. Carleton,POR,0.9,88.0,3.6786138119508576,2026-07-16 06:03:14.854489+00:00
1991,2026-07-11,popularPlayers,670,K. Copper,PHO,0.6,2100.0,0.5969706298731552,2026-07-16 06:03:14.854489+00:00
1991,2026-07-11,highestBoostedValuePlayers,687,E. Engstler,POR,1.2,26.0,3.6868789416433323,2026-07-16 06:03:14.854489+00:00
1991,2026-07-11,highestBoostedValuePlayers,719,S. Talbot,LVA,3.0,31.0,1.7852499929277967,2026-07-16 06:03:14.854489+00:00
1991,2026-07-11,highestBoostedValuePlayers,726,J. Loyd,LVA,2.0,39.0,2.796959313097713,2026-07-16 06:03:14.854489+00:00
1991,2026-07-11,popularPlayers,745,A. Thomas,PHO,0.2,2000.0,0.8371027461576059,2026-07-16 06:03:14.854489+00:00
1991,2026-07-11,highestBoostedValuePlayers,760,N. Howard,MIN,0.3,97.0,3.5453120217507386,2026-07-16 06:03:14.854489+00:00
1991,2026-07-11,leaderboard_lineup,762,C. Leite,UNK,0.9,,2.660951918527647,2026-07-12 06:04:33.979294+00:00
1991,2026-07-11,highestBoostedValuePlayers,4322854,O. Miles,MIN,0.2,187.0,4.001135428992098,2026-07-16 06:03:14.854489+00:00
1991,2026-07-11,highestBoostedValuePlayers,4322865,M. Okot,ATL,3.0,7.0,2.847022828554643,2026-07-16 06:03:14.854489+00:00
1991,2026-07-11,highestBoostedValuePlayers,4322887,S. Williams,POR,3.0,1.0,3.1492292284063983,2026-07-16 06:03:14.854489+00:00
1991,2026-07-11,highestBoostedValuePlayers,4322926,T. Oblak,POR,3.0,3.0,2.8448246243405046,2026-07-16 06:03:14.854489+00:00
1994,2026-07-12,mostCommon3xPlayers,553,H. Xu,NYL,3.0,69.0,0.7683898894507364,2026-07-17 06:04:12.591583+00:00
1994,2026-07-12,popularPlayers,597,J. Young,LVA,0.2,1600.0,1.9029356905486468,2026-07-17 06:04:12.591583+00:00
1994,2026-07-12,popularPlayers,598,A. Wilson,LVA,0.0,5400.0,3.4280851820554528,2026-07-17 06:04:12.591583+00:00
1994,2026-07-12,popularPlayers,602,C. Gray,LVA,0.5,1300.0,1.377462793520658,2026-07-17 06:04:12.591583+00:00
1994,2026-07-12,popularPlayers,624,C. Clark,IND,0.3,953.0,2.3520074973909755,2026-07-17 06:04:12.591583+00:00
1994,2026-07-12,highestBoostedValuePlayers,626,K. Mitchell,IND,0.3,266.0,4.869677286490956,2026-07-17 06:04:12.591583+00:00
1994,2026-07-12,highestBoostedValuePlayers,627,A. Boston,IND,0.3,158.0,5.144106330150493,2026-07-17 06:04:12.591583+00:00
1994,2026-07-12,popularPlayers,629,N. Smith,LVA,0.9,786.0,2.078648843903492,2026-07-17 06:04:12.591583+00:00
1994,2026-07-12,highestBoostedValuePlayers,636,N. Sabally,TOR,0.9,2.0,3.361725269349276,2026-07-17 06:04:12.591583+00:00
1994,2026-07-12,highestBoostedValuePlayers,637,S. Ionescu,NYL,0.8,212.0,5.153921123136151,2026-07-17 06:04:12.591583+00:00
1994,2026-07-12,popularPlayers,639,B. Stewart,NYL,0.1,2200.0,3.9178968733223822,2026-07-17 06:04:12.591583+00:00
1994,2026-07-12,popularPlayers,643,J. Jones,NYL,0.4,683.0,2.010615249704452,2026-07-17 06:04:12.591583+00:00
1994,2026-07-12,highestBoostedValuePlayers,652,N. Hiedeman,SEA,0.6,78.0,5.272564282277682,2026-07-17 06:04:12.591583+00:00
1994,2026-07-12,highestBoostedValuePlayers,653,J. Shepard,DAL,0.2,256.0,4.343924332854692,2026-07-17 06:04:12.591583+00:00
1994,2026-07-12,highestBoostedValuePlayers,671,S. Cunningham,IND,1.9,57.0,4.197159892518893,2026-07-17 06:04:12.591583+00:00
1994,2026-07-12,highestBoostedValuePlayers,691,S. Austin,WAS,0.7,9.0,4.219633050421157,2026-07-17 06:04:12.591583+00:00
1994,2026-07-12,popularPlayers,697,M. Mabrey,TOR,0.2,1700.0,3.811785867781469,2026-07-17 06:04:12.591583+00:00
1994,2026-07-12,mostCommon3xPlayers,699,B. Turner,LVA,3.0,50.0,0.6011872962173902,2026-07-17 06:04:12.591583+00:00
1994,2026-07-12,popularPlayers,705,K. Cardoso,CHI,0.4,1000.0,2.9413624061819634,2026-07-17 06:04:12.591583+00:00
1994,2026-07-12,highestBoostedValuePlayers,711,A. Stevens,CHI,1.2,13.0,3.84050571311885,2026-07-17 06:04:12.591583+00:00
1994,2026-07-12,highestBoostedValuePlayers,713,J. Allemand,TOR,1.1,11.0,3.5150179062354803,2026-07-17 06:04:12.591583+00:00
1994,2026-07-12,mostCommon3xPlayers,719,S. Talbot,LVA,3.0,169.0,0.2882409538761885,2026-07-17 06:04:12.591583+00:00
1994,2026-07-12,highestBoostedValuePlayers,724,L. Yueru,DAL,3.0,1.0,2.956854387924951,2026-07-17 06:04:12.591583+00:00
1994,2026-07-12,popularPlayers,726,J. Loyd,LVA,1.9,641.0,1.7919776096713302,2026-07-17 06:04:12.591583+00:00
1994,2026-07-12,highestBoostedValuePlayers,747,T. Harris,IND,2.6,9.0,2.470102686460551,2026-07-17 06:04:12.591583+00:00
1994,2026-07-12,leaderboard_lineup,767,A. Ogunbowale,UNK,1.1,,2.4936652557553334,2026-07-14 06:04:49.793537+00:00
1994,2026-07-12,highestBoostedValuePlayers,4322740,P. Bueckers,DAL,0.1,883.0,5.08322492577911,2026-07-17 06:04:12.591583+00:00
1994,2026-07-12,highestBoostedValuePlayers,4322742,D. Malonga,SEA,0.7,11.0,3.385347266083777,2026-07-17 06:04:12.591583+00:00
1994,2026-07-12,highestBoostedValuePlayers,4322743,K. Iriafen,WAS,0.6,7.0,3.6720799202872434,2026-07-17 06:04:12.591583+00:00
1994,2026-07-12,mostCommon3xPlayers,4322744,G. Amoore,WAS,3.0,200.0,0.8521438843797857,2026-07-17 06:04:12.591583+00:00
1994,2026-07-12,highestBoostedValuePlayers,4322756,M. Timpson,IND,3.0,8.0,1.9265897114208625,2026-07-17 06:04:12.591583+00:00
1994,2026-07-12,highestBoostedValuePlayers,4322794,M. Conde,TOR,1.9,4.0,2.805751802584031,2026-07-17 06:04:12.591583+00:00
1994,2026-07-12,highestBoostedValuePlayers,4322852,L. Juškaitė,TOR,1.2,5.0,3.1851831400954853,2026-07-17 06:04:12.591583+00:00
1994,2026-07-12,highestBoostedValuePlayers,4322856,A. Fudd,DAL,0.8,183.0,3.1940113174298257,2026-07-17 06:04:12.591583+00:00
1994,2026-07-12,highestBoostedValuePlayers,4322857,L. Betts,WAS,3.0,1.0,2.5260110885191494,2026-07-17 06:04:12.591583+00:00
1994,2026-07-12,popularPlayers,4322859,F. Johnson,SEA,0.9,740.0,2.3885160620040216,2026-07-17 06:04:12.591583+00:00
1994,2026-07-12,mostCommon3xPlayers,4322862,R. Johnson,IND,3.0,70.0,0.8478296155600411,2026-07-17 06:04:12.591583+00:00
1994,2026-07-12,leaderboard_lineup,4322900,S. Taylor,UNK,1.1,,2.8573277154719374,2026-07-14 06:04:49.793537+00:00
1996,2026-07-13,popularPlayers,41,V. Ayayi,PHO,2.8,1300.0,0.46435696182747377,2026-07-18 06:03:54.223300+00:00
1996,2026-07-13,popularPlayers,456,L. Held,PHO,3.0,546.0,0.9984897635994237,2026-07-18 06:03:54.223300+00:00
1996,2026-07-13,mostCommon3xPlayers,563,M. Caldwell,MIN,3.0,140.0,0.3156339193218196,2026-07-18 06:03:54.223300+00:00
1996,2026-07-13,highestBoostedValuePlayers,605,A. Gray,ATL,0.5,284.0,3.6947023326302824,2026-07-18 06:03:54.223300+00:00
1996,2026-07-13,highestBoostedValuePlayers,606,J. Canada,ATL,0.5,193.0,3.5054962186615612,2026-07-18 06:03:54.223300+00:00
1996,2026-07-13,popularPlayers,609,N. Coffey,MIN,0.8,1100.0,1.72220883849466,2026-07-18 06:03:54.223300+00:00
1996,2026-07-13,popularPlayers,616,R. Howard,ATL,0.2,2600.0,2.2460703885780555,2026-07-18 06:03:54.223300+00:00
1996,2026-07-13,popularPlayers,617,N. Hillmon,ATL,1.6,1600.0,1.5928013209539504,2026-07-18 06:03:54.223300+00:00
1996,2026-07-13,highestBoostedValuePlayers,618,I. Borlase,ATL,3.0,1.0,1.2990123281126496,2026-07-18 06:03:54.223300+00:00
1996,2026-07-13,highestBoostedValuePlayers,622,E. Wheeler,LAS,1.5,137.0,3.21223146430497,2026-07-18 06:03:54.223300+00:00
1996,2026-07-13,highestBoostedValuePlayers,654,C. Williams,MIN,0.4,321.0,2.974660236864021,2026-07-18 06:03:54.223300+00:00
1996,2026-07-13,highestBoostedValuePlayers,660,K. McBride,MIN,0.6,487.0,7.7040508472568225,2026-07-18 06:03:54.223300+00:00
1996,2026-07-13,highestBoostedValuePlayers,670,K. Copper,PHO,0.6,291.0,4.881678232477644,2026-07-18 06:03:54.223300+00:00
1996,2026-07-13,highestBoostedValuePlayers,682,A. Atkins,LAS,1.6,9.0,2.493426237963288,2026-07-18 06:03:54.223300+00:00
1996,2026-07-13,highestBoostedValuePlayers,701,A. Reese,ATL,0.4,165.0,4.477592697462945,2026-07-18 06:03:54.223300+00:00
1996,2026-07-13,highestBoostedValuePlayers,714,R. Burrell,LAS,1.4,239.0,3.334859739814012,2026-07-18 06:03:54.223300+00:00
1996,2026-07-13,highestBoostedValuePlayers,718,D. Hamby,LAS,0.5,197.0,2.3843337971699006,2026-07-18 06:03:54.223300+00:00
1996,2026-07-13,highestBoostedValuePlayers,736,S. Whitcomb,PHO,3.0,2.0,1.5121037733898612,2026-07-18 06:03:54.223300+00:00
1996,2026-07-13,highestBoostedValuePlayers,738,N. Ogwumike,LAS,0.3,722.0,3.1243722696447764,2026-07-18 06:03:54.223300+00:00
1996,2026-07-13,highestBoostedValuePlayers,745,A. Thomas,PHO,0.3,567.0,4.795154279207407,2026-07-18 06:03:54.223300+00:00
1996,2026-07-13,highestBoostedValuePlayers,750,D. Bonner,PHO,1.4,136.0,3.7330056656466777,2026-07-18 06:03:54.223300+00:00
1996,2026-07-13,highestBoostedValuePlayers,760,N. Howard,MIN,0.3,407.0,2.902472548076793,2026-07-18 06:03:54.223300+00:00
1996,2026-07-13,highestBoostedValuePlayers,4322738,M. Akoa Makani,PHO,1.8,22.0,3.1599606175660226,2026-07-18 06:03:54.223300+00:00
1996,2026-07-13,mostCommon3xPlayers,4322753,A. Kosu,MIN,3.0,89.0,0.0,2026-07-18 06:03:54.223300+00:00
1996,2026-07-13,highestBoostedValuePlayers,4322854,O. Miles,MIN,0.2,2200.0,5.994778788801719,2026-07-18 06:03:54.223300+00:00
1996,2026-07-13,highestBoostedValuePlayers,4322865,M. Okot,ATL,3.0,9.0,2.0402192444234246,2026-07-18 06:03:54.223300+00:00
1996,2026-07-13,mostCommon3xPlayers,4322901,A. Delaere,MIN,3.0,169.0,-0.21292799999999998,2026-07-18 06:03:54.223300+00:00
1996,2026-07-13,highestBoostedValuePlayers,4322902,E. Hamzova,MIN,3.0,1.0,1.221579076832237,2026-07-18 06:03:54.223300+00:00
1997,2026-07-14,highestBoostedValuePlayers,599,M. Gustafson,POR,1.2,80.0,2.5801046850384837,2026-07-18 06:03:52.944519+00:00
1997,2026-07-14,popularPlayers,628,T. Fágbénlé,TOR,1.6,385.0,0.0,2026-07-18 06:03:52.944519+00:00
1997,2026-07-14,highestBoostedValuePlayers,636,N. Sabally,TOR,0.8,154.0,2.4680767342877012,2026-07-18 06:03:52.944519+00:00
1997,2026-07-14,highestBoostedValuePlayers,661,D. Miller,CON,2.7,7.0,1.8517688601581777,2026-07-18 06:03:52.944519+00:00
1997,2026-07-14,highestBoostedValuePlayers,663,B. Carleton,POR,0.9,138.0,3.181527674774921,2026-07-18 06:03:52.944519+00:00
1997,2026-07-14,highestBoostedValuePlayers,664,B. Griner,CON,0.7,71.0,4.526399730233356,2026-07-18 06:03:52.944519+00:00
1997,2026-07-14,highestBoostedValuePlayers,683,A. Edwards,CON,2.2,7.0,4.5592205052410435,2026-07-18 06:03:52.944519+00:00
1997,2026-07-14,highestBoostedValuePlayers,687,E. Engstler,POR,1.1,84.0,3.7654268349979523,2026-07-18 06:03:52.944519+00:00
1997,2026-07-14,highestBoostedValuePlayers,691,S. Austin,WAS,0.6,354.0,3.275336176308472,2026-07-18 06:03:52.944519+00:00
1997,2026-07-14,popularPlayers,696,I. Harrison,TOR,0.8,1600.0,1.2938512924438517,2026-07-18 06:03:52.944519+00:00
1997,2026-07-14,popularPlayers,697,M. Mabrey,TOR,0.2,4600.0,0.8923331497196819,2026-07-18 06:03:52.944519+00:00
1997,2026-07-14,highestBoostedValuePlayers,700,M. Onyenwere,WAS,1.7,74.0,2.848302948897282,2026-07-18 06:03:52.944519+00:00
1997,2026-07-14,highestBoostedValuePlayers,713,J. Allemand,TOR,1.0,183.0,2.299197128556987,2026-07-18 06:03:52.944519+00:00
1997,2026-07-14,mostCommon3xPlayers,725,K. Nurse,TOR,3.0,358.0,0.3149754883214089,2026-07-18 06:03:52.944519+00:00
1997,2026-07-14,highestBoostedValuePlayers,744,L. Lacan,CON,0.8,83.0,2.9993628180442027,2026-07-18 06:03:52.944519+00:00
1997,2026-07-14,highestBoostedValuePlayers,749,O. Nelson-Ododa,CON,1.3,90.0,2.2343871175932453,2026-07-18 06:03:52.944519+00:00
1997,2026-07-14,highestBoostedValuePlayers,762,C. Leite,POR,0.9,157.0,2.064174473153203,2026-07-18 06:03:52.944519+00:00
1997,2026-07-14,popularPlayers,4322741,S. Citron,WAS,0.3,3400.0,1.281754487994913,2026-07-18 06:03:52.944519+00:00
1997,2026-07-14,highestBoostedValuePlayers,4322743,K. Iriafen,WAS,0.6,367.0,4.148257781361933,2026-07-18 06:03:52.944519+00:00
1997,2026-07-14,highestBoostedValuePlayers,4322744,G. Amoore,WAS,3.0,55.0,1.212005143208957,2026-07-18 06:03:52.944519+00:00
1997,2026-07-14,popularPlayers,4322748,S. Barker,POR,1.4,458.0,1.372303861480644,2026-07-18 06:03:52.944519+00:00
1997,2026-07-14,popularPlayers,4322794,M. Conde,TOR,1.8,1600.0,0.9274972108896681,2026-07-18 06:03:52.944519+00:00
1997,2026-07-14,popularPlayers,4322852,L. Juškaitė,TOR,1.2,1600.0,1.251662735791227,2026-07-18 06:03:52.944519+00:00
1997,2026-07-14,highestBoostedValuePlayers,4322857,L. Betts,WAS,2.8,64.0,1.6530442141426447,2026-07-18 06:03:52.944519+00:00
1997,2026-07-14,mostCommon3xPlayers,4322863,A. Dugalić,WAS,3.0,259.0,0.27,2026-07-18 06:03:52.944519+00:00
1997,2026-07-14,highestBoostedValuePlayers,4322864,C. McMahon,WAS,3.0,58.0,1.264175614408684,2026-07-18 06:03:52.944519+00:00
1997,2026-07-14,highestBoostedValuePlayers,4322866,N. Angloma,CON,3.0,1.0,1.2776431210632877,2026-07-18 06:03:52.944519+00:00
1997,2026-07-14,highestBoostedValuePlayers,4322872,C. Leger-Walker,CON,2.4,7.0,2.6713822967805205,2026-07-18 06:03:52.944519+00:00
1997,2026-07-14,highestBoostedValuePlayers,4322873,F. Buhner,POR,3.0,1.0,1.1289366518873039,2026-07-18 06:03:52.944519+00:00
1997,2026-07-14,mostCommon3xPlayers,4322879,T. Key,TOR,3.0,246.0,0.3236829848860153,2026-07-18 06:03:52.944519+00:00
1999,2026-07-15,popularPlayers,399,K. Charles,GSV,2.2,764.0,0.6947673322456893,2026-07-18 06:03:50.801361+00:00
1999,2026-07-15,popularPlayers,609,N. Coffey,MIN,0.9,631.0,2.3176341127380327,2026-07-18 06:03:50.801361+00:00
1999,2026-07-15,mostCommon3xPlayers,615,L. Amihere,GSV,3.0,168.0,0.18112284599817188,2026-07-18 06:03:50.801361+00:00
1999,2026-07-15,popularPlayers,624,C. Clark,IND,0.3,1300.0,2.4528176623034934,2026-07-18 06:03:50.801361+00:00
1999,2026-07-15,popularPlayers,626,K. Mitchell,IND,0.2,3400.0,3.05790978064506,2026-07-18 06:03:50.801361+00:00
1999,2026-07-15,popularPlayers,627,A. Boston,IND,0.2,2700.0,2.275917948345889,2026-07-18 06:03:50.801361+00:00
1999,2026-07-15,highestBoostedValuePlayers,641,K. Thornton,GSV,1.7,54.0,2.091579431499933,2026-07-18 06:03:50.801361+00:00
1999,2026-07-15,highestBoostedValuePlayers,645,C. Vandersloot,CHI,1.7,3.0,2.6103572875339776,2026-07-18 06:03:50.801361+00:00
1999,2026-07-15,popularPlayers,652,N. Hiedeman,SEA,0.6,1200.0,0.9100571204448499,2026-07-18 06:03:50.801361+00:00
1999,2026-07-15,highestBoostedValuePlayers,654,C. Williams,MIN,0.4,154.0,3.0145796474791977,2026-07-18 06:03:50.801361+00:00
1999,2026-07-15,highestBoostedValuePlayers,657,C. Zandalasini,GSV,2.6,28.0,1.8332837355128238,2026-07-18 06:03:50.801361+00:00
1999,2026-07-15,highestBoostedValuePlayers,660,K. McBride,MIN,0.5,403.0,2.899940097805964,2026-07-18 06:03:50.801361+00:00
1999,2026-07-15,popularPlayers,671,S. Cunningham,IND,1.7,1100.0,1.910531328154459,2026-07-18 06:03:50.801361+00:00
1999,2026-07-15,highestBoostedValuePlayers,677,N. Cloud,CHI,1.1,17.0,3.5573696815446656,2026-07-18 06:03:50.801361+00:00
1999,2026-07-15,highestBoostedValuePlayers,682,A. Atkins,LAS,1.6,1.0,2.3218194093615963,2026-07-18 06:03:50.801361+00:00
1999,2026-07-15,mostCommon3xPlayers,689,M. Hines-Allen,IND,3.0,175.0,0.0,2026-07-18 06:03:50.801361+00:00
1999,2026-07-15,highestBoostedValuePlayers,708,E. Williams,CHI,2.4,2.0,3.45726043858474,2026-07-18 06:03:50.801361+00:00
1999,2026-07-15,highestBoostedValuePlayers,711,A. Stevens,CHI,1.1,128.0,3.700951585668319,2026-07-18 06:03:50.801361+00:00
1999,2026-07-15,highestBoostedValuePlayers,714,R. Burrell,LAS,1.3,38.0,3.7008970583923624,2026-07-18 06:03:50.801361+00:00
1999,2026-07-15,popularPlayers,718,D. Hamby,LAS,0.5,921.0,1.6809008593618147,2026-07-18 06:03:50.801361+00:00
1999,2026-07-15,highestBoostedValuePlayers,738,N. Ogwumike,LAS,0.3,209.0,5.043302178054129,2026-07-18 06:03:50.801361+00:00
1999,2026-07-15,popularPlayers,747,T. Harris,IND,2.4,605.0,0.5757322446075592,2026-07-18 06:03:50.801361+00:00
1999,2026-07-15,popularPlayers,759,V. Burton,GSV,0.5,2400.0,1.9221554159554364,2026-07-18 06:03:50.801361+00:00
1999,2026-07-15,highestBoostedValuePlayers,760,N. Howard,MIN,0.3,196.0,3.73126903904185,2026-07-18 06:03:50.801361+00:00
1999,2026-07-15,highestBoostedValuePlayers,4322742,D. Malonga,SEA,0.6,152.0,3.628317765632909,2026-07-18 06:03:50.801361+00:00
1999,2026-07-15,highestBoostedValuePlayers,4322753,A. Kosu,MIN,3.0,1.0,1.6787575342593262,2026-07-18 06:03:50.801361+00:00
1999,2026-07-15,mostCommon3xPlayers,4322756,M. Timpson,IND,3.0,177.0,1.060988614619175,2026-07-18 06:03:50.801361+00:00
1999,2026-07-15,highestBoostedValuePlayers,4322793,K. Chen,GSV,2.4,48.0,3.2463669083085147,2026-07-18 06:03:50.801361+00:00
1999,2026-07-15,popularPlayers,4322797,J. Salaün,GSV,1.0,1500.0,2.237126352477153,2026-07-18 06:03:50.801361+00:00
1999,2026-07-15,highestBoostedValuePlayers,4322854,O. Miles,MIN,0.1,1800.0,4.003098428966364,2026-07-18 06:03:50.801361+00:00
1999,2026-07-15,highestBoostedValuePlayers,4322855,A. Fam,SEA,1.1,12.0,2.8242908056678186,2026-07-18 06:03:50.801361+00:00
1999,2026-07-15,highestBoostedValuePlayers,4322858,G. Jaquez,CHI,1.9,5.0,1.8277772422608192,2026-07-18 06:03:50.801361+00:00
1999,2026-07-15,highestBoostedValuePlayers,4322859,F. Johnson,SEA,0.9,88.0,4.881753892069564,2026-07-18 06:03:50.801361+00:00
1999,2026-07-15,mostCommon3xPlayers,4322862,R. Johnson,IND,3.0,206.0,0.0,2026-07-18 06:03:50.801361+00:00
1999,2026-07-15,highestBoostedValuePlayers,4322900,S. Taylor,CHI,1.0,14.0,2.54211375052559,2026-07-18 06:03:50.801361+00:00
2004,2026-07-16,highestBoostedValuePlayers,336,L. Geiselsöder,POR,3.0,2.0,0.28991000000000006,2026-07-21 06:02:51.824707+00:00
2004,2026-07-16,popularPlayers,599,M. Gustafson,POR,1.2,72.0,0.0,2026-07-21 06:02:51.824707+00:00
2004,2026-07-16,highestBoostedValuePlayers,620,N. Puoch,POR,3.0,1.0,0.41187999999999997,2026-07-21 06:02:51.824707+00:00
2004,2026-07-16,highestBoostedValuePlayers,663,B. Carleton,POR,0.9,152.0,1.763288558009554,2026-07-21 06:02:51.824707+00:00
2004,2026-07-16,popularPlayers,686,K. Samuelson,POR,3.0,31.0,0.09753983747686552,2026-07-21 06:02:51.824707+00:00
2004,2026-07-16,highestBoostedValuePlayers,687,E. Engstler,POR,1.1,121.0,2.382444454435189,2026-07-21 06:02:51.824707+00:00
2004,2026-07-16,highestBoostedValuePlayers,691,S. Austin,WAS,0.6,470.0,3.30638315385517,2026-07-21 06:02:51.824707+00:00
2004,2026-07-16,highestBoostedValuePlayers,700,M. Onyenwere,WAS,1.6,70.0,1.4576123687327656,2026-07-21 06:02:51.824707+00:00
2004,2026-07-16,highestBoostedValuePlayers,762,C. Leite,POR,0.9,202.0,2.9567659104339863,2026-07-21 06:02:51.824707+00:00
2004,2026-07-16,highestBoostedValuePlayers,4322715,H. Winterburn,POR,3.0,2.0,0.40166701169748525,2026-07-21 06:02:51.824707+00:00
2004,2026-07-16,highestBoostedValuePlayers,4322741,S. Citron,WAS,0.4,511.0,1.5046554689568996,2026-07-21 06:02:51.824707+00:00
2004,2026-07-16,highestBoostedValuePlayers,4322743,K. Iriafen,WAS,0.5,1000.0,0.5910653397942284,2026-07-21 06:02:51.824707+00:00
2004,2026-07-16,popularPlayers,4322744,G. Amoore,WAS,3.0,378.0,-0.01721897525263911,2026-07-21 06:02:51.824707+00:00
2004,2026-07-16,highestBoostedValuePlayers,4322748,S. Barker,POR,1.4,101.0,3.01321109467392,2026-07-21 06:02:51.824707+00:00
2004,2026-07-16,highestBoostedValuePlayers,4322857,L. Betts,WAS,2.7,93.0,1.3083422307827466,2026-07-21 06:02:51.824707+00:00
2004,2026-07-16,highestBoostedValuePlayers,4322863,A. Dugalić,WAS,3.0,2.0,0.557779,2026-07-21 06:02:51.824707+00:00
2004,2026-07-16,highestBoostedValuePlayers,4322864,C. McMahon,WAS,3.0,2.0,0.63660515,2026-07-21 06:02:51.824707+00:00
2004,2026-07-16,highestBoostedValuePlayers,4322870,C. Prosper,WAS,3.0,1.0,0.19602837790930905,2026-07-21 06:02:51.824707+00:00
2004,2026-07-16,highestBoostedValuePlayers,4322873,F. Buhner,POR,3.0,2.0,1.751529731684228,2026-07-21 06:02:51.824707+00:00
2004,2026-07-16,highestBoostedValuePlayers,4322883,R. Harmon,WAS,3.0,5.0,0.21720823169403414,2026-07-21 06:02:51.824707+00:00
2004,2026-07-16,highestBoostedValuePlayers,4322887,S. Williams,POR,3.0,7.0,2.738243611550802,2026-07-21 06:02:51.824707+00:00
2004,2026-07-16,highestBoostedValuePlayers,4322926,T. Oblak,POR,2.9,1.0,1.134054005340954,2026-07-21 06:02:51.824707+00:00
2004,2026-07-16,highestBoostedValuePlayers,4322939,A. Flórez,WAS,2.0,1.0,0.6625868526720132,2026-07-21 06:02:51.824707+00:00
2005,2026-07-17,mostCommon3xPlayers,456,L. Held,PHO,3.0,133.0,1.3667748265162838,2026-07-21 06:02:50.860364+00:00
2005,2026-07-17,highestBoostedValuePlayers,605,A. Gray,ATL,0.5,193.0,4.062663641182773,2026-07-21 06:02:50.860364+00:00
2005,2026-07-17,highestBoostedValuePlayers,606,J. Canada,ATL,0.5,158.0,5.605681071125661,2026-07-21 06:02:50.860364+00:00
2005,2026-07-17,popularPlayers,616,R. Howard,ATL,0.2,1500.0,2.5344852213995375,2026-07-21 06:02:50.860364+00:00
2005,2026-07-17,highestBoostedValuePlayers,617,N. Hillmon,ATL,1.6,2.0,3.6686056540471137,2026-07-21 06:02:50.860364+00:00
2005,2026-07-17,leaderboard_lineup,622,E. Wheeler,UNK,1.5,,2.2193537621050665,2026-07-18 06:03:45.520292+00:00
2005,2026-07-17,highestBoostedValuePlayers,624,C. Clark,IND,0.3,457.0,9.211079227693519,2026-07-21 06:02:50.860364+00:00
2005,2026-07-17,highestBoostedValuePlayers,626,K. Mitchell,IND,0.3,864.0,4.504099351669758,2026-07-21 06:02:50.860364+00:00
2005,2026-07-17,highestBoostedValuePlayers,635,K. Burke,CON,1.9,34.0,2.9685619108637313,2026-07-21 06:02:50.860364+00:00
2005,2026-07-17,popularPlayers,652,N. Hiedeman,SEA,0.6,965.0,3.276343976162291,2026-07-21 06:02:50.860364+00:00
2005,2026-07-17,popularPlayers,670,K. Copper,PHO,0.6,2000.0,2.3154152856297356,2026-07-21 06:02:50.860364+00:00
2005,2026-07-17,highestBoostedValuePlayers,677,N. Cloud,CHI,1.1,22.0,3.8656607929842766,2026-07-21 06:02:50.860364+00:00
2005,2026-07-17,popularPlayers,697,M. Mabrey,TOR,0.3,2100.0,3.665221436557716,2026-07-21 06:02:50.860364+00:00
2005,2026-07-17,highestBoostedValuePlayers,701,A. Reese,ATL,0.4,863.0,3.7336009538078763,2026-07-21 06:02:50.860364+00:00
2005,2026-07-17,highestBoostedValuePlayers,711,A. Stevens,CHI,1.1,132.0,3.1485902194731623,2026-07-21 06:02:50.860364+00:00
2005,2026-07-17,highestBoostedValuePlayers,712,M. Billings,IND,1.9,5.0,3.5414448922509085,2026-07-21 06:02:50.860364+00:00
2005,2026-07-17,popularPlayers,714,R. Burrell,LAS,1.2,1300.0,1.386421137881082,2026-07-21 06:02:50.860364+00:00
2005,2026-07-17,popularPlayers,716,C. Brink,LAS,1.7,889.0,1.2535739003062687,2026-07-21 06:02:50.860364+00:00
2005,2026-07-17,popularPlayers,718,D. Hamby,LAS,0.6,867.0,2.953907038127682,2026-07-21 06:02:50.860364+00:00
2005,2026-07-17,leaderboard_lineup,729,J. Melbourne,UNK,1.6,,2.3285987180508187,2026-07-18 06:03:45.520292+00:00
2005,2026-07-17,highestBoostedValuePlayers,738,N. Ogwumike,LAS,0.3,505.0,4.2633365332447575,2026-07-21 06:02:50.860364+00:00
2005,2026-07-17,highestBoostedValuePlayers,744,L. Lacan,CON,0.7,42.0,5.759851162117602,2026-07-21 06:02:50.860364+00:00
2005,2026-07-17,popularPlayers,745,A. Thomas,PHO,0.2,2000.0,3.102631747450784,2026-07-21 06:02:50.860364+00:00
2005,2026-07-17,popularPlayers,749,O. Nelson-Ododa,CON,1.3,775.0,1.8348600750170816,2026-07-21 06:02:50.860364+00:00
2005,2026-07-17,popularPlayers,750,D. Bonner,PHO,1.3,978.0,1.5155745806042558,2026-07-21 06:02:50.860364+00:00
2005,2026-07-17,highestBoostedValuePlayers,757,J. Sheldon,CHI,2.7,4.0,2.47989550257284,2026-07-21 06:02:50.860364+00:00
2005,2026-07-17,highestBoostedValuePlayers,4322742,D. Malonga,SEA,0.6,248.0,5.157727943323828,2026-07-21 06:02:50.860364+00:00
2005,2026-07-17,highestBoostedValuePlayers,4322756,M. Timpson,IND,3.0,3.0,2.533725845133899,2026-07-21 06:02:50.860364+00:00
2005,2026-07-17,highestBoostedValuePlayers,4322794,M. Conde,TOR,1.8,3.0,3.073847853457645,2026-07-21 06:02:50.860364+00:00
2005,2026-07-17,highestBoostedValuePlayers,4322855,A. Fam,SEA,1.1,10.0,5.059745830687357,2026-07-21 06:02:50.860364+00:00
2005,2026-07-17,highestBoostedValuePlayers,4322859,F. Johnson,SEA,0.9,199.0,4.466422616747749,2026-07-21 06:02:50.860364+00:00
2005,2026-07-17,mostCommon3xPlayers,4322865,M. Okot,ATL,3.0,36.0,0.20823060241496588,2026-07-21 06:02:50.860364+00:00
2005,2026-07-17,mostCommon3xPlayers,4322866,N. Angloma,CON,3.0,103.0,0.0,2026-07-21 06:02:50.860364+00:00
2005,2026-07-17,highestBoostedValuePlayers,4322872,C. Leger-Walker,CON,2.3,37.0,2.087254372162557,2026-07-21 06:02:50.860364+00:00
2005,2026-07-17,highestBoostedValuePlayers,4322900,S. Taylor,CHI,1.0,28.0,2.8779963577149466,2026-07-21 06:02:50.860364+00:00
2005,2026-07-17,mostCommon3xPlayers,4322915,R. Beers,CON,3.0,108.0,0.6815460000000001,2026-07-21 06:02:50.860364+00:00
2008,2026-07-18,highestBoostedValuePlayers,184,G. Williams,GSV,0.8,193.0,4.130397572850565,2026-07-23 06:00:38.913564+00:00
2008,2026-07-18,popularPlayers,609,N. Coffey,MIN,0.9,613.0,1.663726818534379,2026-07-23 06:00:38.913564+00:00
2008,2026-07-18,popularPlayers,624,C. Clark,IND,0.2,3000.0,1.7885038830703366,2026-07-23 06:00:38.913564+00:00
2008,2026-07-18,highestBoostedValuePlayers,626,K. Mitchell,IND,0.2,388.0,4.9792409956285955,2026-07-23 06:00:38.913564+00:00
2008,2026-07-18,leaderboard_lineup,627,A. Boston,UNK,0.3,,2.866412751878166,2026-07-21 06:02:48.842631+00:00
2008,2026-07-18,highestBoostedValuePlayers,631,L. Hull,IND,3.0,1.0,1.8154009480575484,2026-07-23 06:00:38.913564+00:00
2008,2026-07-18,popularPlayers,637,S. Ionescu,NYL,0.7,3300.0,2.5640629492205305,2026-07-23 06:00:38.913564+00:00
2008,2026-07-18,highestBoostedValuePlayers,639,B. Stewart,NYL,0.1,1200.0,5.312489328613977,2026-07-23 06:00:38.913564+00:00
2008,2026-07-18,highestBoostedValuePlayers,641,K. Thornton,GSV,1.7,9.0,2.3368458457086745,2026-07-23 06:00:38.913564+00:00
2008,2026-07-18,popularPlayers,643,J. Jones,NYL,0.4,1000.0,2.2253121574190358,2026-07-23 06:00:38.913564+00:00
2008,2026-07-18,highestBoostedValuePlayers,654,C. Williams,MIN,0.4,157.0,3.754686168903109,2026-07-23 06:00:38.913564+00:00
2008,2026-07-18,highestBoostedValuePlayers,659,D. Juhász,MIN,2.5,4.0,3.12163897062994,2026-07-23 06:00:38.913564+00:00
2008,2026-07-18,highestBoostedValuePlayers,660,K. McBride,MIN,0.5,214.0,3.7790803257113246,2026-07-23 06:00:38.913564+00:00
2008,2026-07-18,highestBoostedValuePlayers,663,B. Carleton,POR,0.9,89.0,4.675599472522748,2026-07-23 06:00:38.913564+00:00
2008,2026-07-18,highestBoostedValuePlayers,671,S. Cunningham,IND,1.8,17.0,2.807184015236581,2026-07-23 06:00:38.913564+00:00
2008,2026-07-18,popularPlayers,687,E. Engstler,POR,1.1,910.0,2.3707614521058,2026-07-23 06:00:38.913564+00:00
2008,2026-07-18,popularPlayers,691,S. Austin,WAS,0.6,1200.0,3.2255059709167866,2026-07-23 06:00:38.913564+00:00
2008,2026-07-18,highestBoostedValuePlayers,700,M. Onyenwere,WAS,1.7,59.0,2.387582868626305,2026-07-23 06:00:38.913564+00:00
2008,2026-07-18,highestBoostedValuePlayers,747,T. Harris,IND,2.6,1.0,2.4723418369436576,2026-07-23 06:00:38.913564+00:00
2008,2026-07-18,highestBoostedValuePlayers,759,V. Burton,GSV,0.5,160.0,3.8825641599440104,2026-07-23 06:00:38.913564+00:00
2008,2026-07-18,highestBoostedValuePlayers,760,N. Howard,MIN,0.3,208.0,4.498927395838391,2026-07-23 06:00:38.913564+00:00
2008,2026-07-18,highestBoostedValuePlayers,762,C. Leite,POR,0.9,95.0,4.0541775881714495,2026-07-23 06:00:38.913564+00:00
2008,2026-07-18,popularPlayers,4322741,S. Citron,WAS,0.4,1400.0,2.6620727893087586,2026-07-23 06:00:38.913564+00:00
2008,2026-07-18,popularPlayers,4322743,K. Iriafen,WAS,0.6,1000.0,0.844488328904749,2026-07-23 06:00:38.913564+00:00
2008,2026-07-18,highestBoostedValuePlayers,4322744,G. Amoore,WAS,3.0,8.0,1.8313730754612498,2026-07-23 06:00:38.913564+00:00
2008,2026-07-18,highestBoostedValuePlayers,4322748,S. Barker,POR,1.4,10.0,3.685647323171243,2026-07-23 06:00:38.913564+00:00
2008,2026-07-18,mostCommon3xPlayers,4322756,M. Timpson,IND,3.0,354.0,0.8885778881673839,2026-07-23 06:00:38.913564+00:00
2008,2026-07-18,popularPlayers,4322797,J. Salaün,GSV,1.0,920.0,1.6427262304791297,2026-07-23 06:00:38.913564+00:00
2008,2026-07-18,highestBoostedValuePlayers,4322854,O. Miles,MIN,0.1,1300.0,4.1891535010430765,2026-07-23 06:00:38.913564+00:00
2008,2026-07-18,highestBoostedValuePlayers,4322864,C. McMahon,WAS,3.0,2.0,2.0165714484442603,2026-07-23 06:00:38.913564+00:00
2008,2026-07-18,mostCommon3xPlayers,4322873,F. Buhner,POR,3.0,117.0,0.7853617872725208,2026-07-23 06:00:38.913564+00:00
2008,2026-07-18,popularPlayers,4322887,S. Williams,POR,3.0,728.0,1.3372667507336915,2026-07-23 06:00:38.913564+00:00
2008,2026-07-18,highestBoostedValuePlayers,4322905,P. Astier,NYL,1.1,12.0,3.0530028597992644,2026-07-23 06:00:38.913564+00:00
2012,2026-07-19,mostCommon3xPlayers,41,V. Ayayi,PHO,3.0,217.0,0.3336355749835173,2026-07-26 06:04:05.395537+00:00
2012,2026-07-19,highestBoostedValuePlayers,172,O. Sims,DAL,2.8,4.0,1.7786041037135336,2026-07-26 06:04:05.395537+00:00
2012,2026-07-19,mostCommon3xPlayers,456,L. Held,PHO,3.0,160.0,0.3107840951691792,2026-07-26 06:04:05.395537+00:00
2012,2026-07-19,highestBoostedValuePlayers,605,A. Gray,ATL,0.5,260.0,4.995710001781901,2026-07-26 06:04:05.395537+00:00
2012,2026-07-19,highestBoostedValuePlayers,606,J. Canada,ATL,0.4,218.0,4.330084818501865,2026-07-26 06:04:05.395537+00:00
2012,2026-07-19,highestBoostedValuePlayers,616,R. Howard,ATL,0.2,361.0,3.889404945723099,2026-07-26 06:04:05.395537+00:00
2012,2026-07-19,highestBoostedValuePlayers,618,I. Borlase,ATL,3.0,3.0,1.5175625165144384,2026-07-26 06:04:05.395537+00:00
2012,2026-07-19,highestBoostedValuePlayers,622,E. Wheeler,LAS,1.4,146.0,3.0237617293668566,2026-07-26 06:04:05.395537+00:00
2012,2026-07-19,highestBoostedValuePlayers,645,C. Vandersloot,CHI,1.7,1.0,2.8882954449634135,2026-07-26 06:04:05.395537+00:00
2012,2026-07-19,popularPlayers,653,J. Shepard,DAL,0.2,1700.0,3.0729163220844153,2026-07-26 06:04:05.395537+00:00
2012,2026-07-19,highestBoostedValuePlayers,664,B. Griner,CON,0.6,25.0,3.823069775715191,2026-07-26 06:04:05.395537+00:00
2012,2026-07-19,popularPlayers,670,K. Copper,PHO,0.6,2300.0,2.3392432368952085,2026-07-26 06:04:05.395537+00:00
2012,2026-07-19,popularPlayers,677,N. Cloud,CHI,1.0,1600.0,1.4132807968592012,2026-07-26 06:04:05.395537+00:00
2012,2026-07-19,popularPlayers,701,A. Reese,ATL,0.4,3200.0,1.7092451556061339,2026-07-26 06:04:05.395537+00:00
2012,2026-07-19,highestBoostedValuePlayers,705,K. Cardoso,CHI,0.4,193.0,2.8828435342249406,2026-07-26 06:04:05.395537+00:00
2012,2026-07-19,highestBoostedValuePlayers,711,A. Stevens,CHI,1.0,77.0,2.8646912365452453,2026-07-26 06:04:05.395537+00:00
2012,2026-07-19,popularPlayers,714,R. Burrell,LAS,1.3,1100.0,1.8788834914830237,2026-07-26 06:04:05.395537+00:00
2012,2026-07-19,highestBoostedValuePlayers,716,C. Brink,LAS,1.7,100.0,2.6528575962812835,2026-07-26 06:04:05.395537+00:00
2012,2026-07-19,popularPlayers,718,D. Hamby,LAS,0.6,684.0,2.4772684057509053,2026-07-26 06:04:05.395537+00:00
2012,2026-07-19,mostCommon3xPlayers,724,L. Yueru,DAL,3.0,47.0,1.01205904647249,2026-07-26 06:04:05.395537+00:00
2012,2026-07-19,popularPlayers,738,N. Ogwumike,LAS,0.3,1400.0,2.9436206679662913,2026-07-26 06:04:05.395537+00:00
2012,2026-07-19,popularPlayers,744,L. Lacan,CON,0.6,982.0,0.06343341380687026,2026-07-26 06:04:05.395537+00:00
2012,2026-07-19,highestBoostedValuePlayers,745,A. Thomas,PHO,0.3,559.0,3.6545137848391223,2026-07-26 06:04:05.395537+00:00
2012,2026-07-19,highestBoostedValuePlayers,749,O. Nelson-Ododa,CON,1.3,68.0,3.0435932948033173,2026-07-26 06:04:05.395537+00:00
2012,2026-07-19,highestBoostedValuePlayers,750,D. Bonner,PHO,1.3,148.0,3.867746693367137,2026-07-26 06:04:05.395537+00:00
2012,2026-07-19,highestBoostedValuePlayers,767,A. Ogunbowale,DAL,1.1,89.0,2.781791466423276,2026-07-26 06:04:05.395537+00:00
2012,2026-07-19,highestBoostedValuePlayers,4322738,M. Akoa Makani,PHO,1.8,21.0,2.2431457432652713,2026-07-26 06:04:05.395537+00:00
2012,2026-07-19,highestBoostedValuePlayers,4322740,P. Bueckers,DAL,0.1,2200.0,3.917473414107287,2026-07-26 06:04:05.395537+00:00
2012,2026-07-19,highestBoostedValuePlayers,4322856,A. Fudd,DAL,0.8,169.0,3.338979742308027,2026-07-26 06:04:05.395537+00:00
2012,2026-07-19,highestBoostedValuePlayers,4322865,M. Okot,ATL,3.0,1.0,2.3396681472766074,2026-07-26 06:04:05.395537+00:00
2012,2026-07-19,mostCommon3xPlayers,4322866,N. Angloma,CON,3.0,60.0,1.0888628057557006,2026-07-26 06:04:05.395537+00:00
2012,2026-07-19,popularPlayers,4322872,C. Leger-Walker,CON,2.2,1300.0,1.5646610776043528,2026-07-26 06:04:05.395537+00:00
2012,2026-07-19,highestBoostedValuePlayers,4322900,S. Taylor,CHI,1.0,58.0,2.785683953185526,2026-07-26 06:04:05.395537+00:00
2012,2026-07-19,mostCommon3xPlayers,4322915,R. Beers,CON,3.0,95.0,0.356642,2026-07-26 06:04:05.395537+00:00
2014,2026-07-20,leaderboard_lineup,172,O. Sims,UNK,2.7,,0.6393093168212086,2026-07-21 06:02:44.066046+00:00
2014,2026-07-20,popularPlayers,184,G. Williams,GSV,0.7,1400.0,1.020626556125297,2026-07-27 06:02:54.417168+00:00
2014,2026-07-20,highestBoostedValuePlayers,516,M. Fauthoux,NYL,3.0,2.0,2.503522730913355,2026-07-27 06:02:54.417168+00:00
2014,2026-07-20,highestBoostedValuePlayers,597,J. Young,LVA,0.2,147.0,6.8452640308840875,2026-07-27 06:02:54.417168+00:00
2014,2026-07-20,highestBoostedValuePlayers,598,A. Wilson,LVA,0.0,4100.0,6.9591266647081484,2026-07-27 06:02:54.417168+00:00
2014,2026-07-20,highestBoostedValuePlayers,602,C. Gray,LVA,0.6,119.0,3.79763309003667,2026-07-27 06:02:54.417168+00:00
2014,2026-07-20,highestBoostedValuePlayers,629,N. Smith,LVA,1.0,5.0,3.682882735216537,2026-07-27 06:02:54.417168+00:00
2014,2026-07-20,popularPlayers,637,S. Ionescu,NYL,0.7,2700.0,3.097351316785803,2026-07-27 06:02:54.417168+00:00
2014,2026-07-20,highestBoostedValuePlayers,639,B. Stewart,NYL,0.1,380.0,6.839845504705479,2026-07-27 06:02:54.417168+00:00
2014,2026-07-20,leaderboard_lineup,641,K. Thornton,UNK,1.6,,2.6360168114740916,2026-07-21 06:02:44.066046+00:00
2014,2026-07-20,highestBoostedValuePlayers,652,N. Hiedeman,SEA,0.6,103.0,3.650541528997543,2026-07-27 06:02:54.417168+00:00
2014,2026-07-20,popularPlayers,653,J. Shepard,DAL,0.2,2100.0,3.7391282613242365,2026-07-27 06:02:54.417168+00:00
2014,2026-07-20,highestBoostedValuePlayers,654,C. Williams,MIN,0.4,130.0,4.03083029527196,2026-07-27 06:02:54.417168+00:00
2014,2026-07-20,highestBoostedValuePlayers,660,K. McBride,MIN,0.5,236.0,5.634419531496936,2026-07-27 06:02:54.417168+00:00
2014,2026-07-20,mostCommon3xPlayers,673,R. Allen,NYL,3.0,29.0,1.5424081783756558,2026-07-27 06:02:54.417168+00:00
2014,2026-07-20,popularPlayers,691,S. Austin,WAS,0.6,1200.0,3.309330932340783,2026-07-27 06:02:54.417168+00:00
2014,2026-07-20,highestBoostedValuePlayers,696,I. Harrison,TOR,1.0,3.0,4.417863809176403,2026-07-27 06:02:54.417168+00:00
2014,2026-07-20,popularPlayers,697,M. Mabrey,TOR,0.3,1800.0,2.782834318374436,2026-07-27 06:02:54.417168+00:00
2014,2026-07-20,highestBoostedValuePlayers,709,Z. Cooke,SEA,3.0,2.0,2.3808568152168634,2026-07-27 06:02:54.417168+00:00
2014,2026-07-20,mostCommon3xPlayers,719,S. Talbot,LVA,3.0,44.0,0.8672498660871383,2026-07-27 06:02:54.417168+00:00
2014,2026-07-20,mostCommon3xPlayers,724,L. Yueru,DAL,3.0,17.0,0.9659509464076226,2026-07-27 06:02:54.417168+00:00
2014,2026-07-20,mostCommon3xPlayers,739,J. Horston,SEA,3.0,13.0,1.7445613709662975,2026-07-27 06:02:54.417168+00:00
2014,2026-07-20,highestBoostedValuePlayers,755,A. Kuier,DAL,2.7,3.0,3.0382605437352446,2026-07-27 06:02:54.417168+00:00
2014,2026-07-20,popularPlayers,759,V. Burton,GSV,0.5,1100.0,3.3246198929837303,2026-07-27 06:02:54.417168+00:00
2014,2026-07-20,popularPlayers,760,N. Howard,MIN,0.3,1300.0,2.764685634287649,2026-07-27 06:02:54.417168+00:00
2014,2026-07-20,highestBoostedValuePlayers,765,M. Siegrist,DAL,2.7,1.0,2.363853577556175,2026-07-27 06:02:54.417168+00:00
2014,2026-07-20,highestBoostedValuePlayers,767,A. Ogunbowale,DAL,1.1,71.0,4.702041257722712,2026-07-27 06:02:54.417168+00:00
2014,2026-07-20,popularPlayers,4322741,S. Citron,WAS,0.5,1200.0,3.2742576002500123,2026-07-27 06:02:54.417168+00:00
2014,2026-07-20,popularPlayers,4322742,D. Malonga,SEA,0.5,718.0,3.1023851104271247,2026-07-27 06:02:54.417168+00:00
2014,2026-07-20,highestBoostedValuePlayers,4322743,K. Iriafen,WAS,0.7,22.0,5.020727607416975,2026-07-27 06:02:54.417168+00:00
2014,2026-07-20,mostCommon3xPlayers,4322744,G. Amoore,WAS,3.0,18.0,1.9554280643233837,2026-07-27 06:02:54.417168+00:00
2014,2026-07-20,highestBoostedValuePlayers,4322793,K. Chen,GSV,2.4,4.0,4.921600396057132,2026-07-27 06:02:54.417168+00:00
2014,2026-07-20,highestBoostedValuePlayers,4322794,M. Conde,TOR,1.7,10.0,3.426491090581971,2026-07-27 06:02:54.417168+00:00
2014,2026-07-20,leaderboard_lineup,4322797,J. Salaün,UNK,1.1,,2.627678370179299,2026-07-21 06:02:44.066046+00:00
2014,2026-07-20,highestBoostedValuePlayers,4322854,O. Miles,MIN,0.1,561.0,6.93354924435148,2026-07-27 06:02:54.417168+00:00
2014,2026-07-20,highestBoostedValuePlayers,4322855,A. Fam,SEA,1.0,30.0,3.3554929707809507,2026-07-27 06:02:54.417168+00:00
2014,2026-07-20,popularPlayers,4322856,A. Fudd,DAL,0.8,1300.0,2.3604274381859995,2026-07-27 06:02:54.417168+00:00
2014,2026-07-20,highestBoostedValuePlayers,4322859,F. Johnson,SEA,0.8,157.0,3.9182356174222677,2026-07-27 06:02:54.417168+00:00
2017,2026-07-22,highestBoostedValuePlayers,563,M. Caldwell,MIN,3.0,1.0,2.576491004634982,2026-07-29 06:04:22.478887+00:00
2017,2026-07-22,popularPlayers,597,J. Young,LVA,0.1,1700.0,4.544908514752738,2026-07-29 06:04:22.478887+00:00
2017,2026-07-22,highestBoostedValuePlayers,598,A. Wilson,LVA,0.0,3900.0,8.670582881282538,2026-07-29 06:04:22.478887+00:00
2017,2026-07-22,highestBoostedValuePlayers,599,M. DiLeo,POR,1.2,12.0,3.296428141065969,2026-07-29 06:04:22.478887+00:00
2017,2026-07-22,popularPlayers,602,C. Gray,LVA,0.6,1000.0,3.6235647510317643,2026-07-29 06:04:22.478887+00:00
2017,2026-07-22,highestBoostedValuePlayers,624,C. Clark,IND,0.2,515.0,5.450567729628729,2026-07-29 06:04:22.478887+00:00
2017,2026-07-22,popularPlayers,626,K. Mitchell,IND,0.2,2300.0,4.459553122032332,2026-07-29 06:04:22.478887+00:00
2017,2026-07-22,highestBoostedValuePlayers,627,A. Boston,IND,0.3,177.0,4.66887644550301,2026-07-29 06:04:22.478887+00:00
2017,2026-07-22,leaderboard_lineup,631,L. Hull,UNK,2.9,,1.6600539063868613,2026-07-23 06:00:31.881721+00:00
2017,2026-07-22,highestBoostedValuePlayers,637,S. Ionescu,NYL,0.7,433.0,5.474755450885371,2026-07-29 06:04:22.478887+00:00
2017,2026-07-22,popularPlayers,639,B. Stewart,NYL,0.1,3300.0,4.29549487867462,2026-07-29 06:04:22.478887+00:00
2017,2026-07-22,popularPlayers,643,J. Jones,NYL,0.4,821.0,3.4335550891732813,2026-07-29 06:04:22.478887+00:00
2017,2026-07-22,popularPlayers,652,N. Hiedeman,SEA,0.6,792.0,1.9080271396984108,2026-07-29 06:04:22.478887+00:00
2017,2026-07-22,highestBoostedValuePlayers,653,J. Shepard,DAL,0.2,196.0,5.553703884225682,2026-07-29 06:04:22.478887+00:00
2017,2026-07-22,popularPlayers,660,K. McBride,MIN,0.4,1300.0,4.236792543094916,2026-07-29 06:04:22.478887+00:00
2017,2026-07-22,mostCommon3xPlayers,673,R. Allen,NYL,3.0,50.0,1.9524534383349874,2026-07-29 06:04:22.478887+00:00
2017,2026-07-22,highestBoostedValuePlayers,682,A. Atkins,LAS,1.6,3.0,3.311644000649043,2026-07-29 06:04:22.478887+00:00
2017,2026-07-22,highestBoostedValuePlayers,691,S. Austin,WAS,0.6,31.0,4.54475610601115,2026-07-29 06:04:22.478887+00:00
2017,2026-07-22,popularPlayers,711,A. Stevens,CHI,1.0,835.0,3.0525933022896385,2026-07-29 06:04:22.478887+00:00
2017,2026-07-22,highestBoostedValuePlayers,712,M. Billings,IND,1.8,3.0,2.740581227516566,2026-07-29 06:04:22.478887+00:00
2017,2026-07-22,popularPlayers,716,C. Brink,LAS,1.7,1100.0,0.9102848623344204,2026-07-29 06:04:22.478887+00:00
2017,2026-07-22,highestBoostedValuePlayers,718,D. Hamby,LAS,0.6,3.0,4.96956542358488,2026-07-29 06:04:22.478887+00:00
2017,2026-07-22,popularPlayers,738,N. Ogwumike,LAS,0.3,1100.0,1.9391475202975497,2026-07-29 06:04:22.478887+00:00
2017,2026-07-22,highestBoostedValuePlayers,745,A. Thomas,PHO,0.3,140.0,6.2273019642405645,2026-07-29 06:04:22.478887+00:00
2017,2026-07-22,highestBoostedValuePlayers,747,T. Harris,IND,2.4,4.0,3.3901186602358435,2026-07-29 06:04:22.478887+00:00
2017,2026-07-22,popularPlayers,760,N. Howard,MIN,0.3,810.0,3.2678336238238583,2026-07-29 06:04:22.478887+00:00
2017,2026-07-22,leaderboard_lineup,762,C. Leite,UNK,0.8,,3.6403190526119062,2026-07-23 06:00:31.881721+00:00
2017,2026-07-22,highestBoostedValuePlayers,765,M. Siegrist,DAL,2.6,3.0,2.751725950191373,2026-07-29 06:04:22.478887+00:00
2017,2026-07-22,highestBoostedValuePlayers,767,A. Ogunbowale,DAL,1.0,105.0,4.444684908602414,2026-07-29 06:04:22.478887+00:00
2017,2026-07-22,popularPlayers,4322740,P. Bueckers,DAL,0.1,1000.0,3.1232940764321397,2026-07-29 06:04:22.478887+00:00
2017,2026-07-22,highestBoostedValuePlayers,4322742,D. Malonga,SEA,0.5,15.0,4.267175964139014,2026-07-29 06:04:22.478887+00:00
2017,2026-07-22,mostCommon3xPlayers,4322756,M. Timpson,IND,3.0,47.0,2.161312549486735,2026-07-29 06:04:22.478887+00:00
2017,2026-07-22,popularPlayers,4322854,O. Miles,MIN,0.1,2900.0,2.605961530599273,2026-07-29 06:04:22.478887+00:00
2017,2026-07-22,popularPlayers,4322856,A. Fudd,DAL,0.8,932.0,1.491805230581406,2026-07-29 06:04:22.478887+00:00
2017,2026-07-22,highestBoostedValuePlayers,4322857,L. Betts,WAS,2.7,1.0,2.6320300389242273,2026-07-29 06:04:22.478887+00:00
2017,2026-07-22,mostCommon3xPlayers,4322864,C. McMahon,WAS,3.0,95.0,1.7166572071086341,2026-07-29 06:04:22.478887+00:00
2017,2026-07-22,highestBoostedValuePlayers,4322873,F. Buhner,POR,3.0,4.0,2.359062295919341,2026-07-29 06:04:22.478887+00:00
2017,2026-07-22,highestBoostedValuePlayers,4322887,S. Williams,POR,3.0,8.0,2.0832283815514656,2026-07-29 06:04:22.478887+00:00
2017,2026-07-22,highestBoostedValuePlayers,4322900,S. Taylor,CHI,1.0,10.0,5.449643587500328,2026-07-29 06:04:22.478887+00:00
2017,2026-07-22,leaderboard_lineup,4322905,P. Astier,UNK,1.1,,1.593915529202606,2026-07-23 06:00:31.881721+00:00
2027,2026-07-28,highestBoostedValuePlayers,449,R. Gardner,NYL,3.0,2.0,2.937947840733475,2026-08-02 06:01:14.868925+00:00
2027,2026-07-28,highestBoostedValuePlayers,516,M. Fauthoux,NYL,3.0,1.0,2.6508204886380455,2026-08-02 06:01:14.868925+00:00
2027,2026-07-28,highestBoostedValuePlayers,553,H. Xu,NYL,3.0,9.0,2.8861489770971933,2026-08-02 06:01:14.868925+00:00
2027,2026-07-28,popularPlayers,597,J. Young,LVA,0.1,1600.0,4.183291749890088,2026-08-02 06:01:14.868925+00:00
2027,2026-07-28,popularPlayers,598,A. Wilson,LVA,0.0,5800.0,5.333389417638215,2026-08-02 06:01:14.868925+00:00
2027,2026-07-28,highestBoostedValuePlayers,599,M. DiLeo,POR,1.2,9.0,3.479705756006577,2026-08-02 06:01:14.868925+00:00
2027,2026-07-28,popularPlayers,602,C. Gray,LVA,0.5,926.0,3.2688505449847303,2026-08-02 06:01:14.868925+00:00
2027,2026-07-28,highestBoostedValuePlayers,622,E. Wheeler,LAS,1.4,8.0,4.959146426687448,2026-08-02 06:01:14.868925+00:00
2027,2026-07-28,highestBoostedValuePlayers,624,C. Clark,IND,0.2,486.0,6.208457655912997,2026-08-02 06:01:14.868925+00:00
2027,2026-07-28,popularPlayers,626,K. Mitchell,IND,0.2,2200.0,3.9420130925735704,2026-08-02 06:01:14.868925+00:00
2027,2026-07-28,popularPlayers,627,A. Boston,IND,0.3,1200.0,1.886642261458451,2026-08-02 06:01:14.868925+00:00
2027,2026-07-28,highestBoostedValuePlayers,637,S. Ionescu,NYL,0.6,264.0,5.110921417031062,2026-08-02 06:01:14.868925+00:00
2027,2026-07-28,highestBoostedValuePlayers,639,B. Stewart,NYL,0.1,363.0,6.895612499401404,2026-08-02 06:01:14.868925+00:00
2027,2026-07-28,popularPlayers,643,J. Jones,NYL,0.4,1100.0,2.2460176853904463,2026-08-02 06:01:14.868925+00:00
2027,2026-07-28,highestBoostedValuePlayers,652,N. Hiedeman,SEA,0.6,110.0,5.777167553239413,2026-08-02 06:01:14.868925+00:00
2027,2026-07-28,popularPlayers,654,C. Williams,MIN,0.4,727.0,1.3454721401442071,2026-08-02 06:01:14.868925+00:00
2027,2026-07-28,highestBoostedValuePlayers,660,K. McBride,MIN,0.4,154.0,4.45456577306841,2026-08-02 06:01:14.868925+00:00
2027,2026-07-28,mostCommon3xPlayers,673,R. Allen,NYL,3.0,340.0,1.5695107687677785,2026-08-02 06:01:14.868925+00:00
2027,2026-07-28,highestBoostedValuePlayers,682,A. Atkins,LAS,1.5,7.0,3.1429180430415014,2026-08-02 06:01:14.868925+00:00
2027,2026-07-28,popularPlayers,697,M. Mabrey,TOR,0.3,1600.0,4.254196431276919,2026-08-02 06:01:14.868925+00:00
2027,2026-07-28,mostCommon3xPlayers,709,Z. Cooke,SEA,3.0,37.0,1.3701418992713346,2026-08-02 06:01:14.868925+00:00
2027,2026-07-28,highestBoostedValuePlayers,714,R. Burrell,LAS,1.3,14.0,4.089007451186045,2026-08-02 06:01:14.868925+00:00
2027,2026-07-28,popularPlayers,716,C. Brink,LAS,1.7,1100.0,2.221589330460317,2026-08-02 06:01:14.868925+00:00
2027,2026-07-28,popularPlayers,718,D. Hamby,LAS,0.6,878.0,2.4604043678063414,2026-08-02 06:01:14.868925+00:00
2027,2026-07-28,highestBoostedValuePlayers,738,N. Ogwumike,LAS,0.3,133.0,6.513343925939864,2026-08-02 06:01:14.868925+00:00
2027,2026-07-28,highestBoostedValuePlayers,749,O. Nelson-Ododa,CON,1.3,3.0,3.3534339114073286,2026-08-02 06:01:14.868925+00:00
2027,2026-07-28,popularPlayers,760,N. Howard,MIN,0.3,774.0,3.0137782507078463,2026-08-02 06:01:14.868925+00:00
2027,2026-07-28,highestBoostedValuePlayers,4322743,K. Iriafen,WAS,0.6,10.0,4.235730481985331,2026-08-02 06:01:14.868925+00:00
2027,2026-07-28,mostCommon3xPlayers,4322744,G. Amoore,WAS,3.0,131.0,1.9535792228554314,2026-08-02 06:01:14.868925+00:00
2027,2026-07-28,highestBoostedValuePlayers,4322745,A. Morrow,CON,1.1,2.0,4.481343673182132,2026-08-02 06:01:14.868925+00:00
2027,2026-07-28,mostCommon3xPlayers,4322756,M. Timpson,IND,3.0,70.0,1.1707834494358917,2026-08-02 06:01:14.868925+00:00
2027,2026-07-28,highestBoostedValuePlayers,4322794,M. Conde,TOR,1.6,68.0,3.3003525018839084,2026-08-02 06:01:14.868925+00:00
2027,2026-07-28,highestBoostedValuePlayers,4322854,O. Miles,MIN,0.1,369.0,5.198139378561087,2026-08-02 06:01:14.868925+00:00
2027,2026-07-28,popularPlayers,4322859,F. Johnson,SEA,0.8,1200.0,3.0195724488483577,2026-08-02 06:01:14.868925+00:00
2027,2026-07-28,highestBoostedValuePlayers,4322864,C. McMahon,WAS,2.9,1.0,2.4603505510574295,2026-08-02 06:01:14.868925+00:00
2027,2026-07-28,highestBoostedValuePlayers,4322873,F. Buhner,POR,3.0,2.0,3.2114558015427352,2026-08-02 06:01:14.868925+00:00
2030,2026-07-29,highestBoostedValuePlayers,41,V. Ayayi,PHO,3.0,12.0,1.7234739576605616,2026-08-03 06:04:19.851456+00:00
2030,2026-07-29,highestBoostedValuePlayers,399,K. Charles,GSV,2.4,89.0,3.264400121508663,2026-08-03 06:04:19.851456+00:00
2030,2026-07-29,mostCommon3xPlayers,456,L. Held,PHO,3.0,165.0,0.0,2026-08-03 06:04:19.851456+00:00
2030,2026-07-29,popularPlayers,603,K. Stokes,GSV,2.1,644.0,0.816396887219493,2026-08-03 06:04:19.851456+00:00
2030,2026-07-29,highestBoostedValuePlayers,605,A. Gray,ATL,0.5,283.0,4.071808239398799,2026-08-03 06:04:19.851456+00:00
2030,2026-07-29,popularPlayers,606,J. Canada,ATL,0.4,1600.0,1.2083079212807766,2026-08-03 06:04:19.851456+00:00
2030,2026-07-29,highestBoostedValuePlayers,615,L. Amihere,GSV,3.0,15.0,1.8685126934019871,2026-08-03 06:04:19.851456+00:00
2030,2026-07-29,highestBoostedValuePlayers,616,R. Howard,ATL,0.2,364.0,2.866065797157829,2026-08-03 06:04:19.851456+00:00
2030,2026-07-29,popularPlayers,617,N. Hillmon,ATL,1.6,659.0,0.6283475691204594,2026-08-03 06:04:19.851456+00:00
2030,2026-07-29,highestBoostedValuePlayers,618,I. Borlase,ATL,3.0,30.0,1.312083984636393,2026-08-03 06:04:19.851456+00:00
2030,2026-07-29,highestBoostedValuePlayers,641,K. Thornton,GSV,1.6,122.0,1.9195872454310892,2026-08-03 06:04:19.851456+00:00
2030,2026-07-29,highestBoostedValuePlayers,653,J. Shepard,DAL,0.2,569.0,4.051888712911307,2026-08-03 06:04:19.851456+00:00
2030,2026-07-29,highestBoostedValuePlayers,657,C. Zandalasini,GSV,2.6,16.0,2.849970100471332,2026-08-03 06:04:19.851456+00:00
2030,2026-07-29,popularPlayers,668,N. Mack,PHO,0.9,738.0,2.151286635887285,2026-08-03 06:04:19.851456+00:00
2030,2026-07-29,highestBoostedValuePlayers,670,K. Copper,PHO,0.6,268.0,5.088959670304254,2026-08-03 06:04:19.851456+00:00
2030,2026-07-29,highestBoostedValuePlayers,701,A. Reese,ATL,0.4,446.0,5.094659791623273,2026-08-03 06:04:19.851456+00:00
2030,2026-07-29,highestBoostedValuePlayers,745,A. Thomas,PHO,0.2,888.0,5.110282246279752,2026-08-03 06:04:19.851456+00:00
2030,2026-07-29,highestBoostedValuePlayers,750,D. Bonner,PHO,1.2,132.0,4.402172613810362,2026-08-03 06:04:19.851456+00:00
2030,2026-07-29,highestBoostedValuePlayers,754,B. Jones,ATL,1.1,9.0,2.268604521239175,2026-08-03 06:04:19.851456+00:00
2030,2026-07-29,highestBoostedValuePlayers,759,V. Burton,GSV,0.5,259.0,3.4295494541517226,2026-08-03 06:04:19.851456+00:00
2030,2026-07-29,highestBoostedValuePlayers,767,A. Ogunbowale,DAL,0.9,231.0,4.80545698851764,2026-08-03 06:04:19.851456+00:00
2030,2026-07-29,highestBoostedValuePlayers,366584,T. Hayes,GSV,2.3,14.0,2.0388910857726077,2026-08-03 06:04:19.851456+00:00
2030,2026-07-29,popularPlayers,4322738,M. Akoa Makani,PHO,1.7,728.0,0.14278614132257447,2026-08-03 06:04:19.851456+00:00
2030,2026-07-29,highestBoostedValuePlayers,4322740,P. Bueckers,DAL,0.1,2800.0,3.1317362829599307,2026-08-03 06:04:19.851456+00:00
2030,2026-07-29,popularPlayers,4322793,K. Chen,GSV,2.1,1200.0,0.6734384946507205,2026-08-03 06:04:19.851456+00:00
2030,2026-07-29,highestBoostedValuePlayers,4322797,J. Salaün,GSV,1.0,138.0,2.3383379873902004,2026-08-03 06:04:19.851456+00:00
2030,2026-07-29,highestBoostedValuePlayers,4322856,A. Fudd,DAL,0.8,288.0,3.713032024859477,2026-08-03 06:04:19.851456+00:00
2030,2026-07-29,mostCommon3xPlayers,4322865,M. Okot,ATL,3.0,281.0,0.09,2026-08-03 06:04:19.851456+00:00
2033,2026-07-30,highestBoostedValuePlayers,449,R. Gardner,NYL,2.9,12.0,1.7496909089376047,2026-08-05 06:02:13.429830+00:00
2033,2026-07-30,highestBoostedValuePlayers,516,M. Fauthoux,NYL,2.6,1.0,1.7483605879410495,2026-08-05 06:02:13.429830+00:00
2033,2026-07-30,mostCommon3xPlayers,553,H. Xu,NYL,3.0,276.0,0.662019563587435,2026-08-05 06:02:13.429830+00:00
2033,2026-07-30,leaderboard_lineup,563,M. Caldwell,UNK,3.0,,1.3081722565685356,2026-08-01 06:02:00.701184+00:00
2033,2026-07-30,highestBoostedValuePlayers,597,J. Young,LVA,0.1,217.0,6.657328903506252,2026-08-05 06:02:13.429830+00:00
2033,2026-07-30,highestBoostedValuePlayers,598,A. Wilson,LVA,0.0,4200.0,6.650351075608299,2026-08-05 06:02:13.429830+00:00
2033,2026-07-30,popularPlayers,602,C. Gray,LVA,0.5,1200.0,2.3888757857028873,2026-08-05 06:02:13.429830+00:00
2033,2026-07-30,popularPlayers,637,S. Ionescu,NYL,0.5,3400.0,2.579798226912347,2026-08-05 06:02:13.429830+00:00
2033,2026-07-30,highestBoostedValuePlayers,639,B. Stewart,NYL,0.1,470.0,4.415078029917832,2026-08-05 06:02:13.429830+00:00
2033,2026-07-30,popularPlayers,643,J. Jones,NYL,0.4,1100.0,2.2241092995983904,2026-08-05 06:02:13.429830+00:00
2033,2026-07-30,highestBoostedValuePlayers,645,C. Vandersloot,CHI,1.4,1.0,2.1065633475771603,2026-08-05 06:02:13.429830+00:00
2033,2026-07-30,highestBoostedValuePlayers,650,N. Collier,MIN,0.3,60.0,3.7872406702053447,2026-08-05 06:02:13.429830+00:00
2033,2026-07-30,highestBoostedValuePlayers,654,C. Williams,MIN,0.4,100.0,3.443132997813217,2026-08-05 06:02:13.429830+00:00
2033,2026-07-30,highestBoostedValuePlayers,659,D. Juhász,MIN,2.4,1.0,2.7714181415685526,2026-08-05 06:02:13.429830+00:00
2033,2026-07-30,popularPlayers,660,K. McBride,MIN,0.4,1500.0,2.6040257104612965,2026-08-05 06:02:13.429830+00:00
2033,2026-07-30,highestBoostedValuePlayers,661,D. Miller,CON,2.6,31.0,2.113384709077387,2026-08-05 06:02:13.429830+00:00
2033,2026-07-30,highestBoostedValuePlayers,673,R. Allen,NYL,3.0,12.0,2.084596430917213,2026-08-05 06:02:13.429830+00:00
2033,2026-07-30,popularPlayers,677,N. Cloud,CHI,1.1,682.0,2.132811161847894,2026-08-05 06:02:13.429830+00:00
2033,2026-07-30,popularPlayers,697,M. Mabrey,TOR,0.3,2100.0,2.5459555497795456,2026-08-05 06:02:13.429830+00:00
2033,2026-07-30,mostCommon3xPlayers,699,B. Turner,LVA,3.0,87.0,1.320088216611806,2026-08-05 06:02:13.429830+00:00
2033,2026-07-30,highestBoostedValuePlayers,705,K. Cardoso,CHI,0.5,113.0,5.022674671618604,2026-08-05 06:02:13.429830+00:00
2033,2026-07-30,popularPlayers,711,A. Stevens,CHI,1.0,831.0,0.0,2026-08-05 06:02:13.429830+00:00
2033,2026-07-30,mostCommon3xPlayers,719,S. Talbot,LVA,3.0,93.0,1.4076976777532466,2026-08-05 06:02:13.429830+00:00
2033,2026-07-30,mostCommon3xPlayers,725,K. Nurse,TOR,3.0,51.0,0.9700870815759455,2026-08-05 06:02:13.429830+00:00
2033,2026-07-30,highestBoostedValuePlayers,744,L. Lacan,CON,0.7,13.0,3.1804288679473087,2026-08-05 06:02:13.429830+00:00
2033,2026-07-30,highestBoostedValuePlayers,749,O. Nelson-Ododa,CON,1.2,8.0,3.2819606306816738,2026-08-05 06:02:13.429830+00:00
2033,2026-07-30,highestBoostedValuePlayers,760,N. Howard,MIN,0.3,114.0,3.4390194571872446,2026-08-05 06:02:13.429830+00:00
2033,2026-07-30,highestBoostedValuePlayers,4322745,A. Morrow,TOR,1.0,63.0,4.661915651740921,2026-08-05 06:02:13.429830+00:00
2033,2026-07-30,popularPlayers,4322794,M. Conde,TOR,1.6,996.0,1.0105834988847955,2026-08-05 06:02:13.429830+00:00
2033,2026-07-30,highestBoostedValuePlayers,4322852,L. Juškaitė,TOR,1.3,81.0,3.349669292541781,2026-08-05 06:02:13.429830+00:00
2033,2026-07-30,popularPlayers,4322854,O. Miles,MIN,0.1,2900.0,2.524648609590727,2026-08-05 06:02:13.429830+00:00
2033,2026-07-30,highestBoostedValuePlayers,4322900,S. Taylor,CHI,0.9,129.0,2.9920860119969483,2026-08-05 06:02:13.429830+00:00
2033,2026-07-30,highestBoostedValuePlayers,4322901,A. Delaere,MIN,3.0,4.0,1.5004930812378245,2026-08-05 06:02:13.429830+00:00
2033,2026-07-30,highestBoostedValuePlayers,4322905,P. Astier,NYL,1.2,86.0,3.6646954183735736,2026-08-05 06:02:13.429830+00:00
2035,2026-07-31,popularPlayers,599,M. DiLeo,POR,1.1,903.0,1.3664309960999004,2026-08-06 06:00:42.809532+00:00
2035,2026-07-31,popularPlayers,605,A. Gray,ATL,0.4,1700.0,2.493144058926309,2026-08-06 06:00:42.809532+00:00
2035,2026-07-31,popularPlayers,606,J. Canada,ATL,0.4,800.0,2.7648482239184706,2026-08-06 06:00:42.809532+00:00
2035,2026-07-31,popularPlayers,616,R. Howard,ATL,0.2,1300.0,3.4308111225486266,2026-08-06 06:00:42.809532+00:00
2035,2026-07-31,highestBoostedValuePlayers,617,N. Hillmon,ATL,1.7,1.0,3.1456965228720737,2026-08-06 06:00:42.809532+00:00
2035,2026-07-31,highestBoostedValuePlayers,624,C. Clark,IND,0.2,1400.0,5.470896516270847,2026-08-06 06:00:42.809532+00:00
2035,2026-07-31,popularPlayers,626,K. Mitchell,IND,0.2,2900.0,3.1208048933558445,2026-08-06 06:00:42.809532+00:00
2035,2026-07-31,highestBoostedValuePlayers,627,A. Boston,IND,0.3,43.0,5.184806164054938,2026-08-06 06:00:42.809532+00:00
2035,2026-07-31,mostCommon3xPlayers,631,L. Hull,IND,3.0,359.0,0.5941721281380482,2026-08-06 06:00:42.809532+00:00
2035,2026-07-31,highestBoostedValuePlayers,652,N. Hiedeman,SEA,0.6,135.0,4.50417681183271,2026-08-06 06:00:42.809532+00:00
2035,2026-07-31,popularPlayers,653,J. Shepard,DAL,0.2,2100.0,3.6379156655224762,2026-08-06 06:00:42.809532+00:00
2035,2026-07-31,highestBoostedValuePlayers,663,B. Carleton,POR,0.8,125.0,4.607678864508744,2026-08-06 06:00:42.809532+00:00
2035,2026-07-31,highestBoostedValuePlayers,671,S. Cunningham,IND,1.7,98.0,2.8258714202994164,2026-08-06 06:00:42.809532+00:00
2035,2026-07-31,highestBoostedValuePlayers,686,K. Samuelson,POR,3.0,1.0,2.9378903826980207,2026-08-06 06:00:42.809532+00:00
2035,2026-07-31,highestBoostedValuePlayers,687,E. Engstler,POR,1.2,104.0,2.8204856593336696,2026-08-06 06:00:42.809532+00:00
2035,2026-07-31,mostCommon3xPlayers,689,M. Hines-Allen,IND,3.0,124.0,0.0,2026-08-06 06:00:42.809532+00:00
2035,2026-07-31,highestBoostedValuePlayers,691,S. Austin,WAS,0.5,145.0,5.59924222608925,2026-08-06 06:00:42.809532+00:00
2035,2026-07-31,leaderboard_lineup,700,M. Onyenwere,UNK,1.6,,1.0482488248245434,2026-08-01 06:01:58.521949+00:00
2035,2026-07-31,highestBoostedValuePlayers,701,A. Reese,ATL,0.4,545.0,4.057198617008753,2026-08-06 06:00:42.809532+00:00
2035,2026-07-31,highestBoostedValuePlayers,712,M. Billings,IND,1.6,6.0,2.8684521441073083,2026-08-06 06:00:42.809532+00:00
2035,2026-07-31,highestBoostedValuePlayers,735,E. Magbegor,SEA,3.0,1.0,2.146965262324614,2026-08-06 06:00:42.809532+00:00
2035,2026-07-31,highestBoostedValuePlayers,762,C. Leite,POR,0.8,135.0,3.80427851618338,2026-08-06 06:00:42.809532+00:00
2035,2026-07-31,highestBoostedValuePlayers,767,A. Ogunbowale,DAL,0.8,247.0,3.3715418432032935,2026-08-06 06:00:42.809532+00:00
2035,2026-07-31,highestBoostedValuePlayers,4322740,P. Bueckers,DAL,0.1,1500.0,3.9958977380428307,2026-08-06 06:00:42.809532+00:00
2035,2026-07-31,highestBoostedValuePlayers,4322741,S. Citron,WAS,0.4,186.0,3.5282650846464563,2026-08-06 06:00:42.809532+00:00
2035,2026-07-31,highestBoostedValuePlayers,4322742,D. Malonga,SEA,0.5,22.0,3.4554523734084635,2026-08-06 06:00:42.809532+00:00
2035,2026-07-31,highestBoostedValuePlayers,4322743,K. Iriafen,WAS,0.6,136.0,3.7656759273920715,2026-08-06 06:00:42.809532+00:00
2035,2026-07-31,mostCommon3xPlayers,4322744,G. Amoore,WAS,3.0,491.0,0.4405147832832759,2026-08-06 06:00:42.809532+00:00
2035,2026-07-31,highestBoostedValuePlayers,4322756,M. Timpson,IND,3.0,13.0,2.90026713324121,2026-08-06 06:00:42.809532+00:00
2035,2026-07-31,popularPlayers,4322856,A. Fudd,DAL,0.8,1600.0,1.23342743249628,2026-08-06 06:00:42.809532+00:00
2035,2026-07-31,popularPlayers,4322859,F. Johnson,SEA,0.8,1100.0,0.15620147181452662,2026-08-06 06:00:42.809532+00:00
2035,2026-07-31,mostCommon3xPlayers,4322873,F. Buhner,POR,3.0,419.0,0.10660875007784223,2026-08-06 06:00:42.809532+00:00
2035,2026-07-31,highestBoostedValuePlayers,4322887,S. Williams,POR,3.0,23.0,2.0592909115061446,2026-08-06 06:00:42.809532+00:00
2037,2026-08-01,highestBoostedValuePlayers,41,V. Ayayi,PHO,3.0,38.0,1.2364379889908652,2026-08-06 06:00:40.793425+00:00
2037,2026-08-01,popularPlayers,303,M. Johannes,NYL,1.6,699.0,0.738168246850668,2026-08-06 06:00:40.793425+00:00
2037,2026-08-01,mostCommon3xPlayers,456,L. Held,PHO,3.0,197.0,0.4017871908858637,2026-08-06 06:00:40.793425+00:00
2037,2026-08-01,highestBoostedValuePlayers,553,H. Xu,NYL,3.0,23.0,2.8120845300075623,2026-08-06 06:00:40.793425+00:00
2037,2026-08-01,highestBoostedValuePlayers,597,J. Young,LVA,0.1,205.0,3.012467003563235,2026-08-06 06:00:40.793425+00:00
2037,2026-08-01,highestBoostedValuePlayers,598,A. Wilson,LVA,0.0,3000.0,6.426724246080439,2026-08-06 06:00:40.793425+00:00
2037,2026-08-01,highestBoostedValuePlayers,602,C. Gray,LVA,0.6,88.0,1.5410354353941276,2026-08-06 06:00:40.793425+00:00
2037,2026-08-01,highestBoostedValuePlayers,629,N. Smith,LVA,1.0,63.0,3.06712727383811,2026-08-06 06:00:40.793425+00:00
2037,2026-08-01,highestBoostedValuePlayers,637,S. Ionescu,NYL,0.5,304.0,5.809907261521659,2026-08-06 06:00:40.793425+00:00
2037,2026-08-01,highestBoostedValuePlayers,639,B. Stewart,NYL,0.0,834.0,2.8781907067816683,2026-08-06 06:00:40.793425+00:00
2037,2026-08-01,highestBoostedValuePlayers,643,J. Jones,NYL,0.5,138.0,3.4337878975207095,2026-08-06 06:00:40.793425+00:00
2037,2026-08-01,highestBoostedValuePlayers,645,C. Vandersloot,CHI,1.4,1.0,3.0672834327334857,2026-08-06 06:00:40.793425+00:00
2037,2026-08-01,popularPlayers,668,N. Mack,PHO,0.9,674.0,1.2138815254624171,2026-08-06 06:00:40.793425+00:00
2037,2026-08-01,highestBoostedValuePlayers,670,K. Copper,PHO,0.6,165.0,3.080941984118429,2026-08-06 06:00:40.793425+00:00
2037,2026-08-01,highestBoostedValuePlayers,673,R. Allen,NYL,3.0,2.0,0.8202539680051387,2026-08-06 06:00:40.793425+00:00
2037,2026-08-01,highestBoostedValuePlayers,677,N. Cloud,CHI,1.1,63.0,2.471009252132342,2026-08-06 06:00:40.793425+00:00
2037,2026-08-01,highestBoostedValuePlayers,705,K. Cardoso,CHI,0.4,98.0,2.2062372612237238,2026-08-06 06:00:40.793425+00:00
2037,2026-08-01,highestBoostedValuePlayers,708,E. Williams,CHI,2.4,54.0,1.0149886177091156,2026-08-06 06:00:40.793425+00:00
2037,2026-08-01,popularPlayers,711,A. Stevens,CHI,1.0,452.0,0.0,2026-08-06 06:00:40.793425+00:00
2037,2026-08-01,popularPlayers,726,J. Loyd,LVA,1.9,418.0,0.5777518362131931,2026-08-06 06:00:40.793425+00:00
2037,2026-08-01,highestBoostedValuePlayers,745,A. Thomas,PHO,0.2,271.0,3.167819718300237,2026-08-06 06:00:40.793425+00:00
2037,2026-08-01,highestBoostedValuePlayers,750,D. Bonner,PHO,1.1,104.0,4.655790384663824,2026-08-06 06:00:40.793425+00:00
2037,2026-08-01,highestBoostedValuePlayers,753,D. Carrington,CHI,3.0,6.0,1.313637432999509,2026-08-06 06:00:40.793425+00:00
2037,2026-08-01,highestBoostedValuePlayers,4322758,A. Coulibaly,CHI,3.0,1.0,1.8101989231238764,2026-08-06 06:00:40.793425+00:00
2037,2026-08-01,highestBoostedValuePlayers,4322900,S. Taylor,CHI,0.9,94.0,4.323758237951805,2026-08-06 06:00:40.793425+00:00
2037,2026-08-01,popularPlayers,4322905,P. Astier,NYL,1.1,842.0,0.8273786770689913,2026-08-06 06:00:40.793425+00:00
2041,2026-08-02,highestBoostedValuePlayers,172,O. Sims,DAL,3.0,1.0,2.07637614418068,2026-08-08 06:01:27.203058+00:00
2041,2026-08-02,highestBoostedValuePlayers,599,M. DiLeo,POR,1.1,27.0,3.4932762161526387,2026-08-08 06:01:27.203058+00:00
2041,2026-08-02,highestBoostedValuePlayers,603,K. Stokes,GSV,2.1,23.0,3.7122251991904127,2026-08-08 06:01:27.203058+00:00
2041,2026-08-02,mostCommon3xPlayers,615,L. Amihere,GSV,3.0,44.0,0.30701360224038454,2026-08-08 06:01:27.203058+00:00
2041,2026-08-02,highestBoostedValuePlayers,622,E. Wheeler,LAS,1.3,29.0,3.1655962962228967,2026-08-08 06:01:27.203058+00:00
2041,2026-08-02,popularPlayers,624,C. Clark,IND,0.2,2100.0,3.895275743458325,2026-08-08 06:01:27.203058+00:00
2041,2026-08-02,highestBoostedValuePlayers,626,K. Mitchell,IND,0.2,325.0,7.245826091523598,2026-08-08 06:01:27.203058+00:00
2041,2026-08-02,highestBoostedValuePlayers,635,K. Burke,CON,1.8,13.0,2.5768110388361403,2026-08-08 06:01:27.203058+00:00
2041,2026-08-02,leaderboard_lineup,636,N. Sabally,UNK,0.9,,2.7108175208340177,2026-08-04 06:03:31.123732+00:00
2041,2026-08-02,highestBoostedValuePlayers,650,N. Collier,MIN,0.3,132.0,4.789827757943694,2026-08-08 06:01:27.203058+00:00
2041,2026-08-02,popularPlayers,653,J. Shepard,DAL,0.2,2000.0,3.016358910693452,2026-08-08 06:01:27.203058+00:00
2041,2026-08-02,highestBoostedValuePlayers,654,C. Williams,MIN,0.4,84.0,5.496857111301899,2026-08-08 06:01:27.203058+00:00
2041,2026-08-02,leaderboard_lineup,657,C. Zandalasini,UNK,2.4,,1.7989383789766726,2026-08-04 06:03:31.123732+00:00
2041,2026-08-02,mostCommon3xPlayers,658,A. Smith,DAL,3.0,29.0,0.9043211298258991,2026-08-08 06:01:27.203058+00:00
2041,2026-08-02,popularPlayers,660,K. McBride,MIN,0.4,941.0,1.5571089327706764,2026-08-08 06:01:27.203058+00:00
2041,2026-08-02,highestBoostedValuePlayers,661,D. Miller,CON,2.5,8.0,3.3939417526804037,2026-08-08 06:01:27.203058+00:00
2041,2026-08-02,highestBoostedValuePlayers,663,B. Carleton,POR,0.8,120.0,5.082184603697536,2026-08-08 06:01:27.203058+00:00
2041,2026-08-02,highestBoostedValuePlayers,682,A. Atkins,LAS,1.4,3.0,3.74795142553062,2026-08-08 06:01:27.203058+00:00
2041,2026-08-02,highestBoostedValuePlayers,713,J. Allemand,TOR,1.1,39.0,3.253573467872366,2026-08-08 06:01:27.203058+00:00
2041,2026-08-02,popularPlayers,714,R. Burrell,LAS,1.2,919.0,2.1959449302756275,2026-08-08 06:01:27.203058+00:00
2041,2026-08-02,popularPlayers,716,C. Brink,LAS,1.7,1100.0,1.8166755933914698,2026-08-08 06:01:27.203058+00:00
2041,2026-08-02,highestBoostedValuePlayers,718,D. Hamby,LAS,0.6,123.0,5.525453999976927,2026-08-08 06:01:27.203058+00:00
2041,2026-08-02,mostCommon3xPlayers,725,K. Nurse,TOR,3.0,48.0,0.7797259031368642,2026-08-08 06:01:27.203058+00:00
2041,2026-08-02,popularPlayers,738,N. Ogwumike,LAS,0.3,1800.0,3.462788990962851,2026-08-08 06:01:27.203058+00:00
2041,2026-08-02,popularPlayers,749,O. Nelson-Ododa,CON,1.2,971.0,1.8382592247806258,2026-08-08 06:01:27.203058+00:00
2041,2026-08-02,popularPlayers,759,V. Burton,GSV,0.5,1700.0,3.7432455774385818,2026-08-08 06:01:27.203058+00:00
2041,2026-08-02,popularPlayers,760,N. Howard,MIN,0.3,689.0,3.859424291513723,2026-08-08 06:01:27.203058+00:00
2041,2026-08-02,highestBoostedValuePlayers,762,C. Leite,POR,0.8,260.0,4.068688517648134,2026-08-08 06:01:27.203058+00:00
2041,2026-08-02,highestBoostedValuePlayers,767,A. Ogunbowale,DAL,0.8,251.0,3.6221478974324124,2026-08-08 06:01:27.203058+00:00
2041,2026-08-02,highestBoostedValuePlayers,366584,T. Hayes,GSV,2.3,13.0,3.407860453758782,2026-08-08 06:01:27.203058+00:00
2041,2026-08-02,popularPlayers,4322740,P. Bueckers,DAL,0.1,3900.0,1.7170997143354587,2026-08-08 06:01:27.203058+00:00
2041,2026-08-02,mostCommon3xPlayers,4322756,M. Timpson,IND,3.0,45.0,1.9557890285522594,2026-08-08 06:01:27.203058+00:00
2041,2026-08-02,highestBoostedValuePlayers,4322797,J. Salaün,GSV,1.0,65.0,4.361164798517036,2026-08-08 06:01:27.203058+00:00
2041,2026-08-02,popularPlayers,4322852,L. Juškaitė,TOR,1.3,594.0,2.8022000870069874,2026-08-08 06:01:27.203058+00:00
2041,2026-08-02,highestBoostedValuePlayers,4322854,O. Miles,MIN,0.1,686.0,6.301421696675297,2026-08-08 06:01:27.203058+00:00
2041,2026-08-02,popularPlayers,4322856,A. Fudd,DAL,0.8,1600.0,2.7322094292044277,2026-08-08 06:01:27.203058+00:00
2041,2026-08-02,mostCommon3xPlayers,4322873,F. Buhner,POR,3.0,124.0,0.13740731422804647,2026-08-08 06:01:27.203058+00:00
2041,2026-08-02,highestBoostedValuePlayers,4322910,J. Park,LAS,3.0,1.0,2.9547972305777503,2026-08-08 06:01:27.203058+00:00
2041,2026-08-02,highestBoostedValuePlayers,4322926,T. Oblak,POR,3.0,1.0,2.1849868168045803,2026-08-08 06:01:27.203058+00:00
2043,2026-08-03,highestBoostedValuePlayers,41,V. Ayayi,PHO,3.0,12.0,2.135831641980556,2026-08-09 06:01:11.618544+00:00
2043,2026-08-03,mostCommon3xPlayers,456,L. Held,PHO,3.0,115.0,0.0,2026-08-09 06:01:11.618544+00:00
2043,2026-08-03,highestBoostedValuePlayers,553,H. Xu,NYL,3.0,35.0,1.7849960507643494,2026-08-09 06:01:11.618544+00:00
2043,2026-08-03,highestBoostedValuePlayers,597,J. Young,LVA,0.1,184.0,7.177150974298221,2026-08-09 06:01:11.618544+00:00
2043,2026-08-03,highestBoostedValuePlayers,598,A. Wilson,LVA,0.0,4400.0,5.232379402993322,2026-08-09 06:01:11.618544+00:00
2043,2026-08-03,highestBoostedValuePlayers,602,C. Gray,LVA,0.6,114.0,4.0400011409935725,2026-08-09 06:01:11.618544+00:00
2043,2026-08-03,popularPlayers,605,A. Gray,ATL,0.4,1100.0,0.8738128781772937,2026-08-09 06:01:11.618544+00:00
2043,2026-08-03,popularPlayers,606,J. Canada,ATL,0.5,650.0,1.2866530429552834,2026-08-09 06:01:11.618544+00:00
2043,2026-08-03,popularPlayers,616,R. Howard,ATL,0.2,1000.0,3.0145715694579454,2026-08-09 06:01:11.618544+00:00
2043,2026-08-03,highestBoostedValuePlayers,629,N. Smith,LVA,1.0,89.0,3.4239693619433185,2026-08-09 06:01:11.618544+00:00
2043,2026-08-03,highestBoostedValuePlayers,637,S. Ionescu,NYL,0.4,257.0,3.1263919329272025,2026-08-09 06:01:11.618544+00:00
2043,2026-08-03,highestBoostedValuePlayers,639,B. Stewart,NYL,0.1,329.0,5.4573271747027166,2026-08-09 06:01:11.618544+00:00
2043,2026-08-03,highestBoostedValuePlayers,643,J. Jones,NYL,0.4,86.0,3.1815089336293387,2026-08-09 06:01:11.618544+00:00
2043,2026-08-03,highestBoostedValuePlayers,645,C. Vandersloot,CHI,1.3,22.0,3.9492948618607597,2026-08-09 06:01:11.618544+00:00
2043,2026-08-03,highestBoostedValuePlayers,652,N. Hiedeman,SEA,0.5,115.0,3.6945202525160443,2026-08-09 06:01:11.618544+00:00
2043,2026-08-03,highestBoostedValuePlayers,670,K. Copper,PHO,0.6,150.0,4.29660269736626,2026-08-09 06:01:11.618544+00:00
2043,2026-08-03,highestBoostedValuePlayers,673,R. Allen,NYL,3.0,1.0,1.629359745093882,2026-08-09 06:01:11.618544+00:00
2043,2026-08-03,highestBoostedValuePlayers,677,N. Cloud,CHI,1.1,20.0,3.170580291331303,2026-08-09 06:01:11.618544+00:00
2043,2026-08-03,highestBoostedValuePlayers,701,A. Reese,ATL,0.4,275.0,4.84268358434244,2026-08-09 06:01:11.618544+00:00
2043,2026-08-03,highestBoostedValuePlayers,705,K. Cardoso,CHI,0.4,127.0,4.668936476264596,2026-08-09 06:01:11.618544+00:00
2043,2026-08-03,highestBoostedValuePlayers,745,A. Thomas,PHO,0.2,310.0,4.823626879454081,2026-08-09 06:01:11.618544+00:00
2043,2026-08-03,highestBoostedValuePlayers,750,D. Bonner,PHO,1.0,137.0,4.299945501761036,2026-08-09 06:01:11.618544+00:00
2043,2026-08-03,highestBoostedValuePlayers,753,D. Carrington,CHI,2.9,8.0,1.9324085583512856,2026-08-09 06:01:11.618544+00:00
2043,2026-08-03,popularPlayers,4322742,D. Malonga,SEA,0.5,861.0,2.3456744410145736,2026-08-09 06:01:11.618544+00:00
2043,2026-08-03,mostCommon3xPlayers,4322758,A. Coulibaly,CHI,3.0,241.0,0.8862074334904904,2026-08-09 06:01:11.618544+00:00
2043,2026-08-03,highestBoostedValuePlayers,4322859,F. Johnson,SEA,0.8,120.0,4.1522297231367595,2026-08-09 06:01:11.618544+00:00
2043,2026-08-03,popularPlayers,4322900,S. Taylor,CHI,0.8,1600.0,2.56685889010876,2026-08-09 06:01:11.618544+00:00
2043,2026-08-03,popularPlayers,4322905,P. Astier,NYL,1.2,604.0,1.904882068817125,2026-08-09 06:01:11.618544+00:00
2045,2026-08-04,highestBoostedValuePlayers,184,G. Williams,GSV,0.8,824.0,2.0573632236310653,2026-08-10 06:04:14.069866+00:00
2045,2026-08-04,highestBoostedValuePlayers,399,K. Charles,GSV,2.3,98.0,1.1027052601493235,2026-08-10 06:04:14.069866+00:00
2045,2026-08-04,mostCommon3xPlayers,499,A. Prechtel,GSV,3.0,12.0,0.0,2026-08-10 06:04:14.069866+00:00
2045,2026-08-04,highestBoostedValuePlayers,603,K. Stokes,GSV,2.0,151.0,2.1222045500476447,2026-08-10 06:04:14.069866+00:00
2045,2026-08-04,highestBoostedValuePlayers,615,L. Amihere,GSV,3.0,93.0,0.5766682,2026-08-10 06:04:14.069866+00:00
2045,2026-08-04,highestBoostedValuePlayers,628,T. Fágbénlé,TOR,2.5,,0.0,2026-08-10 06:04:14.069866+00:00
2045,2026-08-04,highestBoostedValuePlayers,636,N. Sabally,TOR,0.9,250.0,4.3880688131426835,2026-08-10 06:04:14.069866+00:00
2045,2026-08-04,highestBoostedValuePlayers,641,K. Thornton,GSV,1.7,170.0,3.6121253323960794,2026-08-10 06:04:14.069866+00:00
2045,2026-08-04,highestBoostedValuePlayers,657,C. Zandalasini,GSV,2.4,121.0,1.2491167975409652,2026-08-10 06:04:14.069866+00:00
2045,2026-08-04,highestBoostedValuePlayers,696,I. Harrison,TOR,0.9,220.0,0.37313721168882846,2026-08-10 06:04:14.069866+00:00
2045,2026-08-04,highestBoostedValuePlayers,697,M. Mabrey,TOR,0.3,1800.0,2.5192581892624486,2026-08-10 06:04:14.069866+00:00
2045,2026-08-04,highestBoostedValuePlayers,713,J. Allemand,TOR,1.1,185.0,3.516039766988421,2026-08-10 06:04:14.069866+00:00
2045,2026-08-04,highestBoostedValuePlayers,725,K. Nurse,TOR,3.0,,0.0,2026-08-10 06:04:14.069866+00:00
2045,2026-08-04,highestBoostedValuePlayers,759,V. Burton,GSV,0.5,2100.0,3.9928161279143777,2026-08-10 06:04:14.069866+00:00
2045,2026-08-04,highestBoostedValuePlayers,366584,T. Hayes,GSV,2.1,137.0,3.2132160493001267,2026-08-10 06:04:14.069866+00:00
2045,2026-08-04,highestBoostedValuePlayers,4322745,A. Morrow,TOR,0.9,97.0,1.212764933525852,2026-08-10 06:04:14.069866+00:00
2045,2026-08-04,highestBoostedValuePlayers,4322793,K. Chen,GSV,2.2,167.0,0.04808502703529884,2026-08-10 06:04:14.069866+00:00
2045,2026-08-04,highestBoostedValuePlayers,4322794,M. Conde,TOR,1.6,139.0,3.881140618200666,2026-08-10 06:04:14.069866+00:00
2045,2026-08-04,highestBoostedValuePlayers,4322797,J. Salaün,GSV,1.0,526.0,3.8013768588877515,2026-08-10 06:04:14.069866+00:00
2045,2026-08-04,mostCommon3xPlayers,4322799,J. Jocytė,GSV,3.0,21.0,0.0,2026-08-10 06:04:14.069866+00:00
2045,2026-08-04,highestBoostedValuePlayers,4322852,L. Juškaitė,TOR,1.2,181.0,1.8779610761291907,2026-08-10 06:04:14.069866+00:00
2045,2026-08-04,highestBoostedValuePlayers,4322861,K. Rice,TOR,1.1,260.0,0.18976819999999997,2026-08-10 06:04:14.069866+00:00
2045,2026-08-04,mostCommon3xPlayers,4322879,T. Key,TOR,3.0,31.0,0.0,2026-08-10 06:04:14.069866+00:00
2046,2026-08-05,mostCommon3xPlayers,553,H. Xu,NYL,3.0,330.0,0.8193668983006681,2026-08-10 06:04:12.528346+00:00
2046,2026-08-05,popularPlayers,596,K. Plum,PHO,0.0,1500.0,3.6902963115240253,2026-08-10 06:04:12.528346+00:00
2046,2026-08-05,highestBoostedValuePlayers,605,A. Gray,ATL,0.5,127.0,4.6226832934136795,2026-08-10 06:04:12.528346+00:00
2046,2026-08-05,leaderboard_lineup,606,J. Canada,UNK,0.5,,2.4230840453414157,2026-08-06 06:00:32.531451+00:00
2046,2026-08-05,highestBoostedValuePlayers,616,R. Howard,ATL,0.3,125.0,6.104505423615239,2026-08-10 06:04:12.528346+00:00
2046,2026-08-05,leaderboard_lineup,622,E. Wheeler,UNK,1.2,,2.688739281698689,2026-08-06 06:00:32.531451+00:00
2046,2026-08-05,highestBoostedValuePlayers,637,S. Ionescu,NYL,0.4,368.0,3.864376921300946,2026-08-10 06:04:12.528346+00:00
2046,2026-08-05,highestBoostedValuePlayers,639,B. Stewart,NYL,0.1,2200.0,4.412211602612489,2026-08-10 06:04:12.528346+00:00
2046,2026-08-05,highestBoostedValuePlayers,643,J. Jones,NYL,0.4,99.0,4.802665762803479,2026-08-10 06:04:12.528346+00:00
2046,2026-08-05,leaderboard_lineup,645,C. Vandersloot,UNK,1.1,,1.5003449044532091,2026-08-06 06:00:32.531451+00:00
2046,2026-08-05,highestBoostedValuePlayers,653,J. Shepard,DAL,0.2,203.0,7.021708907406862,2026-08-10 06:04:12.528346+00:00
2046,2026-08-05,highestBoostedValuePlayers,658,A. Smith,DAL,3.0,1.0,4.648440695240184,2026-08-10 06:04:12.528346+00:00
2046,2026-08-05,popularPlayers,670,K. Copper,PHO,0.5,1100.0,2.000127826010004,2026-08-10 06:04:12.528346+00:00
2046,2026-08-05,highestBoostedValuePlayers,673,R. Allen,NYL,3.0,4.0,1.9361058116758563,2026-08-10 06:04:12.528346+00:00
2046,2026-08-05,highestBoostedValuePlayers,677,N. Cloud,CHI,1.0,34.0,4.731585097239607,2026-08-10 06:04:12.528346+00:00
2046,2026-08-05,popularPlayers,682,A. Atkins,LAS,1.4,881.0,1.9440939370459764,2026-08-10 06:04:12.528346+00:00
2046,2026-08-05,highestBoostedValuePlayers,691,S. Austin,WAS,0.5,201.0,4.089123273451921,2026-08-10 06:04:12.528346+00:00
2046,2026-08-05,popularPlayers,701,A. Reese,ATL,0.4,3300.0,3.0863390719689083,2026-08-10 06:04:12.528346+00:00
2046,2026-08-05,popularPlayers,705,K. Cardoso,CHI,0.4,1100.0,2.507148352668251,2026-08-10 06:04:12.528346+00:00
2046,2026-08-05,highestBoostedValuePlayers,708,E. Williams,CHI,2.4,8.0,2.012175270393742,2026-08-10 06:04:12.528346+00:00
2046,2026-08-05,popularPlayers,714,R. Burrell,LAS,1.2,853.0,1.9822352706096513,2026-08-10 06:04:12.528346+00:00
2046,2026-08-05,popularPlayers,716,C. Brink,LAS,1.7,938.0,2.114264279421594,2026-08-10 06:04:12.528346+00:00
2046,2026-08-05,highestBoostedValuePlayers,718,D. Hamby,LAS,0.5,144.0,4.864342770743189,2026-08-10 06:04:12.528346+00:00
2046,2026-08-05,highestBoostedValuePlayers,729,J. Melbourne,SEA,1.7,18.0,2.822596837327248,2026-08-10 06:04:12.528346+00:00
2046,2026-08-05,leaderboard_lineup,735,E. Magbegor,UNK,3.0,,1.641358904552855,2026-08-06 06:00:32.531451+00:00
2046,2026-08-05,popularPlayers,738,N. Ogwumike,LAS,0.3,1300.0,2.5280851992073745,2026-08-10 06:04:12.528346+00:00
2046,2026-08-05,highestBoostedValuePlayers,741,R. Banham,CHI,3.0,17.0,2.3463641300309206,2026-08-10 06:04:12.528346+00:00
2046,2026-08-05,popularPlayers,745,A. Thomas,PHO,0.2,2000.0,3.3604532271854994,2026-08-10 06:04:12.528346+00:00
2046,2026-08-05,leaderboard_lineup,753,D. Carrington,UNK,2.3,,1.5656945788788283,2026-08-06 06:00:32.531451+00:00
2046,2026-08-05,highestBoostedValuePlayers,754,B. Jones,ATL,1.4,1.0,3.603586249789175,2026-08-10 06:04:12.528346+00:00
2046,2026-08-05,highestBoostedValuePlayers,757,J. Sheldon,CHI,2.9,16.0,2.734248767337393,2026-08-10 06:04:12.528346+00:00
2046,2026-08-05,popularPlayers,767,A. Ogunbowale,DAL,0.8,876.0,3.097182146061174,2026-08-10 06:04:12.528346+00:00
2046,2026-08-05,popularPlayers,4322740,P. Bueckers,DAL,0.1,3000.0,3.940288260061544,2026-08-10 06:04:12.528346+00:00
2046,2026-08-05,popularPlayers,4322741,S. Citron,WAS,0.4,1000.0,2.371501341027501,2026-08-10 06:04:12.528346+00:00
2046,2026-08-05,highestBoostedValuePlayers,4322742,D. Malonga,SEA,0.5,11.0,6.830395215313071,2026-08-10 06:04:12.528346+00:00
2046,2026-08-05,highestBoostedValuePlayers,4322744,G. Amoore,WAS,3.0,1.0,2.285488320496252,2026-08-10 06:04:12.528346+00:00
2046,2026-08-05,highestBoostedValuePlayers,4322758,A. Coulibaly,CHI,3.0,7.0,2.150762796249669,2026-08-10 06:04:12.528346+00:00
2046,2026-08-05,leaderboard_lineup,4322856,A. Fudd,UNK,0.8,,1.8515762139549012,2026-08-06 06:00:32.531451+00:00
2046,2026-08-05,leaderboard_lineup,4322857,L. Betts,UNK,2.5,,1.3576331184038979,2026-08-06 06:00:32.531451+00:00
2046,2026-08-05,leaderboard_lineup,4322858,G. Jaquez,UNK,2.2,,-0.14373,2026-08-06 06:00:32.531451+00:00
2046,2026-08-05,popularPlayers,4322859,F. Johnson,SEA,0.8,985.0,2.4270953655723475,2026-08-10 06:04:12.528346+00:00
2046,2026-08-05,highestBoostedValuePlayers,4322864,C. McMahon,WAS,2.8,4.0,3.4099487669763935,2026-08-10 06:04:12.528346+00:00
2046,2026-08-05,mostCommon3xPlayers,4322877,C. Gray,LAS,3.0,34.0,0.6721180360594985,2026-08-10 06:04:12.528346+00:00
2046,2026-08-05,leaderboard_lineup,4322905,P. Astier,UNK,1.2,,2.5268971756183864,2026-08-06 06:00:32.531451+00:00
2046,2026-08-05,mostCommon3xPlayers,4322910,J. Park,LAS,3.0,55.0,0.8480455162272751,2026-08-10 06:04:12.528346+00:00
2050,2026-08-06,mostCommon3xPlayers,563,M. Caldwell,MIN,3.0,82.0,0.5701777907947478,2026-08-12 06:02:02.268426+00:00
2050,2026-08-06,highestBoostedValuePlayers,597,J. Young,LVA,0.1,283.0,4.768862395678691,2026-08-12 06:02:02.268426+00:00
2050,2026-08-06,highestBoostedValuePlayers,598,A. Wilson,LVA,0.0,3900.0,4.840132239121076,2026-08-12 06:02:02.268426+00:00
2050,2026-08-06,highestBoostedValuePlayers,599,M. DiLeo,POR,1.1,123.0,3.0362751235605825,2026-08-12 06:02:02.268426+00:00
2050,2026-08-06,highestBoostedValuePlayers,602,C. Gray,LVA,0.6,133.0,3.130221415026685,2026-08-12 06:02:02.268426+00:00
2050,2026-08-06,highestBoostedValuePlayers,620,N. Puoch,POR,3.0,4.0,1.7147874692217588,2026-08-12 06:02:02.268426+00:00
2050,2026-08-06,highestBoostedValuePlayers,622,E. Wheeler,LAS,1.2,19.0,3.4466176622190656,2026-08-12 06:02:02.268426+00:00
2050,2026-08-06,popularPlayers,624,C. Clark,IND,0.2,2100.0,2.682264486748387,2026-08-12 06:02:02.268426+00:00
2050,2026-08-06,highestBoostedValuePlayers,626,K. Mitchell,IND,0.2,317.0,4.306852522165766,2026-08-12 06:02:02.268426+00:00
2050,2026-08-06,highestBoostedValuePlayers,627,A. Boston,IND,0.3,38.0,4.974438644886984,2026-08-12 06:02:02.268426+00:00
2050,2026-08-06,popularPlayers,629,N. Smith,LVA,0.9,711.0,2.47833873311433,2026-08-12 06:02:02.268426+00:00
2050,2026-08-06,mostCommon3xPlayers,631,L. Hull,IND,3.0,66.0,0.6196284037442865,2026-08-12 06:02:02.268426+00:00
2050,2026-08-06,highestBoostedValuePlayers,636,N. Sabally,TOR,0.9,40.0,3.022571262679935,2026-08-12 06:02:02.268426+00:00
2050,2026-08-06,highestBoostedValuePlayers,650,N. Collier,MIN,0.2,92.0,3.9170664933150507,2026-08-12 06:02:02.268426+00:00
2050,2026-08-06,popularPlayers,654,C. Williams,MIN,0.4,1200.0,2.5063405357086683,2026-08-12 06:02:02.268426+00:00
2050,2026-08-06,popularPlayers,660,K. McBride,MIN,0.4,1300.0,1.4948502491441664,2026-08-12 06:02:02.268426+00:00
2050,2026-08-06,popularPlayers,687,E. Engstler,POR,1.1,702.0,1.9592113203869976,2026-08-12 06:02:02.268426+00:00
2050,2026-08-06,popularPlayers,697,M. Mabrey,TOR,0.3,829.0,0.8861563982921583,2026-08-12 06:02:02.268426+00:00
2050,2026-08-06,highestBoostedValuePlayers,712,M. Billings,IND,1.6,3.0,2.1475085517293975,2026-08-12 06:02:02.268426+00:00
2050,2026-08-06,highestBoostedValuePlayers,713,J. Allemand,TOR,1.0,22.0,3.6703047023224418,2026-08-12 06:02:02.268426+00:00
2050,2026-08-06,highestBoostedValuePlayers,714,R. Burrell,LAS,1.2,21.0,2.4671062696732444,2026-08-12 06:02:02.268426+00:00
2050,2026-08-06,highestBoostedValuePlayers,716,C. Brink,LAS,1.7,136.0,3.634054554521736,2026-08-12 06:02:02.268426+00:00
2050,2026-08-06,highestBoostedValuePlayers,718,D. Hamby,LAS,0.5,154.0,3.507636672075984,2026-08-12 06:02:02.268426+00:00
2050,2026-08-06,popularPlayers,738,N. Ogwumike,LAS,0.3,1400.0,2.399143951311957,2026-08-12 06:02:02.268426+00:00
2050,2026-08-06,popularPlayers,760,N. Howard,MIN,0.3,1100.0,2.213683593900585,2026-08-12 06:02:02.268426+00:00
2050,2026-08-06,highestBoostedValuePlayers,762,C. Leite,POR,0.7,161.0,5.17744903053076,2026-08-12 06:02:02.268426+00:00
2050,2026-08-06,highestBoostedValuePlayers,4322745,A. Morrow,TOR,1.0,12.0,2.73180234979858,2026-08-12 06:02:02.268426+00:00
2050,2026-08-06,mostCommon3xPlayers,4322756,M. Timpson,IND,3.0,225.0,1.3790570827592625,2026-08-12 06:02:02.268426+00:00
2050,2026-08-06,popularPlayers,4322794,M. Conde,TOR,1.5,1200.0,1.4655489141577278,2026-08-12 06:02:02.268426+00:00
2050,2026-08-06,leaderboard_lineup,4322852,L. Juškaitė,UNK,1.3,,1.9070136173392394,2026-08-08 06:01:19.467072+00:00
2050,2026-08-06,highestBoostedValuePlayers,4322854,O. Miles,MIN,0.1,690.0,4.198866987363351,2026-08-12 06:02:02.268426+00:00
2050,2026-08-06,highestBoostedValuePlayers,4322873,F. Buhner,POR,3.0,4.0,1.7852855391634932,2026-08-12 06:02:02.268426+00:00
2050,2026-08-06,mostCommon3xPlayers,4322887,S. Williams,POR,3.0,61.0,0.009655731278265139,2026-08-12 06:02:02.268426+00:00
2050,2026-08-06,highestBoostedValuePlayers,4322937,J. Harrison,POR,3.0,1.0,1.6364825590927687,2026-08-12 06:02:02.268426+00:00
2052,2026-08-07,mostCommon3xPlayers,172,O. Sims,DAL,3.0,90.0,1.2800824750687694,2026-08-13 06:00:26.299319+00:00
2052,2026-08-07,highestBoostedValuePlayers,184,G. Williams,GSV,0.8,169.0,3.8887065814631514,2026-08-13 06:00:26.299319+00:00
2052,2026-08-07,highestBoostedValuePlayers,399,K. Charles,GSV,2.3,13.0,2.382560044604084,2026-08-13 06:00:26.299319+00:00
2052,2026-08-07,highestBoostedValuePlayers,596,K. Plum,PHO,0.0,710.0,4.066804344726434,2026-08-13 06:00:26.299319+00:00
2052,2026-08-07,highestBoostedValuePlayers,603,K. Stokes,GSV,2.0,26.0,2.519173150477965,2026-08-13 06:00:26.299319+00:00
2052,2026-08-07,highestBoostedValuePlayers,605,A. Gray,ATL,0.5,226.0,4.0192249918138465,2026-08-13 06:00:26.299319+00:00
2052,2026-08-07,mostCommon3xPlayers,615,L. Amihere,GSV,3.0,77.0,0.9452849999999999,2026-08-13 06:00:26.299319+00:00
2052,2026-08-07,popularPlayers,616,R. Howard,ATL,0.2,1500.0,2.923799136536629,2026-08-13 06:00:26.299319+00:00
2052,2026-08-07,highestBoostedValuePlayers,635,K. Burke,CON,1.8,1.0,2.1382349974923365,2026-08-13 06:00:26.299319+00:00
2052,2026-08-07,highestBoostedValuePlayers,641,K. Thornton,GSV,1.6,104.0,2.482364234558228,2026-08-13 06:00:26.299319+00:00
2052,2026-08-07,popularPlayers,653,J. Shepard,DAL,0.1,2100.0,1.589193784175966,2026-08-13 06:00:26.299319+00:00
2052,2026-08-07,leaderboard_lineup,657,C. Zandalasini,UNK,2.4,,0.8712879777221886,2026-08-08 06:01:17.583342+00:00
2052,2026-08-07,highestBoostedValuePlayers,658,A. Smith,DAL,3.0,36.0,2.09279349811488,2026-08-13 06:00:26.299319+00:00
2052,2026-08-07,popularPlayers,661,D. Miller,CON,2.4,974.0,1.2041376826198336,2026-08-13 06:00:26.299319+00:00
2052,2026-08-07,highestBoostedValuePlayers,668,N. Mack,PHO,1.1,5.0,2.252119263305195,2026-08-13 06:00:26.299319+00:00
2052,2026-08-07,popularPlayers,670,K. Copper,PHO,0.6,1200.0,2.3571216263268653,2026-08-13 06:00:26.299319+00:00
2052,2026-08-07,highestBoostedValuePlayers,683,A. Edwards,CON,2.0,2.0,2.5063060308821816,2026-08-13 06:00:26.299319+00:00
2052,2026-08-07,highestBoostedValuePlayers,691,S. Austin,WAS,0.5,511.0,3.964663127239618,2026-08-13 06:00:26.299319+00:00
2052,2026-08-07,highestBoostedValuePlayers,701,A. Reese,ATL,0.4,803.0,3.1194161236099713,2026-08-13 06:00:26.299319+00:00
2052,2026-08-07,mostCommon3xPlayers,724,L. Yueru,DAL,3.0,63.0,1.019569739174149,2026-08-13 06:00:26.299319+00:00
2052,2026-08-07,popularPlayers,745,A. Thomas,PHO,0.2,2500.0,2.9049625386620823,2026-08-13 06:00:26.299319+00:00
2052,2026-08-07,popularPlayers,749,O. Nelson-Ododa,CON,1.2,1100.0,0.4807984392218798,2026-08-13 06:00:26.299319+00:00
2052,2026-08-07,popularPlayers,750,D. Bonner,PHO,1.0,1400.0,2.283199937283745,2026-08-13 06:00:26.299319+00:00
2052,2026-08-07,highestBoostedValuePlayers,759,V. Burton,GSV,0.5,200.0,5.3319628002877595,2026-08-13 06:00:26.299319+00:00
2052,2026-08-07,highestBoostedValuePlayers,765,M. Siegrist,DAL,2.6,6.0,1.622471984109178,2026-08-13 06:00:26.299319+00:00
2052,2026-08-07,popularPlayers,767,A. Ogunbowale,DAL,0.8,1900.0,0.9546802746561094,2026-08-13 06:00:26.299319+00:00
2052,2026-08-07,highestBoostedValuePlayers,366584,T. Hayes,GSV,2.0,26.0,2.090916341694574,2026-08-13 06:00:26.299319+00:00
2052,2026-08-07,popularPlayers,4322740,P. Bueckers,DAL,0.1,3400.0,2.482060930399844,2026-08-13 06:00:26.299319+00:00
2052,2026-08-07,popularPlayers,4322741,S. Citron,WAS,0.4,1100.0,2.646067511836116,2026-08-13 06:00:26.299319+00:00
2052,2026-08-07,highestBoostedValuePlayers,4322743,K. Iriafen,WAS,0.6,127.0,3.2497996333484918,2026-08-13 06:00:26.299319+00:00
2052,2026-08-07,mostCommon3xPlayers,4322744,G. Amoore,WAS,3.0,102.0,-0.35690000000000005,2026-08-13 06:00:26.299319+00:00
2052,2026-08-07,highestBoostedValuePlayers,4322750,A. James,DAL,2.9,19.0,1.7854468321026593,2026-08-13 06:00:26.299319+00:00
2052,2026-08-07,leaderboard_lineup,4322793,K. Chen,UNK,2.3,,0.9246586540097473,2026-08-08 06:01:17.583342+00:00
2052,2026-08-07,popularPlayers,4322797,J. Salaün,GSV,0.9,1200.0,1.4723919264204126,2026-08-13 06:00:26.299319+00:00
2052,2026-08-07,popularPlayers,4322856,A. Fudd,DAL,0.8,1300.0,0.0,2026-08-13 06:00:26.299319+00:00
2052,2026-08-07,highestBoostedValuePlayers,4322857,L. Betts,WAS,2.6,5.0,2.811617574883141,2026-08-13 06:00:26.299319+00:00
2052,2026-08-07,highestBoostedValuePlayers,4322864,C. McMahon,WAS,2.6,2.0,1.8882824695464966,2026-08-13 06:00:26.299319+00:00
2052,2026-08-07,highestBoostedValuePlayers,4322870,C. Prosper,WAS,3.0,1.0,2.2670392642532056,2026-08-13 06:00:26.299319+00:00
2054,2026-08-08,leaderboard_lineup,336,L. Geiselsöder,UNK,3.0,,,2026-08-09 06:01:01.083811+00:00
2054,2026-08-08,popularPlayers,597,J. Young,LVA,0.1,1900.0,2.377754405064417,2026-08-14 06:05:00.332541+00:00
2054,2026-08-08,popularPlayers,598,A. Wilson,LVA,0.0,3900.0,2.2641782551189658,2026-08-14 06:05:00.332541+00:00
2054,2026-08-08,popularPlayers,599,M. DiLeo,POR,1.1,1100.0,2.2955914772157184,2026-08-14 06:05:00.332541+00:00
2054,2026-08-08,popularPlayers,602,C. Gray,LVA,0.6,784.0,2.1287104294019668,2026-08-14 06:05:00.332541+00:00
2054,2026-08-08,highestBoostedValuePlayers,620,N. Puoch,POR,3.0,16.0,3.961733840131476,2026-08-14 06:05:00.332541+00:00
2054,2026-08-08,highestBoostedValuePlayers,624,C. Clark,IND,0.2,523.0,5.152996583826937,2026-08-14 06:05:00.332541+00:00
2054,2026-08-08,highestBoostedValuePlayers,626,K. Mitchell,IND,0.2,598.0,4.844071098320318,2026-08-14 06:05:00.332541+00:00
2054,2026-08-08,highestBoostedValuePlayers,627,A. Boston,IND,0.3,83.0,3.8847172179357443,2026-08-14 06:05:00.332541+00:00
2054,2026-08-08,highestBoostedValuePlayers,629,N. Smith,LVA,0.9,75.0,3.8467868650319286,2026-08-14 06:05:00.332541+00:00
2054,2026-08-08,leaderboard_lineup,631,L. Hull,UNK,3.0,,1.2428465570943616,2026-08-09 06:01:01.083811+00:00
2054,2026-08-08,leaderboard_lineup,645,C. Vandersloot,UNK,1.2,,1.7153644854382113,2026-08-09 06:01:01.083811+00:00
2054,2026-08-08,highestBoostedValuePlayers,650,N. Collier,MIN,0.2,26.0,4.526959584928245,2026-08-14 06:05:00.332541+00:00
2054,2026-08-08,popularPlayers,652,N. Hiedeman,SEA,0.6,1400.0,0.7960932799874073,2026-08-14 06:05:00.332541+00:00
2054,2026-08-08,highestBoostedValuePlayers,654,C. Williams,MIN,0.4,90.0,4.079369583085253,2026-08-14 06:05:00.332541+00:00
2054,2026-08-08,popularPlayers,660,K. McBride,MIN,0.5,701.0,3.0084573236619043,2026-08-14 06:05:00.332541+00:00
2054,2026-08-08,highestBoostedValuePlayers,663,B. Carleton,POR,0.7,29.0,4.6286812639357775,2026-08-14 06:05:00.332541+00:00
2054,2026-08-08,popularPlayers,677,N. Cloud,CHI,1.0,1200.0,2.7563238273159927,2026-08-14 06:05:00.332541+00:00
2054,2026-08-08,mostCommon3xPlayers,685,S. Dolson,SEA,3.0,125.0,0.09025109999999997,2026-08-14 06:05:00.332541+00:00
2054,2026-08-08,leaderboard_lineup,686,K. Samuelson,UNK,3.0,,1.4223100190007705,2026-08-09 06:01:01.083811+00:00
2054,2026-08-08,popularPlayers,687,E. Engstler,POR,1.2,943.0,1.9652273431057645,2026-08-14 06:05:00.332541+00:00
2054,2026-08-08,highestBoostedValuePlayers,698,D. Evans,LVA,3.0,1.0,2.3043883365991404,2026-08-14 06:05:00.332541+00:00
2054,2026-08-08,popularPlayers,705,K. Cardoso,CHI,0.4,1200.0,2.9382431679698517,2026-08-14 06:05:00.332541+00:00
2054,2026-08-08,mostCommon3xPlayers,709,Z. Cooke,SEA,3.0,126.0,0.7951583799599068,2026-08-14 06:05:00.332541+00:00
2054,2026-08-08,leaderboard_lineup,712,M. Billings,UNK,1.6,,0.7440380892912323,2026-08-09 06:01:01.083811+00:00
2054,2026-08-08,leaderboard_lineup,726,J. Loyd,UNK,2.0,,1.7530431229368697,2026-08-09 06:01:01.083811+00:00
2054,2026-08-08,highestBoostedValuePlayers,729,J. Melbourne,SEA,1.6,45.0,4.518240541743823,2026-08-14 06:05:00.332541+00:00
2054,2026-08-08,highestBoostedValuePlayers,735,E. Magbegor,SEA,2.9,4.0,3.1482266576025117,2026-08-14 06:05:00.332541+00:00
2054,2026-08-08,highestBoostedValuePlayers,739,J. Horston,SEA,3.0,22.0,2.5637897487136807,2026-08-14 06:05:00.332541+00:00
2054,2026-08-08,highestBoostedValuePlayers,741,R. Banham,CHI,3.0,1.0,2.678354432376418,2026-08-14 06:05:00.332541+00:00
2054,2026-08-08,leaderboard_lineup,753,D. Carrington,UNK,2.3,,1.2712220363426738,2026-08-09 06:01:01.083811+00:00
2054,2026-08-08,leaderboard_lineup,757,J. Sheldon,UNK,2.7,,1.3512347853088782,2026-08-09 06:01:01.083811+00:00
2054,2026-08-08,highestBoostedValuePlayers,760,N. Howard,MIN,0.3,77.0,4.419983543724239,2026-08-14 06:05:00.332541+00:00
2054,2026-08-08,popularPlayers,762,C. Leite,POR,0.7,2700.0,0.5201691218160666,2026-08-14 06:05:00.332541+00:00
2054,2026-08-08,highestBoostedValuePlayers,4322715,H. Winterburn,POR,3.0,1.0,1.9601001967189609,2026-08-14 06:05:00.332541+00:00
2054,2026-08-08,highestBoostedValuePlayers,4322742,D. Malonga,SEA,0.4,342.0,3.645195123146719,2026-08-14 06:05:00.332541+00:00
2054,2026-08-08,highestBoostedValuePlayers,4322756,M. Timpson,IND,3.0,6.0,2.3831421427248447,2026-08-14 06:05:00.332541+00:00
2054,2026-08-08,highestBoostedValuePlayers,4322758,A. Coulibaly,CHI,3.0,1.0,2.015326985635728,2026-08-14 06:05:00.332541+00:00
2054,2026-08-08,highestBoostedValuePlayers,4322854,O. Miles,MIN,0.1,335.0,4.164852589692487,2026-08-14 06:05:00.332541+00:00
2054,2026-08-08,popularPlayers,4322855,A. Fam,SEA,1.0,614.0,0.5220555066389521,2026-08-14 06:05:00.332541+00:00
2054,2026-08-08,popularPlayers,4322859,F. Johnson,SEA,0.8,1400.0,1.0299737428866755,2026-08-14 06:05:00.332541+00:00
2054,2026-08-08,mostCommon3xPlayers,4322873,F. Buhner,POR,3.0,173.0,1.4697525942026641,2026-08-14 06:05:00.332541+00:00
2054,2026-08-08,mostCommon3xPlayers,4322887,S. Williams,POR,3.0,136.0,0.3536989474318923,2026-08-14 06:05:00.332541+00:00
2054,2026-08-08,highestBoostedValuePlayers,4322937,J. Harrison,POR,3.0,1.0,3.097239853557507,2026-08-14 06:05:00.332541+00:00
2057,2026-08-09,highestBoostedValuePlayers,172,O. Sims,DAL,3.0,3.0,2.580054460884665,2026-08-14 06:04:58.054785+00:00
2057,2026-08-09,popularPlayers,184,G. Williams,GSV,0.8,838.0,1.7910693138457967,2026-08-14 06:04:58.054785+00:00
2057,2026-08-09,highestBoostedValuePlayers,303,M. Johannes,NYL,1.8,2.0,5.748462195651491,2026-08-14 06:04:58.054785+00:00
2057,2026-08-09,highestBoostedValuePlayers,449,R. Gardner,NYL,3.0,1.0,2.5255013205714745,2026-08-14 06:04:58.054785+00:00
2057,2026-08-09,highestBoostedValuePlayers,516,M. Fauthoux,NYL,2.7,1.0,2.676000878421196,2026-08-14 06:04:58.054785+00:00
2057,2026-08-09,highestBoostedValuePlayers,553,H. Xu,NYL,3.0,4.0,2.7373316150367515,2026-08-14 06:04:58.054785+00:00
2057,2026-08-09,popularPlayers,596,K. Plum,PHO,0.0,1700.0,0.5870625688486096,2026-08-14 06:04:58.054785+00:00
2057,2026-08-09,mostCommon3xPlayers,615,L. Amihere,GSV,3.0,90.0,1.2315126958438285,2026-08-14 06:04:58.054785+00:00
2057,2026-08-09,popularPlayers,629,N. Smith,LVA,0.9,917.0,1.7389955536851014,2026-08-14 06:04:58.054785+00:00
2057,2026-08-09,popularPlayers,637,S. Ionescu,NYL,0.4,1700.0,0.857895691848823,2026-08-14 06:04:58.054785+00:00
2057,2026-08-09,popularPlayers,639,B. Stewart,NYL,0.0,2200.0,3.086504490040086,2026-08-14 06:04:58.054785+00:00
2057,2026-08-09,leaderboard_lineup,643,J. Jones,UNK,0.4,,3.175439347451453,2026-08-11 06:03:41.047957+00:00
2057,2026-08-09,highestBoostedValuePlayers,650,N. Collier,MIN,0.1,310.0,5.364453020831219,2026-08-14 06:04:58.054785+00:00
2057,2026-08-09,popularPlayers,653,J. Shepard,DAL,0.2,1200.0,0.15202343748155958,2026-08-14 06:04:58.054785+00:00
2057,2026-08-09,popularPlayers,654,C. Williams,MIN,0.4,774.0,2.587681438062156,2026-08-14 06:04:58.054785+00:00
2057,2026-08-09,highestBoostedValuePlayers,657,C. Zandalasini,GSV,2.5,1.0,3.6558551628197162,2026-08-14 06:04:58.054785+00:00
2057,2026-08-09,highestBoostedValuePlayers,658,A. Smith,DAL,3.0,17.0,2.15201509524744,2026-08-14 06:04:58.054785+00:00
2057,2026-08-09,highestBoostedValuePlayers,660,K. McBride,MIN,0.5,131.0,10.552557499706712,2026-08-14 06:04:58.054785+00:00
2057,2026-08-09,popularPlayers,670,K. Copper,PHO,0.6,938.0,1.5901184840121974,2026-08-14 06:04:58.054785+00:00
2057,2026-08-09,highestBoostedValuePlayers,673,R. Allen,NYL,3.0,1.0,3.890933459571454,2026-08-14 06:04:58.054785+00:00
2057,2026-08-09,highestBoostedValuePlayers,691,S. Austin,WAS,0.4,251.0,4.181289338850479,2026-08-14 06:04:58.054785+00:00
2057,2026-08-09,mostCommon3xPlayers,698,D. Evans,LVA,3.0,362.0,0.16588250043804503,2026-08-14 06:04:58.054785+00:00
2057,2026-08-09,mostCommon3xPlayers,699,B. Turner,LVA,3.0,359.0,1.177401385430197,2026-08-14 06:04:58.054785+00:00
2057,2026-08-09,popularPlayers,716,C. Brink,LAS,1.6,1200.0,1.7078384859523255,2026-08-14 06:04:58.054785+00:00
2057,2026-08-09,popularPlayers,718,D. Hamby,LAS,0.5,1100.0,1.720699848290849,2026-08-14 06:04:58.054785+00:00
2057,2026-08-09,mostCommon3xPlayers,719,S. Talbot,LVA,3.0,207.0,0.3915701132903134,2026-08-14 06:04:58.054785+00:00
2057,2026-08-09,popularPlayers,726,J. Loyd,LVA,2.0,787.0,0.3400968917391322,2026-08-14 06:04:58.054785+00:00
2057,2026-08-09,highestBoostedValuePlayers,733,K. Williams,LAS,3.0,6.0,1.8350731005018734,2026-08-14 06:04:58.054785+00:00
2057,2026-08-09,popularPlayers,738,N. Ogwumike,LAS,0.3,1100.0,2.31249541317323,2026-08-14 06:04:58.054785+00:00
2057,2026-08-09,popularPlayers,745,A. Thomas,PHO,0.2,1400.0,2.4334950494793968,2026-08-14 06:04:58.054785+00:00
2057,2026-08-09,popularPlayers,759,V. Burton,GSV,0.4,1500.0,2.807884957582397,2026-08-14 06:04:58.054785+00:00
2057,2026-08-09,popularPlayers,760,N. Howard,MIN,0.3,869.0,3.6574492942388996,2026-08-14 06:04:58.054785+00:00
2057,2026-08-09,highestBoostedValuePlayers,4322716,M. Yamamoto,LVA,3.0,1.0,2.844603839682348,2026-08-14 06:04:58.054785+00:00
2057,2026-08-09,highestBoostedValuePlayers,4322740,P. Bueckers,DAL,0.1,727.0,4.4472458057010344,2026-08-14 06:04:58.054785+00:00
2057,2026-08-09,highestBoostedValuePlayers,4322741,S. Citron,WAS,0.5,54.0,5.550096774046874,2026-08-14 06:04:58.054785+00:00
2057,2026-08-09,leaderboard_lineup,4322743,K. Iriafen,UNK,0.6,,2.7853694685922252,2026-08-11 06:03:41.047957+00:00
2057,2026-08-09,highestBoostedValuePlayers,4322744,G. Amoore,WAS,3.0,2.0,1.9898456535770777,2026-08-14 06:04:58.054785+00:00
2057,2026-08-09,highestBoostedValuePlayers,4322750,A. James,DAL,2.9,3.0,2.961431412826642,2026-08-14 06:04:58.054785+00:00
2057,2026-08-09,leaderboard_lineup,4322797,J. Salaün,UNK,1.0,,0.8886795576097574,2026-08-11 06:03:41.047957+00:00
2057,2026-08-09,highestBoostedValuePlayers,4322854,O. Miles,MIN,0.1,964.0,6.367089028948592,2026-08-14 06:04:58.054785+00:00
2057,2026-08-09,leaderboard_lineup,4322857,L. Betts,UNK,2.4,,1.4999761254729014,2026-08-11 06:03:41.047957+00:00
2057,2026-08-09,highestBoostedValuePlayers,4322871,T. Latson,LVA,3.0,2.0,2.752447943675222,2026-08-14 06:04:58.054785+00:00
2057,2026-08-09,highestBoostedValuePlayers,4322904,N. Brochant,PHO,3.0,3.0,2.0009972368484514,2026-08-14 06:04:58.054785+00:00
2057,2026-08-09,leaderboard_lineup,4322905,P. Astier,UNK,1.2,,1.2402787127727761,2026-08-11 06:03:41.047957+00:00
2058,2026-08-10,highestBoostedValuePlayers,605,A. Gray,ATL,0.5,703.0,3.364592460389576,2026-08-14 06:04:57.073586+00:00
2058,2026-08-10,highestBoostedValuePlayers,606,J. Canada,ATL,0.5,238.0,4.981729903365964,2026-08-14 06:04:57.073586+00:00
2058,2026-08-10,highestBoostedValuePlayers,616,R. Howard,ATL,0.2,1200.0,5.8271822266330355,2026-08-14 06:04:57.073586+00:00
2058,2026-08-10,highestBoostedValuePlayers,617,N. Hillmon,ATL,1.7,103.0,2.6918265956448324,2026-08-14 06:04:57.073586+00:00
2058,2026-08-10,highestBoostedValuePlayers,636,N. Sabally,TOR,0.8,160.0,2.927037302553361,2026-08-14 06:04:57.073586+00:00
2058,2026-08-10,popularPlayers,645,C. Vandersloot,CHI,1.2,448.0,1.3795543660999317,2026-08-14 06:04:57.073586+00:00
2058,2026-08-10,highestBoostedValuePlayers,652,N. Hiedeman,SEA,0.6,293.0,4.246295652511232,2026-08-14 06:04:57.073586+00:00
2058,2026-08-10,highestBoostedValuePlayers,677,N. Cloud,CHI,1.0,230.0,2.117637729883537,2026-08-14 06:04:57.073586+00:00
2058,2026-08-10,highestBoostedValuePlayers,685,S. Dolson,SEA,3.0,16.0,1.107751911887024,2026-08-14 06:04:57.073586+00:00
2058,2026-08-10,highestBoostedValuePlayers,696,I. Harrison,TOR,1.1,5.0,2.451494773211552,2026-08-14 06:04:57.073586+00:00
2058,2026-08-10,highestBoostedValuePlayers,697,M. Mabrey,TOR,0.3,458.0,6.148343429524179,2026-08-14 06:04:57.073586+00:00
2058,2026-08-10,highestBoostedValuePlayers,701,A. Reese,ATL,0.4,2000.0,4.842151924659562,2026-08-14 06:04:57.073586+00:00
2058,2026-08-10,popularPlayers,705,K. Cardoso,CHI,0.4,2700.0,1.8192269533039143,2026-08-14 06:04:57.073586+00:00
2058,2026-08-10,highestBoostedValuePlayers,709,Z. Cooke,SEA,3.0,20.0,1.829661297415334,2026-08-14 06:04:57.073586+00:00
2058,2026-08-10,highestBoostedValuePlayers,711,A. Stevens,CHI,1.0,231.0,2.7550157093200647,2026-08-14 06:04:57.073586+00:00
2058,2026-08-10,popularPlayers,713,J. Allemand,TOR,1.0,1500.0,0.5895874816857821,2026-08-14 06:04:57.073586+00:00
2058,2026-08-10,popularPlayers,729,J. Melbourne,SEA,1.5,1100.0,1.1703846041220891,2026-08-14 06:04:57.073586+00:00
2058,2026-08-10,highestBoostedValuePlayers,739,J. Horston,SEA,3.0,12.0,1.8726803779952854,2026-08-14 06:04:57.073586+00:00
2058,2026-08-10,highestBoostedValuePlayers,741,R. Banham,CHI,3.0,13.0,1.3459632855725048,2026-08-14 06:04:57.073586+00:00
2058,2026-08-10,highestBoostedValuePlayers,753,D. Carrington,CHI,2.4,37.0,4.242812850578373,2026-08-14 06:04:57.073586+00:00
2058,2026-08-10,highestBoostedValuePlayers,754,B. Jones,ATL,1.3,4.0,2.265393226924643,2026-08-14 06:04:57.073586+00:00
2058,2026-08-10,popularPlayers,757,J. Sheldon,CHI,2.7,626.0,1.0256805494130599,2026-08-14 06:04:57.073586+00:00
2058,2026-08-10,highestBoostedValuePlayers,4322742,D. Malonga,SEA,0.4,544.0,5.679763204603338,2026-08-14 06:04:57.073586+00:00
2058,2026-08-10,popularPlayers,4322758,A. Coulibaly,CHI,3.0,505.0,0.6303875888812966,2026-08-14 06:04:57.073586+00:00
2058,2026-08-10,highestBoostedValuePlayers,4322768,T. Thierry,SEA,3.0,4.0,2.5402284709791547,2026-08-14 06:04:57.073586+00:00
2058,2026-08-10,popularPlayers,4322794,M. Conde,TOR,1.5,1300.0,0.7023077655263167,2026-08-14 06:04:57.073586+00:00
2058,2026-08-10,popularPlayers,4322852,L. Juškaitė,TOR,1.3,793.0,-0.31556600000000007,2026-08-14 06:04:57.073586+00:00
2058,2026-08-10,popularPlayers,4322855,A. Fam,SEA,1.0,1000.0,0.4789090979136568,2026-08-14 06:04:57.073586+00:00
2058,2026-08-10,highestBoostedValuePlayers,4322861,K. Rice,TOR,1.4,5.0,3.974445537745626,2026-08-14 06:04:57.073586+00:00
2061,2026-08-11,mostCommon3xPlayers,41,V. Ayayi,PHO,3.0,18.0,0.8794760716232591,2026-08-15 06:00:32.606997+00:00
2061,2026-08-11,highestBoostedValuePlayers,449,R. Gardner,NYL,2.9,2.0,2.201986240927138,2026-08-15 06:00:32.606997+00:00
2061,2026-08-11,mostCommon3xPlayers,456,L. Held,PHO,3.0,23.0,0.6776010670972947,2026-08-15 06:00:32.606997+00:00
2061,2026-08-11,highestBoostedValuePlayers,553,H. Xu,NYL,2.9,5.0,2.095029365885366,2026-08-15 06:00:32.606997+00:00
2061,2026-08-11,highestBoostedValuePlayers,597,J. Young,LVA,0.1,316.0,5.348022621717665,2026-08-15 06:00:32.606997+00:00
2061,2026-08-11,highestBoostedValuePlayers,598,A. Wilson,LVA,0.0,4000.0,5.089426540095757,2026-08-15 06:00:32.606997+00:00
2061,2026-08-11,popularPlayers,602,C. Gray,LVA,0.6,1000.0,2.6472318218669337,2026-08-15 06:00:32.606997+00:00
2061,2026-08-11,leaderboard_lineup,622,E. Wheeler,UNK,1.2,,1.7185196011118222,2026-08-13 06:00:18.621809+00:00
2061,2026-08-11,highestBoostedValuePlayers,624,C. Clark,IND,0.2,544.0,4.648192917608711,2026-08-15 06:00:32.606997+00:00
2061,2026-08-11,highestBoostedValuePlayers,626,K. Mitchell,IND,0.2,465.0,5.683361177984481,2026-08-15 06:00:32.606997+00:00
2061,2026-08-11,highestBoostedValuePlayers,627,A. Boston,IND,0.3,148.0,4.478178838091559,2026-08-15 06:00:32.606997+00:00
2061,2026-08-11,highestBoostedValuePlayers,629,N. Smith,LVA,0.9,112.0,3.037540294710879,2026-08-15 06:00:32.606997+00:00
2061,2026-08-11,mostCommon3xPlayers,631,L. Hull,IND,3.0,61.0,0.9600510004723788,2026-08-15 06:00:32.606997+00:00
2061,2026-08-11,popularPlayers,637,S. Ionescu,NYL,0.5,2200.0,2.623821634841521,2026-08-15 06:00:32.606997+00:00
2061,2026-08-11,popularPlayers,639,B. Stewart,NYL,0.1,3000.0,3.8934374274547863,2026-08-15 06:00:32.606997+00:00
2061,2026-08-11,highestBoostedValuePlayers,643,J. Jones,NYL,0.4,121.0,3.7783894415355688,2026-08-15 06:00:32.606997+00:00
2061,2026-08-11,popularPlayers,670,K. Copper,PHO,0.6,1700.0,1.171599797269691,2026-08-15 06:00:32.606997+00:00
2061,2026-08-11,highestBoostedValuePlayers,671,S. Cunningham,IND,1.9,12.0,2.3474480740631996,2026-08-15 06:00:32.606997+00:00
2061,2026-08-11,mostCommon3xPlayers,673,R. Allen,NYL,3.0,530.0,1.6133572354029384,2026-08-15 06:00:32.606997+00:00
2061,2026-08-11,highestBoostedValuePlayers,682,A. Atkins,LAS,1.4,6.0,2.49779794983844,2026-08-15 06:00:32.606997+00:00
2061,2026-08-11,highestBoostedValuePlayers,691,S. Austin,WAS,0.4,268.0,3.5899946573298904,2026-08-15 06:00:32.606997+00:00
2061,2026-08-11,highestBoostedValuePlayers,712,M. Billings,IND,1.6,3.0,2.568510920363823,2026-08-15 06:00:32.606997+00:00
2061,2026-08-11,highestBoostedValuePlayers,714,R. Burrell,LAS,1.2,18.0,4.011380542931845,2026-08-15 06:00:32.606997+00:00
2061,2026-08-11,popularPlayers,716,C. Brink,LAS,1.6,1200.0,1.3643467328755927,2026-08-15 06:00:32.606997+00:00
2061,2026-08-11,highestBoostedValuePlayers,718,D. Hamby,LAS,0.5,121.0,3.465598434138693,2026-08-15 06:00:32.606997+00:00
2061,2026-08-11,highestBoostedValuePlayers,736,S. Whitcomb,PHO,3.0,1.0,2.1732567009825545,2026-08-15 06:00:32.606997+00:00
2061,2026-08-11,highestBoostedValuePlayers,738,N. Ogwumike,LAS,0.3,126.0,3.619137916266359,2026-08-15 06:00:32.606997+00:00
2061,2026-08-11,highestBoostedValuePlayers,745,A. Thomas,PHO,0.2,214.0,4.029040342013803,2026-08-15 06:00:32.606997+00:00
2061,2026-08-11,highestBoostedValuePlayers,750,D. Bonner,PHO,1.0,117.0,3.450355008961299,2026-08-15 06:00:32.606997+00:00
2061,2026-08-11,popularPlayers,4322741,S. Citron,WAS,0.4,1400.0,2.753479330035328,2026-08-15 06:00:32.606997+00:00
2061,2026-08-11,popularPlayers,4322743,K. Iriafen,WAS,0.6,1100.0,3.0831198503888277,2026-08-15 06:00:32.606997+00:00
2061,2026-08-11,mostCommon3xPlayers,4322744,G. Amoore,WAS,3.0,91.0,0.4359856233823705,2026-08-15 06:00:32.606997+00:00
2061,2026-08-11,popularPlayers,4322756,M. Timpson,IND,2.9,751.0,0.2083799174655671,2026-08-15 06:00:32.606997+00:00
2061,2026-08-11,leaderboard_lineup,4322864,C. McMahon,UNK,2.5,,1.2509842188299978,2026-08-13 06:00:18.621809+00:00
2061,2026-08-11,highestBoostedValuePlayers,4322904,N. Brochant,PHO,2.9,2.0,5.208477388724799,2026-08-15 06:00:32.606997+00:00
2063,2026-08-12,highestBoostedValuePlayers,172,O. Sims,DAL,2.8,2.0,1.9495929589232799,2026-08-15 06:00:30.493544+00:00
2063,2026-08-12,popularPlayers,184,G. Williams,GSV,0.8,1700.0,2.6661863261805814,2026-08-15 06:00:30.493544+00:00
2063,2026-08-12,highestBoostedValuePlayers,399,K. Charles,GSV,2.2,2.0,3.4894621892367597,2026-08-15 06:00:30.493544+00:00
2063,2026-08-12,popularPlayers,599,M. DiLeo,POR,1.1,1000.0,2.361019831518171,2026-08-15 06:00:30.493544+00:00
2063,2026-08-12,popularPlayers,609,N. Coffey,MIN,1.3,745.0,0.8625953788979305,2026-08-15 06:00:30.493544+00:00
2063,2026-08-12,mostCommon3xPlayers,615,L. Amihere,GSV,3.0,120.0,0.5468256084942464,2026-08-15 06:00:30.493544+00:00
2063,2026-08-12,mostCommon3xPlayers,620,N. Puoch,POR,3.0,131.0,0.6701976312859774,2026-08-15 06:00:30.493544+00:00
2063,2026-08-12,popularPlayers,641,K. Thornton,GSV,1.6,651.0,0.41977834210844406,2026-08-15 06:00:30.493544+00:00
2063,2026-08-12,highestBoostedValuePlayers,650,N. Collier,MIN,0.1,385.0,4.270712190708188,2026-08-15 06:00:30.493544+00:00
2063,2026-08-12,popularPlayers,654,C. Williams,MIN,0.4,1300.0,1.8352663748825153,2026-08-15 06:00:30.493544+00:00
2063,2026-08-12,highestBoostedValuePlayers,657,C. Zandalasini,GSV,2.3,28.0,2.701407923387343,2026-08-15 06:00:30.493544+00:00
2063,2026-08-12,highestBoostedValuePlayers,658,A. Smith,DAL,2.9,30.0,4.366059640184246,2026-08-15 06:00:30.493544+00:00
2063,2026-08-12,highestBoostedValuePlayers,660,K. McBride,MIN,0.4,383.0,4.332883324654805,2026-08-15 06:00:30.493544+00:00
2063,2026-08-12,popularPlayers,663,B. Carleton,POR,0.7,1600.0,2.611533620253758,2026-08-15 06:00:30.493544+00:00
2063,2026-08-12,highestBoostedValuePlayers,677,N. Cloud,CHI,1.0,152.0,2.7095181419691357,2026-08-15 06:00:30.493544+00:00
2063,2026-08-12,mostCommon3xPlayers,686,K. Samuelson,POR,3.0,31.0,0.6764189189572963,2026-08-15 06:00:30.493544+00:00
2063,2026-08-12,popularPlayers,687,E. Engstler,POR,1.2,779.0,2.405351434291785,2026-08-15 06:00:30.493544+00:00
2063,2026-08-12,highestBoostedValuePlayers,697,M. Mabrey,TOR,0.3,418.0,3.4070250211391175,2026-08-15 06:00:30.493544+00:00
2063,2026-08-12,highestBoostedValuePlayers,705,K. Cardoso,CHI,0.5,203.0,3.7869007897267077,2026-08-15 06:00:30.493544+00:00
2063,2026-08-12,mostCommon3xPlayers,724,L. Yueru,DAL,3.0,188.0,0.0,2026-08-15 06:00:30.493544+00:00
2063,2026-08-12,highestBoostedValuePlayers,725,K. Nurse,TOR,3.0,1.0,2.1654287429904655,2026-08-15 06:00:30.493544+00:00
2063,2026-08-12,highestBoostedValuePlayers,741,R. Banham,CHI,3.0,2.0,2.142062077923086,2026-08-15 06:00:30.493544+00:00
2063,2026-08-12,popularPlayers,753,D. Carrington,CHI,1.5,769.0,0.11552784767765216,2026-08-15 06:00:30.493544+00:00
2063,2026-08-12,highestBoostedValuePlayers,755,A. Kuier,DAL,2.9,2.0,3.442009904744264,2026-08-15 06:00:30.493544+00:00
2063,2026-08-12,highestBoostedValuePlayers,757,J. Sheldon,CHI,2.8,4.0,1.7528067995571535,2026-08-15 06:00:30.493544+00:00
2063,2026-08-12,popularPlayers,759,V. Burton,GSV,0.5,2000.0,2.4086795385161066,2026-08-15 06:00:30.493544+00:00
2063,2026-08-12,highestBoostedValuePlayers,760,N. Howard,MIN,0.3,201.0,3.799118882553153,2026-08-15 06:00:30.493544+00:00
2063,2026-08-12,highestBoostedValuePlayers,765,M. Siegrist,DAL,2.6,4.0,2.6446037566251905,2026-08-15 06:00:30.493544+00:00
2063,2026-08-12,highestBoostedValuePlayers,767,A. Ogunbowale,DAL,0.9,149.0,2.73749778977371,2026-08-15 06:00:30.493544+00:00
2063,2026-08-12,highestBoostedValuePlayers,366584,T. Hayes,GSV,1.9,6.0,5.949805181890051,2026-08-15 06:00:30.493544+00:00
2063,2026-08-12,highestBoostedValuePlayers,4322740,P. Bueckers,DAL,0.1,1900.0,4.818110448389427,2026-08-15 06:00:30.493544+00:00
2063,2026-08-12,leaderboard_lineup,4322750,A. James,UNK,2.7,,0.8681594570806266,2026-08-14 06:04:53.249006+00:00
2063,2026-08-12,popularPlayers,4322797,J. Salaün,GSV,1.0,896.0,0.0,2026-08-15 06:00:30.493544+00:00
2063,2026-08-12,highestBoostedValuePlayers,4322852,L. Juškaitė,TOR,1.3,10.0,2.8322559151452893,2026-08-15 06:00:30.493544+00:00
2063,2026-08-12,popularPlayers,4322854,O. Miles,MIN,0.1,4400.0,2.8086785609463156,2026-08-15 06:00:30.493544+00:00
2063,2026-08-12,highestBoostedValuePlayers,4322861,K. Rice,TOR,1.3,14.0,2.9680007538094246,2026-08-15 06:00:30.493544+00:00
2063,2026-08-12,mostCommon3xPlayers,4322873,F. Buhner,POR,3.0,34.0,1.2979828713166193,2026-08-15 06:00:30.493544+00:00
2063,2026-08-12,leaderboard_lineup,4322937,J. Harrison,UNK,2.2,,0.6759843513408333,2026-08-14 06:04:53.249006+00:00
2066,2026-08-13,highestBoostedValuePlayers,303,M. Johannes,NYL,1.6,22.0,2.009246493468302,2026-08-15 06:00:27.530593+00:00
2066,2026-08-13,leaderboard_lineup,449,R. Gardner,UNK,2.8,,1.3970773242611843,2026-08-15 06:00:27.805336+00:00
2066,2026-08-13,highestBoostedValuePlayers,553,H. Xu,NYL,2.9,4.0,1.5348569290278433,2026-08-15 06:00:27.530593+00:00
2066,2026-08-13,highestBoostedValuePlayers,597,J. Young,LVA,0.1,419.0,6.8766176741148834,2026-08-15 06:00:27.530593+00:00
2066,2026-08-13,popularPlayers,598,A. Wilson,LVA,0.0,5400.0,2.79466780493363,2026-08-15 06:00:27.530593+00:00
2066,2026-08-13,popularPlayers,602,C. Gray,LVA,0.6,1100.0,1.973114384936506,2026-08-15 06:00:27.530593+00:00
2066,2026-08-13,highestBoostedValuePlayers,605,A. Gray,ATL,0.4,140.0,4.235761601600715,2026-08-15 06:00:27.530593+00:00
2066,2026-08-13,popularPlayers,606,J. Canada,ATL,0.5,726.0,1.8993874130510178,2026-08-15 06:00:27.530593+00:00
2066,2026-08-13,highestBoostedValuePlayers,616,R. Howard,ATL,0.2,180.0,6.6237291305945645,2026-08-15 06:00:27.530593+00:00
2066,2026-08-13,highestBoostedValuePlayers,617,N. Hillmon,ATL,1.6,3.0,2.5277849435871715,2026-08-15 06:00:27.530593+00:00
2066,2026-08-13,popularPlayers,622,E. Wheeler,LAS,1.2,677.0,1.107367041521329,2026-08-15 06:00:27.530593+00:00
2066,2026-08-13,popularPlayers,629,N. Smith,LVA,0.9,878.0,1.75899791029822,2026-08-15 06:00:27.530593+00:00
2066,2026-08-13,popularPlayers,637,S. Ionescu,NYL,0.5,2300.0,2.534732901172625,2026-08-15 06:00:27.530593+00:00
2066,2026-08-13,mostCommon3xPlayers,638,B. Laney-Hamilton,WAS,3.0,58.0,0.823003719446848,2026-08-15 06:00:27.530593+00:00
2066,2026-08-13,highestBoostedValuePlayers,639,B. Stewart,NYL,0.1,392.0,3.074189745150521,2026-08-15 06:00:27.530593+00:00
2066,2026-08-13,highestBoostedValuePlayers,643,J. Jones,NYL,0.4,103.0,3.6811501801319513,2026-08-15 06:00:27.530593+00:00
2066,2026-08-13,leaderboard_lineup,661,D. Miller,UNK,2.4,,0.7719296469687063,2026-08-15 06:00:27.805336+00:00
2066,2026-08-13,highestBoostedValuePlayers,673,R. Allen,NYL,3.0,15.0,2.516138927151951,2026-08-15 06:00:27.530593+00:00
2066,2026-08-13,highestBoostedValuePlayers,683,A. Edwards,CON,1.9,7.0,2.3277939873614217,2026-08-15 06:00:27.530593+00:00
2066,2026-08-13,highestBoostedValuePlayers,691,S. Austin,WAS,0.4,212.0,4.168560749102015,2026-08-15 06:00:27.530593+00:00
2066,2026-08-13,highestBoostedValuePlayers,701,A. Reese,ATL,0.3,277.0,3.4422782916506667,2026-08-15 06:00:27.530593+00:00
2066,2026-08-13,highestBoostedValuePlayers,714,R. Burrell,LAS,1.2,94.0,4.134088024683244,2026-08-15 06:00:27.530593+00:00
2066,2026-08-13,highestBoostedValuePlayers,716,C. Brink,LAS,1.6,137.0,2.256200868114742,2026-08-15 06:00:27.530593+00:00
2066,2026-08-13,highestBoostedValuePlayers,718,D. Hamby,LAS,0.5,106.0,3.1347570370134954,2026-08-15 06:00:27.530593+00:00
2066,2026-08-13,mostCommon3xPlayers,719,S. Talbot,LVA,3.0,55.0,1.0755297715424992,2026-08-15 06:00:27.530593+00:00
2066,2026-08-13,highestBoostedValuePlayers,726,J. Loyd,LVA,2.1,12.0,2.430799770541547,2026-08-15 06:00:27.530593+00:00
2066,2026-08-13,highestBoostedValuePlayers,738,N. Ogwumike,LAS,0.3,115.0,3.0492278132208397,2026-08-15 06:00:27.530593+00:00
2066,2026-08-13,highestBoostedValuePlayers,4322741,S. Citron,WAS,0.4,191.0,3.6632208144537155,2026-08-15 06:00:27.530593+00:00
2066,2026-08-13,popularPlayers,4322743,K. Iriafen,WAS,0.6,1100.0,0.8804717852714303,2026-08-15 06:00:27.530593+00:00
2066,2026-08-13,mostCommon3xPlayers,4322744,G. Amoore,WAS,3.0,101.0,0.05083159911285899,2026-08-15 06:00:27.530593+00:00
2066,2026-08-13,highestBoostedValuePlayers,4322751,A. Nye,ATL,3.0,1.0,1.6581438015554206,2026-08-15 06:00:27.530593+00:00
2066,2026-08-13,mostCommon3xPlayers,4322863,A. Dugalić,WAS,3.0,50.0,0.09,2026-08-15 06:00:27.530593+00:00
2066,2026-08-13,leaderboard_lineup,4322864,C. McMahon,UNK,2.5,,0.8500957831590307,2026-08-15 06:00:27.805336+00:00
2066,2026-08-13,highestBoostedValuePlayers,4322868,G. Kneepkens,CON,3.0,1.0,1.8010269328730821,2026-08-15 06:00:27.530593+00:00
2068,2026-08-14,highestBoostedValuePlayers,172,O. Sims,DAL,2.7,14.0,1.6959019199124648,2026-08-19 06:04:04.051427+00:00
2068,2026-08-14,highestBoostedValuePlayers,599,M. DiLeo,POR,1.1,229.0,1.9453905180430517,2026-08-19 06:04:04.051427+00:00
2068,2026-08-14,highestBoostedValuePlayers,620,N. Puoch,POR,3.0,14.0,1.2809220297341668,2026-08-19 06:04:04.051427+00:00
2068,2026-08-14,highestBoostedValuePlayers,624,C. Clark,IND,0.1,1200.0,5.518721419875113,2026-08-19 06:04:04.051427+00:00
2068,2026-08-14,highestBoostedValuePlayers,626,K. Mitchell,IND,0.1,1700.0,3.143514345041225,2026-08-19 06:04:04.051427+00:00
2068,2026-08-14,popularPlayers,627,A. Boston,IND,0.2,1200.0,2.6799937086834373,2026-08-19 06:04:04.051427+00:00
2068,2026-08-14,popularPlayers,652,N. Hiedeman,SEA,0.6,2300.0,2.0784975788733573,2026-08-19 06:04:04.051427+00:00
2068,2026-08-14,highestBoostedValuePlayers,658,A. Smith,DAL,2.6,130.0,1.7452881479443898,2026-08-19 06:04:04.051427+00:00
2068,2026-08-14,highestBoostedValuePlayers,663,B. Carleton,POR,0.7,247.0,3.2418534268037904,2026-08-19 06:04:04.051427+00:00
2068,2026-08-14,popularPlayers,671,S. Cunningham,IND,1.8,1200.0,0.698186251568541,2026-08-19 06:04:04.051427+00:00
2068,2026-08-14,highestBoostedValuePlayers,686,K. Samuelson,POR,3.0,20.0,1.203352321529884,2026-08-19 06:04:04.051427+00:00
2068,2026-08-14,highestBoostedValuePlayers,687,E. Engstler,POR,1.2,144.0,1.9295779279513514,2026-08-19 06:04:04.051427+00:00
2068,2026-08-14,mostCommon3xPlayers,709,Z. Cooke,SEA,3.0,179.0,0.23372539820617197,2026-08-19 06:04:04.051427+00:00
2068,2026-08-14,popularPlayers,712,M. Billings,IND,1.6,815.0,0.7527642045177694,2026-08-19 06:04:04.051427+00:00
2068,2026-08-14,highestBoostedValuePlayers,729,J. Melbourne,SEA,1.5,129.0,1.736585531808654,2026-08-19 06:04:04.051427+00:00
2068,2026-08-14,highestBoostedValuePlayers,735,E. Magbegor,SEA,2.5,5.0,2.9946144092308855,2026-08-19 06:04:04.051427+00:00
2068,2026-08-14,highestBoostedValuePlayers,739,J. Horston,SEA,3.0,12.0,3.1499359174702235,2026-08-19 06:04:04.051427+00:00
2068,2026-08-14,highestBoostedValuePlayers,747,T. Harris,IND,2.8,1.0,2.912772239624165,2026-08-19 06:04:04.051427+00:00
2068,2026-08-14,highestBoostedValuePlayers,755,A. Kuier,DAL,2.7,13.0,2.4690766996817803,2026-08-19 06:04:04.051427+00:00
2068,2026-08-14,highestBoostedValuePlayers,762,C. Leite,POR,0.7,23.0,2.4775178387690895,2026-08-19 06:04:04.051427+00:00
2068,2026-08-14,popularPlayers,765,M. Siegrist,DAL,2.5,295.0,1.2906777609577533,2026-08-19 06:04:04.051427+00:00
2068,2026-08-14,highestBoostedValuePlayers,767,A. Ogunbowale,DAL,0.9,215.0,2.6873846512728083,2026-08-19 06:04:04.051427+00:00
2068,2026-08-14,highestBoostedValuePlayers,4322715,H. Winterburn,POR,3.0,1.0,5.981010671093362,2026-08-19 06:04:04.051427+00:00
2068,2026-08-14,highestBoostedValuePlayers,4322740,P. Bueckers,DAL,0.1,1500.0,5.300996788279931,2026-08-19 06:04:04.051427+00:00
2068,2026-08-14,highestBoostedValuePlayers,4322742,D. Malonga,SEA,0.4,602.0,3.4747457181680512,2026-08-19 06:04:04.051427+00:00
2068,2026-08-14,popularPlayers,4322756,M. Timpson,IND,3.0,491.0,0.8134458240703893,2026-08-19 06:04:04.051427+00:00
2068,2026-08-14,highestBoostedValuePlayers,4322855,A. Fam,SEA,1.1,128.0,3.3341262878220403,2026-08-19 06:04:04.051427+00:00
2068,2026-08-14,mostCommon3xPlayers,4322926,T. Oblak,POR,3.0,256.0,0.5346504243679767,2026-08-19 06:04:04.051427+00:00
2069,2026-08-15,highestBoostedValuePlayers,303,M. Johannes,NYL,1.6,14.0,3.9909391742551876,2026-08-19 06:04:02.639365+00:00
2069,2026-08-15,mostCommon3xPlayers,563,M. Caldwell,MIN,3.0,43.0,0.09,2026-08-19 06:04:02.639365+00:00
2069,2026-08-15,popularPlayers,597,J. Young,LVA,0.1,2800.0,1.7759891008705977,2026-08-19 06:04:02.639365+00:00
2069,2026-08-15,highestBoostedValuePlayers,598,A. Wilson,LVA,0.0,3200.0,5.992000445248093,2026-08-19 06:04:02.639365+00:00
2069,2026-08-15,highestBoostedValuePlayers,602,C. Gray,LVA,0.6,143.0,2.917804183293006,2026-08-19 06:04:02.639365+00:00
2069,2026-08-15,highestBoostedValuePlayers,609,N. Coffey,MIN,1.3,90.0,2.85795354781912,2026-08-19 06:04:02.639365+00:00
2069,2026-08-15,highestBoostedValuePlayers,629,N. Smith,LVA,0.9,85.0,4.333534369503389,2026-08-19 06:04:02.639365+00:00
2069,2026-08-15,popularPlayers,639,B. Stewart,NYL,0.1,2000.0,1.6982870573842972,2026-08-19 06:04:02.639365+00:00
2069,2026-08-15,highestBoostedValuePlayers,643,J. Jones,NYL,0.4,83.0,4.064822364734361,2026-08-19 06:04:02.639365+00:00
2069,2026-08-15,highestBoostedValuePlayers,650,N. Collier,MIN,0.1,240.0,3.4064660971548926,2026-08-19 06:04:02.639365+00:00
2069,2026-08-15,popularPlayers,654,C. Williams,MIN,0.4,838.0,1.371490284034168,2026-08-19 06:04:02.639365+00:00
2069,2026-08-15,popularPlayers,660,K. McBride,MIN,0.3,1700.0,3.0056184697056216,2026-08-19 06:04:02.639365+00:00
2069,2026-08-15,highestBoostedValuePlayers,661,D. Miller,CON,2.4,4.0,2.3094146488110536,2026-08-19 06:04:02.639365+00:00
2069,2026-08-15,popularPlayers,673,R. Allen,NYL,3.0,931.0,0.9511182895878445,2026-08-19 06:04:02.639365+00:00
2069,2026-08-15,popularPlayers,691,S. Austin,WAS,0.4,2700.0,2.8671911727796053,2026-08-19 06:04:02.639365+00:00
2069,2026-08-15,highestBoostedValuePlayers,714,R. Burrell,LAS,1.1,114.0,2.8177467554897775,2026-08-19 06:04:02.639365+00:00
2069,2026-08-15,popularPlayers,718,D. Hamby,LAS,0.5,939.0,2.6164707025822325,2026-08-19 06:04:02.639365+00:00
2069,2026-08-15,mostCommon3xPlayers,719,S. Talbot,LVA,3.0,46.0,0.8095744076723442,2026-08-19 06:04:02.639365+00:00
2069,2026-08-15,highestBoostedValuePlayers,738,N. Ogwumike,LAS,0.3,122.0,4.110097887879612,2026-08-19 06:04:02.639365+00:00
2069,2026-08-15,highestBoostedValuePlayers,749,O. Nelson-Ododa,CON,1.3,3.0,3.7940393345879913,2026-08-19 06:04:02.639365+00:00
2069,2026-08-15,popularPlayers,760,N. Howard,MIN,0.3,1000.0,3.0007916061917657,2026-08-19 06:04:02.639365+00:00
2069,2026-08-15,highestBoostedValuePlayers,4322741,S. Citron,WAS,0.4,162.0,4.788238767475437,2026-08-19 06:04:02.639365+00:00
2069,2026-08-15,highestBoostedValuePlayers,4322743,K. Iriafen,WAS,0.6,103.0,4.6714378982533304,2026-08-19 06:04:02.639365+00:00
2069,2026-08-15,mostCommon3xPlayers,4322744,G. Amoore,WAS,3.0,96.0,-0.17841451261141847,2026-08-19 06:04:02.639365+00:00
2069,2026-08-15,highestBoostedValuePlayers,4322746,S. Rivers,CON,2.1,2.0,1.7437591191012871,2026-08-19 06:04:02.639365+00:00
2069,2026-08-15,highestBoostedValuePlayers,4322854,O. Miles,MIN,0.1,522.0,5.0259336316357235,2026-08-19 06:04:02.639365+00:00
2069,2026-08-15,highestBoostedValuePlayers,4322857,L. Betts,WAS,2.5,7.0,2.0781305003526005,2026-08-19 06:04:02.639365+00:00
2069,2026-08-15,highestBoostedValuePlayers,4322864,C. McMahon,WAS,2.6,6.0,1.9939578401981508,2026-08-19 06:04:02.639365+00:00
2069,2026-08-15,highestBoostedValuePlayers,4322870,C. Prosper,WAS,3.0,1.0,1.6032094406217652,2026-08-19 06:04:02.639365+00:00
2069,2026-08-15,highestBoostedValuePlayers,4322872,C. Leger-Walker,CON,2.4,3.0,3.2452002797374204,2026-08-19 06:04:02.639365+00:00
2069,2026-08-15,mostCommon3xPlayers,4322901,A. Delaere,MIN,3.0,26.0,0.0,2026-08-19 06:04:02.639365+00:00
2069,2026-08-15,highestBoostedValuePlayers,4322905,P. Astier,NYL,1.3,67.0,2.1304030723453833,2026-08-19 06:04:02.639365+00:00
2073,2026-08-16,mostCommon3xPlayers,41,V. Ayayi,PHO,3.0,117.0,0.31380712117340837,2026-08-20 06:02:07.163441+00:00
2073,2026-08-16,mostCommon3xPlayers,456,L. Held,PHO,3.0,113.0,0.7566087696724269,2026-08-20 06:02:07.163441+00:00
2073,2026-08-16,highestBoostedValuePlayers,599,M. DiLeo,POR,1.1,112.0,3.1683292302928283,2026-08-20 06:02:07.163441+00:00
2073,2026-08-16,highestBoostedValuePlayers,605,A. Gray,ATL,0.4,227.0,5.76559830975758,2026-08-20 06:02:07.163441+00:00
2073,2026-08-16,popularPlayers,616,R. Howard,ATL,0.2,2300.0,2.9736576285844114,2026-08-20 06:02:07.163441+00:00
2073,2026-08-16,leaderboard_lineup,617,N. Hillmon,UNK,1.6,,1.233787186334987,2026-08-19 06:03:59.232930+00:00
2073,2026-08-16,highestBoostedValuePlayers,618,I. Borlase,ATL,3.0,1.0,1.9022384856607186,2026-08-20 06:02:07.163441+00:00
2073,2026-08-16,highestBoostedValuePlayers,624,C. Clark,IND,0.1,1300.0,3.945879781426395,2026-08-20 06:02:07.163441+00:00
2073,2026-08-16,popularPlayers,626,K. Mitchell,IND,0.1,2900.0,2.4429020774947987,2026-08-20 06:02:07.163441+00:00
2073,2026-08-16,highestBoostedValuePlayers,627,A. Boston,IND,0.3,73.0,5.842132789540806,2026-08-20 06:02:07.163441+00:00
2073,2026-08-16,leaderboard_lineup,644,J. Sherrod,UNK,3.0,,0.5089705565700926,2026-08-19 06:03:59.232930+00:00
2073,2026-08-16,highestBoostedValuePlayers,645,C. Vandersloot,CHI,1.3,3.0,3.2327555079279064,2026-08-20 06:02:07.163441+00:00
2073,2026-08-16,popularPlayers,663,B. Carleton,POR,0.7,1600.0,1.6826076331467175,2026-08-20 06:02:07.163441+00:00
2073,2026-08-16,highestBoostedValuePlayers,670,K. Copper,PHO,0.6,192.0,3.033971674320663,2026-08-20 06:02:07.163441+00:00
2073,2026-08-16,highestBoostedValuePlayers,677,N. Cloud,CHI,1.0,140.0,3.5199065001893985,2026-08-20 06:02:07.163441+00:00
2073,2026-08-16,popularPlayers,687,E. Engstler,POR,1.2,715.0,2.2173654119603943,2026-08-20 06:02:07.163441+00:00
2073,2026-08-16,highestBoostedValuePlayers,701,A. Reese,ATL,0.3,544.0,3.402724911532719,2026-08-20 06:02:07.163441+00:00
2073,2026-08-16,highestBoostedValuePlayers,705,K. Cardoso,CHI,0.5,147.0,4.1898383858583275,2026-08-20 06:02:07.163441+00:00
2073,2026-08-16,highestBoostedValuePlayers,729,J. Melbourne,SEA,1.5,5.0,2.237642246232487,2026-08-20 06:02:07.163441+00:00
2073,2026-08-16,highestBoostedValuePlayers,735,E. Magbegor,SEA,2.1,9.0,2.7754002597400778,2026-08-20 06:02:07.163441+00:00
2073,2026-08-16,highestBoostedValuePlayers,736,S. Whitcomb,PHO,3.0,1.0,2.450893924549841,2026-08-20 06:02:07.163441+00:00
2073,2026-08-16,popularPlayers,739,J. Horston,SEA,3.0,833.0,0.33721246463911153,2026-08-20 06:02:07.163441+00:00
2073,2026-08-16,leaderboard_lineup,741,R. Banham,UNK,3.0,,1.045266993793587,2026-08-19 06:03:59.232930+00:00
2073,2026-08-16,highestBoostedValuePlayers,745,A. Thomas,PHO,0.2,868.0,4.32382090492516,2026-08-20 06:02:07.163441+00:00
2073,2026-08-16,highestBoostedValuePlayers,750,D. Bonner,PHO,1.0,220.0,3.4989955082375874,2026-08-20 06:02:07.163441+00:00
2073,2026-08-16,leaderboard_lineup,753,D. Carrington,UNK,2.0,,1.7318789261193943,2026-08-19 06:03:59.232930+00:00
2073,2026-08-16,highestBoostedValuePlayers,762,C. Leite,POR,0.7,174.0,3.652375778065356,2026-08-20 06:02:07.163441+00:00
2073,2026-08-16,mostCommon3xPlayers,4322715,H. Winterburn,POR,3.0,144.0,0.4770123243227613,2026-08-20 06:02:07.163441+00:00
2073,2026-08-16,highestBoostedValuePlayers,4322742,D. Malonga,SEA,0.4,243.0,3.4982886622206317,2026-08-20 06:02:07.163441+00:00
2073,2026-08-16,highestBoostedValuePlayers,4322756,M. Timpson,IND,3.0,5.0,3.851830188470613,2026-08-20 06:02:07.163441+00:00
2073,2026-08-16,highestBoostedValuePlayers,4322855,A. Fam,SEA,1.1,8.0,2.8574232882506903,2026-08-20 06:02:07.163441+00:00
2073,2026-08-16,popularPlayers,4322859,F. Johnson,SEA,0.8,954.0,1.9171392559474636,2026-08-20 06:02:07.163441+00:00
2073,2026-08-16,highestBoostedValuePlayers,4322865,M. Okot,ATL,3.0,1.0,2.4258190497417953,2026-08-20 06:02:07.163441+00:00
2073,2026-08-16,popularPlayers,4322904,N. Brochant,PHO,2.6,708.0,-0.007807821788195079,2026-08-20 06:02:07.163441+00:00
2077,2026-08-17,highestBoostedValuePlayers,172,O. Sims,DAL,2.6,122.0,0.5029170200039242,2026-08-22 06:02:12.022042+00:00
2077,2026-08-17,highestBoostedValuePlayers,184,G. Williams,GSV,0.8,372.0,4.172341704318061,2026-08-22 06:02:12.022042+00:00
2077,2026-08-17,highestBoostedValuePlayers,399,K. Charles,GSV,2.1,98.0,0.7870846783738114,2026-08-22 06:02:12.022042+00:00
2077,2026-08-17,highestBoostedValuePlayers,600,A. Clark,DAL,3.0,2.0,0.41852424541390293,2026-08-22 06:02:12.022042+00:00
2077,2026-08-17,highestBoostedValuePlayers,603,K. Stokes,GSV,1.9,96.0,0.67792,2026-08-22 06:02:12.022042+00:00
2077,2026-08-17,mostCommon3xPlayers,612,H. Jones,DAL,3.0,31.0,0.0,2026-08-22 06:02:12.022042+00:00
2077,2026-08-17,highestBoostedValuePlayers,615,L. Amihere,GSV,3.0,,0.0,2026-08-22 06:02:12.022042+00:00
2077,2026-08-17,highestBoostedValuePlayers,641,K. Thornton,GSV,1.6,397.0,1.3849839603215819,2026-08-22 06:02:12.022042+00:00
2077,2026-08-17,highestBoostedValuePlayers,653,J. Shepard,DAL,0.2,126.0,1.3573625679209405,2026-08-22 06:02:12.022042+00:00
2077,2026-08-17,highestBoostedValuePlayers,657,C. Zandalasini,GSV,2.2,123.0,1.3723744705962917,2026-08-22 06:02:12.022042+00:00
2077,2026-08-17,highestBoostedValuePlayers,658,A. Smith,DAL,2.5,184.0,2.6124991781389637,2026-08-22 06:02:12.022042+00:00
2077,2026-08-17,highestBoostedValuePlayers,665,S. Sutton,DAL,3.0,2.0,0.0002779072093873758,2026-08-22 06:02:12.022042+00:00
2077,2026-08-17,highestBoostedValuePlayers,724,L. Yueru,DAL,3.0,,0.0,2026-08-22 06:02:12.022042+00:00
2077,2026-08-17,highestBoostedValuePlayers,755,A. Kuier,DAL,2.6,128.0,1.7632147041744821,2026-08-22 06:02:12.022042+00:00
2077,2026-08-17,highestBoostedValuePlayers,759,V. Burton,GSV,0.5,470.0,3.8909196054423587,2026-08-22 06:02:12.022042+00:00
2077,2026-08-17,highestBoostedValuePlayers,765,M. Siegrist,DAL,2.5,110.0,1.280139909718663,2026-08-22 06:02:12.022042+00:00
2077,2026-08-17,highestBoostedValuePlayers,767,A. Ogunbowale,DAL,0.9,283.0,3.03666544776225,2026-08-22 06:02:12.022042+00:00
2077,2026-08-17,highestBoostedValuePlayers,366584,T. Hayes,GSV,1.7,172.0,1.8920885944980697,2026-08-22 06:02:12.022042+00:00
2077,2026-08-17,highestBoostedValuePlayers,4322740,P. Bueckers,DAL,0.1,4400.0,1.741952861350892,2026-08-22 06:02:12.022042+00:00
2077,2026-08-17,highestBoostedValuePlayers,4322793,K. Chen,GSV,2.5,111.0,0.15125658462993352,2026-08-22 06:02:12.022042+00:00
2077,2026-08-17,highestBoostedValuePlayers,4322797,J. Salaün,GSV,1.0,176.0,1.631308141790263,2026-08-22 06:02:12.022042+00:00
2078,2026-08-18,highestBoostedValuePlayers,553,H. Xu,NYL,2.9,4.0,2.136521189480233,2026-08-22 06:02:10.555861+00:00
2078,2026-08-18,popularPlayers,597,J. Young,LVA,0.1,2300.0,3.8081365978054915,2026-08-22 06:02:10.555861+00:00
2078,2026-08-18,highestBoostedValuePlayers,598,A. Wilson,LVA,0.0,3900.0,5.161193633711732,2026-08-22 06:02:10.555861+00:00
2078,2026-08-18,popularPlayers,602,C. Gray,LVA,0.6,1100.0,2.236127732846001,2026-08-22 06:02:10.555861+00:00
2078,2026-08-18,highestBoostedValuePlayers,605,A. Gray,ATL,0.4,200.0,4.294893085576147,2026-08-22 06:02:10.555861+00:00
2078,2026-08-18,highestBoostedValuePlayers,606,J. Canada,ATL,0.5,16.0,4.619151580236463,2026-08-22 06:02:10.555861+00:00
2078,2026-08-18,highestBoostedValuePlayers,616,R. Howard,ATL,0.2,176.0,4.686607658767977,2026-08-22 06:02:10.555861+00:00
2078,2026-08-18,mostCommon3xPlayers,618,I. Borlase,ATL,3.0,39.0,0.5363486497101508,2026-08-22 06:02:10.555861+00:00
2078,2026-08-18,popularPlayers,624,C. Clark,IND,0.1,2600.0,2.9816153214418954,2026-08-22 06:02:10.555861+00:00
2078,2026-08-18,highestBoostedValuePlayers,626,K. Mitchell,IND,0.2,347.0,5.09762969829658,2026-08-22 06:02:10.555861+00:00
2078,2026-08-18,popularPlayers,629,N. Smith,LVA,0.9,875.0,2.540419933851784,2026-08-22 06:02:10.555861+00:00
2078,2026-08-18,highestBoostedValuePlayers,635,K. Burke,CON,1.8,2.0,2.7373577188139424,2026-08-22 06:02:10.555861+00:00
2078,2026-08-18,highestBoostedValuePlayers,637,S. Ionescu,NYL,0.5,119.0,4.48319633318826,2026-08-22 06:02:10.555861+00:00
2078,2026-08-18,highestBoostedValuePlayers,639,B. Stewart,NYL,0.1,362.0,4.29649104038307,2026-08-22 06:02:10.555861+00:00
2078,2026-08-18,popularPlayers,643,J. Jones,NYL,0.4,1300.0,0.8026977099963369,2026-08-22 06:02:10.555861+00:00
2078,2026-08-18,leaderboard_lineup,645,C. Vandersloot,UNK,1.2,,2.5923696887134065,2026-08-19 06:03:54.261113+00:00
2078,2026-08-18,highestBoostedValuePlayers,661,D. Miller,CON,2.4,3.0,2.1924042933721437,2026-08-22 06:02:10.555861+00:00
2078,2026-08-18,leaderboard_lineup,671,S. Cunningham,UNK,1.9,,2.269095400664032,2026-08-19 06:03:54.261113+00:00
2078,2026-08-18,highestBoostedValuePlayers,673,R. Allen,NYL,3.0,5.0,2.610367486840029,2026-08-22 06:02:10.555861+00:00
2078,2026-08-18,highestBoostedValuePlayers,677,N. Cloud,CHI,0.9,135.0,6.640394655160413,2026-08-22 06:02:10.555861+00:00
2078,2026-08-18,popularPlayers,697,M. Mabrey,TOR,0.3,1500.0,2.822468018571896,2026-08-22 06:02:10.555861+00:00
2078,2026-08-18,highestBoostedValuePlayers,701,A. Reese,ATL,0.3,299.0,4.789506301303389,2026-08-22 06:02:10.555861+00:00
2078,2026-08-18,highestBoostedValuePlayers,705,K. Cardoso,CHI,0.4,137.0,4.789152091835025,2026-08-22 06:02:10.555861+00:00
2078,2026-08-18,highestBoostedValuePlayers,714,R. Burrell,LAS,1.1,32.0,2.991193105817151,2026-08-22 06:02:10.555861+00:00
2078,2026-08-18,popularPlayers,718,D. Hamby,LAS,0.5,849.0,2.1645092342771073,2026-08-22 06:02:10.555861+00:00
2078,2026-08-18,mostCommon3xPlayers,725,K. Nurse,TOR,3.0,84.0,1.5238041383949896,2026-08-22 06:02:10.555861+00:00
2078,2026-08-18,popularPlayers,738,N. Ogwumike,LAS,0.3,976.0,2.499164659394778,2026-08-22 06:02:10.555861+00:00
2078,2026-08-18,highestBoostedValuePlayers,749,O. Nelson-Ododa,CON,1.3,10.0,3.5750230637691875,2026-08-22 06:02:10.555861+00:00
2078,2026-08-18,highestBoostedValuePlayers,4322745,A. Morrow,TOR,1.0,22.0,3.708724529179596,2026-08-22 06:02:10.555861+00:00
2078,2026-08-18,highestBoostedValuePlayers,4322746,S. Rivers,CON,2.1,2.0,2.503864848911299,2026-08-22 06:02:10.555861+00:00
2078,2026-08-18,highestBoostedValuePlayers,4322756,M. Timpson,IND,2.8,13.0,2.231027364841701,2026-08-22 06:02:10.555861+00:00
2078,2026-08-18,leaderboard_lineup,4322861,K. Rice,UNK,1.2,,2.481868422479349,2026-08-19 06:03:54.261113+00:00
2078,2026-08-18,mostCommon3xPlayers,4322865,M. Okot,ATL,3.0,102.0,0.43656699840112334,2026-08-22 06:02:10.555861+00:00
2078,2026-08-18,highestBoostedValuePlayers,4322872,C. Leger-Walker,CON,2.3,6.0,2.6771008229857727,2026-08-22 06:02:10.555861+00:00
2078,2026-08-18,mostCommon3xPlayers,4322885,T. Morgan,LAS,3.0,33.0,1.053956941280678,2026-08-22 06:02:10.555861+00:00
2082,2026-08-19,popularPlayers,184,G. Williams,GSV,0.8,2400.0,1.3245749656441033,2026-08-23 06:04:50.492610+00:00
2082,2026-08-19,mostCommon3xPlayers,563,M. Caldwell,MIN,3.0,92.0,0.43475826044525334,2026-08-23 06:04:50.492610+00:00
2082,2026-08-19,popularPlayers,609,N. Coffey,MIN,1.3,842.0,0.27,2026-08-23 06:04:50.492610+00:00
2082,2026-08-19,mostCommon3xPlayers,615,L. Amihere,GSV,3.0,64.0,0.0,2026-08-23 06:04:50.492610+00:00
2082,2026-08-19,highestBoostedValuePlayers,628,T. Fágbénlé,TOR,2.6,1.0,1.1354642900430323,2026-08-23 06:04:50.492610+00:00
2082,2026-08-19,highestBoostedValuePlayers,638,B. Laney-Hamilton,WAS,3.0,2.0,1.2911950652300213,2026-08-23 06:04:50.492610+00:00
2082,2026-08-19,popularPlayers,641,K. Thornton,GSV,1.7,941.0,0.6370217487325982,2026-08-23 06:04:50.492610+00:00
2082,2026-08-19,popularPlayers,650,N. Collier,MIN,0.1,2100.0,2.1813330438532916,2026-08-23 06:04:50.492610+00:00
2082,2026-08-19,highestBoostedValuePlayers,654,C. Williams,MIN,0.5,207.0,2.4235807185070217,2026-08-23 06:04:50.492610+00:00
2082,2026-08-19,highestBoostedValuePlayers,657,C. Zandalasini,GSV,2.2,17.0,1.5529426150344778,2026-08-23 06:04:50.492610+00:00
2082,2026-08-19,highestBoostedValuePlayers,660,K. McBride,MIN,0.3,381.0,2.7698493086362173,2026-08-23 06:04:50.492610+00:00
2082,2026-08-19,popularPlayers,691,S. Austin,WAS,0.4,3000.0,1.96545141694585,2026-08-23 06:04:50.492610+00:00
2082,2026-08-19,highestBoostedValuePlayers,696,I. Harrison,TOR,1.1,4.0,1.7447005858016584,2026-08-23 06:04:50.492610+00:00
2082,2026-08-19,popularPlayers,697,M. Mabrey,TOR,0.3,1400.0,0.0,2026-08-23 06:04:50.492610+00:00
2082,2026-08-19,highestBoostedValuePlayers,700,M. Onyenwere,WAS,1.9,3.0,3.7731948661832657,2026-08-23 06:04:50.492610+00:00
2082,2026-08-19,leaderboard_lineup,713,J. Allemand,UNK,1.0,,1.0859403255397515,2026-08-21 06:01:28.595457+00:00
2082,2026-08-19,highestBoostedValuePlayers,725,K. Nurse,TOR,3.0,5.0,1.8993911122496594,2026-08-23 06:04:50.492610+00:00
2082,2026-08-19,highestBoostedValuePlayers,759,V. Burton,GSV,0.5,268.0,3.6604686586069537,2026-08-23 06:04:50.492610+00:00
2082,2026-08-19,popularPlayers,760,N. Howard,MIN,0.3,1800.0,1.176538133206618,2026-08-23 06:04:50.492610+00:00
2082,2026-08-19,highestBoostedValuePlayers,366584,T. Hayes,GSV,1.7,125.0,2.810190593156777,2026-08-23 06:04:50.492610+00:00
2082,2026-08-19,highestBoostedValuePlayers,4322741,S. Citron,WAS,0.4,355.0,3.6314470174274436,2026-08-23 06:04:50.492610+00:00
2082,2026-08-19,highestBoostedValuePlayers,4322743,K. Iriafen,WAS,0.6,194.0,3.973502828293058,2026-08-23 06:04:50.492610+00:00
2082,2026-08-19,highestBoostedValuePlayers,4322744,G. Amoore,WAS,3.0,8.0,1.783416020576646,2026-08-23 06:04:50.492610+00:00
2082,2026-08-19,highestBoostedValuePlayers,4322745,A. Morrow,TOR,1.0,158.0,2.5919496069036665,2026-08-23 06:04:50.492610+00:00
2082,2026-08-19,mostCommon3xPlayers,4322753,A. Kosu,MIN,3.0,64.0,0.0,2026-08-23 06:04:50.492610+00:00
2082,2026-08-19,highestBoostedValuePlayers,4322797,J. Salaün,GSV,1.0,127.0,2.9851926945564617,2026-08-23 06:04:50.492610+00:00
2082,2026-08-19,highestBoostedValuePlayers,4322852,L. Juškaitė,TOR,1.3,88.0,2.360649460701686,2026-08-23 06:04:50.492610+00:00
2082,2026-08-19,highestBoostedValuePlayers,4322854,O. Miles,MIN,0.1,2700.0,5.558441115582279,2026-08-23 06:04:50.492610+00:00
2082,2026-08-19,highestBoostedValuePlayers,4322857,L. Betts,WAS,2.4,10.0,2.0275008100132066,2026-08-23 06:04:50.492610+00:00
2082,2026-08-19,highestBoostedValuePlayers,4322861,K. Rice,TOR,1.2,16.0,2.8384242706506626,2026-08-23 06:04:50.492610+00:00
2082,2026-08-19,popularPlayers,4322864,C. McMahon,WAS,2.5,796.0,0.31075068203996736,2026-08-23 06:04:50.492610+00:00
2082,2026-08-19,highestBoostedValuePlayers,4322879,T. Key,TOR,3.0,1.0,1.163560873738436,2026-08-23 06:04:50.492610+00:00
2082,2026-08-19,mostCommon3xPlayers,4322901,A. Delaere,MIN,3.0,65.0,0.0,2026-08-23 06:04:50.492610+00:00
2086,2026-08-20,leaderboard_lineup,172,O. Sims,UNK,2.7,,0.8178011021391737,2026-08-22 06:02:03.708275+00:00
2086,2026-08-20,highestBoostedValuePlayers,597,J. Young,LVA,0.1,331.0,4.673274893306382,2026-08-23 06:04:47.430753+00:00
2086,2026-08-20,popularPlayers,598,A. Wilson,LVA,0.0,5300.0,3.0380773683131475,2026-08-23 06:04:47.430753+00:00
2086,2026-08-20,popularPlayers,602,C. Gray,LVA,0.6,1100.0,1.7458402661168073,2026-08-23 06:04:47.430753+00:00
2086,2026-08-20,popularPlayers,605,A. Gray,ATL,0.4,1700.0,2.1911290879746836,2026-08-23 06:04:47.430753+00:00
2086,2026-08-20,highestBoostedValuePlayers,606,J. Canada,ATL,0.5,132.0,4.416268347335075,2026-08-23 06:04:47.430753+00:00
2086,2026-08-20,highestBoostedValuePlayers,608,C. Parker-Tyus,LVA,3.0,1.0,3.3731851790727783,2026-08-23 06:04:47.430753+00:00
2086,2026-08-20,highestBoostedValuePlayers,616,R. Howard,ATL,0.2,192.0,5.782765143196036,2026-08-23 06:04:47.430753+00:00
2086,2026-08-20,highestBoostedValuePlayers,617,N. Hillmon,ATL,1.7,12.0,3.784705363679888,2026-08-23 06:04:47.430753+00:00
2086,2026-08-20,popularPlayers,624,C. Clark,IND,0.1,2200.0,2.6397148395322323,2026-08-23 06:04:47.430753+00:00
2086,2026-08-20,highestBoostedValuePlayers,626,K. Mitchell,IND,0.1,131.0,5.689199707114142,2026-08-23 06:04:47.430753+00:00
2086,2026-08-20,popularPlayers,627,A. Boston,IND,0.2,1600.0,3.1229825394783632,2026-08-23 06:04:47.430753+00:00
2086,2026-08-20,popularPlayers,629,N. Smith,LVA,0.9,870.0,1.3076490927909716,2026-08-23 06:04:47.430753+00:00
2086,2026-08-20,mostCommon3xPlayers,631,L. Hull,IND,3.0,50.0,1.1702236281284666,2026-08-23 06:04:47.430753+00:00
2086,2026-08-20,highestBoostedValuePlayers,635,K. Burke,CON,1.8,8.0,1.8953388826211683,2026-08-23 06:04:47.430753+00:00
2086,2026-08-20,highestBoostedValuePlayers,653,J. Shepard,DAL,0.2,133.0,5.5114326538044045,2026-08-23 06:04:47.430753+00:00
2086,2026-08-20,popularPlayers,658,A. Smith,DAL,2.4,1400.0,0.059471199999999995,2026-08-23 06:04:47.430753+00:00
2086,2026-08-20,leaderboard_lineup,671,S. Cunningham,UNK,1.9,,0.0,2026-08-22 06:02:03.708275+00:00
2086,2026-08-20,highestBoostedValuePlayers,684,S. Walker-Kimbrough,ATL,3.0,1.0,1.7649324489025737,2026-08-23 06:04:47.430753+00:00
2086,2026-08-20,highestBoostedValuePlayers,701,A. Reese,ATL,0.3,323.0,5.912113544429794,2026-08-23 06:04:47.430753+00:00
2086,2026-08-20,popularPlayers,714,R. Burrell,LAS,1.1,1900.0,1.095492165810339,2026-08-23 06:04:47.430753+00:00
2086,2026-08-20,highestBoostedValuePlayers,716,C. Brink,LAS,1.6,31.0,2.0247518269902356,2026-08-23 06:04:47.430753+00:00
2086,2026-08-20,popularPlayers,718,D. Hamby,LAS,0.5,944.0,1.371615885369983,2026-08-23 06:04:47.430753+00:00
2086,2026-08-20,highestBoostedValuePlayers,719,S. Talbot,LVA,3.0,1.0,2.9237851094652743,2026-08-23 06:04:47.430753+00:00
2086,2026-08-20,popularPlayers,738,N. Ogwumike,LAS,0.3,1200.0,1.9939572743316438,2026-08-23 06:04:47.430753+00:00
2086,2026-08-20,leaderboard_lineup,747,T. Harris,UNK,2.7,,0.3163907474879783,2026-08-22 06:02:03.708275+00:00
2086,2026-08-20,popularPlayers,749,O. Nelson-Ododa,CON,1.2,1100.0,1.4656231423566124,2026-08-23 06:04:47.430753+00:00
2086,2026-08-20,highestBoostedValuePlayers,755,A. Kuier,DAL,2.5,5.0,5.0385202443543955,2026-08-23 06:04:47.430753+00:00
2086,2026-08-20,highestBoostedValuePlayers,767,A. Ogunbowale,DAL,0.9,137.0,4.907529008404866,2026-08-23 06:04:47.430753+00:00
2086,2026-08-20,highestBoostedValuePlayers,4322716,M. Yamamoto,LVA,3.0,1.0,1.8723306324360203,2026-08-23 06:04:47.430753+00:00
2086,2026-08-20,highestBoostedValuePlayers,4322740,P. Bueckers,DAL,0.1,583.0,3.6062484787597473,2026-08-23 06:04:47.430753+00:00
2086,2026-08-20,highestBoostedValuePlayers,4322746,S. Rivers,CON,2.0,1.0,2.473695931379789,2026-08-23 06:04:47.430753+00:00
2086,2026-08-20,highestBoostedValuePlayers,4322756,M. Timpson,IND,2.7,3.0,2.102727609178248,2026-08-23 06:04:47.430753+00:00
2086,2026-08-20,highestBoostedValuePlayers,4322865,M. Okot,ATL,3.0,2.0,1.8951537286425155,2026-08-23 06:04:47.430753+00:00
2086,2026-08-20,highestBoostedValuePlayers,4322872,C. Leger-Walker,CON,2.2,16.0,2.648794451386984,2026-08-23 06:04:47.430753+00:00
2086,2026-08-20,mostCommon3xPlayers,4322915,R. Beers,CON,3.0,26.0,0.5599975722522839,2026-08-23 06:04:47.430753+00:00
2088,2026-08-21,popularPlayers,184,G. Williams,GSV,0.8,1500.0,0.2345321,2026-08-23 06:04:45.664652+00:00
2088,2026-08-21,popularPlayers,599,M. DiLeo,POR,1.1,1300.0,2.250315189957422,2026-08-23 06:04:45.664652+00:00
2088,2026-08-21,highestBoostedValuePlayers,609,N. Coffey,MIN,1.4,90.0,2.3399770978522256,2026-08-23 06:04:45.664652+00:00
2088,2026-08-21,highestBoostedValuePlayers,615,L. Amihere,GSV,3.0,1.0,3.5852196809415964,2026-08-23 06:04:45.664652+00:00
2088,2026-08-21,highestBoostedValuePlayers,620,N. Puoch,POR,3.0,22.0,2.270227509969862,2026-08-23 06:04:45.664652+00:00
2088,2026-08-21,highestBoostedValuePlayers,654,C. Williams,MIN,0.5,216.0,3.9382289806230375,2026-08-23 06:04:45.664652+00:00
2088,2026-08-21,highestBoostedValuePlayers,659,D. Juhász,MIN,3.0,2.0,1.6184587741336218,2026-08-23 06:04:45.664652+00:00
2088,2026-08-21,popularPlayers,660,K. McBride,MIN,0.4,2400.0,2.8216088281542215,2026-08-23 06:04:45.664652+00:00
2088,2026-08-21,highestBoostedValuePlayers,663,B. Carleton,POR,0.7,223.0,3.0294473995949835,2026-08-23 06:04:45.664652+00:00
2088,2026-08-21,highestBoostedValuePlayers,677,N. Cloud,CHI,0.8,153.0,3.0620054718721814,2026-08-23 06:04:45.664652+00:00
2088,2026-08-21,mostCommon3xPlayers,686,K. Samuelson,POR,3.0,111.0,0.957312828140467,2026-08-23 06:04:45.664652+00:00
2088,2026-08-21,highestBoostedValuePlayers,687,E. Engstler,POR,1.2,95.0,3.5819961089812247,2026-08-23 06:04:45.664652+00:00
2088,2026-08-21,highestBoostedValuePlayers,691,S. Austin,WAS,0.4,580.0,3.3453022605471983,2026-08-23 06:04:45.664652+00:00
2088,2026-08-21,highestBoostedValuePlayers,696,I. Harrison,TOR,1.1,27.0,4.026377895165106,2026-08-23 06:04:45.664652+00:00
2088,2026-08-21,highestBoostedValuePlayers,705,K. Cardoso,CHI,0.4,275.0,3.512251151309846,2026-08-23 06:04:45.664652+00:00
2088,2026-08-21,mostCommon3xPlayers,725,K. Nurse,TOR,3.0,340.0,0.5438281288339644,2026-08-23 06:04:45.664652+00:00
2088,2026-08-21,popularPlayers,759,V. Burton,GSV,0.4,1800.0,2.0543177335584586,2026-08-23 06:04:45.664652+00:00
2088,2026-08-21,highestBoostedValuePlayers,760,N. Howard,MIN,0.3,444.0,5.828483453703103,2026-08-23 06:04:45.664652+00:00
2088,2026-08-21,popularPlayers,762,C. Leite,POR,0.7,2000.0,1.7044636584267419,2026-08-23 06:04:45.664652+00:00
2088,2026-08-21,highestBoostedValuePlayers,366584,T. Hayes,GSV,1.6,16.0,2.181004842593247,2026-08-23 06:04:45.664652+00:00
2088,2026-08-21,popularPlayers,4322741,S. Citron,WAS,0.4,2000.0,1.0806895418643867,2026-08-23 06:04:45.664652+00:00
2088,2026-08-21,highestBoostedValuePlayers,4322743,K. Iriafen,WAS,0.6,229.0,4.483970189525714,2026-08-23 06:04:45.664652+00:00
2088,2026-08-21,highestBoostedValuePlayers,4322744,G. Amoore,WAS,3.0,8.0,2.7133140125958657,2026-08-23 06:04:45.664652+00:00
2088,2026-08-21,popularPlayers,4322745,A. Morrow,TOR,1.0,776.0,-0.017757000000000023,2026-08-23 06:04:45.664652+00:00
2088,2026-08-21,popularPlayers,4322797,J. Salaün,GSV,1.0,715.0,2.3144270975948387,2026-08-23 06:04:45.664652+00:00
2088,2026-08-21,highestBoostedValuePlayers,4322852,L. Juškaitė,TOR,1.3,103.0,2.4344855107897367,2026-08-23 06:04:45.664652+00:00
2088,2026-08-21,highestBoostedValuePlayers,4322854,O. Miles,MIN,0.1,1400.0,5.320405831767333,2026-08-23 06:04:45.664652+00:00
2088,2026-08-21,highestBoostedValuePlayers,4322861,K. Rice,TOR,1.2,73.0,3.710240875773215,2026-08-23 06:04:45.664652+00:00
2088,2026-08-21,mostCommon3xPlayers,4322873,F. Buhner,POR,3.0,131.0,-0.4324283155659413,2026-08-23 06:04:45.664652+00:00
2088,2026-08-21,highestBoostedValuePlayers,4322887,S. Williams,POR,3.0,14.0,1.8761178639962937,2026-08-23 06:04:45.664652+00:00
2088,2026-08-21,highestBoostedValuePlayers,4322900,S. Taylor,CHI,0.8,129.0,3.1788073709619686,2026-08-23 06:04:45.664652+00:00
2090,2026-08-22,leaderboard_lineup,303,M. Johannes,UNK,1.6,,1.4173355043292548,2026-08-23 06:04:44.184229+00:00
2090,2026-08-22,mostCommon3xPlayers,456,L. Held,PHO,3.0,46.0,0.6760666898874704,2026-08-23 06:04:43.881337+00:00
2090,2026-08-22,highestBoostedValuePlayers,605,A. Gray,ATL,0.4,262.0,3.846532428693774,2026-08-23 06:04:43.881337+00:00
2090,2026-08-22,highestBoostedValuePlayers,606,J. Canada,ATL,0.5,146.0,3.567391188773956,2026-08-23 06:04:43.881337+00:00
2090,2026-08-22,highestBoostedValuePlayers,616,R. Howard,ATL,0.2,392.0,4.022918480661603,2026-08-23 06:04:43.881337+00:00
2090,2026-08-22,leaderboard_lineup,617,N. Hillmon,UNK,1.6,,1.9649342188006234,2026-08-23 06:04:44.184229+00:00
2090,2026-08-22,highestBoostedValuePlayers,618,I. Borlase,ATL,3.0,5.0,1.803722688391447,2026-08-23 06:04:43.881337+00:00
2090,2026-08-22,popularPlayers,622,E. Wheeler,LAS,1.3,570.0,2.0447978471376236,2026-08-23 06:04:43.881337+00:00
2090,2026-08-22,highestBoostedValuePlayers,624,C. Clark,IND,0.2,825.0,3.738039335015377,2026-08-23 06:04:43.881337+00:00
2090,2026-08-22,highestBoostedValuePlayers,626,K. Mitchell,IND,0.1,1500.0,3.685710443718726,2026-08-23 06:04:43.881337+00:00
2090,2026-08-22,highestBoostedValuePlayers,627,A. Boston,IND,0.2,53.0,4.643161375599327,2026-08-23 06:04:43.881337+00:00
2090,2026-08-22,mostCommon3xPlayers,631,L. Hull,IND,3.0,41.0,0.34759098770306135,2026-08-23 06:04:43.881337+00:00
2090,2026-08-22,highestBoostedValuePlayers,635,K. Burke,CON,1.8,13.0,2.3264997324196877,2026-08-23 06:04:43.881337+00:00
2090,2026-08-22,popularPlayers,637,S. Ionescu,NYL,0.5,1900.0,1.3447544393519215,2026-08-23 06:04:43.881337+00:00
2090,2026-08-22,highestBoostedValuePlayers,639,B. Stewart,NYL,0.1,726.0,5.579843727932863,2026-08-23 06:04:43.881337+00:00
2090,2026-08-22,highestBoostedValuePlayers,643,J. Jones,NYL,0.4,24.0,3.1989616755979364,2026-08-23 06:04:43.881337+00:00
2090,2026-08-22,highestBoostedValuePlayers,647,L. Fiebich,NYL,1.6,1.0,4.337250350490866,2026-08-23 06:04:43.881337+00:00
2090,2026-08-22,highestBoostedValuePlayers,670,K. Copper,PHO,0.6,158.0,5.282196449611307,2026-08-23 06:04:43.881337+00:00
2090,2026-08-22,highestBoostedValuePlayers,671,S. Cunningham,IND,1.9,7.0,3.0245359530729248,2026-08-23 06:04:43.881337+00:00
2090,2026-08-22,highestBoostedValuePlayers,673,R. Allen,NYL,2.9,5.0,1.522798787591615,2026-08-23 06:04:43.881337+00:00
2090,2026-08-22,leaderboard_lineup,682,A. Atkins,UNK,1.4,,2.0085834757984817,2026-08-23 06:04:44.184229+00:00
2090,2026-08-22,highestBoostedValuePlayers,701,A. Reese,ATL,0.3,853.0,6.266933908795752,2026-08-23 06:04:43.881337+00:00
2090,2026-08-22,highestBoostedValuePlayers,714,R. Burrell,LAS,1.1,133.0,3.986412624422872,2026-08-23 06:04:43.881337+00:00
2090,2026-08-22,popularPlayers,716,C. Brink,LAS,1.6,948.0,0.7789727206588068,2026-08-23 06:04:43.881337+00:00
2090,2026-08-22,popularPlayers,718,D. Hamby,LAS,0.5,836.0,1.0699472084689505,2026-08-23 06:04:43.881337+00:00
2090,2026-08-22,mostCommon3xPlayers,736,S. Whitcomb,PHO,3.0,281.0,0.6405036459750996,2026-08-23 06:04:43.881337+00:00
2090,2026-08-22,popularPlayers,738,N. Ogwumike,LAS,0.4,1300.0,2.035851997082271,2026-08-23 06:04:43.881337+00:00
2090,2026-08-22,highestBoostedValuePlayers,744,L. Lacan,CON,0.9,21.0,2.5242785984677143,2026-08-23 06:04:43.881337+00:00
2090,2026-08-22,highestBoostedValuePlayers,745,A. Thomas,PHO,0.2,343.0,4.364936993523523,2026-08-23 06:04:43.881337+00:00
2090,2026-08-22,popularPlayers,749,O. Nelson-Ododa,CON,1.2,954.0,0.3965508702811531,2026-08-23 06:04:43.881337+00:00
2090,2026-08-22,popularPlayers,750,D. Bonner,PHO,0.9,1000.0,2.335465673267652,2026-08-23 06:04:43.881337+00:00
2090,2026-08-22,highestBoostedValuePlayers,4322746,S. Rivers,CON,2.0,3.0,2.7327984324379355,2026-08-23 06:04:43.881337+00:00
2090,2026-08-22,mostCommon3xPlayers,4322755,T. Paopao,ATL,3.0,38.0,0.3696544528704676,2026-08-23 06:04:43.881337+00:00
2090,2026-08-22,highestBoostedValuePlayers,4322756,M. Timpson,IND,2.7,10.0,2.029865905521233,2026-08-23 06:04:43.881337+00:00
2090,2026-08-22,mostCommon3xPlayers,4322865,M. Okot,ATL,3.0,100.0,1.059924145174166,2026-08-23 06:04:43.881337+00:00
2090,2026-08-22,popularPlayers,4322872,C. Leger-Walker,CON,2.1,1000.0,1.3461890248845019,2026-08-23 06:04:43.881337+00:00
2090,2026-08-22,popularPlayers,4322905,P. Astier,NYL,1.3,570.0,1.4947083019428136,2026-08-23 06:04:43.881337+00:00
